date,country,region,variant,daily_new_cases,daily_deaths,daily_recovered,active_cases,tests_conducted,positivity_rate,hospitalization_rate,icu_patients,vaccination_rate,stringency_index,reproduction_number
01-02-2020,Mexico,North America,Original,23,1,21,415,,,0.177,19,0,,0.619
01-02-2022,Australia,Oceania,Omicron BA.2,3,0,2,49,54,0.0454,0.0507,0,0.56,,1.19
19-12-2022,India,Asia,Omicron BA.2,89,0,85,1206,623,0.1576,0.0422,8,0.6489,28.52,2.049
19-02-2020,Brazil,South America,Original,24,1,21,271,264,0.0735,0.0959,6,0,14.51,0.84
19-07-2022,Argentina,South America,Omicron BA.2,4,0,,53,40,0.1021,0.0721,0,0.4935,25.93,2.303
13-03-2020,Turkey,Asia,Original,22,0,20,273,220,0.1081,0.1179,6,0,75.14,0.4
25-10-2022,Japan,Asia,Omicron BA.2,1,0,0,17,14,0.0787,,0,0.92,8.83,1.869
01-07-2021,Argentina,South America,Delta,1,0,0,11,8,0.113,0.1396,0,0.1694,71.4,0.554
07-03-2021,South Africa,Africa,Alpha,2,0,1,24,6,0.3411,0.1758,,0.0267,70.51,0.467
29-07-2020,UK,Europe,Original,1,0,0,14,19,0.0337,,0,,74.42,
11-11-2021,Spain,Europe,Omicron,5,0,4,51,65,0.0834,0.0393,0,0.4373,47.26,1.077
27-06-2021,Turkey,Asia,Delta,1,0,0,16,9,0.1181,0.1924,0,0.1612,55.01,0.673
06-11-2020,USA,North America,Original,9,0,8,101,180,0.0671,0.1704,2,0,40.86,0.567
03-08-2020,Argentina,South America,Original,5,0,4,62,35,0.1634,0.1383,1,0,58.18,0.476
23-07-2020,Germany,Europe,Original,5,0,4,74,105,0.0551,,3,0,59.62,0.477
23-01-2020,South Korea,Asia,Original,6,0,5,63,96,0.0687,0.1947,2,0,7.05,0.768
03-05-2022,Japan,Asia,Omicron BA.2,90,0,,1372,1530,0.0554,,19,0.6858,12.53,1.295
12-06-2020,USA,North America,Original,10,0,9,141,130,0.0669,0.1572,4,0,50.84,0.519
02-12-2021,Spain,Europe,Omicron,2,0,1,22,28,0.0754,0.0675,0,0.4546,40.84,1.193
04-08-2022,Pakistan,Asia,Omicron BA.2,49,1,46,553,196,0.2466,0.0435,4,0.2914,33.93,2
23-08-2022,France,Europe,Omicron BA.2,6,0,5,62,132,0.0367,0.0312,0,0.8318,10.81,1.401
23-11-2021,Germany,Europe,Omicron,7,0,6,112,91,0.0853,0.0401,0,0.448,40.95,1.249
29-12-2021,Spain,Europe,Omicron,1,0,0,16,16,0.0844,0.0749,0,0.4991,48.82,0.695
26-05-2021,India,Asia,Delta,108,2,102,1072,756,0.129,0.2222,,0.1324,54.9,
09-01-2021,Argentina,South America,Alpha,19,1,17,235,190,0.1056,,,,54.2,0.809
27-10-2020,UK,Europe,Original,1,0,0,15,13,0.0772,0.1678,0,,50.98,0.621
08-03-2022,South Korea,Asia,Omicron BA.2,20,0,18,253,300,0.0791,0.0487,1,0.5932,30.9,1.798
22-11-2022,France,Europe,Omicron BA.2,24,0,,418,360,0.850716448,0.0382,3,0.92,24.57,1.266
07-11-2021,Indonesia,Asia,Omicron,43,1,39,743,129,0.3323,0.0511,,,64.41,
02-03-2020,South Africa,Africa,Original,2,0,1,34,,,0.1489,,,87.86,0.4
11-02-2022,Japan,Asia,Omicron,11,0,10,173,253,0.0382,,2,0.5572,32.22,1.475
11-09-2020,Indonesia,Asia,Original,2,0,1,21,8,0.892312184,0.1262,,,41.2,0.67
15-01-2021,France,Europe,Alpha,3,0,2,52,69,0.0419,0.1309,1,,79.62,0.4
21-07-2020,Spain,Europe,Original,7,0,6,68,105,0.0546,0.1544,2,0,47.59,0.667
02-10-2020,Mexico,North America,Original,5,0,4,56,30,0.1767,0.1513,,0,35.91,0.603
03-12-2021,Mexico,North America,Omicron,53,1,49,841,583,0.0811,0.0533,8,0.2869,35.02,1.36
08-10-2020,Spain,Europe,Original,1,0,0,11,23,0.0601,0.1952,0,0,34.4,0.848
07-06-2020,Mexico,North America,Original,22,1,20,283,198,0.0954,0.136,6,0,68.4,0.4
11-05-2022,Italy,Europe,Omicron BA.2,1,0,0,17,18,0.0413,0.0266,0,0.7044,10,1.7
07-08-2022,Argentina,South America,Omicron BA.2,2,0,1,35,20,0.1079,0.066,0,0.5327,33.63,1.168
16-10-2021,Canada,North America,Omicron,1,0,0,11,16,0.0679,0.0839,0,0.3932,48.72,0.996
15-11-2022,Germany,Europe,Omicron BA.2,13,0,,163,195,0.0589,0.0322,1,0.92,17.43,1.236
04-08-2020,Argentina,South America,Original,1,0,0,15,10,0.1104,0.098,0,0,69.48,0.4
14-11-2021,Argentina,South America,Omicron,9,0,8,137,99,0.1085,0.0508,1,0.2786,48.79,0.834
14-12-2021,Russia,Europe,Omicron,80,1,76,1084,560,0.1314,0.0616,15,0.3068,43.69,1.569
29-06-2021,Brazil,South America,Delta,29,1,26,447,232,0.1211,0.2248,27,0.1561,80.8,0.4
17-09-2022,Italy,Europe,Omicron BA.2,5,0,,58,100,0.0357,0.0267,0,0.8576,26.71,1.707
28-02-2021,India,Asia,Alpha,50,1,48,525,500,0.1038,0.1252,,,45.11,0.755
23-10-2020,Germany,Europe,Original,8,0,7,125,96,0.1076,0.0997,2,,38.81,0.724
05-05-2022,Germany,Europe,Omicron BA.2,71,0,69,1154,923,0.0622,0.056,14,0.6815,,1.074
30-07-2020,France,Europe,Original,1,0,0,11,24,0.0398,0.1793,0,0,71.48,0.4
10-07-2021,Australia,Oceania,Delta,1,0,0,12,20,0.0461,0.15,0,0.2634,78.43,
04-10-2022,Germany,Europe,Omicron BA.2,4,0,3,51,48,0.0772,0.0228,0,0.8912,17.69,1.741
18-08-2020,Germany,Europe,Original,3,0,2,34,39,0.0752,0.1683,1,0,44.32,0.41
12-03-2020,Argentina,South America,Original,14,0,12,158,126,0.1188,0.1118,,0,71.39,0.4
28-08-2020,Colombia,South America,Original,1,0,0,11,8,0.126,0.2054,0,0,52.55,0.597
28-12-2020,Argentina,South America,Alpha,7,0,6,104,42,0.1588,0.1259,3,0,50.13,0.484
24-07-2022,Germany,Europe,Omicron BA.2,4,0,,58,72,0.0543,0.0388,0,0.773,17.24,1.38
01-06-2020,Mexico,North America,Original,5,0,4,56,40,0.1273,0.1703,1,0,75.84,0.4
24-04-2021,Pakistan,Asia,Delta,96,2,88,985,384,0.2348,0.1325,30,,79.46,0.502
09-03-2022,USA,North America,Omicron,31,0,,429,434,0.0669,0.0707,6,0.5878,24,1.709
13-06-2020,Argentina,South America,Original,1,0,0,11,10,0.0998,0.1032,,,66.8,0.4
21-08-2020,Argentina,South America,Original,1,0,0,17,6,0.1618,0.1023,0,0,32.12,0.501
01-03-2020,Canada,North America,Original,11,0,10,173,,,0.0945,4,,79.02,0.4
01-11-2022,Spain,Europe,Omicron BA.2,-5,0,,52,120,0.0543,0.032,0,0.92,15.89,
02-05-2022,Russia,Europe,Omicron BA.2,6,0,,85,36,0.1699,,1,0.4504,40.29,1.009
29-08-2020,Japan,Asia,Original,5,0,4,69,70,0.0742,0.1277,2,,51.38,0.55
29-11-2021,Colombia,South America,Omicron,6,0,5,78,42,0.148,0.0706,,0.275,27.48,1.397
05-06-2020,India,Asia,Original,72,1,66,756,576,0.1242,0.1878,,,58.43,0.529
20-10-2021,Mexico,North America,Omicron,2,0,1,23,22,0.0832,0.0779,,0.2597,61.12,1.036
31-03-2021,Mexico,North America,Alpha,13,1,11,133,78,0.1649,,4,0.0703,82.81,0.4
05-02-2020,Italy,Europe,Original,3,0,2,33,,,0.1964,1,0,6.73,1.299
01-10-2020,Germany,Europe,Original,3,0,2,39,69,0.0548,0.1069,1,0,31.23,0.574
11-03-2020,South Korea,Asia,Original,1,0,0,13,13,0.083,0.1061,0,0,70.18,0.4
05-11-2021,Germany,Europe,Delta,9,0,8,89,108,0.0834,0.1031,2,0.4332,61.41,0.623
09-02-2020,South Korea,Asia,Original,4,0,3,66,,,0.1616,1,0,9.54,1.142
24-05-2020,France,Europe,Original,3,0,2,37,,,0.1956,2,0,66.53,0.41
06-08-2020,Turkey,Asia,Original,1,0,0,11,9,0.1096,0.0904,,0,,0.443
17-03-2021,Turkey,Asia,Alpha,8,0,7,126,72,0.105,0.118,3,0.047,62.42,0.4
02-08-2021,Pakistan,Asia,Delta,56,2,52,825,224,0.2492,0.15,20,0.106,80.01,0.4
14-12-2020,Argentina,South America,Alpha,1,0,0,11,7,0.1409,0.1308,0,0,70.66,0.4
04-11-2022,Colombia,South America,Omicron BA.2,2,0,1,28,20,0.0982,0.0597,0,0.6106,41.08,
18-05-2022,Turkey,Asia,Omicron BA.2,2,0,,28,22,0.0706,0.0706,,0.441,11.8,1.598
09-12-2020,Germany,Europe,Alpha,64,1,60,1066,1472,0.0337,0.195,55,0,57.13,0.562
22-04-2022,South Korea,Asia,Omicron BA.2,6,0,5,74,102,0.0597,0.0431,0,0.6738,41.68,1.213
29-01-2021,UK,Europe,Alpha,4,0,3,42,80,0.04,,1,,69.98,0.428
17-10-2022,France,Europe,Omicron BA.2,6,0,5,89,78,0.0736,0.0275,0,0.9088,21.45,1.674
26-06-2021,Germany,Europe,Delta,9,0,8,139,180,0.0716,0.1119,4,0.2471,74,0.519
22-04-2021,Canada,North America,Delta,5,0,4,72,90,0.0551,0.2395,2,0.1535,66.03,0.534
15-05-2020,UK,Europe,Original,1,0,0,11,18,0.0707,0.169,0,,55.3,0.613
18-09-2022,Russia,Europe,Omicron BA.2,2,0,,21,18,0.1046,0.0672,,0.5584,25.61,1.563
28-10-2021,Mexico,North America,Omicron,90,2,86,1126,720,0.1265,0.0529,16,0.279,52.66,0.792
09-03-2022,Colombia,South America,Omicron BA.2,2,0,1,29,22,0.0917,0.0483,0,0.3728,,1.747
09-03-2022,Russia,Europe,Omicron,-176,1,,3126,1760,0.0976,,74,0.3855,33.15,1.109
29-05-2021,Canada,North America,Delta,2,0,1,20,46,0.0446,0.2203,1,0.2041,68.93,0.675
08-04-2021,Turkey,Asia,Alpha,14,0,13,251,126,0.1203,0.1776,10,0.0754,64.87,0.4
15-03-2021,USA,North America,Alpha,8,0,7,81,176,0.0525,,1,0.0929,74.4,
19-02-2020,Mexico,North America,Original,11,1,9,130,99,0.1035,0.1012,,0,18.64,0.923
21-07-2020,Spain,Europe,Original,3,0,2,46,60,0.0617,0.1486,1,0,71.71,0.4
12-11-2021,Argentina,South America,Omicron,30,0,28,496,330,0.0841,0.0581,,0.2915,46.91,1.028
20-07-2020,Colombia,South America,Original,1,0,0,14,6,0.1587,0.1681,0,0,73.49,0.4
18-07-2020,Australia,Oceania,Original,1,0,0,17,16,0.0772,0.1834,0,0,51.75,
18-04-2021,USA,North America,Delta,22,0,20,371,484,0.0564,0.1748,13,0.1326,62.42,0.68
28-06-2022,South Korea,Asia,Omicron BA.2,5,0,,87,65,0.0737,0.0336,0,0.7442,22.7,1.924
21-01-2022,South Korea,Asia,Omicron,3,0,2,52,39,0.0879,0.057,0,0.5323,29.77,1.48
26-11-2021,Spain,Europe,Omicron,11,0,10,173,231,0.0535,,2,0.4594,22.59,1.926
27-04-2021,Turkey,Asia,Delta,6,0,5,97,54,0.1343,0.2013,3,0.105,69.28,0.7
28-01-2020,Mexico,North America,Original,1,0,0,11,,,,,0,21.67,0.834
22-09-2022,South Korea,Asia,Omicron BA.2,2,0,,31,26,0.0867,0.0254,0,0.8813,,2.01
10-03-2022,Pakistan,Asia,Omicron,57,0,54,621,228,0.2421,0.0901,,0.2111,28.82,1.795
19-08-2020,Germany,Europe,Original,22,0,20,375,440,0.0393,0.1775,19,0,49.86,0.631
15-02-2021,Mexico,North America,Alpha,7,0,6,73,70,0.0932,,2,,80.08,0.4
10-01-2021,Japan,Asia,Alpha,6,0,5,94,102,0.0473,,5,0.0017,,0.596
13-10-2020,Argentina,South America,Original,1,0,0,10,11,0.0707,0.1196,0,0,50,0.4
22-11-2022,Italy,Europe,Omicron BA.2,8,0,,15,13,0.0726,0.0204,0,0.92,26.79,0.933
25-06-2020,Russia,Europe,Original,2,0,1,23,22,0.0734,0.096,,0,47.83,0.495
28-06-2022,Indonesia,Asia,Omicron BA.2,95,1,90,1004,475,0.189,0.0619,,0.2792,32.26,2.226
04-11-2022,France,Europe,Omicron BA.2,1,0,0,10,20,0.0535,0.0281,0,0.92,23.41,1.357
24-04-2020,Argentina,South America,Original,1,0,0,13,9,0.1031,0.1036,,0,68.99,0.426
02-06-2020,Australia,Oceania,Original,6,0,5,64,108,0.0583,0.1605,1,,55.92,0.545
16-08-2020,South Africa,Africa,Original,1,0,0,16,3,0.328,0.1942,,0,45.46,0.711
05-04-2022,Russia,Europe,Omicron BA.2,1,0,0,15,9,0.0974,0.0618,0,0.4055,38.01,1.521
17-11-2021,Japan,Asia,Omicron,7,0,6,125,168,0.0383,0.0592,1,0.4371,26.22,1.702
21-12-2021,Canada,North America,Omicron,30,0,29,381,510,0.0494,0.0374,2,0.4928,44.1,1.365
29-07-2020,South Korea,Asia,Original,20,0,19,307,320,0.0681,0.1067,4,0,70.44,0.4
27-06-2021,Russia,Europe,Delta,2,0,1,30,18,0.109,0.2011,1,0.166,67.44,0.432
02-11-2020,Italy,Europe,Alpha,1,0,0,12,22,0.0398,0.2112,0,0,34.65,0.919
25-07-2020,Indonesia,Asia,Original,17,1,15,188,68,0.2393,0.2026,,,61.37,0.453
01-07-2022,South Korea,Asia,Omicron BA.2,1,0,0,11,23,0.038,0.0475,0,0.7748,28.26,1.638
23-11-2021,Canada,North America,Omicron,1,0,0,15,13,0.0682,0.0467,0,0.4356,29.02,1.416
26-05-2020,Turkey,Asia,Original,3,0,2,32,24,0.1218,0.1985,1,0,46.19,
23-09-2022,Brazil,South America,Omicron BA.2,7,0,6,82,70,0.0948,0.0334,0,0.5547,34.3,
23-04-2021,Pakistan,Asia,Delta,33,1,31,350,132,0.2439,0.1507,8,0.076,64.75,0.68
18-11-2022,Indonesia,Asia,Omicron BA.2,13,0,12,194,39,0.3301,0.078,4,0.3403,28.66,1.547
23-09-2020,Canada,North America,Original,1,0,0,15,24,0.0239,0.0992,0,0,40.29,0.761
24-05-2021,Mexico,North America,Delta,18,1,16,179,144,0.126,0.1986,,0.1153,69.79,0.655
16-05-2021,Indonesia,Asia,Delta,1,0,0,11,3,0.3267,,0,0.0605,51.17,0.976
24-04-2020,Italy,Europe,Original,16,0,14,168,368,0.0426,,3,,76.01,
15-04-2021,Australia,Oceania,Alpha,4,0,3,69,92,0.0474,0.1701,2,0.1342,68.59,
19-08-2020,Turkey,Asia,Original,4,0,3,59,44,0.0981,0.2072,2,0,48.54,0.4
28-02-2022,Argentina,South America,Omicron BA.2,4,0,3,63,24,0.1767,0.0538,,0.3958,33.3,1.365
18-09-2020,France,Europe,Original,1,0,0,15,16,0.0606,0.1453,0,,50.45,0.633
05-03-2021,France,Europe,Alpha,4,0,3,40,72,0.0449,0.1096,1,0.0986,59.61,0.57
12-08-2021,Germany,Europe,Delta,14,0,13,172,210,0.0663,0.2082,8,0.3163,,1.147
10-03-2020,Mexico,North America,Original,2,0,1,34,12,0.18,0.1467,1,0,75.34,0.4
29-01-2021,Argentina,South America,Alpha,1,0,0,13,6,0.1591,0.1336,0,0.0107,73.93,0.4
11-05-2022,Italy,Europe,Omicron BA.2,1,0,0,11,12,0.0778,0.0466,0,0.6895,29.96,1.406
20-05-2022,Brazil,South America,Omicron BA.2,3,0,2,33,24,0.1392,0.0516,,0.4558,23.69,1.604
24-09-2022,UK,Europe,Omicron BA.2,5,0,,71,90,0.0636,0.0237,0,0.8732,15.26,1.954
19-08-2021,Japan,Asia,Delta,5,0,4,51,105,0.0458,0.154,1,0.315,46.91,0.805
09-10-2020,India,Asia,Original,31,0,29,382,217,0.1433,0.1183,,0,,
30-04-2022,Argentina,South America,Omicron BA.2,2,0,,36,14,0.1481,0.0402,0,0.4299,14.92,2.107
26-08-2020,Australia,Oceania,Original,3,0,2,30,54,0.0604,0.1539,0,0,60.85,0.4
08-10-2022,Colombia,South America,Omicron BA.2,5,0,,80,50,0.1142,0.0352,,0.5826,34.3,
15-03-2022,Germany,Europe,Omicron BA.2,1,0,0,16,20,0.0577,0.0307,0,0.5817,20.51,1.688
31-08-2022,Colombia,South America,Omicron BA.2,1,0,0,14,8,0.1302,0.0356,,0.5514,20.94,2.346
27-02-2021,Australia,Oceania,Alpha,1,0,0,11,15,0.0607,0.18,0,0.0723,46.84,0.507
13-03-2021,Russia,Europe,Alpha,11,0,10,111,110,0.0797,0.163,4,0.048,66.68,0.419
08-02-2022,Italy,Europe,Omicron BA.2,5,0,4,75,70,0.0757,0.067,0,0.5507,48.04,1.118
06-03-2021,Germany,Europe,Alpha,3,0,2,35,72,0.0328,0.0997,0,0.0881,54.14,
08-03-2022,Argentina,South America,Omicron,1,0,0,15,7,0.1378,0.0634,,0.3934,41.47,1.115
29-07-2020,Mexico,North America,Original,6,0,5,65,54,0.0975,0.1161,1,0,63.68,0.4
09-07-2020,Turkey,Asia,Original,1,0,0,17,6,0.1634,0.1117,,0,68.06,0.4
27-08-2022,Canada,North America,Omicron BA.2,1,0,,11,20,0.0583,0.0443,0,0.819,7.93,1.352
30-03-2020,Colombia,South America,Original,16,0,14,169,176,0.0976,0.1641,,0,93.51,0.4
04-03-2022,South Africa,Africa,Omicron,1,0,0,14,3,0.3334,0.07,0,0.2284,28.08,1.903
26-04-2022,Mexico,North America,Omicron BA.2,4,0,3,44,24,0.1625,0.0442,,0.419,30.24,2.099
28-11-2020,South Korea,Asia,Alpha,1,0,0,14,20,0.0529,0.1843,0,0,52.72,0.664
16-12-2021,Colombia,South America,Omicron,2,0,1,31,14,0.1364,0.0637,0,0.3276,,1.233
27-06-2020,Turkey,Asia,Original,1,0,0,10,6,0.1691,0.2023,0,0,66.47,0.4
11-10-2021,UK,Europe,Omicron,12,0,11,117,180,0.0766,0.0431,1,0.3912,56.24,0.866
16-12-2022,Colombia,South America,Omicron BA.2,36,0,34,551,252,0.1461,0.0395,5,0.6374,24.84,1.785
26-05-2020,France,Europe,Original,1,0,0,11,19,0.0617,0.2047,0,0,59.74,0.4
14-08-2021,Canada,North America,Delta,3,0,2,37,36,0.079,,0,0.3107,45.97,
23-05-2022,USA,North America,Omicron BA.2,20,0,,362,340,0.034,0.0491,4,0.7038,18.31,2.106
29-03-2022,Canada,North America,Omicron BA.2,2,0,,32,24,0.0794,0.0372,0,0.6536,29.46,1.96
22-07-2020,Germany,Europe,Original,3,0,2,51,51,0.0577,,1,,56.94,
27-10-2020,Spain,Europe,Original,1,0,0,16,17,0.0744,0.1353,0,,40.54,0.818
19-06-2022,Pakistan,Asia,Omicron BA.2,20,0,18,321,100,0.2059,0.0892,7,0.2693,35.49,
05-11-2021,Mexico,North America,Delta,36,2,31,365,288,0.1315,0.1185,6,0.2802,,
12-06-2022,Colombia,South America,Omicron BA.2,21,0,,362,189,0.0937,0.0415,4,0.472,15.32,2.26
08-12-2021,USA,North America,Omicron,8,0,7,79,152,0.0236,0.0823,1,0.4745,39.72,1.505
11-09-2022,Russia,Europe,Omicron BA.2,72,0,69,1103,648,0.1169,0.0608,,0.5492,35.68,1.792
25-03-2022,India,Asia,Omicron BA.2,288,1,279,3160,2304,0.1366,0.059,41,0.4013,18.1,1.624
12-03-2022,Colombia,South America,Omicron,4,0,,51,28,0.1351,0.0553,,0.3919,18.55,2.074
04-07-2020,South Africa,Africa,Original,10,0,9,181,50,0.1966,0.1481,,0,69.62,0.4
25-02-2022,Indonesia,Asia,Omicron,6,0,5,62,18,0.34,0.0864,1,0.202,31.01,1.992
26-08-2020,South Korea,Asia,Original,1,0,0,13,14,0.0745,0.1459,0,,56.95,0.422
10-01-2022,Japan,Asia,Omicron,21,0,19,320,441,0.0476,0.0766,7,0.5209,41.52,1.364
30-06-2022,Indonesia,Asia,Omicron BA.2,24,0,23,333,72,0.3371,,2,0.2603,,2.109
24-05-2020,USA,North America,Original,155,3,148,2679,2015,0.1062,0.1504,63,0,58.94,0.499
19-02-2020,Mexico,North America,Original,6,0,5,96,42,0.1284,0.1245,2,,10.91,1.228
06-06-2021,Turkey,Asia,Delta,8,0,7,141,64,0.12,0.2391,,0.1436,56.36,0.69
23-01-2022,Canada,North America,Omicron,3,0,2,40,54,0.0481,0.0569,0,0.5427,42.42,1.466
28-07-2022,Mexico,North America,Omicron BA.2,93,2,,1411,930,0.0972,0.0406,16,0.5126,27.19,1.849
19-06-2022,Canada,North America,Omicron BA.2,15,0,,250,240,0.0532,0.0398,2,0.7392,18.22,1.184
29-04-2020,South Africa,Africa,Original,2,0,1,26,,,0.0978,0,,92.47,0.4
01-02-2021,Japan,Asia,Alpha,10,0,9,117,140,0.082,0.191,3,0.0462,74.09,0.4
19-08-2022,India,Asia,Omicron BA.2,816,4,759,13722,7344,0.0971,0.0518,180,0.5232,34.17,1.964
28-09-2021,South Korea,Asia,Delta,1,0,0,13,18,0.0652,0.1833,0,0.3759,43.77,0.622
31-08-2020,India,Asia,Original,22,0,20,259,198,0.1008,0.0973,7,0,40.12,0.724
11-12-2021,UK,Europe,Omicron,4,0,3,47,72,0.0466,0.0666,0,0.4749,23.26,1.888
05-01-2021,Colombia,South America,Alpha,1,0,0,15,11,0.1066,0.2073,0,,78.25,0.4
17-08-2021,Indonesia,Asia,Delta,20,1,17,203,100,0.2196,0.2306,,0.1013,65.1,0.727
27-07-2021,Germany,Europe,Delta,61,1,59,1088,1403,0.0559,0.143,28,0.2646,69.51,
27-03-2020,Pakistan,Asia,Original,3,0,2,53,12,0.255,0.1101,1,0,85.86,0.4
21-12-2022,Russia,Europe,Omicron BA.2,10,0,9,115,90,0.1103,0.0331,0,0.652,32.71,1.286
11-09-2020,Indonesia,Asia,Original,13,0,12,149,39,0.332,0.1006,3,,48.25,0.718
23-06-2022,Spain,Europe,Omicron BA.2,1,0,0,16,18,0.061,0.0321,0,0.737,7.75,2.184
24-06-2020,Japan,Asia,Original,2,0,1,20,30,0.0481,0.1075,0,0,64.56,0.4
16-04-2021,Canada,North America,Alpha,1,0,0,10,14,0.0846,0.1229,0,0.1318,67.9,0.4
18-04-2022,Japan,Asia,Omicron BA.2,10,0,9,118,140,0.0859,0.0329,0,0.6498,40.01,1.087
06-05-2021,Pakistan,Asia,Delta,50,2,45,623,150,0.3327,0.255,32,0.0754,79.67,0.4
06-12-2022,Italy,Europe,Omicron BA.2,3,0,,34,63,0.0423,0.032,0,0.92,36.68,1.263
01-04-2022,Russia,Europe,Omicron BA.2,2,0,,21,14,0.1584,0.0388,0,0.4159,24.3,2.321
30-07-2020,Germany,Europe,Original,3,0,2,49,39,0.0859,0.1941,1,0,57.41,0.4
29-01-2020,Spain,Europe,Original,1,0,0,15,,,0.2067,0,0,18.78,0.943
23-10-2020,Mexico,North America,Original,21,1,19,330,231,0.0899,0.1449,8,,55.18,0.4
18-05-2021,Brazil,South America,Delta,123,4,112,1799,1107,0.0992,,,0.113,56.99,0.635
13-03-2020,South Africa,Africa,Original,4,0,3,39,12,0.3256,0.1274,1,0,78.17,0.4
13-09-2020,India,Asia,Original,19,0,18,223,133,0.1407,0.1775,,0,53.82,0.624
28-08-2020,South Africa,Africa,Original,7,0,6,73,35,0.2119,0.0914,1,0,45.6,
11-01-2022,Germany,Europe,Omicron,8,0,7,111,96,0.0856,0.0361,0,0.5042,37.09,0.882
06-05-2021,Argentina,South America,Delta,4,0,3,61,36,0.1048,0.1451,,0.106,73.13,0.446
02-10-2022,South Korea,Asia,Omicron BA.2,90,0,,996,1170,0.0811,0.0227,5,0.8868,21.5,1.073
17-07-2022,Brazil,South America,Omicron BA.2,18,0,,292,198,0.1139,0.0333,1,0.5104,14.77,2.396
25-09-2021,South Africa,Africa,Delta,3,0,2,44,12,0.2575,0.1068,,0.1286,43.81,1.018
07-02-2021,Italy,Europe,Alpha,10,0,9,155,150,0.0736,,5,,62.73,
05-06-2020,South Korea,Asia,Original,4,0,3,49,60,0.064,0.1455,1,,71.82,0.4
19-07-2021,Pakistan,Asia,Delta,47,1,43,594,188,0.2503,,,0.0853,78.62,0.4
31-05-2020,Pakistan,Asia,Original,1,0,0,17,4,0.2535,0.1016,0,,62.12,
04-03-2021,Russia,Europe,Alpha,23,1,20,236,230,0.1055,0.1623,7,0.0444,68.42,0.4
22-04-2020,Colombia,South America,Original,6,0,5,81,,,0.0982,,0,78.39,0.4
28-04-2021,Italy,Europe,Delta,17,0,16,251,391,0.0329,,9,0.153,71.29,0.505
28-10-2021,Australia,Oceania,Omicron,29,0,27,328,435,0.0564,0.0547,5,0.4137,60.18,0.92
27-04-2021,Mexico,North America,Delta,15,1,13,170,90,0.1719,0.1819,4,0.0844,80.54,0.4
09-10-2020,Mexico,North America,Original,2,0,1,31,18,0.1096,0.1525,1,0,44.8,0.652
27-11-2021,USA,North America,Omicron,10,0,9,109,120,0.0779,,0,0.4554,28.76,1.567
31-03-2021,South Korea,Asia,Alpha,7,0,6,111,84,0.0922,0.1064,3,0.1233,81.69,
22-06-2022,Turkey,Asia,Omicron BA.2,8,0,,127,48,0.1717,0.057,,0.4817,26.48,2.359
07-02-2020,Pakistan,Asia,Original,91,2,86,1615,364,0.2638,0.184,,0,16.34,0.869
13-12-2020,Colombia,South America,Alpha,4,0,3,72,32,0.1257,,4,,57.59,0.446
14-11-2021,Spain,Europe,Omicron,2,0,1,32,30,0.0721,0.0562,0,0.4258,33.59,1.189
12-09-2020,Mexico,North America,Original,4,0,3,67,24,0.171,0.1086,,,54.75,0.516
22-11-2020,Brazil,South America,Alpha,5,0,4,71,40,0.1232,0.146,1,,45.79,0.641
24-08-2020,Pakistan,Asia,Original,10,0,9,166,40,0.2546,0.1257,,0,45.58,0.698
15-09-2020,Brazil,South America,Original,14,0,12,219,154,0.0991,0.0912,4,0,45.17,0.535
17-11-2022,Russia,Europe,Omicron BA.2,2,0,,31,22,0.0938,,0,0.6183,31.09,1.488
02-01-2022,Colombia,South America,Omicron,4,0,3,51,36,0.1094,0.0949,,0.3262,51.47,1.43
03-06-2022,South Korea,Asia,Omicron BA.2,6,0,,105,126,0.0476,0.0407,0,0.7192,38.83,1.207
24-07-2021,Turkey,Asia,Delta,42,0,39,763,420,0.1083,0.1151,,0.1966,85.2,0.4
13-06-2022,Germany,Europe,Omicron BA.2,47,0,43,750,752,0.068,0.0457,7,0.7244,42.13,
27-11-2022,UK,Europe,Omicron BA.2,1,0,0,10,14,0.0723,0.0202,0,0.92,34.84,1.216
11-04-2022,Japan,Asia,Omicron BA.2,39,0,,557,624,0.0358,0.0551,6,0.6444,29.9,1.771
06-11-2022,Brazil,South America,Omicron BA.2,4,0,3,40,28,0.1332,0.0636,0,0.5869,19.28,1.33
18-03-2021,Canada,North America,Alpha,2,0,1,34,28,0.0661,,1,0.0874,72.93,0.4
23-12-2021,Canada,North America,Omicron,2,0,1,34,28,0.066,,0,0.4902,35.85,1.564
14-02-2022,Japan,Asia,Omicron BA.2,56,0,53,892,1008,0.0501,0.0638,9,0.5683,46.16,1.291
14-08-2020,Japan,Asia,Original,28,0,26,353,448,0.051,0.1221,7,0,41.18,0.799
16-02-2022,India,Asia,Omicron BA.2,146,1,137,1672,1460,0.0913,0.0378,,0.3583,45.28,1.388
06-10-2020,Germany,Europe,Original,3,0,2,44,51,0.07,,2,0,43.68,0.765
13-02-2020,Italy,Europe,Original,1,0,0,15,,,0.1542,0,0,7.28,0.819
02-11-2022,Colombia,South America,Omicron BA.2,11,0,10,127,99,0.1132,0.0429,1,0.6069,39.3,
05-04-2020,Japan,Asia,Original,1,0,0,15,13,0.0792,,0,0,66.79,0.4
03-05-2022,Canada,North America,Omicron BA.2,1,0,0,11,19,0.0634,,0,0.6767,12.43,
03-04-2020,Italy,Europe,Original,7,0,6,120,98,0.077,0.1616,4,,70.63,0.4
01-08-2020,Canada,North America,Original,4,0,3,60,80,0.0595,0.1588,2,0,52.89,0.499
17-09-2021,Canada,North America,Delta,4,0,3,55,92,0.059,0.1005,1,0.363,68.26,0.486
26-02-2020,Germany,Europe,Original,2,0,1,26,32,0.0664,0.097,0,0,79.27,0.4
20-05-2021,USA,North America,Delta,29,0,27,448,638,0.0429,0.161,19,0.1864,58.09,0.805
05-06-2020,Russia,Europe,Original,13,0,11,220,78,0.1814,0.1078,5,0,58.86,0.486
29-05-2022,Japan,Asia,Omicron BA.2,12,0,,136,180,0.0657,0.0527,1,0.6962,24.14,1.483
18-02-2022,Canada,North America,Omicron,7,0,6,117,91,0.0658,,2,0.5789,40.14,1.315
03-08-2022,Spain,Europe,Omicron BA.2,6,0,5,99,108,0.0455,0.0402,0,0.799,24.31,1.651
20-07-2020,Argentina,South America,Original,1,0,0,16,8,0.1329,0.1602,0,,52.49,0.609
14-06-2021,Japan,Asia,Delta,5,0,4,66,115,0.0679,0.1496,1,0.2162,65.99,0.625
30-03-2021,Pakistan,Asia,Delta,18,0,16,271,54,0.3292,0.1209,,0.037,59.94,0.641
02-09-2020,India,Asia,Original,21,0,19,223,231,0.0877,0.1741,6,0,54.5,0.58
10-12-2022,South Korea,Asia,Omicron BA.2,19,0,18,291,380,0.0388,0.0269,1,0.92,32.78,1.011
07-10-2020,Pakistan,Asia,Original,2,0,1,31,8,0.2537,0.1965,1,0,,0.494
28-06-2022,France,Europe,Omicron BA.2,1,0,,15,22,0.0496,0.049,0,0.7526,,1.481
18-01-2021,South Korea,Asia,Alpha,1,0,0,14,13,0.0675,0.1278,0,0.0249,84.99,0.4
08-04-2020,UK,Europe,Original,8,0,7,140,184,0.925501671,0.0904,3,,69.79,0.4
28-02-2022,Russia,Europe,Omicron BA.2,30,0,28,321,300,0.1123,0.0366,2,0.3729,48.73,1.56
09-12-2022,USA,North America,Omicron BA.2,7,0,,97,98,0.0611,0.0213,0,0.92,18.31,1.152
13-11-2021,Colombia,South America,Omicron,11,0,10,169,99,0.1043,0.0583,1,0.2908,,1.743
14-06-2020,India,Asia,Original,55,1,51,792,385,0.1375,0.129,21,0,60.61,0.408
26-01-2022,South Africa,Africa,Omicron,4,0,3,54,16,0.2507,0.0598,,,31.13,1.152
21-08-2021,South Africa,Africa,Delta,2,0,1,35,8,0.2577,,1,0.1039,,0.598
02-05-2022,Australia,Oceania,Omicron BA.2,3,0,,36,69,0.0568,0.0344,0,0.682,,
31-05-2020,Australia,Oceania,Original,4,0,3,68,60,0.0702,0.1973,3,0,,0.43
16-07-2022,USA,North America,Omicron BA.2,14,0,,147,252,0.0509,0.0492,1,0.7826,11.41,2.322
26-01-2020,Turkey,Asia,Original,1,0,0,17,,,0.1509,0,0,14.15,0.97
12-07-2020,Italy,Europe,Original,4,0,3,66,60,0.0704,0.1346,1,0,49.84,0.564
15-12-2020,Turkey,Asia,Alpha,11,0,10,138,121,0.1011,0.1289,,0,71.52,0.404
17-12-2022,Turkey,Asia,Omicron BA.2,8,0,7,142,48,0.177,,1,0.6309,38.58,1.429
06-04-2021,Japan,Asia,Delta,19,0,17,334,266,0.0561,0.1969,19,0.1392,85.58,0.4
13-03-2020,South Korea,Asia,Original,4,0,3,60,,,0.1295,1,,88.6,0.4
08-06-2020,Argentina,South America,Original,1,0,0,14,10,0.1207,0.2004,,0,71.66,0.4
06-08-2022,Turkey,Asia,Omicron BA.2,3,0,2,47,27,0.1073,0.0621,0,0.5258,,2.329
11-11-2022,Spain,Europe,Omicron BA.2,6,0,5,109,84,0.065,0.0192,0,0.92,13.8,2.064
27-07-2020,UK,Europe,Original,6,0,5,76,132,0.0452,0.1832,3,,60.6,0.523
18-09-2022,USA,North America,Omicron BA.2,14,0,13,230,168,0.0821,,1,0.8643,13.23,2.155
17-07-2021,Turkey,Asia,Delta,7,0,6,82,70,0.1116,0.2349,,0.175,84.22,
22-02-2021,Mexico,North America,Alpha,4,0,3,63,44,0.0927,0.2243,3,0.0401,75.49,0.4
09-04-2021,Spain,Europe,Delta,1,0,0,15,19,0.0481,0.1978,0,0.1201,55.97,0.874
18-11-2020,South Korea,Asia,Alpha,2,0,1,33,48,0.0268,0.1675,0,0,46.62,0.695
25-11-2021,South Africa,Africa,Omicron,9,0,8,132,45,0.2015,0.0768,,0.1438,,1.108
20-06-2020,Pakistan,Asia,Original,5,0,4,86,20,0.252,0.0928,1,0,49.88,0.407
16-12-2022,Indonesia,Asia,Omicron BA.2,773,8,,10053,3865,0.1958,0.0591,155,0.3722,14.22,2.647
11-08-2021,South Korea,Asia,Delta,21,0,20,257,462,0.0549,0.1581,9,0.2983,45.38,0.857
28-01-2020,Spain,Europe,Original,2,0,1,23,28,0.0644,,0,0,12.81,0.766
09-10-2022,South Africa,Africa,Omicron BA.2,2,0,,35,10,0.2103,0.0542,0,,36.92,1.592
04-05-2020,Germany,Europe,Original,5,0,4,73,90,0.0525,,2,0,70.82,0.4
22-10-2021,Spain,Europe,Omicron,8,0,7,96,112,0.0673,0.0665,1,0.389,39.82,0.929
16-08-2020,Spain,Europe,Original,28,0,26,453,644,0.0401,,13,,36.31,0.757
04-07-2022,Australia,Oceania,Omicron BA.2,1,0,0,12,24,0.0394,0.0503,0,0.758,19.63,1.854
13-10-2020,Brazil,South America,Original,6,0,5,80,60,0.0893,,,0,44.89,0.477
28-03-2020,Pakistan,Asia,Original,23,1,20,381,92,0.2664,0.1312,11,0,72.44,0.4
14-07-2020,Spain,Europe,Original,5,0,4,74,105,0.0331,0.1602,3,0,71.3,0.4
06-07-2020,France,Europe,Original,1,0,0,14,20,0.0528,,0,,48.8,0.4
13-03-2021,India,Asia,Alpha,11,0,10,172,99,0.1062,0.1572,6,0.0616,61.5,0.661
16-01-2021,France,Europe,Alpha,1,0,0,18,21,0.0427,0.1696,0,0.012,50.4,0.8
12-10-2020,India,Asia,Original,9,0,8,155,99,0.0826,,,0,50.13,0.543
30-06-2022,Pakistan,Asia,Omicron BA.2,35,0,,425,175,0.1988,0.0739,5,0.2692,32.06,
16-09-2021,Australia,Oceania,Delta,1,0,0,14,22,0.0504,,0,0.3496,,0.795
06-07-2022,Pakistan,Asia,Omicron BA.2,16,0,,190,64,0.226,0.0869,,0.2781,29.47,2.091
15-10-2022,Mexico,North America,Omicron BA.2,12,0,11,132,96,0.1253,0.0666,,0.5748,27.61,1.45
08-08-2021,Argentina,South America,Delta,218,5,206,3110,1744,0.1134,0.1647,,0.1857,43.7,1.05
17-08-2021,Japan,Asia,Delta,3,0,2,32,63,0.0495,0.1976,1,0.3138,71.96,0.593
15-05-2020,Indonesia,Asia,Original,25,0,23,390,,,0.0982,10,0,65.57,
29-05-2021,UK,Europe,Delta,5,0,4,56,75,0.0642,0.2268,2,0.2045,70.1,0.535
22-05-2021,USA,North America,Delta,397,5,379,3909,6749,0.05,0.1577,118,0.1987,68.35,0.708
20-02-2022,Australia,Oceania,Omicron,1,0,0,12,23,0.0526,,0,0.5707,28.65,1.765
22-01-2020,Brazil,South America,Original,1,0,0,17,7,0.1362,0.1044,,0,4.35,1.259
09-04-2020,Brazil,South America,Original,58,1,52,792,,,0.1683,23,0,84.84,0.4
17-05-2022,South Korea,Asia,Omicron BA.2,3,0,,30,39,0.0669,0.0257,0,0.6851,,1.524
23-07-2020,Australia,Oceania,Original,33,0,2,33,63,0.0392,0.0975,0,0,55.21,0.488
17-07-2020,Japan,Asia,Original,9,0,8,98,153,0.0591,0.1765,3,0,,0.4
01-04-2022,Mexico,North America,Omicron BA.2,2,0,1,30,12,0.1802,0.0419,,0.4043,22.59,2.595
02-06-2021,South Africa,Africa,Delta,4,0,3,45,16,0.2501,0.2083,,0.0729,,0.4
16-11-2022,Pakistan,Asia,Omicron BA.2,9,0,,160,45,0.2098,0.0831,3,,32.09,1.484
23-06-2022,Italy,Europe,Omicron BA.2,6,0,,68,96,0.0666,0.0246,0,0.7512,12.5,1.784
25-10-2021,Russia,Europe,Omicron,5,0,4,61,40,0.1307,0.0929,0,0.2637,47.61,0.946
02-09-2020,Brazil,South America,Original,9,0,8,107,81,0.111,0.1659,5,0,36.05,0.597
20-10-2021,Russia,Europe,Delta,12,0,11,160,96,0.1348,0.1193,4,0.2533,65.87,0.457
22-04-2022,Turkey,Asia,Omicron BA.2,1,0,0,9,7,0.1415,0.0544,0,0.4369,35.09,1.524
05-09-2021,Argentina,South America,Delta,1,0,0,12,6,0.1774,0.1447,0,0.2225,55.16,0.637
25-11-2021,South Africa,Africa,Omicron,3,0,2,36,12,0.2364,0.0696,0,0.1727,27.61,1.363
11-10-2020,UK,Europe,Original,1,0,0,15,20,0.042,0.1822,0,0,40.23,0.573
26-09-2020,Germany,Europe,Original,14,0,13,221,196,0.074,0.1453,6,0,47.2,0.736
07-05-2020,Japan,Asia,Original,12,0,11,149,,,0.1517,3,0,59.85,0.415
26-01-2021,UK,Europe,Alpha,4,0,3,40,48,0.076,,1,,70.08,0.4
07-07-2021,Mexico,North America,Delta,1,0,0,15,11,0.0848,0.1854,0,0.1594,,0.542
31-12-2022,Australia,Oceania,Omicron BA.2,1,0,0,12,18,0.0642,0.0366,0,0.92,28.68,1.008
08-09-2022,Turkey,Asia,Omicron BA.2,102,0,,1747,714,0.1553,0.0689,19,0.5535,25.26,1.59
24-12-2020,Mexico,North America,Alpha,2,0,1,31,22,0.114,0.1959,,0,77.81,0.4
26-03-2020,Canada,North America,Original,10,0,9,145,230,0.056,0.1416,4,0,80.36,0.4
16-04-2020,Germany,Europe,Original,10,0,9,118,140,0.0717,0.1157,3,0,93.75,0.4
14-12-2020,France,Europe,Alpha,5,0,4,51,95,0.0533,0.2037,2,0,70.93,0.439
03-11-2020,South Korea,Asia,Alpha,1,0,0,10,15,0.0735,0.1033,0,0,35.24,0.913
26-11-2021,Turkey,Asia,Omicron,4,0,3,59,40,0.0954,0.0887,0,0.2881,45.99,1.374
01-06-2022,Indonesia,Asia,Omicron BA.2,32,0,30,569,96,0.3346,0.081,13,0.2421,14.68,2.299
03-08-2022,Colombia,South America,Omicron BA.2,1,0,0,10,7,0.1464,0.0692,,0.5161,28.43,1.289
27-07-2020,UK,Europe,Original,1,0,0,10,18,0.0718,0.1068,0,0,69.72,0.4
23-04-2022,Turkey,Asia,Omicron BA.2,22,0,,264,132,0.1455,0.0753,,0.4112,33.03,2.144
02-01-2021,Canada,North America,Alpha,3,0,2,46,66,0.0474,0.1098,1,0,72,0.4
15-08-2022,Italy,Europe,Omicron BA.2,6,0,5,86,144,0.0338,0.0205,0,0.8153,33.71,0.921
03-05-2020,Italy,Europe,Original,22,0,20,342,,,0.1236,8,0,43.09,0.584
09-08-2022,Russia,Europe,Omicron BA.2,17,0,,217,187,0.0843,0.0524,2,0.5326,19.89,2.152
03-10-2022,Argentina,South America,Omicron BA.2,43,0,41,457,473,0.081,,,0.5633,20.6,1.351
07-09-2020,Colombia,South America,Original,8,0,7,99,64,0.1233,0.1886,5,0,54.06,0.626
04-03-2020,Canada,North America,Original,1,0,0,14,21,0.0415,0.2075,0,,90.94,0.4
15-10-2022,USA,North America,Omicron BA.2,31,0,29,438,713,0.0593,0.0365,3,0.904,22,1.706
07-02-2022,Australia,Oceania,Omicron BA.2,45,0,43,798,630,0.0633,0.0561,9,0.5423,32.96,1.624
22-01-2022,India,Asia,Omicron,-146,1,139,2648,1022,0.1571,0.0883,,0.3334,55.33,1.008
16-09-2021,Mexico,North America,Delta,16,1,14,276,176,0.085,0.2253,,0.2275,62.24,0.579
10-08-2022,UK,Europe,Omicron BA.2,17,0,,262,323,0.0558,0.0247,1,0.7934,24.74,1.94
08-04-2022,Indonesia,Asia,Omicron BA.2,76,1,69,1375,380,0.1878,0.0743,28,0.2218,21.88,2.095
31-12-2020,Italy,Europe,Alpha,7,0,6,120,91,0.0743,0.186,4,0,68.07,0.49
05-05-2021,Germany,Europe,Delta,5,0,4,69,90,0.0528,,3,0.1535,64.78,0.42
07-01-2021,UK,Europe,Alpha,1,0,0,11,16,0.0636,0.1434,0,0.0163,68.65,0.438
28-01-2022,South Africa,Africa,Omicron,4,0,3,39,20,0.1862,0.05,,,52.27,0.969
22-01-2022,Indonesia,Asia,Omicron,33,1,30,447,132,0.2527,,7,0.1797,51.42,
26-03-2022,Spain,Europe,Omicron BA.2,8,0,,119,160,0.0472,0.0492,1,0.6299,37.42,1.32
26-08-2022,Spain,Europe,Omicron BA.2,3,0,,50,39,0.0859,0.0356,0,0.8213,39.74,1.441
05-08-2021,Spain,Europe,Delta,2,0,1,28,32,0.0632,,1,0.2929,67.8,0.53
01-10-2021,Spain,Europe,Delta,2,0,1,26,24,0.0765,0.1613,0,0.3756,49.75,0.561
16-12-2020,Colombia,South America,Alpha,15,1,14,204,135,0.1132,0.1704,,,67.34,
21-12-2020,Australia,Oceania,Alpha,1,0,0,12,21,0.0326,0.0994,0,0,67.36,0.545
05-06-2020,Russia,Europe,Original,2,0,1,34,22,0.0812,0.1888,1,0,62.6,0.434
26-11-2022,Russia,Europe,Omicron BA.2,14,0,,156,112,0.1189,0.0477,1,0.621,36.46,1.724
27-09-2021,France,Europe,Delta,22,0,21,390,308,0.0691,0.125,8,0.3544,63.25,0.565
26-08-2022,Spain,Europe,Omicron BA.2,4,0,3,67,72,0.0458,0.023,0,0.8229,18.47,
06-02-2021,Pakistan,Asia,Alpha,137,3,127,1833,548,0.2654,0.1391,41,0.0159,61.49,0.486
22-10-2020,Argentina,South America,Original,1,0,0,16,9,0.0983,0.1031,0,0,43.79,0.432
07-11-2022,Pakistan,Asia,Omicron BA.2,32,0,,466,160,0.2049,0.0762,6,0.3363,15.93,2.513
15-05-2020,Germany,Europe,Original,2,0,1,35,46,0.0415,0.1974,1,0,73.35,0.4
29-01-2020,India,Asia,Original,3,0,2,30,,,0.1047,,,13.16,0.779
24-10-2021,Indonesia,Asia,Omicron,47,1,43,545,141,0.3255,0.1004,12,0.158,37.4,1.245
18-11-2021,USA,North America,Omicron,117,1,108,2103,2106,0.0595,0.0692,33,0.4471,29.6,1.153
20-04-2021,Mexico,North America,Delta,2,0,1,28,14,0.1348,0.2058,,0.1033,80.73,0.4
01-10-2020,Argentina,South America,Original,1,0,0,11,11,0.0848,0.1806,0,,,0.486
05-04-2022,India,Asia,Omicron BA.2,27,0,25,347,270,0.1119,0.0611,,0.4164,33.9,2.253
30-11-2021,Pakistan,Asia,Omicron,5,0,4,63,15,0.3347,,0,0.1413,38.56,1.526
23-07-2020,Brazil,South America,Original,17,1,15,227,170,0.1183,0.1905,10,0,51.64,0.654
04-03-2022,Argentina,South America,Omicron,2,0,1,30,18,0.1286,0.0865,,0.392,30.6,1.369
22-07-2021,Indonesia,Asia,Delta,53,2,48,629,265,0.185,0.1751,19,,68.99,0.4
22-09-2022,South Africa,Africa,Omicron BA.2,8,0,7,102,24,0.3291,0.0816,,0.3129,30.04,2.298
20-02-2020,Indonesia,Asia,Original,5,0,4,71,25,0.2053,0.1999,,0,7.29,1.041
18-06-2022,India,Asia,Omicron BA.2,19,0,17,275,209,0.0779,,2,0.451,26.23,2.252
17-09-2020,Mexico,North America,Original,34,2,31,603,374,0.0929,0.1754,,,37.79,0.637
10-06-2020,Mexico,North America,Original,33,2,29,578,330,0.1061,0.1437,15,0,73.32,0.4
13-08-2021,Canada,North America,Delta,5,0,4,71,115,0.0569,0.1152,1,0.3166,57.07,0.558
25-04-2022,Russia,Europe,Omicron BA.2,47,0,,729,517,0.0744,0.0768,,0.4284,,2.275
05-06-2020,Japan,Asia,Original,3,0,2,50,57,0.0595,0.1846,2,,69.16,
19-02-2021,Indonesia,Asia,Alpha,12,1,10,176,48,0.2437,0.2045,8,,50.86,0.842
08-01-2021,South Africa,Africa,Alpha,8,0,7,134,24,0.3136,0.1512,,0,65.26,0.6
29-12-2020,Germany,Europe,Alpha,4,0,3,41,68,0.0574,0.1034,0,,74.51,0.4
06-09-2022,Brazil,South America,Omicron BA.2,31,0,,396,310,0.1002,0.0471,3,0.5428,15.73,2.278
25-09-2022,Turkey,Asia,Omicron BA.2,7,0,,127,70,0.1004,0.057,1,0.5657,22.84,2.315
12-12-2022,Italy,Europe,Omicron BA.2,10,0,,130,160,0.0633,0.0331,0,0.92,37.36,1.159
19-10-2021,Russia,Europe,Omicron,2,0,1,25,22,0.0956,0.0798,,0.2632,48.56,1.357
04-05-2021,Mexico,North America,Delta,2,0,1,35,16,0.1303,0.1886,,0.1055,78.03,0.4
31-03-2022,South Africa,Africa,Omicron BA.2,7,0,6,120,28,0.2528,0.0725,,0.2257,,2.212
22-06-2021,South Africa,Africa,Delta,1,0,0,10,4,0.2495,0.1212,0,0.0768,71.3,0.531
12-07-2021,Japan,Asia,Delta,14,0,13,221,266,0.054,0.1916,6,0.2832,69.4,0.591
31-03-2020,Turkey,Asia,Original,2,0,1,19,12,0.1662,0.1963,,0,73.42,
07-08-2021,Indonesia,Asia,Delta,4,0,3,48,16,0.2376,0.2503,2,0.1072,62.91,0.542
10-09-2022,Pakistan,Asia,Omicron BA.2,24,0,22,248,72,0.3473,0.0764,5,0.3187,29.25,1.932
08-11-2022,Spain,Europe,Omicron BA.2,20,0,19,322,300,0.06,0.0212,1,0.92,15.72,1.936
10-06-2022,Colombia,South America,Omicron BA.2,36,0,,366,396,0.0914,0.0337,2,0.4508,13.85,2.105
03-10-2022,Spain,Europe,Omicron BA.2,8,0,7,105,128,0.0608,0.0239,0,0.8731,12.87,1.205
07-08-2021,India,Asia,Delta,162,2,153,1986,1782,0.0807,0.1474,81,0.2087,,0.804
18-01-2022,Russia,Europe,Omicron,8,0,7,85,64,0.123,0.0899,1,0.3366,51.65,1.053
06-07-2021,Mexico,North America,Delta,39,2,35,658,351,0.0862,0.2059,27,0.1406,74.55,0.488
29-04-2022,Turkey,Asia,Omicron BA.2,31,0,,432,248,0.119,0.0434,4,0.4166,11.71,2.14
05-03-2020,Canada,North America,Original,2,0,1,33,36,0.0763,0.1757,1,,88.2,0.4
07-05-2022,Brazil,South America,Omicron BA.2,30,0,,434,300,0.0941,0.073,7,0.4185,24.85,
15-10-2022,Brazil,South America,Omicron BA.2,17,0,,199,102,0.1725,0.0337,,0.5743,31.26,2.122
19-11-2022,Germany,Europe,Omicron BA.2,1,0,,11,13,0.0726,0.0335,0,0.92,18.08,1.13
09-10-2021,Italy,Europe,Omicron,1,0,0,16,16,0.0757,0.0808,0,0.3925,65.8,0.641
06-05-2022,Italy,Europe,Omicron BA.2,5,0,,61,80,0.0453,0.0395,0,0.6852,14.86,1.369
15-03-2022,Japan,Asia,Omicron BA.2,3,0,2,33,36,0.0779,0.054,0,0.5862,27.32,
15-07-2022,Mexico,North America,Omicron BA.2,9,0,8,143,99,0.1136,0.0666,,0.5101,32.51,2.029
05-11-2021,Germany,Europe,Delta,1,0,0,13,12,0.0988,0.1363,0,0.431,45.04,0.911
22-05-2022,Colombia,South America,Omicron BA.2,3,0,2,50,30,0.0787,0.0688,,0.4551,12.68,1.562
27-08-2021,South Korea,Asia,Delta,9,0,8,161,153,0.0529,0.1839,7,0.3314,53.09,
26-12-2021,Canada,North America,Omicron,1,0,0,11,23,0.0327,0.0604,0,0.4809,33.58,1.568
26-09-2021,USA,North America,Delta,12,0,11,119,288,0.0423,0.1722,4,0.3663,62.32,0.743
09-05-2020,Colombia,South America,Original,1,0,0,14,,,0.1568,,0,65.24,0.4
06-08-2021,Mexico,North America,Delta,1,0,0,15,8,0.1232,0.2286,0,0.2075,61.95,0.614
23-11-2021,Indonesia,Asia,Omicron,71,2,66,1069,284,0.2477,,,0.153,53.72,0.866
01-03-2020,Japan,Asia,Original,3,0,2,52,39,0.0691,,1,0,65.12,0.4
18-02-2022,France,Europe,Omicron BA.2,8,0,7,78,184,0.0456,0.0339,0,0.5764,45.29,0.924
26-02-2021,Turkey,Asia,Alpha,33,0,30,358,297,0.1225,0.1917,14,0.0447,60.06,0.4
04-09-2022,Mexico,North America,Omicron BA.2,107,2,100,1134,1070,0.1024,0.0605,,0.5433,38.4,1.471
19-04-2021,Australia,Oceania,Delta,1,0,0,12,13,0.062,0.2358,0,0.1575,75.85,0.48
11-12-2022,UK,Europe,Omicron BA.2,5,0,4,71,105,0.0371,0.0389,0,0.92,25.33,1.091
18-08-2022,India,Asia,Omicron BA.2,184,1,,2129,1472,0.1135,0.0642,,0.5381,29.61,1.71
15-04-2020,Canada,North America,Original,1,0,0,17,18,0.0546,0.1551,0,0,93.39,0.4
06-03-2021,Canada,North America,Alpha,128,1,122,1589,2176,0.0541,0.2022,78,0.0865,56.11,0.417
16-06-2020,South Africa,Africa,Original,2,0,1,27,6,0.3195,0.1744,1,,,0.587
13-08-2020,India,Asia,Original,17,0,16,176,170,0.097,0.1552,8,0,52.87,0.422
13-02-2022,Pakistan,Asia,Omicron,9,0,8,156,27,0.3286,0.0826,,0.2202,47.22,
15-05-2021,Colombia,South America,Delta,65,2,59,945,715,0.084,0.2007,,0.1114,62.49,0.733
06-04-2021,Indonesia,Asia,Delta,4,0,3,49,20,0.1946,0.1315,,0.0426,,0.546
19-08-2020,Argentina,South America,Original,3,0,2,52,24,0.113,0.1461,,0,51.62,0.617
15-05-2021,Indonesia,Asia,Delta,41,1,37,421,123,0.3337,0.2265,24,0.0664,73.18,
27-02-2022,Canada,North America,Omicron,1,0,0,12,23,0.0392,0.0606,0,0.5948,43.07,1.231
04-09-2022,Germany,Europe,Omicron BA.2,6,0,5,65,120,0.0586,,0,0.8621,25.91,1.888
30-01-2020,USA,North America,Original,3,0,2,54,36,0.0672,0.1647,1,0,1.11,
16-04-2020,France,Europe,Original,10,0,9,162,240,0.0377,0.1481,6,0,82.42,0.4
06-02-2022,South Korea,Asia,Omicron BA.2,5,0,4,62,65,0.087,0.0383,0,0.5518,40.55,1.686
16-11-2021,UK,Europe,Omicron,8,0,7,106,168,0.0346,0.0773,1,0.4431,51.13,0.744
18-12-2020,Italy,Europe,Alpha,4,0,3,46,64,0.0585,0.2026,1,0,57.95,0.679
05-10-2020,Colombia,South America,Original,2,0,1,29,16,0.1334,,1,0,,0.758
23-08-2021,Australia,Oceania,Delta,9,0,8,107,126,0.0815,0.1099,2,0.3171,43.16,0.812
05-08-2022,UK,Europe,Omicron BA.2,24,0,22,432,288,0.0742,0.0409,3,0.8101,37.34,1.64
26-04-2022,Pakistan,Asia,Omicron BA.2,46,0,,740,230,0.1927,0.063,8,,16.49,2.366
28-03-2020,USA,North America,Original,3,0,2,51,,,0.1372,1,,79.38,0.4
29-03-2022,UK,Europe,Omicron BA.2,67,0,64,844,1139,0.0468,0.0437,8,0.6229,13.8,2.567
26-01-2021,Italy,Europe,Alpha,1,0,0,18,21,0.0439,0.2095,0,0.0338,69.2,
02-08-2021,India,Asia,Delta,56,1,52,840,392,0.1476,0.237,42,0.1739,72.21,0.564
18-01-2022,Mexico,North America,Omicron,25,1,22,428,275,0.1035,0.0611,,0.3332,35.58,1.538
14-03-2021,India,Asia,Alpha,236,2,217,2440,1652,0.1576,0.1421,76,0.0614,51.53,0.61
23-10-2022,Mexico,North America,Omicron BA.2,184,2,,1874,1288,0.1402,0.036,18,0.6009,43.07,
01-02-2021,Australia,Oceania,Alpha,1,0,0,17,22,0.0437,0.1593,0,0.027,52.59,0.502
02-08-2022,Argentina,South America,Omicron BA.2,1,0,,17,9,0.1105,0.0435,0,0.5302,18.09,1.461
08-04-2020,USA,North America,Original,11,0,10,109,176,0.071,0.1687,4,0,86.96,0.4
26-09-2020,Germany,Europe,Original,3,0,2,49,51,0.0402,0.1834,2,0,34.44,0.498
05-11-2022,Indonesia,Asia,Omicron BA.2,14,0,,216,42,0.3382,,,0.3334,39.04,1.54
06-04-2022,France,Europe,Omicron BA.2,1,0,,11,13,0.072,0.0344,0,0.6353,26.71,1.101
20-07-2020,Pakistan,Asia,Original,1,0,0,15,3,0.3186,0.1262,,,57.83,0.421
04-09-2020,Indonesia,Asia,Original,7,0,6,114,35,0.2005,0.1219,2,,57.83,0.416
02-03-2021,Mexico,North America,Alpha,1,0,0,16,10,0.1067,,0,0.0524,70.45,0.48
03-10-2022,Pakistan,Asia,Omicron BA.2,3,0,2,46,12,0.2715,0.04,0,0.3027,23.27,2.015
09-01-2021,Japan,Asia,Alpha,28,0,26,298,448,0.0604,0.2092,17,0.0065,48.5,0.501
14-01-2022,South Africa,Africa,Omicron,1,0,0,15,3,0.3274,0.0732,,,43,1.043
26-02-2022,Japan,Asia,Omicron,18,0,17,281,360,0.0492,,3,0.5802,36.45,1.523
02-08-2020,France,Europe,Original,1,0,0,12,12,0.0785,0.1314,0,0,51.69,0.625
01-04-2022,Australia,Oceania,Omicron BA.2,1,0,0,14,16,0.072,0.0349,0,0.6155,14.58,2.398
21-03-2020,Australia,Oceania,Original,6,0,5,88,,,0.1494,2,0,86.96,0.4
01-04-2021,South Korea,Asia,Alpha,5,0,4,59,65,0.0772,0.1328,1,0.1219,70.21,0.4
12-07-2020,Australia,Oceania,Original,1,0,0,16,18,0.0612,,0,0,64.04,0.4
09-09-2020,France,Europe,Original,2,0,1,30,30,0.0519,0.1543,0,0,,0.481
11-04-2020,Mexico,North America,Original,9,0,8,133,,,0.0943,,0,71.97,0.4
01-02-2022,Argentina,South America,Omicron BA.2,2,0,1,23,20,0.1113,0.0477,,0.3562,33.34,1.233
25-04-2021,Russia,Europe,Delta,45,1,43,596,450,0.0904,0.2243,34,0.0882,54.93,
13-06-2021,Brazil,South America,Delta,15,0,13,255,120,0.1171,,,0.1269,63.63,0.662
25-06-2022,South Africa,Africa,Omicron BA.2,19,0,17,294,57,0.3318,0.083,,,37.66,2.118
24-01-2022,Mexico,North America,Omicron,54,1,50,555,378,0.1403,0.0808,,0.3576,48.74,1.308
29-05-2021,Australia,Oceania,Delta,1,0,0,11,17,0.0727,0.1541,0,0.1941,58.5,0.562
17-04-2021,South Africa,Africa,Delta,42,1,38,513,210,0.192,0.1815,,0.0601,56.06,0.963
16-02-2020,South Korea,Asia,Original,1,0,0,16,,,0.1752,0,0,7.88,
21-11-2021,Germany,Europe,Omicron,1,0,0,15,23,0.0596,0.0501,0,0.449,34.3,1.562
09-12-2021,Pakistan,Asia,Omicron,9,0,8,132,45,0.203,,3,0.1614,39.87,1.011
03-08-2021,USA,North America,Delta,40,1,38,708,720,0.0432,0.1988,35,0.2981,55.01,
21-05-2020,South Africa,Africa,Original,1,0,0,11,,,,0,,67.76,0.4
11-10-2020,Japan,Asia,Original,27,0,26,453,621,0.0357,0.2014,18,,36.48,0.498
30-12-2022,Australia,Oceania,Omicron BA.2,1,0,,13,21,0.0463,,0,0.92,37.79,1.51
25-10-2022,Argentina,South America,Omicron BA.2,18,0,17,316,108,0.1535,0.0304,1,0.5843,,1.181
05-07-2021,Colombia,South America,Delta,12,0,11,207,120,0.1054,0.2146,,0.1691,71.14,0.4
15-11-2020,Mexico,North America,Original,1,0,0,14,6,0.1585,0.1035,,0,39.96,
10-12-2020,India,Asia,Alpha,444,8,417,6848,2664,0.1644,0.2154,,0,47.59,
31-01-2022,Pakistan,Asia,Omicron,123,1,113,2132,369,0.3319,0.0638,34,0.1918,45.48,1.61
03-03-2020,South Africa,Africa,Original,1,0,0,11,5,0.885637673,0.1091,0,0,70.41,0.4
02-11-2020,France,Europe,Original,16,0,14,194,384,0.0547,0.1233,3,,52.19,0.422
13-04-2022,Brazil,South America,Omicron BA.2,43,0,39,649,430,0.0857,0.0443,4,0.4031,24.56,1.473
06-08-2021,Italy,Europe,Delta,1,0,0,12,24,0.052,0.1644,0,0.2998,45.47,0.806
25-12-2021,Germany,Europe,Omicron,36,0,34,639,612,0.049,0.0434,6,0.4957,41.33,0.959
21-09-2022,Italy,Europe,Omicron BA.2,1,0,,10,20,0.0547,0.0245,0,0.8631,15.54,1.511
03-11-2022,South Africa,Africa,Omicron BA.2,12,0,11,161,60,0.1964,0.0623,1,,30.34,2.184
19-10-2022,Indonesia,Asia,Omicron BA.2,4,0,3,44,12,0.3334,0.0863,,,22.83,1.609
03-03-2022,Japan,Asia,Omicron BA.2,24,0,,265,312,0.0652,0.0593,3,0.5882,37.53,1.01
28-04-2020,Mexico,North America,Original,5,0,4,77,,,0.1879,,0,72.72,0.4
09-02-2021,South Korea,Asia,Alpha,1,0,0,14,16,0.0669,0.1858,0,0.0431,64.44,
21-03-2022,Italy,Europe,Omicron BA.2,9,0,8,150,189,0.0379,0.0611,2,0.6218,32.26,1.644
05-06-2020,South Korea,Asia,Original,1,0,0,14,17,0.0695,0.1424,0,,50.05,0.67
03-10-2022,Canada,North America,Omicron BA.2,1,0,0,15,24,0.024,0.0251,0,0.8878,11.26,1.372
25-02-2022,USA,North America,Omicron BA.2,8,0,7,78,96,0.0798,0.0566,0,0.5845,31.28,1.26
22-10-2022,Italy,Europe,Omicron BA.2,15,0,,225,300,0.0616,,1,0.904,16.31,1.963
17-05-2020,Russia,Europe,Original,1,0,0,13,,,0.114,0,0,56.12,0.411
22-09-2020,France,Europe,Original,4,0,3,64,84,0.0462,0.109,1,0,38.33,0.709
10-11-2022,France,Europe,Omicron BA.2,1,0,0,12,20,0.0445,,0,0.92,14.82,
16-12-2021,USA,North America,Omicron,78,0,73,1291,1404,0.043,0.0667,21,0.4821,26.77,1.291
29-12-2020,Argentina,South America,Alpha,1,0,0,14,6,0.1611,0.1403,0,,54.64,0.813
19-02-2021,Indonesia,Asia,Alpha,35,1,31,348,140,0.2373,0.1684,12,0.0219,52.46,0.839
08-12-2021,Indonesia,Asia,Omicron,11,0,10,129,44,0.2507,0.0924,,0.1586,37.1,1.941
20-08-2020,Mexico,North America,Original,8,0,7,112,48,0.1796,,6,0,45.54,0.428
26-06-2021,France,Europe,Delta,2,0,1,29,42,0.0459,0.2171,1,0.2483,74.83,
26-06-2021,Germany,Europe,Delta,110,1,105,1898,1760,0.0624,0.1735,87,0.2336,76.53,0.4
26-01-2021,South Africa,Africa,Alpha,5,0,4,49,25,0.1908,,1,0.0032,63.5,0.4
11-06-2021,Spain,Europe,Delta,1,0,0,14,16,0.0629,0.1296,0,0.2023,61.82,0.498
02-09-2020,Australia,Oceania,Original,14,0,13,168,210,0.0592,0.1242,4,,51.83,0.654
26-02-2020,Germany,Europe,Original,1,0,0,14,15,0.0703,0.194,0,0,78.02,0.4
19-09-2021,Colombia,South America,Delta,17,0,16,231,170,0.1013,,7,0.2229,66.29,
16-06-2022,Japan,Asia,Omicron BA.2,16,0,14,210,192,0.087,0.0262,0,0.7305,25.83,1.771
14-07-2020,Colombia,South America,Original,1,0,0,17,11,0.0858,0.1622,0,,48.39,0.524
28-03-2021,Russia,Europe,Alpha,60,1,54,910,480,0.132,0.1371,35,0.0744,75.98,
16-12-2021,South Korea,Asia,Omicron,4,0,3,40,52,0.0864,0.0673,0,0.4833,34.22,1.45
23-08-2021,India,Asia,Delta,3,0,2,50,24,0.1016,0.1422,1,0.1941,53.38,0.548
29-09-2021,Pakistan,Asia,Delta,49,1,44,498,147,0.3331,0.2368,21,0.1323,40.22,0.972
20-08-2021,Spain,Europe,Delta,7,0,6,103,168,0.0249,0.1368,4,0.3034,59.46,0.843
31-12-2022,Indonesia,Asia,Omicron BA.2,22,0,20,334,66,0.3317,0.038,2,0.3714,30.15,1.36
15-12-2020,Italy,Europe,Alpha,1,0,0,12,18,0.0746,0.1903,0,,68.44,
28-06-2021,South Africa,Africa,Delta,114,5,101,1657,570,0.2089,0.1906,84,0.0788,85.47,0.4
21-06-2021,India,Asia,Delta,890,20,847,10963,5340,0.1665,0.1919,,0.14,64.97,0.451
04-03-2022,India,Asia,Omicron,325,2,,4765,2275,0.1411,,,0.3716,27.46,1.895
24-07-2020,Germany,Europe,Original,21,0,20,363,399,0.0564,0.1337,9,0,75.43,0.4
07-10-2022,Mexico,North America,Omicron BA.2,6,0,5,106,60,0.0979,0.0359,0,0.568,26.43,1.812
10-04-2021,Russia,Europe,Delta,20,1,18,350,140,0.1447,0.1295,13,0.0766,59.64,
20-04-2022,France,Europe,Omicron BA.2,1,0,0,13,18,0.0642,0.0301,0,0.6525,30.75,1.322
20-03-2021,Colombia,South America,Delta,1,0,0,16,6,0.1682,0.1662,,0.0627,69.48,0.523
08-04-2022,Colombia,South America,Omicron BA.2,1,0,0,17,7,0.1413,0.0658,,0.4097,11.14,1.814
06-10-2022,Pakistan,Asia,Omicron BA.2,8,0,7,145,40,0.2133,0.0469,1,0.3107,,2.52
18-07-2020,Japan,Asia,Original,44,0,42,638,528,0.0832,0.1531,26,0,49.36,0.45
11-09-2022,Brazil,South America,Omicron BA.2,536,4,513,7612,3216,0.1561,0.0532,,0.5424,22.74,2.117
13-11-2022,Canada,North America,Omicron BA.2,4,0,3,40,52,0.0653,0.0331,0,0.92,32.93,1.161
07-07-2020,Australia,Oceania,Original,1,0,0,13,12,0.0771,0.1546,0,,,0.492
28-03-2021,Argentina,South America,Delta,13,0,12,198,91,0.1369,0.2489,9,0.0657,76.56,0.428
23-07-2020,Australia,Oceania,Original,1,0,0,16,20,0.0578,0.1148,0,0,71.42,0.4
19-09-2022,UK,Europe,Omicron BA.2,4,0,3,50,96,0.0618,0.023,0,0.8741,,1.497
04-04-2022,Colombia,South America,Omicron BA.2,1,0,,14,11,0.0916,0.0724,0,0.4141,29.08,1.594
08-04-2021,Pakistan,Asia,Delta,59,2,53,741,177,0.3536,0.2235,30,,81.48,0.4
18-09-2020,Spain,Europe,Original,1,0,0,12,14,0.0702,0.1539,0,0,35.45,0.714
24-01-2020,Canada,North America,Original,1,0,0,17,17,0.058,0.2084,0,0,9.48,0.827
04-02-2021,Italy,Europe,Alpha,3,0,2,52,66,0.0472,0.1464,1,0.0259,51.5,0.463
19-12-2020,Canada,North America,Alpha,2,0,1,28,48,0.0281,0.1028,0,0,,0.645
22-08-2022,South Africa,Africa,Omicron BA.2,17,0,15,183,85,0.202,0.0669,,0.3069,17.1,2.236
26-11-2022,France,Europe,Omicron BA.2,2,0,,22,24,0.0753,0.0277,0,0.92,29,
29-04-2021,Turkey,Asia,Delta,5,0,4,53,30,0.1481,0.1774,,0.1227,67.38,0.762
28-07-2022,Japan,Asia,Omicron BA.2,1,0,0,13,21,0.061,0.0218,0,0.7906,22.64,1.421
18-03-2022,USA,North America,Omicron BA.2,212,1,203,2687,2968,0.0626,0.0352,28,0.6122,21.79,2.348
08-02-2020,Canada,North America,Original,1,0,0,13,,,,0,,11.81,0.847
06-07-2022,Mexico,North America,Omicron BA.2,14,0,13,202,84,0.161,,4,0.4994,20.86,2.469
29-04-2021,Italy,Europe,Delta,17,0,15,186,238,0.0734,0.2355,11,0.1661,64.13,0.833
03-12-2021,Pakistan,Asia,Omicron,45,1,41,647,225,0.2072,0.062,,0.1688,48.75,
17-03-2021,Pakistan,Asia,Delta,1,0,0,12,4,0.2582,0.2336,0,0.0371,62.78,
19-05-2020,Colombia,South America,Original,3,0,2,52,27,0.1035,0.1792,2,0,54.88,0.571
05-10-2022,Germany,Europe,Omicron BA.2,5,0,4,90,70,0.0608,0.0408,0,0.8869,,1.434
19-07-2020,Colombia,South America,Original,1,0,0,12,7,0.1474,0.1034,0,0,80.44,0.4
04-03-2021,France,Europe,Alpha,4,0,3,52,48,0.094,0.1426,1,0.0894,58.34,0.601
13-09-2022,Spain,Europe,Omicron BA.2,3,0,,47,51,0.0701,0.0301,0,0.858,26.27,1.876
08-12-2022,Argentina,South America,Omicron BA.2,5,0,4,79,35,0.1408,0.0325,0,0.6505,29.62,
29-12-2022,India,Asia,Omicron BA.2,141,0,,2124,1269,0.0985,0.057,,0.6475,34.88,
22-04-2020,Australia,Oceania,Original,1,0,0,17,21,0.0431,0.1698,0,0,71.82,0.4
15-08-2020,Brazil,South America,Original,6,0,5,93,42,0.1582,0.1069,2,0,37.83,
04-03-2022,Brazil,South America,Omicron BA.2,1,0,,10,10,0.0915,0.04,0,0.3616,55.09,1.028
11-11-2021,Pakistan,Asia,Omicron,37,0,35,473,111,0.3282,0.0635,4,,41.49,
14-08-2020,South Africa,Africa,Original,4,0,3,69,12,0.3306,0.123,1,0,33.87,0.632
17-04-2021,Spain,Europe,Delta,3,0,2,53,51,0.0254,0.1434,1,0.144,83.44,0.4
24-02-2021,Indonesia,Asia,Alpha,47,1,42,577,235,0.1961,0.1482,,0.015,52.09,0.831
27-04-2022,Colombia,South America,Omicron BA.2,49,0,47,675,441,0.1216,0.054,10,0.4224,32.84,
10-03-2022,Germany,Europe,Omicron,4,0,,57,84,0.0598,0.0378,0,0.5895,48.12,0.817
09-06-2022,Argentina,South America,Omicron BA.2,131,1,,2262,1048,0.1155,0.0519,20,0.4613,10.24,1.778
19-07-2020,Mexico,North America,Original,9,0,8,160,99,0.0929,0.1065,,0,61.22,0.4
15-04-2020,Germany,Europe,Original,1,0,0,15,22,0.0622,0.1711,0,0,82,0.4
16-06-2021,Japan,Asia,Delta,10,0,9,113,120,0.0954,0.2052,4,0.2357,64.46,0.588
01-09-2020,Colombia,South America,Original,2,0,1,36,16,0.1309,0.1278,,0,55.36,0.591
23-02-2022,South Africa,Africa,Omicron,10,0,9,152,30,0.3147,0.0468,,0.2072,38.93,1.267
25-05-2022,South Africa,Africa,Omicron BA.2,3,0,,53,15,0.2055,0.084,1,,29.64,
23-06-2022,South Korea,Asia,Omicron BA.2,1,0,0,16,19,0.0481,,0,0.7528,31.35,1.021
03-07-2021,Pakistan,Asia,Delta,31,1,29,381,155,0.188,0.1166,11,0.0826,74.9,0.527
14-07-2021,Indonesia,Asia,Delta,48,2,43,719,192,0.2513,0.2417,43,0.0824,67.97,0.402
24-11-2020,Spain,Europe,Alpha,2,0,1,30,32,0.0577,,0,,59.18,0.466
07-07-2022,Germany,Europe,Omicron BA.2,157,0,153,2266,3454,0.0379,0.025,16,0.7595,12.27,2.069
10-02-2021,India,Asia,Alpha,18,0,16,314,126,0.1458,0.1739,12,0.0015,72.27,0.4
23-12-2021,India,Asia,Omicron,64,0,60,914,512,0.1246,0.0461,12,0.3231,55.18,0.877
02-05-2021,Pakistan,Asia,Delta,13,1,12,158,52,0.243,0.1961,8,0.0578,83.52,0.4
06-11-2022,Germany,Europe,Omicron BA.2,179,0,170,2521,3222,0.065,0.0371,14,0.92,19.54,1.089
19-06-2021,Brazil,South America,Delta,3,0,2,47,18,0.1887,,2,0.1376,76.37,0.543
12-02-2020,Pakistan,Asia,Original,38,1,36,372,,,0.1295,,,15.31,0.989
14-08-2021,Turkey,Asia,Delta,1,0,0,11,11,0.0917,0.1387,0,0.1968,37.84,1.14
05-09-2020,Germany,Europe,Original,2,0,1,32,24,0.073,,1,0,55.11,0.441
31-05-2022,USA,North America,Omicron BA.2,59,0,,760,1357,0.0457,0.0376,7,0.7108,20.8,1.551
06-10-2021,France,Europe,Delta,12,0,11,176,192,0.0748,0.1316,6,0.4077,43.58,0.595
13-08-2021,South Africa,Africa,Delta,14,1,12,250,42,0.3176,,,0.106,50.14,0.93
13-02-2021,South Korea,Asia,Alpha,5,0,4,58,95,0.0574,,2,0.0623,58.17,0.445
02-08-2020,Germany,Europe,Original,1,0,0,12,16,0.0666,0.1778,0,0,51.01,0.594
29-07-2020,UK,Europe,Original,1,0,0,9,17,0.0582,0.1321,0,,73.93,0.4
27-02-2021,Australia,Oceania,Alpha,1,0,0,10,19,0.0336,0.2124,0,0.052,79.92,0.4
20-12-2022,Italy,Europe,Omicron BA.2,1,0,,12,14,0.0559,0.0305,0,0.92,39.16,1.246
26-11-2021,Italy,Europe,Omicron,19,0,18,311,228,0.0722,0.082,5,0.4556,45.94,1.247
18-06-2022,Germany,Europe,Omicron BA.2,2,0,1,36,36,0.0626,0.0511,0,0.7514,13.59,2.072
15-02-2022,Japan,Asia,Omicron,1,0,0,16,17,0.0543,0.0446,0,0.5797,45.74,0.849
16-03-2022,India,Asia,Omicron BA.2,140,1,136,2351,1120,0.1039,,,0.3892,25.84,1.867
30-11-2020,South Africa,Africa,Alpha,6,0,5,75,30,0.2079,0.2268,,0,47.85,
15-12-2022,USA,North America,Omicron BA.2,6,0,5,72,108,0.0541,0.0204,0,0.92,8.18,2.167
21-09-2022,Japan,Asia,Omicron BA.2,14,0,,139,266,0.0486,0.0377,1,0.8815,,1.584
14-10-2021,Brazil,South America,Omicron,1,0,0,10,8,0.1193,0.0894,,0.2634,59.32,
08-07-2020,Canada,North America,Original,1,0,0,13,21,0.0437,0.1358,0,0,70.65,0.4
12-10-2022,USA,North America,Omicron BA.2,26,0,,315,364,0.0809,,1,0.9171,20.01,1.618
01-06-2021,Pakistan,Asia,Delta,1,0,0,10,4,0.2516,,0,0.0812,79.72,0.4
16-08-2021,UK,Europe,Delta,4,0,3,67,56,0.0812,,1,0.2968,55.81,0.866
09-11-2020,UK,Europe,Original,1,0,0,10,16,0.0772,0.1329,0,0,43.27,0.721
01-07-2020,Pakistan,Asia,Original,50,1,46,651,200,0.2459,0.1332,21,,48.59,0.4
29-12-2020,Pakistan,Asia,Alpha,48,1,44,484,192,0.246,0.1306,16,,55.92,0.683
27-01-2021,Australia,Oceania,Alpha,3,0,2,47,69,0.0554,0.2258,2,0.0209,71.45,0.4
23-05-2020,Brazil,South America,Original,45,1,42,714,270,0.1653,0.1393,,0,52.9,0.4
04-07-2020,Colombia,South America,Original,3,0,2,32,21,0.1401,0.1986,,0,69.54,
01-03-2022,UK,Europe,Omicron,7,0,6,71,126,0.0825,,0,0.5857,47.65,1.086
02-05-2021,South Korea,Asia,Delta,1,0,0,12,18,0.0538,0.115,0,0.1534,64.86,0.437
07-01-2021,Japan,Asia,Alpha,13,0,12,160,156,0.0783,0.2264,9,0,63.68,0.493
08-06-2021,Japan,Asia,Delta,1,0,0,14,24,0.0154,0.1124,0,0.2129,81.57,0.4
13-08-2021,USA,North America,Delta,10,0,9,104,120,0.0933,0.1674,4,0.3432,51.81,0.977
17-10-2021,Argentina,South America,Delta,12,0,11,120,108,0.1159,0.1283,2,0.2546,36.27,1.26
16-08-2022,Spain,Europe,Omicron BA.2,5,0,4,51,65,0.0574,0.0268,0,0.8103,37.36,1.588
30-07-2022,Japan,Asia,Omicron BA.2,1,0,,10,22,0.0494,,0,0.8011,35.63,1.57
24-12-2021,Argentina,South America,Omicron,4,0,3,58,24,0.164,0.0432,,0.3175,49.65,1.15
18-08-2022,Russia,Europe,Omicron BA.2,11,0,10,169,110,0.1029,0.0338,,0.5264,36.93,1.846
11-07-2022,Australia,Oceania,Omicron BA.2,19,0,,337,247,0.0655,,2,0.7822,,1.816
03-11-2021,France,Europe,Delta,1,0,0,18,20,0.0671,0.1216,0,0.4307,47.05,0.824
04-09-2020,Italy,Europe,Original,8,0,7,118,192,0.0311,0.0998,2,0,,
19-02-2022,Argentina,South America,Omicron BA.2,2,0,1,28,12,0.149,0.0697,,0.375,38.78,1.364
30-06-2022,Indonesia,Asia,Omicron BA.2,37,0,35,427,148,0.2303,0.0631,,0.2782,25.96,1.746
16-07-2020,France,Europe,Original,1,0,0,13,22,0.0394,0.139,0,,47.22,0.61
02-01-2021,Mexico,North America,Alpha,1,0,0,15,8,0.1329,0.2247,,0,74.2,0.4
18-07-2021,India,Asia,Delta,43,0,39,746,387,0.1074,0.2319,38,0.18,62.92,0.72
18-04-2022,Brazil,South America,Omicron BA.2,14,0,13,238,140,0.0898,0.0705,,0.426,39.25,1.323
02-07-2022,Brazil,South America,Omicron BA.2,80,1,75,816,480,0.1955,0.0692,11,0.4902,15.75,2.345
19-01-2021,Italy,Europe,Alpha,4,0,3,59,80,0.0504,,2,,59.84,0.562
10-06-2022,USA,North America,Omicron BA.2,379,1,,4675,9096,0.0354,0.0306,31,0.7308,,1.853
25-02-2022,Colombia,South America,Omicron BA.2,18,0,17,226,108,0.1832,0.0653,4,0.3888,50.89,1.534
04-03-2020,Canada,North America,Original,1,0,0,15,,,0.1893,0,0,91.59,0.4
19-11-2021,Canada,North America,Omicron,1,0,0,17,14,0.0571,0.0692,0,0.4554,44.89,0.978
27-03-2020,India,Asia,Original,10,0,9,140,70,0.149,0.1906,5,,93.96,0.4
03-03-2020,South Korea,Asia,Original,1,0,0,15,20,0.0537,0.199,0,0,81.27,0.4
07-12-2021,Pakistan,Asia,Omicron,14,0,13,164,56,0.2513,0.0706,1,0.1716,56.71,0.804
21-02-2020,UK,Europe,Original,11,0,10,128,143,0.0819,0.1503,5,0,69.71,0.4
19-01-2021,Japan,Asia,Alpha,2,0,1,34,44,0.041,0.1576,0,0.0072,64.01,0.435
04-08-2020,UK,Europe,Original,4,0,3,59,88,0.0288,0.1364,1,0,56.38,0.433
10-08-2021,India,Asia,Delta,285,4,270,4102,2565,0.1235,0.2317,,0.1788,,0.41
02-11-2021,Indonesia,Asia,Omicron,1,0,0,18,5,0.195,0.0577,0,0.1516,72.34,0.867
31-12-2022,Italy,Europe,Omicron BA.2,2,0,,34,38,0.0548,0.0362,0,0.92,20.55,1.138
08-03-2020,Turkey,Asia,Original,8,0,7,80,,,0.1729,,,81.62,0.4
08-03-2020,Germany,Europe,Original,3,0,2,54,,,0.1297,2,,,
03-03-2022,UK,Europe,Omicron,2,0,,33,42,0.0569,0.0348,0,0.5913,27.72,
29-07-2022,Mexico,North America,Omicron BA.2,9,0,,103,72,0.1252,0.045,,0.5063,27.09,1.815
22-01-2021,Australia,Oceania,Alpha,1,0,0,12,20,0.0431,0.2182,0,,48.51,0.689
06-10-2021,Italy,Europe,Delta,4,0,3,55,72,0.0486,0.1951,2,0.3779,51.71,0.934
21-06-2020,Brazil,South America,Original,17,1,15,265,153,0.0995,0.1963,,0,46.2,0.417
17-05-2020,India,Asia,Original,82,1,77,1091,,,0.1928,56,,62.68,0.43
20-06-2021,Mexico,North America,Delta,50,2,46,496,300,0.173,,16,0.1631,66.48,0.466
12-09-2021,Italy,Europe,Delta,9,0,8,149,216,0.0503,0.0908,3,0.3452,42.57,1.154
16-02-2021,South Korea,Asia,Alpha,3,0,2,40,60,0.0488,0.1647,1,,69.29,
14-04-2021,South Korea,Asia,Delta,7,0,6,75,161,0.0544,0.1543,3,0.1216,78.79,
04-08-2021,France,Europe,Delta,6,0,5,83,114,0.0539,0.1803,3,0.2857,60.08,0.823
01-05-2022,France,Europe,Omicron BA.2,7,0,,98,133,0.0339,0.0499,1,0.6698,29.73,1.89
28-08-2022,Mexico,North America,Omicron BA.2,7,0,6,119,63,0.1097,0.057,1,0.541,40.42,0.958
20-01-2022,Argentina,South America,Omicron,5,0,4,52,30,0.1831,,0,0.3396,40.72,1.277
17-06-2021,South Africa,Africa,Delta,1,0,0,12,5,0.2063,0.1171,0,0.0908,55.43,0.731
14-07-2021,USA,North America,Delta,4,0,3,60,48,0.0781,0.1591,1,0.2558,60.47,0.504
14-05-2021,Japan,Asia,Delta,47,0,45,778,987,0.0393,0.1862,26,0.1936,61.69,0.54
28-09-2022,Argentina,South America,Omicron BA.2,15,0,14,231,120,0.1453,0.038,2,0.5695,31.7,1.395
22-07-2021,Colombia,South America,Delta,39,1,35,442,390,0.0822,0.1958,24,0.1828,68.69,0.639
22-11-2022,Australia,Oceania,Omicron BA.2,35,0,,437,770,0.0513,0.0245,1,0.92,37.93,1.499
26-12-2022,Italy,Europe,Omicron BA.2,4,0,,57,96,0.0426,0.0306,0,0.92,23.22,1.457
24-10-2020,Pakistan,Asia,Original,3,0,2,42,12,0.2299,0.1635,1,,39.91,
05-03-2021,Germany,Europe,Alpha,122,1,116,1771,2196,0.0675,0.1105,57,0.0705,81.25,0.4
23-01-2020,Colombia,South America,Original,11,0,10,133,77,0.1516,0.0947,,0,12.42,1.02
04-03-2020,South Korea,Asia,Original,2,0,1,23,48,0.0341,0.2071,1,0,82.42,0.4
03-09-2022,UK,Europe,Omicron BA.2,2,0,,24,38,0.0604,0.0455,0,0.8338,30.06,1.001
17-01-2021,Turkey,Asia,Alpha,2,0,1,26,22,0.0906,0.1108,0,0,77.12,0.4
20-06-2021,UK,Europe,Delta,1,0,0,14,19,0.0521,0.1339,0,0.2177,77.97,0.498
05-03-2022,Australia,Oceania,Omicron,10,0,9,144,220,0.0616,0.073,2,0.562,34.7,0.927
21-12-2022,Russia,Europe,Omicron BA.2,2,0,,33,14,0.1416,0.0285,0,0.649,,2.033
20-01-2021,Pakistan,Asia,Alpha,26,1,24,313,78,0.3294,0.161,8,,72.62,0.4
23-02-2020,Pakistan,Asia,Original,20,0,18,340,100,0.1962,0.1947,17,0,95.49,0.4
12-02-2020,Spain,Europe,Original,3,0,2,36,66,0.0385,0.2006,1,0,15.61,1.025
20-02-2020,Germany,Europe,Original,30,0,28,460,,,0.1784,21,,12.84,0.615
28-01-2021,Germany,Europe,Alpha,3,0,2,47,69,0.0431,0.1544,1,0.0255,62.06,0.503
04-03-2021,Canada,North America,Alpha,3,0,2,33,36,0.0962,0.1771,0,0.0711,66.08,0.507
16-12-2020,Pakistan,Asia,Alpha,97,2,90,1466,388,0.2387,0.2145,,,60.32,
05-12-2022,Japan,Asia,Omicron BA.2,12,0,11,123,192,0.0596,0.0191,0,0.92,22.93,1.199
01-11-2021,Turkey,Asia,Delta,109,1,101,1211,872,0.1269,0.2035,,0.2724,59.6,0.522
23-02-2021,Argentina,South America,Alpha,3,0,2,35,30,0.0963,0.1985,,,68.88,0.412
19-02-2021,France,Europe,Alpha,9,0,8,116,180,0.0521,0.1952,6,0.0575,72.06,0.469
12-04-2020,South Korea,Asia,Original,4,0,3,47,64,0.0726,0.1803,1,,79.5,0.4
15-11-2020,Turkey,Asia,Original,1,0,0,14,6,0.1667,0.1826,,,41.09,0.779
07-06-2021,Russia,Europe,Delta,22,1,20,387,242,0.0746,0.2448,15,0.1189,55.09,0.989
13-02-2022,Russia,Europe,Omicron,6,0,5,90,48,0.1559,0.0704,,0.3825,51.05,0.926
28-03-2022,Japan,Asia,Omicron BA.2,11,0,,168,176,0.0606,0.0392,1,0.6248,23.62,1.203
26-12-2021,Australia,Oceania,Omicron,1,0,0,14,21,0.921310478,0.0796,0,0.5038,43.2,1.285
10-02-2020,France,Europe,Original,5,0,4,71,105,0.0319,0.1324,2,,,0.719
24-08-2020,India,Asia,Original,70,1,66,1177,770,0.0893,0.152,36,0,57.03,0.4
22-06-2020,Pakistan,Asia,Original,13,0,12,208,52,0.2401,0.099,,,51.29,0.4
21-08-2021,USA,North America,Delta,10,0,9,143,240,0.0208,0.1508,5,0.3155,,1.036
03-10-2022,Argentina,South America,Omicron BA.2,6,0,5,97,66,0.0819,,0,0.5713,32.31,1.949
11-10-2020,Germany,Europe,Original,45,0,43,466,675,0.0661,0.2088,19,,,
21-07-2020,Spain,Europe,Original,3,0,2,46,60,0.0617,0.1486,1,0,71.71,0.4
06-10-2020,USA,North America,Original,39,0,37,567,507,0.0896,0.1859,31,0,43.87,0.678
10-05-2021,India,Asia,Delta,756,12,697,13063,7560,0.0951,,,0.1157,62.43,
15-08-2021,Brazil,South America,Delta,33,1,30,365,330,0.1087,0.1344,12,0.1848,53.7,0.585
20-06-2020,Pakistan,Asia,Original,5,0,4,86,20,0.252,0.0928,1,0,49.88,0.407
19-02-2022,Colombia,South America,Omicron BA.2,35,0,33,430,350,0.1042,0.0541,,0.3714,57.04,1.01
27-03-2022,Japan,Asia,Omicron BA.2,1,0,0,14,16,0.0613,0.0517,0,0.6125,27.89,1.571
08-05-2020,Pakistan,Asia,Original,31,0,28,564,155,0.1881,0.1938,,0,66.8,0.401
04-06-2021,Pakistan,Asia,Delta,1,0,0,11,3,0.3086,0.1821,0,0.0632,83.85,0.4
25-04-2022,Argentina,South America,Omicron BA.2,3,0,,38,33,0.0947,0.0748,0,0.4439,30.68,1.532
15-04-2020,Argentina,South America,Original,1,0,0,12,,,0.1313,0,0,84.51,0.4
31-10-2021,India,Asia,Delta,49,1,45,690,539,0.0832,0.1359,15,0.2649,51.26,1.076
28-02-2022,India,Asia,Omicron BA.2,672,4,646,9009,5376,0.1144,0.0615,112,0.3879,38.38,1.27
20-01-2022,Turkey,Asia,Omicron,42,0,39,580,378,0.1228,0.0597,,0.3525,25.87,1.512
26-04-2022,Pakistan,Asia,Omicron BA.2,230,2,216,2532,690,0.3323,0.0531,,0.2283,21.28,1.948
12-08-2022,Mexico,North America,Omicron BA.2,9,0,,124,72,0.1312,0.064,,0.5209,27.05,1.554
29-10-2021,Indonesia,Asia,Omicron,62,1,59,879,310,0.209,,15,,42.41,1.444
18-11-2021,Australia,Oceania,Omicron,4,0,3,53,56,0.0913,0.057,0,0.4555,38.34,0.887
26-06-2022,USA,North America,Omicron BA.2,17,0,15,234,221,0.0704,0.0476,2,0.7286,11.61,1.401
27-10-2022,Australia,Oceania,Omicron BA.2,1,0,,12,21,0.0494,0.0175,0,0.9189,13.62,2.058
22-01-2021,South Africa,Africa,Alpha,-3,0,2,50,12,0.2697,,2,0.0126,75.94,0.4
28-02-2022,Mexico,North America,Omicron BA.2,5,0,4,72,55,0.0915,0.0527,0,0.3886,32.37,1.316
14-05-2021,Argentina,South America,Delta,2,0,1,23,14,0.1292,0.1609,,0.1177,75.8,0.495
29-03-2022,Canada,North America,Omicron BA.2,8,0,,103,160,0.0526,0.0524,1,0.6358,20.35,2.221
07-06-2022,Spain,Europe,Omicron BA.2,1,0,,16,15,0.07,0.0393,0,0.7308,39.04,1.272
20-11-2021,South Africa,Africa,Omicron,5,0,4,56,15,0.3459,0.0964,1,0.1436,45.84,1.161
25-02-2022,Germany,Europe,Omicron,19,0,18,247,266,0.0669,0.0388,2,0.6056,,1.676
29-04-2022,Australia,Oceania,Omicron BA.2,4,0,,68,52,0.0642,0.0591,0,0.6606,32.67,1.52
02-10-2022,Italy,Europe,Omicron BA.2,8,0,7,130,168,0.0461,0.0182,0,0.8835,32.17,1.367
18-06-2020,Brazil,South America,Original,17,0,15,235,136,0.1135,0.1833,,0,48.17,0.577
20-07-2022,Mexico,North America,Omicron BA.2,9,0,8,156,63,0.1537,0.0338,1,0.5064,24.79,1.926
08-10-2021,South Africa,Africa,Delta,4,0,3,71,16,0.2557,0.21,2,0.1525,48.93,1.16
19-03-2022,USA,North America,Omicron BA.2,15,0,14,188,255,0.0681,0.033,1,0.6224,37.24,0.96
06-12-2021,France,Europe,Omicron,12,0,11,136,192,0.0641,0.0605,1,0.4589,30.84,1.553
22-06-2021,Pakistan,Asia,Delta,21,1,18,276,105,0.1939,0.1202,,0.0771,77.84,0.4
23-06-2021,France,Europe,Delta,1,0,0,15,13,0.0623,0.2083,0,0.2358,54.63,1.003
28-10-2020,USA,North America,Original,2,0,1,24,26,0.0775,0.1919,0,,52.36,0.517
24-07-2020,USA,North America,Original,43,0,41,771,989,0.0461,0.1235,27,0,80.82,0.4
09-06-2020,South Africa,Africa,Original,3,0,2,43,9,0.3179,0.1321,,,51.76,
19-08-2021,Turkey,Asia,Delta,2,0,1,29,22,0.0868,0.2047,,0.2239,69.72,0.502
17-04-2021,India,Asia,Delta,47,1,44,790,329,0.1705,,,0.0901,72.56,0.4
20-06-2022,Mexico,North America,Omicron BA.2,3,0,,52,30,0.1112,0.0378,,0.4677,39.97,1.31
16-08-2022,USA,North America,Omicron BA.2,7,0,,83,154,0.0466,0.028,0,0.822,10.02,1.874
25-07-2020,Mexico,North America,Original,35,1,31,525,350,0.1013,0.2,,,,0.443
20-03-2021,India,Asia,Delta,105,2,100,1731,1155,0.0848,0.1679,47,0.0469,77.06,0.523
16-08-2022,Turkey,Asia,Omicron BA.2,4,0,3,64,40,0.1223,0.0669,1,0.5335,23.57,2.359
01-06-2021,Turkey,Asia,Delta,1,0,0,10,10,0.1243,0.1768,0,0.1308,62.11,
31-08-2021,USA,North America,Delta,2,0,1,31,46,0.0341,0.2038,0,0.3265,62.25,0.801
11-02-2020,Japan,Asia,Original,4,0,3,54,,,0.1251,1,0,9.68,1.158
21-09-2020,Russia,Europe,Original,31,1,28,558,217,0.1519,0.0998,12,0,50.84,0.439
29-03-2022,Italy,Europe,Omicron BA.2,1,0,0,16,20,0.041,0.0539,0,0.6296,28.72,1.578
11-06-2022,Germany,Europe,Omicron BA.2,12,0,11,164,180,0.0738,0.0318,1,0.7215,27.37,1.784
11-09-2020,UK,Europe,Original,5,0,4,63,90,0.0503,,1,,51.38,0.415
10-11-2020,UK,Europe,Alpha,1,0,0,9,21,0.059,,0,,53.97,0.755
04-08-2020,Australia,Oceania,Original,1,0,0,10,20,0.0444,0.1465,0,0,46.35,0.663
31-03-2021,Australia,Oceania,Alpha,1,0,0,13,13,0.0792,0.1138,0,0.1151,53.19,0.518
13-07-2021,Turkey,Asia,Delta,1,0,0,13,6,0.1686,0.1902,0,0.1824,74.31,
21-06-2021,UK,Europe,Delta,27,0,25,328,324,0.0722,0.1805,9,0.2445,67.23,0.427
12-07-2020,Mexico,North America,Original,20,1,18,290,200,0.0918,,,0,67.82,
28-05-2022,Australia,Oceania,Omicron BA.2,1,0,,17,13,0.0648,0.0485,0,0.7068,10.63,1.595
25-05-2021,Mexico,North America,Delta,17,1,15,287,187,0.1061,0.2216,,0.1159,68.72,
03-04-2020,France,Europe,Original,1,0,0,12,,,0.2004,0,0,73.47,0.4
07-10-2022,USA,North America,Omicron BA.2,47,0,44,640,1128,0.0371,0.0269,4,0.9024,26.72,1.275
03-05-2020,USA,North America,Original,3,0,2,38,42,0.0634,0.1745,1,0,68.23,0.4
17-11-2021,Russia,Europe,Omicron,47,0,44,478,517,0.0919,0.0447,3,0.2846,26.87,2.116
01-02-2021,South Africa,Africa,Alpha,1,0,0,11,3,0.3088,0.1877,,,60.38,0.643
13-10-2022,India,Asia,Omicron BA.2,84,0,,1176,588,0.1505,0.0609,13,0.5719,17.83,2.448
31-07-2022,Turkey,Asia,Omicron BA.2,6,0,5,83,54,0.0932,0.0448,0,0.4875,39.41,1.113
17-10-2021,Italy,Europe,Omicron,22,0,20,239,528,0.0575,0.0733,4,0.394,46.55,0.854
18-11-2022,South Africa,Africa,Omicron BA.2,43,0,,616,129,0.3281,0.0732,13,0.3414,29.37,2.14
30-10-2021,France,Europe,Omicron,1,0,0,14,20,0.0571,0.0479,0,0.4259,65.12,0.929
27-07-2022,Turkey,Asia,Omicron BA.2,21,0,20,245,189,0.0957,0.0564,,0.4959,,
07-02-2020,UK,Europe,Original,6,0,5,63,102,0.0683,0.1597,1,0,19.18,0.699
30-01-2020,Japan,Asia,Original,1,0,0,12,,,0.09,0,0,8.93,0.913
27-03-2022,Russia,Europe,Omicron BA.2,33,0,30,419,363,0.0942,0.0595,6,0.4006,29.42,1.655
25-04-2021,Mexico,North America,Delta,26,2,23,443,260,0.0899,0.2345,,0.0745,81.52,0.4
16-05-2022,Turkey,Asia,Omicron BA.2,5,0,4,68,55,0.0844,0.0678,0,0.4247,34.87,2.095
15-11-2022,India,Asia,Omicron BA.2,250,1,237,4181,2250,0.1001,0.0425,,0.606,12.11,2.024
02-12-2022,Pakistan,Asia,Omicron BA.2,4,0,3,68,16,0.2495,,1,0.3425,26.93,2.164
04-03-2021,Indonesia,Asia,Alpha,38,1,35,560,152,0.2413,0.1895,24,,65.71,
20-03-2020,Russia,Europe,Original,4,0,3,60,,,0.1008,1,,69.88,0.4
07-05-2022,USA,North America,Omicron BA.2,24,0,23,310,552,0.0524,0.0491,2,0.6807,14.69,1.513
12-08-2021,Russia,Europe,Delta,4,0,3,47,32,0.1395,,,0.2041,58.56,
27-12-2020,UK,Europe,Alpha,1,0,0,15,21,0.0415,0.2064,0,0,67.48,0.4
23-06-2022,Germany,Europe,Omicron BA.2,23,0,22,250,529,0.0329,0.0421,2,0.7417,,1.802
07-09-2022,Italy,Europe,Omicron BA.2,2,0,,32,28,0.0759,0.0243,0,0.8689,40.85,1.141
23-04-2020,Pakistan,Asia,Original,13,0,12,232,65,0.198,0.1285,,0,95.19,0.4
30-03-2021,Argentina,South America,Delta,16,0,14,175,128,0.1131,0.1367,6,0.0761,79.82,0.428
08-08-2021,Canada,North America,Delta,12,0,11,165,168,0.0765,0.1371,3,0.2967,48.51,0.706
21-04-2022,South Korea,Asia,Omicron BA.2,2,0,,27,46,0.045,0.0583,0,0.6742,,1.46
21-09-2020,Spain,Europe,Original,2,0,1,19,40,0.0607,,0,,50.96,0.4
15-11-2020,Argentina,South America,Original,1,0,0,16,7,0.1567,0.1227,0,0,42.87,0.709
07-05-2022,India,Asia,Omicron BA.2,126,1,118,1480,756,0.1593,0.0749,20,0.4479,11.69,2.266
03-08-2022,UK,Europe,Omicron BA.2,21,0,,369,273,0.0719,,4,0.8047,,1.72
05-09-2021,Turkey,Asia,Delta,5,0,4,67,35,0.1447,0.1346,2,0.2185,,1.064
29-10-2022,France,Europe,Omicron BA.2,2,0,,25,42,0.0536,0.0307,0,0.92,16.91,1.447
21-02-2021,India,Asia,Alpha,188,3,176,2217,1128,0.1609,0.1151,69,,61.68,0.523
01-07-2020,Italy,Europe,Original,1,0,0,17,16,0.0557,0.1959,0,,71.81,0.4
03-08-2021,South Korea,Asia,Delta,1,0,0,14,12,0.0763,0.1015,0,0.2976,83.62,0.4
05-05-2021,India,Asia,Delta,40,0,38,411,280,0.1371,0.1318,10,0.094,71.35,
11-01-2022,Argentina,South America,Omicron,7,0,6,127,63,0.1091,0.0918,3,0.3413,43.56,1.362
18-03-2020,South Korea,Asia,Original,15,0,14,204,285,0.0388,0.101,4,0,83.21,0.4
13-11-2021,Mexico,North America,Omicron,121,3,110,1892,1210,0.0757,0.0524,17,0.2858,33.2,
13-08-2021,Japan,Asia,Delta,1,0,0,10,23,0.0304,0.1183,0,0.2979,49.16,0.918
04-07-2021,Indonesia,Asia,Delta,11,0,10,157,44,0.2467,0.1209,4,0.0844,60.68,0.608
04-06-2020,Russia,Europe,Original,1,0,0,9,11,0.0921,0.145,,0,69.95,0.4
05-11-2022,Indonesia,Asia,Omicron BA.2,2,0,,34,10,0.2096,,0,0.3383,27.86,2.205
30-09-2022,Russia,Europe,Omicron BA.2,6,0,5,70,60,0.1069,0.0508,,0.5684,18.15,
01-03-2020,Mexico,North America,Original,5,0,4,55,,,0.0979,1,0,77.12,0.4
28-10-2020,Russia,Europe,Alpha,14,0,13,230,98,0.1529,0.1082,5,,47.29,
11-06-2021,Russia,Europe,Delta,29,1,26,429,319,0.1086,0.2357,23,0.1355,63.21,0.689
18-07-2022,France,Europe,Omicron BA.2,5,0,,82,95,0.0596,0.0334,0,0.7834,39.82,1.11
23-09-2022,Brazil,South America,Omicron BA.2,7,0,6,100,49,0.1558,0.0518,,0.5792,20.68,1.265
03-10-2021,India,Asia,Omicron,8,0,7,145,72,0.1027,0.0888,,0.2434,,0.81
27-06-2021,Argentina,South America,Delta,3,0,2,52,18,0.1756,0.2378,3,0.1747,78.02,0.4
28-11-2021,Mexico,North America,Omicron,4,0,3,57,40,0.0987,0.0524,0,0.3006,42.85,1.612
20-11-2021,Pakistan,Asia,Omicron,20,0,18,329,100,0.2107,0.067,,,,1.514
01-07-2020,Brazil,South America,Original,2,0,1,31,12,0.161,0.1581,,0,53.22,0.4
11-12-2022,Colombia,South America,Omicron BA.2,3,0,2,49,24,0.1325,0.0355,0,0.6163,39.36,1.055
26-01-2021,Spain,Europe,Alpha,1,0,0,10,18,0.0578,0.1803,0,0.0188,55.99,0.675
12-06-2021,Russia,Europe,Delta,26,1,23,383,234,0.1115,0.2122,21,0.129,64.04,0.81
09-03-2020,France,Europe,Original,50,1,47,855,,,0.1637,28,0,85.91,
21-11-2021,Indonesia,Asia,Omicron,117,2,112,1383,468,0.2579,0.1099,,0.1522,57,0.768
25-12-2022,Argentina,South America,Omicron BA.2,8,0,,87,80,0.0981,0.0353,0,0.6381,38.85,1.497
17-07-2021,Colombia,South America,Delta,28,0,26,327,224,0.1095,0.2107,,0.1673,60.3,0.61
05-10-2021,Russia,Europe,Delta,6,0,5,62,42,0.1345,0.2135,,0.2384,,0.653
26-07-2020,Argentina,South America,Original,1,0,0,14,8,0.1289,,0,0,54.75,0.563
12-01-2021,Indonesia,Asia,Alpha,141,4,127,1487,705,0.1975,,37,0.0213,74.37,0.4
12-04-2020,France,Europe,Original,1,0,0,13,22,0.0585,0.1879,0,0,75.33,0.4
16-06-2021,South Africa,Africa,Delta,1,0,0,15,3,0.3375,0.2297,,0.0807,54.56,0.842
25-01-2021,Turkey,Asia,Alpha,6,0,5,62,48,0.1181,0.1839,1,0.0184,50.81,0.856
06-11-2021,Germany,Europe,Omicron,3,0,2,32,60,0.0561,0.0712,0,0.4304,64.41,
14-08-2020,USA,North America,Original,133,2,122,1408,1995,0.0544,0.1412,53,,52.52,0.449
14-10-2021,India,Asia,Omicron,16,0,15,239,96,0.1708,0.0928,,0.2394,47.49,0.935
30-08-2021,Indonesia,Asia,Delta,9,0,8,112,27,0.3283,0.1292,2,0.1315,42.82,1.249
04-02-2021,Brazil,South America,Alpha,8,0,7,113,48,0.1714,0.1612,,0.0057,62.99,0.4
01-12-2021,South Africa,Africa,Omicron,3,0,2,30,12,0.2619,0.0913,0,,,0.837
13-10-2021,France,Europe,Omicron,4,0,3,59,56,0.0618,0.0437,0,0.3893,64.53,0.821
26-11-2022,UK,Europe,Omicron BA.2,5,0,,60,100,0.0391,0.0292,0,0.92,25.16,0.999
04-05-2021,UK,Europe,Delta,1,0,0,14,16,0.0722,0.1457,0,0.1547,51.15,0.632
01-12-2022,Brazil,South America,Omicron BA.2,13,0,,136,117,0.1226,0.063,,0.6298,23.7,2.08
23-01-2020,Indonesia,Asia,Original,13,0,12,194,65,0.2166,0.0927,3,0,12.5,
20-05-2020,USA,North America,Original,3,0,2,40,42,0.0713,0.1382,1,0,54.94,0.4
29-06-2020,Canada,North America,Original,1,0,0,15,20,0.0517,0.138,0,,55.23,0.585
17-08-2022,Turkey,Asia,Omicron BA.2,1,0,,15,10,0.1148,0.036,0,0.5318,31.78,1.107
01-02-2021,Canada,North America,Alpha,2,0,1,27,26,0.0714,0.1031,0,,63.54,0.57
29-07-2022,Spain,Europe,Omicron BA.2,4,0,,68,56,0.068,0.023,0,0.7882,20.98,1.202
18-08-2020,India,Asia,Original,20,0,18,236,120,0.1636,0.1239,4,,66.04,0.4
17-08-2021,Russia,Europe,Delta,15,1,14,230,150,0.1219,0.1018,5,0.1971,60.98,
27-01-2020,Russia,Europe,Original,34,1,31,566,,,,21,,17.27,0.769
03-12-2021,Mexico,North America,Omicron,44,1,39,734,484,0.0975,0.0578,12,0.2868,38.83,1.736
06-04-2020,South Korea,Asia,Original,3,0,2,45,,,0.11,0,0,70.01,0.4
17-07-2021,South Korea,Asia,Delta,54,0,50,606,1242,0.0522,0.1032,17,0.2721,67.4,0.453
14-10-2022,South Africa,Africa,Omicron BA.2,12,0,,213,48,0.2574,0.0776,4,,16.74,1.632
26-07-2021,Japan,Asia,Delta,1,0,0,12,20,0.0444,,0,0.288,77.75,0.415
12-03-2022,Germany,Europe,Omicron BA.2,11,0,,179,187,0.0662,0.0583,2,0.5891,12.78,2.215
12-07-2020,Italy,Europe,Original,5,0,4,51,115,0.0322,,1,0,62.41,0.407
11-05-2020,Argentina,South America,Original,2,0,1,26,18,0.1198,0.1688,0,,64.78,0.402
30-11-2020,Colombia,South America,Alpha,3,0,2,32,21,0.1414,0.1708,0,,55.26,0.687
04-12-2020,Germany,Europe,Alpha,1,0,0,14,19,0.0485,0.2017,0,,52.08,
22-07-2022,Argentina,South America,Omicron BA.2,12,0,,170,132,0.1043,,1,0.4864,24.71,2.2
04-08-2021,Colombia,South America,Delta,8,0,7,96,80,0.1148,0.1067,1,0.1831,48.42,0.843
24-11-2020,USA,North America,Alpha,74,1,71,1193,1184,0.064,0.1306,46,0,45.96,0.916
15-06-2022,USA,North America,Omicron BA.2,28,0,26,506,336,0.0903,0.0279,2,0.7304,19.79,1.676
22-11-2021,South Africa,Africa,Omicron,4,0,3,59,16,0.2527,,0,0.1678,42.42,1.087
16-05-2021,UK,Europe,Delta,4,0,3,45,48,0.0807,0.1262,1,0.1797,76.97,0.411
25-03-2022,Brazil,South America,Omicron BA.2,9,0,,92,72,0.1292,0.0628,1,0.3879,,1.473
23-05-2020,Germany,Europe,Original,13,0,12,140,,,0.2012,7,0,63.57,0.467
07-07-2020,Canada,North America,Original,20,0,19,231,260,0.0535,0.208,13,0,64.36,0.4
13-03-2021,India,Asia,Alpha,87,1,81,874,696,0.138,0.1312,17,0.0668,61.96,0.55
11-11-2022,Mexico,North America,Omicron BA.2,2,0,1,21,22,0.1013,0.0342,0,0.6116,20.18,1.862
18-03-2021,USA,North America,Delta,11,0,10,147,154,0.0745,0.2181,8,0.1127,78.02,0.516
03-09-2020,Colombia,South America,Original,1,0,0,12,9,0.1019,0.1936,0,0,46.73,
23-04-2020,South Africa,Africa,Original,6,0,5,76,18,0.3233,0.1622,,0,78.98,0.4
20-06-2022,Pakistan,Asia,Omicron BA.2,7,0,,87,28,0.2561,0.0557,0,0.2593,31.18,1.691
28-12-2022,India,Asia,Omicron BA.2,215,1,204,2475,1290,0.1646,0.0475,,0.6348,32.72,
16-06-2020,France,Europe,Original,1,0,0,16,12,0.0925,0.1463,0,0,60.07,0.4
06-10-2022,Argentina,South America,Omicron BA.2,1,0,0,18,6,0.1609,0.0333,,0.5802,13.87,2.036
04-03-2022,Turkey,Asia,Omicron BA.2,3,0,,50,27,0.0934,,0,0.3949,48.02,1.131
01-06-2021,Japan,Asia,Delta,14,0,13,244,182,0.0625,,10,0.2047,70.34,0.4
16-02-2022,Germany,Europe,Omicron,13,0,12,229,156,0.083,0.0578,2,0.5669,27.33,1.629
23-07-2021,South Africa,Africa,Delta,6,0,5,97,24,0.2514,0.2217,5,0.1124,71.83,
28-03-2021,Brazil,South America,Alpha,9,0,8,100,54,0.1781,0.2126,3,0.0675,,0.4
01-06-2020,Brazil,South America,Original,20,1,18,325,140,0.1483,0.1232,8,0,71.88,0.4
22-05-2021,Mexico,North America,Delta,5,0,4,61,35,0.128,0.1583,,0.1184,62.8,0.616
22-01-2022,Canada,North America,Omicron,21,0,20,301,399,0.0692,0.0588,3,0.5291,53.12,0.856
11-05-2022,Turkey,Asia,Omicron BA.2,6,0,,74,60,0.1047,0.0645,,0.4476,27.7,2.04
02-10-2022,South Korea,Asia,Omicron BA.2,7,0,6,93,154,0.0388,0.0213,0,0.8793,16.29,1.62
29-11-2020,Australia,Oceania,Alpha,8,0,7,139,136,0.0566,0.181,4,0,,0.932
06-04-2022,Pakistan,Asia,Omicron BA.2,15,0,13,258,45,0.3245,0.0803,4,0.2299,15.84,2.799
11-09-2020,South Korea,Asia,Original,1,0,0,17,16,0.07,,0,0,55.27,
16-09-2022,Russia,Europe,Omicron BA.2,1,0,0,12,7,0.1445,0.0304,,0.5715,7.1,1.809
26-07-2021,Canada,North America,Delta,3,0,2,43,60,0.061,0.0985,1,0.2869,79.92,0.4
21-08-2020,Germany,Europe,Original,6,0,5,75,102,0.0617,,1,0,29.43,0.705
23-03-2021,Brazil,South America,Alpha,18,0,16,180,108,0.1704,0.1406,6,0.0755,73.4,0.44
14-08-2020,Italy,Europe,Original,1,0,0,13,16,0.0573,0.151,0,0,39.92,0.633
10-09-2020,Pakistan,Asia,Original,29,1,26,369,116,0.2465,0.154,,0,62.76,0.4
11-09-2020,Brazil,South America,Original,11,0,10,118,99,0.1121,0.1209,3,0,59.65,0.513
23-07-2022,Japan,Asia,Omicron BA.2,12,0,,198,228,0.025,0.037,1,0.7933,10.62,1.947
15-12-2022,USA,North America,Omicron BA.2,3,0,2,53,57,0.0571,0.0202,0,0.92,23.49,1.237
02-07-2020,USA,North America,Original,28,0,26,325,420,0.074,0.1687,11,0,46.94,0.4
29-05-2022,Colombia,South America,Omicron BA.2,2,0,,27,22,0.0946,0.0528,0,0.4521,29.07,1.982
17-12-2020,Pakistan,Asia,Alpha,26,1,24,346,130,0.1959,0.1465,8,0,50.85,
15-05-2020,Italy,Europe,Original,3,0,2,37,,,0.1632,1,,,0.74
19-02-2022,Turkey,Asia,Omicron,14,0,13,248,84,0.165,0.0476,2,0.3664,55.54,
16-05-2022,Spain,Europe,Omicron BA.2,9,0,8,160,144,0.0501,0.054,2,0.6901,26.08,
11-02-2022,Mexico,North America,Omicron BA.2,27,0,25,400,297,0.0901,0.0681,5,0.3743,33.06,2.318
27-11-2022,USA,North America,Omicron BA.2,38,0,36,424,570,0.0753,0.0367,4,0.92,9.29,2.003
23-12-2021,UK,Europe,Omicron,9,0,8,133,171,0.0388,0.0521,1,0.4868,45.94,0.928
01-11-2021,Indonesia,Asia,Omicron,5,0,4,62,25,0.2013,0.0968,,0.1636,73.1,0.522
24-03-2021,Canada,North America,Delta,6,0,5,72,102,0.0572,0.1656,3,0.1081,78.81,0.4
15-07-2022,Germany,Europe,Omicron BA.2,3,0,,36,63,0.0419,0.0391,0,0.7657,18.74,
27-10-2022,Australia,Oceania,Omicron BA.2,1,0,0,13,21,0.0469,0.0204,0,0.92,39.85,1.153
16-04-2020,Germany,Europe,Original,4,0,3,64,60,0.0771,0.1815,3,,93.8,0.4
23-10-2020,Turkey,Asia,Original,1,0,0,10,8,0.1078,0.1782,0,0,53.9,0.511
10-05-2020,UK,Europe,Original,5,0,4,74,70,0.0549,0.177,2,0,55.1,0.553
20-11-2020,Turkey,Asia,Alpha,45,0,42,566,270,0.1737,0.1868,,0,40.75,1.044
07-04-2020,UK,Europe,Original,1,0,0,16,,,0.1715,0,0,77.33,0.4
30-07-2021,Japan,Asia,Delta,7,0,6,103,126,0.0534,0.1711,4,0.2947,61.51,0.728
26-12-2021,Japan,Asia,Omicron,105,0,6,86,98,0.0836,0.0739,1,0.4969,31.02,1.221
11-11-2021,Brazil,South America,Delta,20,1,18,217,140,0.1519,,,0.2621,47.66,0.747
30-11-2021,India,Asia,Omicron,47,0,44,520,470,0.1142,0.0449,6,0.2887,39.61,1.613
02-03-2020,Pakistan,Asia,Original,2,0,1,32,6,0.3247,0.1298,0,,80.64,0.4
18-01-2021,Italy,Europe,Alpha,2,0,1,31,30,0.0585,,1,0.0126,75.34,0.423
28-07-2020,Australia,Oceania,Original,2,0,1,33,46,0.0286,0.1616,0,,79.77,0.4
05-01-2021,Canada,North America,Alpha,1,0,0,14,14,0.0811,0.1408,0,,74.76,
02-12-2021,South Africa,Africa,Omicron,1,0,0,12,5,0.2009,0.0593,0,,43.05,1.721
04-10-2021,Germany,Europe,Delta,15,0,14,174,255,0.0697,0.1868,6,0.3825,67.27,0.4
08-01-2021,Australia,Oceania,Alpha,1,0,0,11,13,0.0707,0.21,0,0.0082,62.46,0.439
17-12-2021,Mexico,North America,Omicron,2,0,1,27,12,0.1558,0.0871,0,0.3211,32.92,1.659
18-08-2020,Spain,Europe,Original,8,0,0,17,20,0.042,0.1818,0,,47.45,0.522
20-06-2021,UK,Europe,Delta,27,0,25,332,432,0.0494,0.1208,9,0.2249,77.2,0.401
29-11-2020,Russia,Europe,Alpha,30,1,28,404,240,0.1149,0.0999,8,0,55.59,0.511
11-03-2022,Japan,Asia,Omicron,59,0,55,862,767,0.0731,,6,0.593,47.71,
19-04-2020,Germany,Europe,Original,2,0,1,28,26,0.0701,0.1402,0,0,91.53,0.4
26-05-2022,Japan,Asia,Omicron BA.2,22,0,,374,418,0.0587,0.0413,3,0.6883,29.93,1.742
04-08-2022,France,Europe,Omicron BA.2,54,0,51,734,702,0.0729,0.0244,3,0.8063,32.65,1.551
15-10-2021,Brazil,South America,Delta,46,2,42,558,506,0.0852,0.1927,,0.251,59.14,0.647
15-01-2021,Russia,Europe,Alpha,4,0,3,61,28,0.1521,0.2066,,0.0013,63.75,0.4
24-10-2022,Brazil,South America,Omicron BA.2,31,0,,365,341,0.0803,0.0588,5,0.5827,17.01,
10-03-2021,Argentina,South America,Alpha,1,0,0,16,8,0.1342,0.1179,,0.0591,57.81,0.4
11-12-2022,South Korea,Asia,Omicron BA.2,1,0,,11,20,0.0435,0.0379,0,0.92,17.45,
25-10-2022,France,Europe,Omicron BA.2,11,0,10,141,209,0.0509,0.0228,0,0.914,17.81,1.017
22-05-2021,Mexico,North America,Delta,8,0,7,136,48,0.169,0.1468,,0.1178,61.44,0.85
15-04-2022,Australia,Oceania,Omicron BA.2,19,0,,238,285,0.0609,,2,0.6333,34.01,1.757
26-04-2020,Mexico,North America,Original,11,0,10,142,,,0.1828,6,0,88.97,0.4
22-09-2021,Germany,Europe,Delta,3,0,2,42,39,0.0832,0.1941,1,0.3639,37.31,0.868
02-02-2020,Italy,Europe,Original,4,0,3,50,,,0.0952,1,,9.99,1.11
15-03-2020,UK,Europe,Original,1,0,0,17,13,0.0648,0.1077,0,0,70.18,0.4
07-01-2021,South Africa,Africa,Alpha,1,0,0,13,3,0.3352,,0,0,53.14,0.663
02-02-2021,Germany,Europe,Alpha,5,0,4,65,75,0.069,0.2233,3,0.0311,61.71,0.57
18-01-2022,Australia,Oceania,Omicron,15,0,14,171,180,0.0741,0.0585,2,0.5254,41.28,1.331
30-10-2020,South Africa,Africa,Original,1,0,0,16,5,0.2267,0.139,,0,51.55,0.52
10-12-2021,Indonesia,Asia,Omicron,6,0,5,60,18,0.3284,0.0906,0,,50.9,0.938
01-12-2020,Japan,Asia,Alpha,2,0,1,29,42,0.0313,,1,0,53.78,0.433
29-08-2020,Germany,Europe,Original,2,0,1,35,40,0.0675,0.0925,0,0,46.28,0.5
12-08-2021,South Korea,Asia,Delta,9,0,0,14,13,0.087,0.1159,0,0.3111,59.53,0.76
29-07-2020,Mexico,North America,Original,1,0,0,14,6,0.1798,0.2074,,,50.4,0.606
13-08-2020,Turkey,Asia,Original,1,0,0,14,6,0.1821,0.1932,0,0,48.94,0.602
04-12-2020,Pakistan,Asia,Alpha,5,0,4,86,15,0.3187,,4,,42.31,0.809
10-11-2022,India,Asia,Omicron BA.2,139,1,,1385,973,0.1355,0.031,,0.5969,42.82,1.371
18-02-2021,Argentina,South America,Alpha,2,0,1,32,14,0.1375,0.2015,1,0.0331,62.23,0.459
29-10-2021,Turkey,Asia,Omicron,14,0,13,207,126,0.1103,0.0947,5,0.2533,44.05,1.172
04-07-2020,Australia,Oceania,Original,1,0,0,13,16,0.0722,0.105,0,0,,0.57
09-04-2021,Mexico,North America,Alpha,1,0,0,14,9,0.1063,0.1898,0,0.0852,61.98,0.4
04-10-2022,Germany,Europe,Omicron BA.2,20,0,19,339,320,0.0591,0.0346,1,0.891,,0.827
02-09-2020,Indonesia,Asia,Original,1,0,0,10,5,0.1932,,0,,,0.519
08-09-2021,Colombia,South America,Delta,5,0,4,60,35,0.1474,0.1002,,0.2432,47.9,0.978
21-05-2022,France,Europe,Omicron BA.2,6,0,5,97,78,0.0741,0.0298,0,0.698,21.43,2.025
16-02-2022,Russia,Europe,Omicron BA.2,40,1,38,643,240,0.1666,0.0666,10,0.365,40.51,1.628
20-09-2020,Mexico,North America,Original,1,0,0,10,10,0.0804,0.0985,0,0,46.31,0.476
05-01-2022,Argentina,South America,Omicron,10,0,9,132,90,0.1138,0.0651,,0.3226,37.88,1.194
18-08-2022,Argentina,South America,Omicron BA.2,14,0,,204,98,0.1442,0.0336,1,0.5429,37.56,1.892
03-04-2021,USA,North America,Delta,2,0,1,36,32,0.0711,0.141,1,0.1237,83.48,
24-05-2020,South Korea,Asia,Original,1,0,0,15,,,0.1715,0,,61.73,0.523
21-02-2022,Russia,Europe,Omicron BA.2,9,0,8,162,90,0.0966,0.0848,,0.3686,30.7,1.51
22-05-2022,Colombia,South America,Omicron BA.2,36,0,,597,216,0.1712,0.0698,,0.4439,21.87,1.385
20-06-2022,Russia,Europe,Omicron BA.2,9,0,8,115,72,0.1247,0.0602,1,0.4729,21.42,1.488
16-02-2021,Argentina,South America,Alpha,1,0,0,16,7,0.1425,0.2229,0,0.0275,,0.4
02-04-2021,Australia,Oceania,Alpha,1,0,0,13,13,0.0633,0.1125,0,0.1251,73.38,0.4
07-06-2021,Pakistan,Asia,Delta,328,8,301,3937,984,0.3404,0.1257,,0.0824,57.83,0.876
10-02-2020,Turkey,Asia,Original,4,0,3,68,40,0.0982,0.1082,1,,9.12,1.062
09-07-2021,Argentina,South America,Delta,7,0,6,101,42,0.164,0.1517,2,0.1666,81.33,0.4
24-05-2022,Germany,Europe,Omicron BA.2,3,0,,38,57,0.0608,0.055,0,0.6983,12.42,1.274
22-03-2020,India,Asia,Original,17,0,16,277,102,0.1654,0.192,,0,73.37,0.4
07-07-2020,France,Europe,Original,37,0,34,628,481,0.0853,0.2061,37,,46.53,0.743
10-07-2022,Turkey,Asia,Omicron BA.2,8,0,,93,72,0.1076,0.0724,,0.4977,43.48,1.523
04-03-2020,Brazil,South America,Original,8,0,7,115,,,0.1139,2,0,76.54,
27-07-2021,Brazil,South America,Delta,3,0,2,52,21,0.1459,0.1753,,0.1764,66.21,0.594
30-11-2020,Turkey,Asia,Alpha,1,0,0,17,9,0.1151,0.2069,0,0,46,0.904
11-09-2020,Colombia,South America,Original,2,0,1,34,16,0.1332,0.1136,,,56.17,0.4
14-06-2021,USA,North America,Delta,15,0,13,215,360,0.043,0.1296,8,0.2424,71.73,0.434
04-04-2021,Indonesia,Asia,Alpha,4,0,3,44,12,0.3262,0.0971,,,57.16,0.501
28-11-2020,France,Europe,Alpha,251,3,240,4351,5773,0.0512,0.2083,158,,39.78,0.712
05-12-2020,South Korea,Asia,Alpha,1,0,0,13,15,0.0627,0.1947,0,0,46.57,
23-09-2022,Argentina,South America,Omicron BA.2,21,0,,272,147,0.1543,0.0485,2,0.5617,32.32,1.58
31-12-2021,Mexico,North America,Omicron,47,1,44,505,470,0.0943,0.0447,5,0.3256,24.84,1.941
03-10-2021,South Korea,Asia,Delta,2,0,1,24,32,0.0649,0.0953,0,0.3849,71.47,0.49
31-12-2020,UK,Europe,Alpha,1,0,0,16,20,0.0456,0.2019,0,0,,0.423
08-09-2020,Mexico,North America,Original,2,0,1,22,20,0.0849,0.0987,0,0,53.39,0.627
01-01-2022,USA,North America,Omicron,14,0,13,223,252,0.069,0.0561,2,0.4994,49.07,0.803
22-03-2021,Italy,Europe,Alpha,1,0,0,12,20,0.0578,0.1397,0,0.1106,86.36,0.4
19-04-2021,South Korea,Asia,Delta,8,0,7,106,112,0.0672,0.1308,2,0.1418,67.38,0.588
10-06-2020,Pakistan,Asia,Original,3,0,2,34,15,0.1915,0.1002,,0,46.7,0.432
09-04-2021,France,Europe,Delta,3,0,2,35,69,0.0553,0.194,1,0.1338,81.69,0.4
20-05-2021,Brazil,South America,Delta,4,0,3,52,40,0.1137,0.1242,1,0.1362,75.78,0.559
20-11-2020,India,Asia,Alpha,52,1,50,676,572,0.0872,0.1473,,,37.6,0.964
17-08-2020,Pakistan,Asia,Original,23,1,21,239,92,0.254,0.1719,9,0,40.27,
21-07-2021,UK,Europe,Delta,3,0,2,53,66,0.0319,0.1777,2,0.2963,60.9,0.559
09-08-2022,Australia,Oceania,Omicron BA.2,1,0,0,14,20,0.0344,,0,0.8282,26.82,1.546
08-04-2021,Mexico,North America,Delta,39,2,34,413,429,0.0761,0.1229,11,0.0931,73.97,0.549
24-01-2021,Brazil,South America,Alpha,7,0,6,80,49,0.1379,0.1356,2,0.0179,70.63,0.4
01-11-2020,Turkey,Asia,Original,6,0,5,97,42,0.1555,0.1291,2,0,46.07,0.548
18-10-2021,South Korea,Asia,Omicron,1,0,0,11,19,0.0607,0.0693,0,0.4,51.61,1.211
08-05-2020,Indonesia,Asia,Original,21,1,19,281,,,,15,0,56.05,0.439
23-02-2022,Indonesia,Asia,Omicron,63,1,59,662,315,0.2005,,9,0.205,43.87,1.59
21-04-2021,Argentina,South America,Delta,56,1,53,577,448,0.1247,0.2217,37,0.096,68.64,
27-11-2021,UK,Europe,Omicron,11,0,10,118,220,0.0372,0.0695,1,0.4594,35.73,1.311
27-04-2020,USA,North America,Original,13,0,12,165,169,0.0767,0.1584,6,,77.8,0.4
17-03-2020,Italy,Europe,Original,5,0,4,54,60,0.0955,0.1795,2,0,89.06,0.4
27-07-2021,UK,Europe,Delta,1,0,0,18,22,0.0683,0.2057,0,0.28,68.1,0.54
17-11-2020,Turkey,Asia,Original,36,0,34,631,324,0.14,0.201,31,0,48.87,0.409
20-01-2022,South Africa,Africa,Omicron,10,0,9,180,40,0.2511,,2,0.2059,45.11,1.519
09-05-2022,Spain,Europe,Omicron BA.2,4,0,3,62,60,0.0739,0.0382,0,0.6833,27.07,1.287
27-07-2020,Japan,Asia,Original,2,0,1,30,48,0.0595,0.1551,1,0,56.62,0.484
09-03-2022,Italy,Europe,Omicron,3,0,,34,72,0.0377,0.0465,0,0.6171,53.65,0.883
24-02-2020,Germany,Europe,Original,8,0,7,114,,,0.1824,5,0,86.71,0.4
11-02-2021,France,Europe,Alpha,4,0,3,61,88,0.0388,0.1541,2,0.0523,73.45,0.4
05-12-2020,Indonesia,Asia,Alpha,3,0,2,54,12,0.266,0.1538,1,,38.82,0.646
13-04-2021,Turkey,Asia,Alpha,3,0,2,36,27,0.1122,0.1292,1,0.0892,81.23,0.4
25-05-2021,Pakistan,Asia,Delta,40,1,38,556,160,0.234,0.1896,29,0.0637,81.72,0.4
16-09-2022,Argentina,South America,Omicron BA.2,4,0,,51,40,0.0915,0.0466,,0.5528,41.72,1.637
16-10-2020,USA,North America,Original,328,4,303,5202,4592,0.0519,,114,0,,0.47
06-04-2021,Japan,Asia,Delta,13,0,12,210,208,0.0575,0.2114,8,0.1486,72.25,0.618
11-11-2022,UK,Europe,Omicron BA.2,2,0,1,27,36,0.0497,,0,0.92,35.31,1.489
10-10-2022,Canada,North America,Omicron BA.2,1,0,,12,22,0.0292,0.0267,0,0.9,30.83,1.175
13-12-2020,Canada,North America,Alpha,1,0,0,12,19,0.0539,0.1163,0,0,55.29,0.446
06-10-2020,Indonesia,Asia,Original,7,0,6,113,21,0.3236,0.1983,6,0,53.22,0.458
02-09-2020,India,Asia,Original,336,4,317,3573,2016,0.1604,0.1114,76,0,37.32,
26-03-2021,Mexico,North America,Delta,13,1,12,188,78,0.1705,0.1872,6,0.0791,70.01,0.644
21-08-2022,UK,Europe,Omicron BA.2,1,0,0,11,24,0.0359,0.022,0,0.8403,12.08,1.768
21-03-2020,USA,North America,Original,13,0,12,143,312,0.0208,0.1221,4,0,89.01,0.4
11-10-2022,Argentina,South America,Omicron BA.2,17,0,,252,136,0.1242,0.0632,3,0.579,29.95,1.15
15-10-2021,Turkey,Asia,Delta,9,0,8,108,90,0.0914,0.2035,4,0.2648,68.71,0.665
17-08-2020,Australia,Oceania,Original,1,0,0,15,22,0.0397,0.185,0,0,58.56,0.555
09-04-2021,Russia,Europe,Alpha,20,1,18,250,160,0.1331,0.1416,6,0.0952,57.4,0.463
09-04-2021,Turkey,Asia,Alpha,153,1,145,1823,918,0.1685,0.1957,61,0.0832,66.88,0.4
28-03-2021,Turkey,Asia,Alpha,15,0,14,178,120,0.1259,0.216,,0.0553,82.24,0.4
31-07-2021,Colombia,South America,Delta,6,0,5,109,66,0.084,,4,0.1854,60.38,0.559
08-07-2021,South Africa,Africa,Delta,40,1,37,529,120,0.3407,0.1242,13,0.0991,65.24,
25-01-2021,Turkey,Asia,Alpha,2,0,1,26,18,0.1266,0.1672,,0.0238,59.79,0.704
22-12-2022,Japan,Asia,Omicron BA.2,1,0,0,12,17,0.064,0.0247,0,0.92,10.5,1.684
04-05-2021,UK,Europe,Delta,1,0,0,15,18,0.0462,0.1259,0,0.168,59.24,0.607
13-02-2020,Colombia,South America,Original,1,0,0,10,8,0.1139,0.0995,,0,22.92,0.99
18-01-2022,Pakistan,Asia,Omicron,320,0,18,327,80,0.2359,0.0623,3,0.1765,43.48,0.944
24-02-2021,Russia,Europe,Alpha,18,0,16,200,198,0.0991,0.2211,,0.031,55.5,0.403
24-09-2020,Germany,Europe,Original,1,0,0,16,21,0.0612,0.1806,0,0,53.31,0.45
18-05-2020,Colombia,South America,Original,3,0,2,50,24,0.1372,0.1692,1,0,47.28,0.414
04-02-2020,Germany,Europe,Original,1,0,0,15,22,0.0521,0.1716,0,0,16.85,0.862
16-05-2021,France,Europe,Delta,3,0,2,42,48,0.0544,0.1388,1,0.1924,65.82,0.5
13-08-2021,Canada,North America,Delta,7,0,6,109,161,0.0664,0.2008,5,0.3245,45.92,0.95
09-04-2020,Argentina,South America,Original,3,0,2,53,30,0.1156,0.1119,1,0,70.23,0.4
17-06-2021,South Korea,Asia,Delta,2,0,1,31,32,0.0643,0.1083,0,0.23,64.48,0.704
31-07-2022,Japan,Asia,Omicron BA.2,7,0,6,83,98,0.0783,0.0395,0,0.8066,31.05,1.134
27-05-2022,Australia,Oceania,Omicron BA.2,1,0,0,17,16,0.0631,0.0436,0,0.7142,17.78,1.337
28-08-2020,UK,Europe,Original,26,0,23,290,442,0.0568,0.1763,9,,47.93,0.728
25-09-2021,South Africa,Africa,Delta,6,0,5,104,24,0.2533,0.1763,4,0.138,45.97,1.063
28-01-2021,Australia,Oceania,Alpha,1,0,0,14,21,0.0659,0.1448,0,0.0326,75.13,0.4
07-11-2021,Pakistan,Asia,Omicron,19,0,17,259,57,0.3319,0.0945,3,0.1524,36.6,1.617
30-03-2022,Turkey,Asia,Omicron BA.2,59,0,,831,649,0.0935,,14,0.3972,35.29,1.294
19-08-2021,USA,North America,Delta,-6,0,5,69,96,0.0555,0.0924,1,0.3044,50.86,0.815
02-03-2020,Russia,Europe,Original,5,0,4,86,50,0.1055,0.1418,3,0,91.48,0.4
19-04-2020,Colombia,South America,Original,3,0,2,51,18,0.1641,,2,0,70.07,0.4
12-01-2021,Colombia,South America,Alpha,2,0,1,31,12,0.176,0.1605,1,,74.7,0.4
09-10-2020,India,Asia,Original,57,1,53,724,570,0.098,0.0915,19,,60.04,0.4
28-04-2022,Argentina,South America,Omicron BA.2,3,0,2,49,30,0.096,0.045,0,0.4349,24.32,1.777
10-03-2021,South Africa,Africa,Alpha,1,0,0,14,4,0.237,0.1069,0,,65.34,0.402
24-09-2022,Pakistan,Asia,Omicron BA.2,19,0,,223,57,0.3459,0.0636,2,,10.62,1.711
09-07-2020,Japan,Asia,Original,33,0,31,349,495,0.0724,0.1338,11,0,70.35,0.4
07-05-2022,Germany,Europe,Omicron BA.2,6,0,,93,144,0.0389,0.0364,0,0.6751,36.76,1.79
30-03-2022,Argentina,South America,Omicron BA.2,13,0,12,177,78,0.1606,0.0579,1,0.4094,28.33,1.263
19-11-2022,Turkey,Asia,Omicron BA.2,7,0,6,69,63,0.1157,,0,0.6122,24.04,1.179
07-11-2020,Germany,Europe,Original,4,0,3,40,88,0.0648,,1,0,,0.432
30-01-2021,Turkey,Asia,Alpha,4,0,3,59,24,0.1549,0.1485,,,56.11,0.721
24-08-2020,Brazil,South America,Original,12,0,11,162,132,0.1034,0.1521,,0,35.07,0.817
05-10-2021,South Korea,Asia,Delta,3,0,2,37,45,0.0798,0.1875,1,0.3965,44.02,0.981
29-07-2020,India,Asia,Original,83,1,77,1489,581,0.16,0.1376,38,0,51.66,0.418
03-12-2022,South Africa,Africa,Omicron BA.2,30,0,28,313,120,0.2474,0.0378,3,0.3463,19.93,2.694
26-04-2020,Spain,Europe,Original,3,0,2,29,51,0.0387,,1,0,,0.4
27-08-2020,Japan,Asia,Original,1,0,0,15,23,0.0422,0.1449,0,,43.75,0.767
27-12-2020,Brazil,South America,Alpha,12,0,11,211,120,0.0937,0.2023,9,0,,0.554
30-10-2022,Mexico,North America,Omicron BA.2,7,0,6,76,56,0.1135,,1,0.5844,17.62,1.768
26-12-2020,Japan,Asia,Alpha,4,0,3,71,68,0.046,0.1355,2,0,50.7,0.487
04-04-2022,Indonesia,Asia,Omicron BA.2,6,0,,84,30,0.2123,0.0551,,0.223,38.03,1.824
09-04-2021,South Korea,Asia,Alpha,1,0,0,13,15,0.0556,0.1996,0,0.1258,60.16,0.583
03-04-2022,South Korea,Asia,Omicron BA.2,1,0,,10,15,0.0761,,0,0.6135,37.82,1.32
02-01-2021,Argentina,South America,Alpha,1,0,0,17,7,0.1615,0.2019,,0,54.51,0.474
17-04-2021,South Africa,Africa,Delta,10,0,9,169,40,0.254,0.1639,,0.031,55.89,0.599
06-06-2020,South Africa,Africa,Original,2,0,1,26,10,0.2177,0.1972,1,0,42.86,0.404
14-11-2022,Australia,Oceania,Omicron BA.2,1,0,0,13,23,0.0386,0.0381,0,0.92,30.92,1.447
12-04-2022,Turkey,Asia,Omicron BA.2,51,0,47,862,561,0.0925,0.0492,,0.4044,13.27,2.592
17-04-2021,South Africa,Africa,Delta,2,0,1,26,10,0.1927,0.1393,0,0.057,55.38,
26-06-2020,Colombia,South America,Original,3,0,2,51,24,0.1292,0.1674,2,0,60.64,0.505
28-10-2022,USA,North America,Omicron BA.2,65,0,,816,910,0.0701,0.0203,2,0.92,8.15,2.157
11-10-2021,Spain,Europe,Delta,2,0,1,31,26,0.0828,0.1192,1,0.3949,56.9,0.674
03-07-2020,Indonesia,Asia,Original,10,0,9,166,40,0.2471,0.1103,4,,59.65,0.4
09-10-2022,Colombia,South America,Omicron BA.2,49,0,,823,539,0.0935,0.0478,8,0.5838,23.74,1.475
19-03-2021,Australia,Oceania,Alpha,2,0,1,32,44,0.0568,0.1565,1,0.0968,72.32,0.4
05-09-2020,Germany,Europe,Original,10,0,9,175,120,0.0714,0.1429,4,,51.97,0.54
09-04-2020,Indonesia,Asia,Original,6,0,5,108,24,0.2532,0.091,,,75.12,0.4
05-10-2021,Germany,Europe,Delta,1,0,0,17,16,0.051,0.143,0,0.3747,52.01,
24-07-2021,India,Asia,Delta,364,5,344,6579,2912,0.1283,0.2258,,0.1891,84.22,0.4
04-04-2022,Argentina,South America,Omicron BA.2,1,0,,12,11,0.1026,,0,0.3978,31.93,1.542
14-06-2021,Mexico,North America,Delta,2,0,1,26,16,0.1173,,1,0.1394,75.86,0.56
07-09-2020,USA,North America,Original,5,0,4,68,105,0.0354,0.1011,1,0,37.72,0.736
21-12-2020,South Africa,Africa,Alpha,1,0,0,14,3,0.3412,0.1985,0,0,49.59,0.582
26-04-2021,Brazil,South America,Delta,79,2,73,965,553,0.1403,0.1527,35,0.094,63.78,0.627
19-02-2022,Pakistan,Asia,Omicron BA.2,1,0,0,15,5,0.204,0.0762,0,0.2125,33.57,1.881
15-12-2022,France,Europe,Omicron BA.2,2,0,1,27,46,0.0475,0.0376,0,0.92,29.13,1.383
28-04-2022,Pakistan,Asia,Omicron BA.2,19,0,18,204,95,0.1922,0.0596,3,,13.55,2.582
04-09-2021,Australia,Oceania,Delta,1,0,0,11,12,0.0933,,0,0.3318,67.93,0.434
30-03-2021,UK,Europe,Delta,14,0,13,142,182,0.0786,0.1123,4,0.1126,58.91,0.738
01-04-2020,Turkey,Asia,Original,6,0,5,107,42,0.1544,0.1898,3,0,86.36,0.4
25-02-2020,Brazil,South America,Original,15,0,13,196,,,0.1651,7,0,81.82,0.4
07-06-2021,Italy,Europe,Delta,25,1,23,452,325,0.0762,0.1793,12,0.2092,54.62,0.645
20-04-2022,Canada,North America,Omicron BA.2,3,0,2,54,69,0.0297,0.0332,0,0.6605,32.98,1.791
08-02-2020,France,Europe,Original,2,0,1,25,,,0.1048,0,0,13.31,1.157
11-08-2020,Canada,North America,Original,2,0,1,24,26,0.0648,0.2026,1,0,49.91,0.4
10-04-2022,Italy,Europe,Omicron BA.2,2,0,1,30,36,0.0505,0.0361,0,0.652,,1.486
18-03-2022,Pakistan,Asia,Omicron BA.2,18,0,,251,72,0.2457,,4,0.2209,27.63,1.67
21-05-2022,France,Europe,Omicron BA.2,1,0,0,15,23,0.0517,0.0504,0,0.6998,18.3,2.336
26-09-2021,Japan,Asia,Delta,7,0,6,100,147,0.0469,0.2005,3,0.3628,38.28,0.891
28-01-2020,Russia,Europe,Original,1,0,0,16,,,0.1806,0,0,16.82,0.801
14-03-2020,Australia,Oceania,Original,7,0,6,126,140,0.0395,0.2042,5,0,72.13,0.4
26-08-2022,Colombia,South America,Omicron BA.2,2,0,1,24,22,0.0838,0.0453,0,0.542,27.73,1.455
08-02-2020,South Africa,Africa,Original,3,0,2,46,12,0.2496,0.1934,,0,18,0.664
08-07-2020,Australia,Oceania,Original,4,0,3,56,76,0.0543,0.1324,1,,48.85,0.506
30-12-2020,Mexico,North America,Alpha,6,0,5,102,42,0.1272,0.1252,,,65.89,0.492
24-03-2022,South Korea,Asia,Omicron BA.2,22,0,21,299,418,0.0622,0.0536,3,0.6093,34.58,
26-09-2020,Canada,North America,Original,5,0,4,60,60,0.0886,0.207,2,0,39.43,0.786
28-11-2022,India,Asia,Omicron BA.2,55,0,51,913,440,0.1103,0.0355,5,0.6249,29.32,1.234
20-09-2021,USA,North America,Delta,22,0,21,255,440,0.0448,0.1699,10,0.3616,50.72,0.872
28-05-2022,UK,Europe,Omicron BA.2,30,0,,351,480,0.0569,0.0413,2,0.7082,7.37,1.981
15-04-2022,Canada,North America,Omicron BA.2,1,0,,11,24,0.0445,,0,0.6508,12.17,1.519
25-11-2022,Brazil,South America,Omicron BA.2,51,0,,527,510,0.0906,0.0396,,0.6187,36.23,1.787
11-11-2022,Brazil,South America,Omicron BA.2,288,3,278,4968,2016,0.1398,0.037,32,0.6337,28.15,1.687
23-01-2022,Argentina,South America,Omicron,7,0,6,85,63,0.1151,0.071,1,0.3568,43.51,1.333
25-09-2020,Pakistan,Asia,Original,29,1,27,317,116,0.2658,0.1534,,0,52.67,0.562
29-12-2021,Argentina,South America,Omicron,5,0,4,56,55,0.0913,,,0.3222,44.41,1.158
19-06-2021,Argentina,South America,Delta,17,1,15,269,136,0.1268,0.2401,14,0.1546,83.42,0.4
12-04-2021,Germany,Europe,Alpha,1,0,0,15,18,0.0599,0.1146,0,0.1286,65.06,0.563
16-09-2020,South Africa,Africa,Original,12,0,11,157,60,0.1938,0.1493,,0,49.3,0.4
06-10-2021,South Korea,Asia,Omicron,4,0,3,63,96,0.0397,0.0435,0,0.3773,50.38,1.381
01-01-2022,Russia,Europe,Omicron,1,0,0,11,11,0.0904,0.0844,0,0.3369,53.47,1.308
24-09-2020,South Africa,Africa,Original,1,0,0,15,5,0.1983,0.1407,,0,52.03,
27-12-2020,India,Asia,Alpha,192,3,180,2555,1728,0.0989,0.1843,85,0,,
06-08-2021,Turkey,Asia,Delta,24,0,22,284,216,0.1126,0.1383,6,0.1801,67.99,0.568
17-10-2020,UK,Europe,Original,1,0,0,12,13,0.0739,,0,0,53.69,0.535
17-06-2022,Turkey,Asia,Omicron BA.2,1,0,0,16,6,0.994084567,0.0605,0,0.4785,14.44,2.717
22-10-2022,Turkey,Asia,Omicron BA.2,5,0,4,59,50,0.1054,0.0649,0,0.5931,32.77,1.81
13-09-2022,Indonesia,Asia,Omicron BA.2,82,1,77,947,410,0.2,0.0597,9,,38.23,1.113
27-09-2022,Russia,Europe,Omicron BA.2,3,0,2,45,33,0.0952,0.0629,0,0.5793,37.18,1.071
25-03-2020,Mexico,North America,Original,7,0,6,116,49,0.1585,0.1734,,,80.8,0.4
03-02-2022,Colombia,South America,Omicron BA.2,5,0,4,69,35,0.1158,0.0715,1,0.3608,,1.213
08-04-2022,Russia,Europe,Omicron BA.2,95,0,4,56,45,0.1355,0.0547,0,0.4073,20.11,2.234
31-07-2021,Japan,Asia,Delta,16,0,15,288,336,0.0463,0.1398,9,0.2963,76.14,0.42
07-02-2020,Germany,Europe,Original,3,0,2,40,42,0.0828,,1,0,9.17,
05-12-2020,USA,North America,Alpha,2,0,1,34,32,0.066,0.17,1,,46.02,0.931
26-10-2021,Brazil,South America,Omicron,19,0,18,192,114,0.1546,0.0904,5,0.2704,46.48,0.989
17-10-2020,Colombia,South America,Original,1,0,0,13,6,0.1807,0.1908,,0,54.4,0.597
08-09-2021,Russia,Europe,Delta,96,3,89,1011,960,0.0873,0.1307,29,0.2101,66.43,0.69
26-11-2020,Germany,Europe,Alpha,1,0,0,15,13,0.0813,,0,0,34.09,0.74
23-11-2021,Mexico,North America,Omicron,10,0,9,180,90,0.1037,0.075,3,0.2836,,0.992
07-06-2022,Pakistan,Asia,Omicron BA.2,20,0,18,314,100,0.1993,,5,0.2757,10.5,2.457
23-12-2022,Japan,Asia,Omicron BA.2,4,0,,43,76,0.0479,0.0282,0,0.92,38.23,1.513
01-03-2021,USA,North America,Alpha,8,0,7,124,128,0.0491,0.1665,4,0.0893,61.97,0.658
12-01-2022,Pakistan,Asia,Omicron,28,0,26,509,140,0.2065,0.0915,8,,45.45,1.429
08-08-2020,South Korea,Asia,Original,1,0,0,13,19,0.0317,0.0987,0,0,43.33,0.623
23-01-2022,Japan,Asia,Omicron,52,0,48,637,624,0.0784,0.0718,11,0.5316,44.97,0.908
03-11-2021,South Africa,Africa,Delta,1,0,0,14,3,0.3316,0.2297,,0.1399,57.86,0.698
28-12-2022,Russia,Europe,Omicron BA.2,26,0,,358,234,0.1205,0.0431,,0.6574,37.86,1.643
26-04-2021,Pakistan,Asia,Delta,4,0,3,48,16,0.2405,0.2593,2,0.0674,68,0.414
16-08-2022,Brazil,South America,Omicron BA.2,80,1,,904,720,0.1164,0.0536,8,0.5164,36.44,1.439
04-04-2021,Colombia,South America,Delta,6,0,5,98,66,0.0778,0.2346,,0.0845,71.62,0.562
05-08-2022,Japan,Asia,Omicron BA.2,2,0,1,21,34,0.053,0.0344,0,0.8235,25.26,1.569
18-04-2020,Mexico,North America,Original,1,0,0,10,10,0.0873,0.0915,0,0,80.19,0.4
11-05-2021,South Africa,Africa,Delta,33,1,30,590,165,0.2021,0.1844,,0.0651,62.25,0.579
20-08-2022,Brazil,South America,Omicron BA.2,15,0,14,252,105,0.1364,0.0601,,0.5376,15.78,1.457
07-02-2021,Indonesia,Asia,Alpha,8,0,7,102,40,0.192,,,0.0028,66.92,
20-10-2022,South Korea,Asia,Omicron BA.2,5,0,,62,65,0.0792,0.0312,0,0.9133,23.93,1.649
31-01-2022,India,Asia,Omicron BA.2,170,1,160,2480,1870,0.0929,0.0689,41,0.3527,45.13,1.859
15-04-2022,Canada,North America,Omicron BA.2,1,0,0,16,21,0.0152,0.0563,0,0.6552,24.9,1.252
14-10-2022,South Africa,Africa,Omicron BA.2,3,0,2,33,15,0.2039,0.0422,0,0.3243,23.69,2.629
25-09-2021,South Korea,Asia,Delta,10,0,9,107,240,0.0362,0.1354,3,0.3576,58.26,0.821
25-03-2020,Colombia,South America,Original,13,0,12,213,78,0.1557,0.1662,,0,74.29,
05-07-2020,Brazil,South America,Original,2,0,1,28,16,0.1292,0.1876,0,0,64.46,0.441
29-06-2022,UK,Europe,Omicron BA.2,2,0,,34,48,0.068,0.0321,0,0.7555,39.62,1.528
17-07-2020,Spain,Europe,Original,1,0,0,11,20,0.051,0.1325,0,0,64.08,0.4
10-06-2020,Russia,Europe,Original,6,0,5,104,48,0.1193,0.1324,,0,59.55,0.4
01-11-2022,Argentina,South America,Omicron BA.2,2,0,,20,16,0.1099,0.0613,0,0.5783,9.03,1.713
19-09-2022,South Africa,Africa,Omicron BA.2,15,0,14,148,75,0.21,0.0811,2,0.3231,14.96,
04-06-2022,India,Asia,Omicron BA.2,150,1,145,2084,1050,0.974897741,0.0343,12,0.4755,10.4,2.366
14-05-2022,Canada,North America,Omicron BA.2,4,0,3,69,96,0.0607,,0,0.6863,12.6,1.56
05-09-2022,Colombia,South America,Omicron BA.2,11,0,,121,77,0.1525,0.0512,,0.5386,40.32,
07-12-2021,Turkey,Asia,Omicron,2,0,1,32,14,0.1621,,0,0.285,28.62,2.071
24-11-2021,Japan,Asia,Omicron,23,0,21,279,391,0.0631,0.0423,2,0.4581,48.43,1.062
24-05-2021,Turkey,Asia,Delta,2,0,1,21,14,0.1389,0.2289,,0.131,59.33,0.532
14-12-2022,Italy,Europe,Omicron BA.2,9,0,,143,180,0.0542,0.0317,0,0.92,16.53,1.468
31-03-2020,France,Europe,Original,5,0,4,86,,,0.1059,1,0,93.82,0.4
27-08-2022,UK,Europe,Omicron BA.2,1,0,,10,18,0.0459,0.0216,0,0.836,13.33,2.102
14-02-2022,Brazil,South America,Omicron BA.2,141,2,129,2128,846,0.1635,0.0477,20,0.3638,,2.262
24-05-2022,Spain,Europe,Omicron BA.2,2,0,1,35,46,0.0516,0.0264,0,0.7051,25.4,1.131
26-11-2020,Turkey,Asia,Alpha,1,0,0,14,11,0.0881,0.1127,,0,38.5,
06-01-2021,Colombia,South America,Alpha,1,0,0,14,7,0.1345,0.125,,,51.29,0.716
18-09-2022,Indonesia,Asia,Omicron BA.2,25,0,23,413,75,0.3461,0.0733,,,12.69,2.951
29-08-2022,Indonesia,Asia,Omicron BA.2,181,3,,2932,543,0.3367,0.0631,,0.3017,11.72,3.053
15-04-2020,Pakistan,Asia,Original,5,0,4,77,,,0.1546,3,0,71.44,0.4
17-04-2021,Japan,Asia,Delta,1,0,0,12,19,0.0382,,0,0.1444,64.41,0.467
18-05-2022,Argentina,South America,Omicron BA.2,46,0,,737,368,0.1446,0.0428,6,0.4551,28.72,2.183
29-01-2022,Italy,Europe,Omicron,3,0,2,34,39,0.0773,0.0331,0,0.5481,39.29,1.289
30-09-2021,Russia,Europe,Delta,18,1,16,275,144,0.1336,0.1747,10,0.244,64.43,0.773
30-03-2021,South Korea,Asia,Delta,1,0,0,18,23,0.0509,0.1179,0,0.1206,73.66,0.425
16-11-2021,Colombia,South America,Omicron,2,0,1,27,14,0.1502,0.0884,0,0.2716,52.57,1.433
14-02-2020,Australia,Oceania,Original,1,0,0,10,,,0.1249,0,0,20.43,1.08
25-06-2022,France,Europe,Omicron BA.2,1,0,0,14,21,0.0445,0.051,0,0.7455,38.47,1.498
08-09-2022,Mexico,North America,Omicron BA.2,10,0,9,137,110,0.092,0.0374,,0.5622,32.48,1.081
26-02-2021,Mexico,North America,Alpha,9,0,8,110,90,0.1017,0.1823,4,0.0333,61.67,
02-09-2021,Colombia,South America,Delta,2,0,1,29,16,0.1233,,0,0.2019,71.79,0.604
05-01-2021,Russia,Europe,Alpha,64,1,58,767,704,0.0888,0.1532,33,0,72.66,0.4
24-11-2020,Germany,Europe,Alpha,1,0,0,17,12,0.878186484,0.2186,1,0,55.44,0.639
06-05-2022,Pakistan,Asia,Omicron BA.2,246,2,,4425,1230,0.1951,0.043,,0.2668,15.45,2.389
30-10-2022,Canada,North America,Omicron BA.2,49,0,47,630,1078,0.0278,0.0262,3,0.9167,34.14,1.552
18-01-2022,South Korea,Asia,Omicron,31,0,29,496,496,0.0637,0.0343,3,0.5292,46.4,0.937
17-11-2020,Mexico,North America,Alpha,17,1,15,265,187,0.0796,0.1279,7,0,52.13,
25-03-2020,Japan,Asia,Original,25,0,23,399,375,0.0718,0.163,14,0,,0.4
11-05-2020,Italy,Europe,Original,1,0,0,17,13,0.0652,0.1121,0,,56.38,0.41
12-09-2021,Italy,Europe,Delta,3,0,2,31,48,0.0616,0.1558,1,0.341,45.72,1.153
23-07-2021,Canada,North America,Delta,1,0,0,15,19,0.0444,,0,0.2947,59.78,0.504
27-06-2021,Colombia,South America,Delta,3,0,2,32,18,0.1608,0.1459,,0.1527,72.87,0.581
18-12-2022,UK,Europe,Omicron BA.2,1,0,,14,22,0.0511,0.0367,0,0.92,19.63,1.952
22-06-2020,Russia,Europe,Original,5,0,4,65,35,0.1335,0.2066,3,0,,0.4
07-02-2022,USA,North America,Omicron,135,0,126,1504,1755,0.0897,0.0376,10,0.5687,41.63,0.768
19-06-2022,Pakistan,Asia,Omicron BA.2,194,2,180,2173,582,0.3327,0.0913,52,0.2654,27.33,2.309
20-11-2021,Australia,Oceania,Omicron,1,0,0,11,20,0.0436,0.0438,0,0.4403,40.23,0.898
09-07-2020,Argentina,South America,Original,2,0,1,34,14,0.1547,0.1209,0,0,71.53,
10-06-2021,Pakistan,Asia,Delta,34,1,31,345,136,0.2394,0.2528,,0.0819,58.33,0.934
27-10-2020,Russia,Europe,Original,43,1,39,487,344,0.1306,,14,,56.32,0.4
02-03-2021,Russia,Europe,Alpha,18,0,16,255,108,0.1517,0.1317,6,0.0594,74.68,0.4
31-03-2020,Argentina,South America,Original,1,0,0,11,,,0.1548,0,0,,0.4
19-06-2021,Brazil,South America,Delta,29,1,27,386,261,0.0789,0.1216,,0.1536,71,0.593
27-09-2022,Indonesia,Asia,Omicron BA.2,57,1,,749,228,0.2663,0.0501,10,0.3114,28.66,2.355
11-07-2021,Canada,North America,Delta,1,0,0,12,14,0.0629,0.176,0,0.2624,53.62,0.642
07-09-2020,South Korea,Asia,Original,4,0,3,47,64,0.0736,0.1203,1,,44.55,0.697
01-12-2022,Australia,Oceania,Omicron BA.2,1,0,0,14,15,0.0798,0.0271,0,0.92,26.35,1.223
27-05-2022,Spain,Europe,Omicron BA.2,1,0,0,17,16,0.0525,0.0498,0,0.7076,40.74,0.983
26-02-2020,Indonesia,Asia,Original,3,0,2,47,,,0.1481,1,0,72.71,0.4
02-01-2022,Japan,Asia,Omicron,23,0,22,257,552,0.043,0.0775,3,0.5154,57.45,0.782
13-04-2021,Italy,Europe,Alpha,1,0,0,17,21,0.042,0.0882,0,0.1576,,0.53
15-04-2022,Indonesia,Asia,Omicron BA.2,6,0,,78,30,0.207,0.0749,0,0.2297,25.22,2.278
29-04-2021,Mexico,North America,Delta,14,1,13,250,98,0.1474,0.1209,6,0.1229,60.05,0.905
26-07-2022,Colombia,South America,Omicron BA.2,1,0,,12,9,0.1086,0.0604,0,0.5042,26.88,
05-04-2021,USA,North America,Alpha,12,0,11,168,180,0.0763,0.1011,4,0.1364,84.95,0.4
12-04-2020,Pakistan,Asia,Original,6,0,5,107,,,0.2031,4,,86.29,0.4
11-07-2022,Russia,Europe,Omicron BA.2,6,0,5,77,60,0.0991,0.0587,0,0.4839,35.91,1.192
21-06-2020,USA,North America,Original,25,0,23,283,575,0.0513,,5,0,55.65,0.503
22-08-2021,Australia,Oceania,Delta,1,0,0,17,15,0.0719,0.1713,0,0.3087,,0.653
07-01-2021,Germany,Europe,Alpha,9,0,8,128,216,0.042,,4,0,72.56,0.4
06-10-2022,Russia,Europe,Omicron BA.2,61,0,58,963,366,0.1661,0.0587,,0.5808,13.35,2.495
02-11-2020,USA,North America,Alpha,24,0,22,272,408,0.0536,0.1058,6,,57.81,0.4
29-07-2021,Colombia,South America,Delta,1,0,0,12,9,0.1019,0.1785,0,0.1761,,0.638
14-09-2022,Canada,North America,Omicron BA.2,1,0,0,17,13,0.0802,0.026,0,0.8827,31.59,1.49
27-08-2020,Turkey,Asia,Original,6,0,5,83,60,0.0747,0.1843,3,0,58.59,0.4
18-09-2021,UK,Europe,Delta,6,0,5,67,126,0.0324,0.1075,1,0.3607,52.22,0.821
02-02-2022,USA,North America,Omicron BA.2,27,0,25,339,648,0.054,0.0569,5,0.5471,44.11,1.432
25-06-2020,India,Asia,Original,60,1,56,689,480,0.1349,0.1094,16,0,48.98,0.541
13-09-2021,Australia,Oceania,Delta,10,0,9,164,160,0.058,0.1654,8,0.3591,60.64,0.62
13-02-2022,France,Europe,Omicron,4,0,3,47,80,0.0459,,0,0.5719,26.03,1.847
20-08-2022,USA,North America,Omicron BA.2,23,0,,308,368,0.0831,0.0208,1,0.8295,32.62,1.034
08-11-2021,Japan,Asia,Delta,4,0,3,42,84,0.0368,0.0831,0,0.4302,56.49,0.726
10-02-2020,Indonesia,Asia,Original,38,1,34,610,,,0.1617,18,0,15.31,
18-09-2020,India,Asia,Original,55,1,50,562,440,0.1293,0.1493,22,0,52.99,0.4
19-04-2020,Spain,Europe,Original,6,0,5,60,,,0.1546,1,0,84.18,0.4
10-04-2021,Japan,Asia,Alpha,3,0,2,44,69,0.0509,0.1352,1,0.1147,74.85,0.4
22-11-2021,Brazil,South America,Omicron,6,0,5,85,36,0.1728,0.0616,1,0.2773,48.2,0.842
21-03-2022,South Africa,Africa,Omicron BA.2,12,0,,124,60,0.1889,0.0547,1,0.2154,22.17,
15-08-2020,Turkey,Asia,Original,1,0,0,17,6,0.1808,0.107,,0,42.44,0.795
21-01-2022,Canada,North America,Omicron,1,0,0,13,13,0.0809,0.067,0,0.5235,31.41,1.767
23-04-2022,France,Europe,Omicron BA.2,127,0,,2073,1651,0.0867,0.0382,12,0.6553,39.07,1.242
14-10-2021,Turkey,Asia,Omicron,3,0,2,37,33,0.0959,,,0.2595,64.57,0.74
12-05-2022,India,Asia,Omicron BA.2,37,0,35,558,259,0.1363,0.0601,,0.439,27.9,1.415
10-07-2020,Russia,Europe,Original,47,1,43,792,282,0.1759,0.1155,14,,73.14,0.4
06-11-2022,UK,Europe,Omicron BA.2,12,0,11,164,216,0.0551,0.0272,1,0.92,19.27,1.626
12-04-2020,South Africa,Africa,Original,1,0,0,15,3,0.3305,0.1159,0,,,
07-07-2021,Canada,North America,Delta,3,0,2,35,72,0.0197,0.132,0,0.2595,58.96,0.657
12-04-2021,Colombia,South America,Delta,1,0,0,16,11,0.0836,0.1617,0,0.1016,78.91,0.4
07-08-2022,Canada,North America,Omicron BA.2,12,0,,203,276,0.0445,0.024,1,0.8128,32.97,
15-01-2021,Australia,Oceania,Alpha,2,0,1,26,34,0.0525,0.1402,0,0.0258,49.09,0.906
14-07-2022,Argentina,South America,Omicron BA.2,2,0,1,31,14,0.1518,0.072,,0.5086,35.57,1.274
27-08-2020,Germany,Europe,Original,1,0,0,10,22,0.0505,0.1995,0,0,45.63,0.448
11-08-2021,Canada,North America,Delta,3,0,2,39,36,0.0945,0.2054,2,0.293,,1.019
16-11-2021,Canada,North America,Omicron,8,0,7,128,184,0.0273,,1,0.4389,,
05-06-2021,Japan,Asia,Delta,3,0,2,53,42,0.0559,0.1959,2,0.2005,58.88,
30-11-2020,USA,North America,Alpha,8,0,7,92,176,0.0374,0.1173,2,0,48.07,
12-04-2022,Colombia,South America,Omicron BA.2,2,0,1,35,16,0.1112,0.0641,0,0.4067,38.34,1.542
31-10-2022,Mexico,North America,Omicron BA.2,3,0,2,39,30,0.1038,0.0312,0,0.5975,22.41,1.344
30-11-2021,Canada,North America,Omicron,4,0,3,61,76,0.055,0.0794,1,0.4457,28.82,1.107
13-03-2021,USA,North America,Alpha,29,0,27,498,464,0.0562,0.1746,25,0.1138,58.41,
15-07-2022,Brazil,South America,Omicron BA.2,20,0,18,214,180,0.0961,0.0487,1,0.5005,,1.915
26-07-2020,Spain,Europe,Original,1,0,0,15,17,0.0674,0.1879,0,0,,0.402
23-09-2021,Mexico,North America,Delta,2,0,1,29,12,0.1537,0.1876,,0.2494,73,0.476
15-01-2022,Brazil,South America,Omicron,35,0,32,535,245,0.139,0.0824,,0.3377,51.38,0.812
03-08-2022,Italy,Europe,Omicron BA.2,1,0,,13,24,0.0296,0.0361,0,0.8165,27.33,1.251
25-07-2022,USA,North America,Omicron BA.2,54,0,50,669,1026,0.0639,0.023,3,0.7865,15.77,2.082
25-07-2022,South Africa,Africa,Omicron BA.2,1,0,0,17,5,0.2018,0.0915,0,,31.74,2.206
20-04-2020,Turkey,Asia,Original,3,0,2,45,27,0.109,0.1878,,0,67.04,0.4
25-03-2022,Turkey,Asia,Omicron BA.2,2,0,,23,22,0.0946,0.0458,,0.4142,26.53,2.1
11-11-2021,Brazil,South America,Delta,3,0,2,33,33,0.1111,0.1254,,0.2826,61.81,
21-11-2021,South Africa,Africa,Omicron,14,0,13,244,56,0.262,0.088,4,0.1432,51.77,1.553
19-02-2021,Australia,Oceania,Alpha,3,0,2,35,36,0.0903,0.2074,1,0.042,63.64,0.634
11-01-2022,Spain,Europe,Omicron,6,0,5,81,108,0.0316,,1,0.5231,48.43,1.234
09-09-2021,Turkey,Asia,Delta,4,0,3,41,44,0.0713,0.2269,2,0.2263,53.32,0.964
20-10-2022,Russia,Europe,Omicron BA.2,1,0,,16,7,0.1501,0.0581,,0.5966,33.7,
15-09-2021,Brazil,South America,Delta,1,0,0,14,8,0.1354,0.108,,0.235,39.32,1.354
27-12-2022,USA,North America,Omicron BA.2,17,0,16,176,221,0.0827,0.0249,1,0.92,10.72,1.632
10-11-2021,South Africa,Africa,Delta,10,1,9,140,30,0.3547,0.1242,4,0.1531,43.04,1.048
19-08-2021,Italy,Europe,Delta,1,0,0,12,18,0.0455,0.2084,0,0.3163,68.87,0.47
02-04-2022,USA,North America,Omicron BA.2,12,0,,210,228,0.0405,,2,0.6199,19.37,1.31
23-07-2020,Mexico,North America,Original,2,0,1,27,16,0.1374,,,0,48.88,0.478
01-10-2022,Mexico,North America,Omicron BA.2,5,0,,52,45,0.1232,0.0523,0,0.5692,20.82,2.32
12-04-2022,Germany,Europe,Omicron BA.2,4,0,3,62,88,0.037,0.0462,0,0.6475,18.44,2.026
03-05-2022,Canada,North America,Omicron BA.2,2,0,,20,28,0.0646,0.0379,0,0.6772,18.3,2.186
11-09-2021,Pakistan,Asia,Delta,31,1,29,538,93,0.3341,0.1169,,,,1.221
23-04-2020,South Korea,Asia,Original,1,0,0,15,,,,0,0,72.3,0.4
11-05-2022,Italy,Europe,Omicron BA.2,1,0,0,11,12,0.0778,0.0466,0,0.6895,29.96,1.406
15-04-2022,France,Europe,Omicron BA.2,58,0,54,648,812,0.0621,0.0574,6,0.6475,18.78,2.309
20-05-2020,Mexico,North America,Original,20,1,17,321,120,0.1579,,,,54.27,0.482
05-11-2020,Japan,Asia,Original,1,0,0,10,24,0.0278,0.1815,0,0,42.79,
04-06-2022,Russia,Europe,Omicron BA.2,4,0,3,51,36,0.1313,0.0599,,0.4702,14.25,2.435
08-04-2020,Pakistan,Asia,Original,6,0,5,72,18,0.3183,0.1869,,0,72.66,0.4
26-07-2021,Indonesia,Asia,Delta,167,5,154,2273,501,0.3241,,109,,,0.615
09-02-2021,Turkey,Asia,Alpha,1,0,0,16,6,0.1712,0.1802,,0.0411,66.94,0.59
19-09-2020,Argentina,South America,Original,1,0,0,16,7,0.1328,0.1041,,0,51.91,
13-09-2022,Spain,Europe,Omicron BA.2,42,0,39,537,630,0.0815,0.0291,4,0.861,34.91,0.949
14-04-2020,Russia,Europe,Original,1,0,0,15,8,0.1115,0.1745,,,84.51,0.4
24-04-2020,South Africa,Africa,Original,5,0,4,50,15,0.3293,0.1636,1,,83.89,0.4
04-06-2022,Germany,Europe,Omicron BA.2,6,0,5,96,78,0.0803,0.0442,0,0.716,27.75,1.172
31-10-2022,Colombia,South America,Omicron BA.2,2,0,1,34,14,0.1451,0.0442,,0.5965,31.41,1.32
19-10-2021,UK,Europe,Omicron,19,0,17,271,247,0.082,0.0875,6,0.4035,41.43,1.654
07-11-2020,South Africa,Africa,Original,3,0,2,38,12,0.2344,0.1467,0,0,60.32,0.465
09-06-2021,Australia,Oceania,Delta,1,0,0,13,22,0.0344,0.127,0,0.2224,61.7,0.746
04-08-2020,India,Asia,Original,94,2,88,1424,752,0.113,0.1553,66,,53.21,0.645
10-03-2022,USA,North America,Omicron,5,0,4,56,65,0.0874,0.0652,0,0.6179,26.53,1.759
01-04-2021,Italy,Europe,Delta,21,1,19,280,462,0.0464,0.2402,17,0.1154,80.49,0.463
01-10-2020,USA,North America,Original,8,0,7,138,136,0.0634,0.1328,4,0,42.91,0.741
30-07-2020,Italy,Europe,Original,1,0,0,16,14,0.0785,0.1623,0,,52.29,0.629
19-05-2020,Germany,Europe,Original,1,0,0,15,,,0.1105,0,0,54.84,0.4
24-04-2022,South Korea,Asia,Omicron BA.2,8,0,,92,192,0.051,0.0286,0,0.6621,18.02,1.88
03-03-2022,South Korea,Asia,Omicron,1,0,,16,17,0.0598,0.065,0,0.5895,38.13,0.955
05-09-2020,Russia,Europe,Original,18,1,16,303,144,0.1329,0.1109,7,,53.86,0.584
10-12-2020,Brazil,South America,Alpha,15,0,14,208,105,0.139,0.2257,7,0,71.08,0.404
31-05-2020,Canada,North America,Original,5,0,4,73,,,,1,0,63.62,0.478
25-06-2022,Indonesia,Asia,Omicron BA.2,12,0,,199,36,0.3343,0.0506,2,0.26,20.58,2.721
12-12-2021,UK,Europe,Omicron,9,0,8,151,207,0.0422,0.0371,1,0.4746,40.46,1.335
29-08-2022,Mexico,North America,Omicron BA.2,119,1,111,2098,833,0.1462,0.0684,29,0.5466,25.78,1.242
02-11-2020,South Africa,Africa,Alpha,10,1,9,146,30,0.3205,,4,,53,0.536
15-11-2022,Mexico,North America,Omicron BA.2,12,0,,206,96,0.1196,0.0487,,0.6081,15.67,1.911
22-04-2021,India,Asia,Delta,167,2,161,3008,1002,0.1655,0.2337,156,0.0919,,0.904
18-05-2022,Colombia,South America,Omicron BA.2,26,0,24,460,156,0.1601,0.0648,7,0.4431,,2.132
04-02-2021,Australia,Oceania,Alpha,1,0,0,10,23,0.0386,0.121,0,,69.17,0.4
11-07-2020,India,Asia,Original,18,0,17,297,162,0.1002,0.1715,15,0,68.11,0.4
13-08-2020,Japan,Asia,Original,2,0,1,21,38,0.0466,0.0937,0,0,,0.44
12-12-2021,Russia,Europe,Omicron,28,0,26,463,280,0.1161,0.0932,7,0.3058,30.81,1.336
15-10-2020,USA,North America,Original,41,0,39,522,902,0.059,0.1793,18,0,46.22,0.572
12-07-2021,South Korea,Asia,Delta,4,0,3,43,76,0.0833,0.1657,1,0.253,68.16,
11-10-2022,Colombia,South America,Omicron BA.2,12,0,11,209,132,0.0886,0.0495,1,0.5776,33.96,2.009
02-02-2020,Argentina,South America,Original,1,0,0,12,11,0.0796,0.1213,,0,9.17,1.237
03-06-2020,Australia,Oceania,Original,3,0,2,50,63,0.0491,0.1643,1,0,70.3,0.4
01-08-2021,South Africa,Africa,Delta,1,0,0,15,3,0.3404,0.1789,0,0.1188,83.98,0.4
23-09-2020,Mexico,North America,Original,12,1,10,152,108,0.1222,0.1146,3,0,44.71,
22-08-2022,South Korea,Asia,Omicron BA.2,3,0,2,39,48,0.0577,0.044,0,0.8289,38.5,0.85
26-01-2022,Indonesia,Asia,Omicron,5,0,4,75,20,0.2489,0.1004,,0.2111,34.35,1.92
04-01-2022,Japan,Asia,Omicron,4,0,3,45,72,0.0493,0.0345,0,0.5035,28.12,1.372
06-07-2020,Colombia,South America,Original,2,0,1,26,18,0.1251,0.1635,,0,65.3,0.4
26-11-2021,Canada,North America,Omicron,7,0,6,82,133,0.0691,0.0771,1,0.4768,,1.05
20-09-2020,Russia,Europe,Original,25,1,23,387,150,0.1453,0.1314,,0,,0.659
07-06-2020,UK,Europe,Original,1,0,0,15,12,0.0794,0.146,0,0,53.19,0.5
02-08-2022,Spain,Europe,Omicron BA.2,6,0,5,61,132,0.0325,0.0255,0,0.7809,27.29,1.013
22-11-2021,Argentina,South America,Omicron,1,0,0,15,7,0.1605,0.0814,0,0.2758,28.51,2.036
21-04-2020,Colombia,South America,Original,8,0,7,110,56,0.1342,0.1867,4,,67,0.4
26-10-2021,South Africa,Africa,Omicron,2,0,1,26,10,0.1969,0.0978,,0.1524,65.23,1.058
20-02-2022,USA,North America,Omicron,97,0,93,1317,1455,0.0626,0.049,15,0.5736,29.25,0.926
23-11-2022,Spain,Europe,Omicron BA.2,4,0,3,56,76,0.0503,0.0251,0,0.92,16.19,2.031
16-10-2021,Mexico,North America,Omicron,46,1,43,597,414,0.0945,0.0811,8,0.2646,63.69,1.025
07-04-2022,Italy,Europe,Omicron BA.2,9,0,,130,108,0.0856,0.0498,1,0.6522,30.41,
12-05-2020,Russia,Europe,Original,71,1,66,1166,568,0.1327,0.1591,,0,68.35,0.4
13-07-2020,Pakistan,Asia,Original,35,1,33,485,140,0.2443,0.1496,12,0,52.87,0.462
19-11-2020,Colombia,South America,Alpha,1,0,0,13,7,0.15,0.1524,,0,50.7,0.817
15-02-2022,Australia,Oceania,Omicron BA.2,1,0,0,13,14,0.0765,0.0576,0,0.5854,38.57,1.024
14-10-2020,USA,North America,Original,6,0,5,73,90,0.0658,0.13,2,0,55.83,0.4
03-03-2021,France,Europe,Alpha,3,0,2,37,36,0.082,0.1724,1,0.0752,69.35,0.4
12-07-2022,USA,North America,Omicron BA.2,23,0,,370,345,0.0734,0.0463,3,0.7647,28.94,
07-02-2021,Australia,Oceania,Alpha,2,0,1,31,44,0.0475,0.1169,0,,56.85,0.676
27-02-2021,Germany,Europe,Alpha,5,0,4,58,70,0.0765,0.1679,2,0.0785,69.82,0.4
05-12-2022,France,Europe,Omicron BA.2,83,0,,978,1577,0.0566,0.0172,3,0.92,22.07,1.68
19-10-2021,India,Asia,Omicron,93,1,88,1008,930,0.0947,0.051,,0.2602,57.74,1.013
20-11-2020,South Africa,Africa,Alpha,4,0,3,56,20,0.2133,0.1393,,0,43.81,0.547
12-05-2021,UK,Europe,Delta,1,0,0,11,14,0.884770736,0.1583,0,0.1836,64.7,0.455
27-09-2021,South Korea,Asia,Delta,7,0,6,97,105,0.0672,0.1623,2,0.3892,55.83,0.851
28-01-2022,Mexico,North America,Omicron,16,0,15,267,128,0.1115,0.0788,,0.3666,45.56,1.519
16-02-2020,South Africa,Africa,Original,3,0,2,38,,,0.1343,1,0,,0.851
13-12-2021,Turkey,Asia,Omicron,33,0,31,582,363,0.0995,0.0441,6,0.3015,37.73,1.66
02-04-2021,Argentina,South America,Delta,1,0,0,14,11,0.0982,0.1684,0,0.0526,73.42,0.475
03-12-2020,South Korea,Asia,Alpha,11,0,10,198,187,0.0572,0.1616,6,0,,0.882
30-12-2022,Mexico,North America,Omicron BA.2,4,0,3,69,36,0.1285,0.0443,,0.668,36.66,1.73
07-05-2022,Pakistan,Asia,Omicron BA.2,53,0,,541,265,0.1865,0.0687,10,0.2437,15.24,2.65
23-06-2021,Pakistan,Asia,Delta,30,1,27,512,120,0.2595,0.2252,,0.0826,74.22,0.546
17-09-2022,Pakistan,Asia,Omicron BA.2,55,0,,874,165,0.3321,0.0625,12,0.3007,19.75,1.726
23-06-2022,Japan,Asia,Omicron BA.2,13,0,,202,273,0.0472,0.0282,1,0.7597,11.62,2.129
06-08-2022,Colombia,South America,Omicron BA.2,9,0,,145,81,0.1021,,1,0.5224,40.66,1.517
07-06-2021,Australia,Oceania,Delta,1,0,0,12,21,0.0516,0.1792,0,0.224,75.73,0.4
22-04-2022,Italy,Europe,Omicron BA.2,2,0,1,29,30,0.0597,0.0558,0,0.6545,22.69,2.133
02-09-2021,India,Asia,Delta,67,1,63,959,469,0.1429,0.1337,,0.2036,62.09,0.84
12-06-2022,Turkey,Asia,Omicron BA.2,110,0,107,1784,1210,0.097,0.0491,25,0.4776,41.46,1.909
01-06-2020,South Africa,Africa,Original,2,0,1,20,10,0.2014,0.1256,0,,55.67,
26-03-2020,Indonesia,Asia,Original,3,0,2,38,15,0.2002,0.2074,2,0,89.12,0.4
17-04-2020,USA,North America,Original,240,0,22,395,336,0.0723,0.1854,12,0,75.3,0.4
25-09-2022,Canada,North America,Omicron BA.2,2,0,,32,26,0.0909,0.0238,0,0.8904,27.68,1.761
13-07-2021,Germany,Europe,Delta,20,0,18,284,340,0.0531,0.2203,18,0.264,71.13,0.627
05-02-2021,Australia,Oceania,Alpha,4,0,3,62,80,0.0403,0.1116,1,,52.43,0.585
07-08-2022,USA,North America,Omicron BA.2,25,0,23,343,550,0.0637,,3,0.8027,8.68,2.347
23-11-2021,Italy,Europe,Omicron,1,0,0,14,15,0.0633,0.044,0,0.4516,24.12,
13-02-2020,Indonesia,Asia,Original,8,0,7,114,32,0.2456,0.16,4,,3.22,
02-11-2020,Australia,Oceania,Alpha,2,0,1,36,38,0.0561,0.1389,1,0,47.16,0.898
21-12-2022,South Korea,Asia,Omicron BA.2,3,0,,37,60,0.0557,0.0211,0,0.92,41.92,1.197
20-06-2022,Pakistan,Asia,Omicron BA.2,41,0,38,590,205,0.2004,0.0582,6,0.2626,37.18,2.084
18-05-2020,Mexico,North America,Original,46,3,40,816,276,0.1676,0.0948,,0,,0.4
30-08-2022,Brazil,South America,Omicron BA.2,116,1,,1978,1276,0.1033,0.0457,,0.5321,17.73,1.32
18-07-2020,Mexico,North America,Original,1,0,0,15,10,0.1025,0.0986,,0,56.26,0.401
03-08-2021,Canada,North America,Delta,3,0,2,39,72,0.0424,0.1903,1,0.3043,55.91,0.948
28-11-2022,South Africa,Africa,Omicron BA.2,99,0,10,192,33,0.3556,0.0599,3,0.3484,21.67,1.849
18-12-2021,Spain,Europe,Omicron,2,0,1,22,32,0.0691,0.0686,0,0.4939,48.3,1.331
21-12-2020,Russia,Europe,Alpha,6,0,5,105,36,0.176,,,0,60.72,0.605
24-03-2021,Italy,Europe,Delta,31,1,28,495,527,0.0572,0.203,28,0.1036,87.54,0.4
26-01-2021,South Korea,Asia,Alpha,1,0,0,15,18,0.0462,0.1802,0,0.0305,83.14,0.4
21-04-2022,Japan,Asia,Omicron BA.2,8,0,,132,176,0.0295,0.0285,0,0.6522,32.51,1.562
23-08-2021,Pakistan,Asia,Delta,28,1,25,505,112,0.2536,0.1929,,0.1132,47.44,0.928
05-07-2022,Spain,Europe,Omicron BA.2,1,0,0,12,17,0.0777,,0,0.7668,17.58,1.509
13-01-2021,Turkey,Asia,Alpha,5,0,4,87,50,0.0934,0.0995,2,,67.07,0.593
26-08-2020,Pakistan,Asia,Original,22,0,20,321,66,0.3371,0.1744,,0,55.31,0.538
30-03-2020,Pakistan,Asia,Original,95,2,88,1480,475,0.2112,,,0,77.2,0.4
20-12-2021,Colombia,South America,Omicron,3,0,2,40,21,0.1597,0.0712,0,0.3033,32.13,1.062
21-03-2021,France,Europe,Delta,56,0,6,122,161,0.0298,0.1708,4,0.0901,66.15,
11-03-2021,India,Asia,Alpha,477,7,437,4690,4770,0.0955,,138,0.0718,61.03,0.4
06-10-2020,Russia,Europe,Original,6,0,5,95,36,0.1639,0.1691,3,0,54.55,0.452
12-02-2022,Brazil,South America,Omicron BA.2,20,0,19,318,220,0.0898,0.0702,3,0.371,29.96,1.776
26-12-2022,South Africa,Africa,Omicron BA.2,31,0,28,353,93,0.3262,0.0472,,0.3581,38.76,
29-01-2020,USA,North America,Original,42,0,39,458,,,0.1323,17,0,25.75,0.658
21-02-2022,Indonesia,Asia,Omicron BA.2,18,0,16,178,72,0.2322,,2,0.1999,46.59,1.528
27-01-2021,Indonesia,Asia,Alpha,8,0,7,91,24,0.3521,0.1352,,0.0066,59.7,0.571
09-04-2021,Germany,Europe,Delta,15,0,13,186,255,0.0525,0.1127,4,0.1197,73.07,0.459
18-10-2020,UK,Europe,Original,1,0,0,16,12,0.0858,0.1611,0,0,50.52,0.401
24-05-2020,South Korea,Asia,Original,1,0,0,15,,,0.1382,0,0,59.41,0.4
02-04-2022,Canada,North America,Omicron BA.2,3,0,,48,39,0.0891,0.0456,0,0.6303,,
07-07-2020,South Africa,Africa,Original,7,0,6,124,21,0.3431,0.1612,4,0,41.86,0.571
22-03-2020,Colombia,South America,Original,5,0,4,90,,,,1,0,95.97,0.4
04-12-2021,Russia,Europe,Omicron,29,0,26,336,319,0.0861,0.075,6,0.301,43.09,0.884
15-12-2021,Pakistan,Asia,Omicron,4,0,3,65,16,0.2581,0.1013,1,0.176,38.18,1.277
16-12-2020,Japan,Asia,Alpha,1,0,0,17,22,0.0491,0.1974,0,0,73.33,0.4
27-11-2020,Turkey,Asia,Alpha,16,0,14,255,160,0.0937,0.1958,8,0,,0.635
07-02-2021,Australia,Oceania,Alpha,1,0,0,11,20,0.0331,0.1402,0,,63.74,0.635
06-07-2021,Indonesia,Asia,Delta,64,3,59,718,320,0.1884,0.1823,,,79.09,0.452
26-03-2020,UK,Europe,Original,2,0,1,28,36,0.0475,0.1152,0,0,93.87,0.4
02-04-2021,Brazil,South America,Delta,46,2,41,589,322,0.1343,0.1182,13,0.0779,61.37,
23-08-2022,South Korea,Asia,Omicron BA.2,1,0,0,16,13,0.0825,0.0372,0,0.8479,18.91,1.287
04-03-2020,South Africa,Africa,Original,8,0,7,100,,,,2,,75.76,0.4
09-12-2022,UK,Europe,Omicron BA.2,2,0,,32,30,0.0803,0.0305,0,0.92,22.88,1.89
14-10-2020,Germany,Europe,Original,5,0,4,51,65,0.0922,0.1899,1,0,49.06,
12-06-2022,South Korea,Asia,Omicron BA.2,10,0,9,180,190,0.0555,0.0471,2,0.7511,26.92,1.921
31-07-2021,South Korea,Asia,Delta,8,0,7,93,184,0.0607,0.1676,2,0.2875,70.57,0.451
03-12-2021,South Africa,Africa,Omicron,2,0,1,34,10,0.2039,0.0515,,0.1852,49.31,0.915
24-11-2021,South Africa,Africa,Omicron,2,0,1,30,10,0.2017,0.0536,0,0.1683,30.5,1.974
17-01-2021,South Africa,Africa,Alpha,1,0,0,13,3,0.3398,0.173,0,,67.31,0.4
26-11-2020,France,Europe,Alpha,7,0,6,89,168,0.0392,0.1125,2,,37.07,0.746
22-01-2020,Japan,Asia,Original,69,0,64,1151,1242,0.0591,0.2098,61,0,5.1,0.741
06-01-2021,Australia,Oceania,Alpha,4,0,3,60,76,0.08,0.2115,2,0,63.67,0.419
05-04-2020,Australia,Oceania,Original,1,0,0,15,,,,0,0,67.56,0.4
15-04-2020,South Korea,Asia,Original,1,0,0,15,,,0.2001,0,0,78.03,0.4
09-06-2020,Japan,Asia,Original,1,0,0,16,20,0.0631,0.1591,0,0,57.92,0.517
04-12-2020,UK,Europe,Alpha,22,0,20,336,440,0.0498,0.2301,20,0,40.81,
22-07-2020,Canada,North America,Original,1,0,0,12,23,0.0334,0.1867,0,,68.42,0.4
30-08-2020,Colombia,South America,Original,1,0,0,17,7,0.1325,0.1038,,0,34.18,0.629
13-01-2022,Italy,Europe,Omicron,1,0,0,14,14,0.061,0.0534,0,0.5223,22.38,1.854
03-12-2022,Italy,Europe,Omicron BA.2,10,0,9,179,180,0.0585,0.032,1,0.92,31.63,0.938
24-06-2022,Mexico,North America,Omicron BA.2,7,0,6,126,42,0.1737,0.075,2,0.4812,4.38,2.289
10-03-2021,India,Asia,Alpha,78,1,71,1321,780,0.1173,,36,0.0449,75.23,0.4
25-07-2021,Japan,Asia,Delta,1,0,0,17,19,0.0534,0.1041,0,0.2888,82.89,0.4
18-05-2022,Indonesia,Asia,Omicron BA.2,13,0,,213,65,0.1947,0.046,2,,32.61,1.576
21-05-2020,Brazil,South America,Original,9,0,8,131,63,0.1468,0.1466,5,0,45.63,0.5
08-03-2022,Italy,Europe,Omicron BA.2,1,0,,12,14,0.0707,0.0483,0,0.5846,35.09,1.857
06-06-2021,Indonesia,Asia,Delta,6,0,5,93,30,0.2025,0.2226,3,0.0659,85.03,0.4
07-06-2022,Canada,North America,Omicron BA.2,6,0,5,100,108,0.0587,0.0445,0,0.7206,44.07,1.194
07-05-2021,Japan,Asia,Delta,2,0,1,31,30,0.0732,,1,0.1751,59.22,0.689
18-10-2021,South Korea,Asia,Omicron,1,0,0,11,21,0.0631,0.0871,0,0.3916,43.88,1.11
21-10-2022,Italy,Europe,Omicron BA.2,4,0,,70,80,0.0482,,0,0.92,24.09,1.421
16-04-2020,Spain,Europe,Original,1,0,0,14,,,0.1588,0,0,77.33,0.4
21-07-2020,Japan,Asia,Original,1,0,0,17,12,0.0691,0.1232,0,0,73.47,0.4
31-03-2020,Russia,Europe,Original,53,1,49,808,,,0.1536,36,0,78.41,0.4
04-03-2020,Spain,Europe,Original,1,0,0,11,21,0.0464,0.161,0,0,80.39,0.4
13-08-2022,Mexico,North America,Omicron BA.2,147,3,,1758,1470,0.0817,0.0391,,0.5325,36.06,1.5
16-04-2020,France,Europe,Original,3,0,2,52,,,,1,0,86.49,
07-02-2022,Italy,Europe,Omicron,5,0,4,74,115,0.0425,0.0477,0,0.5546,28.52,1.784
22-01-2021,UK,Europe,Alpha,19,0,18,285,228,0.1035,0.1399,7,0.0322,77.71,0.4
05-03-2020,Italy,Europe,Original,1,0,0,10,15,0.0528,0.0939,0,0,80.78,0.4
02-11-2020,Australia,Oceania,Alpha,1,0,0,13,22,0.036,0.1221,0,0,36.7,
27-01-2021,Canada,North America,Alpha,1,0,0,14,18,0.0326,0.155,0,0.035,59.35,0.482
06-10-2022,Brazil,South America,Omicron BA.2,82,1,,1275,902,0.0856,0.0516,15,0.5576,10.96,2.613
01-11-2021,Brazil,South America,Omicron,112,1,106,1329,896,0.1249,0.0607,12,0.2782,55.35,0.727
07-05-2020,USA,North America,Original,18,0,16,299,,,,11,,66.2,0.4
17-05-2022,Italy,Europe,Omicron BA.2,5,0,,55,85,0.0579,0.0477,0,0.6784,33.93,1.753
14-02-2022,USA,North America,Omicron BA.2,11,0,10,176,154,0.0684,,0,0.5787,41.14,1.471
01-11-2022,Indonesia,Asia,Omicron BA.2,26,0,,277,78,0.3448,0.0414,2,,36.6,
15-07-2020,Mexico,North America,Original,2,0,1,25,14,0.1421,,0,0,80.67,0.4
21-01-2022,Mexico,North America,Omicron,3,0,2,46,27,0.1069,,0,0.3382,38.51,1.38
13-07-2020,Brazil,South America,Original,4,0,3,49,24,0.1639,,,0,70.98,0.4
25-08-2020,India,Asia,Original,314,5,302,5212,2512,0.117,0.1113,102,0,62.36,0.426
25-09-2020,Colombia,South America,Original,4,0,3,67,36,0.1058,,,0,40.81,0.432
28-08-2020,Japan,Asia,Original,8,0,7,138,192,0.049,,4,,57.21,0.52
06-10-2021,Turkey,Asia,Omicron,61,0,57,1023,488,0.1247,0.0796,12,0.2487,58.69,0.796
26-05-2021,South Africa,Africa,Delta,5,0,4,75,15,0.3223,0.1942,2,0.0903,86.48,0.4
25-04-2022,Japan,Asia,Omicron BA.2,11,0,10,162,253,0.0513,0.0411,1,0.6729,,1.86
06-04-2022,Argentina,South America,Omicron BA.2,17,0,,272,119,0.1263,0.0589,2,0.4011,29.5,1.262
30-06-2022,France,Europe,Omicron BA.2,11,0,10,136,264,0.044,,0,0.7565,21.25,1.331
04-01-2022,Indonesia,Asia,Omicron,212,3,204,2476,636,0.3378,,47,0.1894,36.89,1.571
27-01-2021,Canada,North America,Alpha,7,0,6,94,84,0.0743,0.11,1,0.058,71.29,0.422
02-10-2020,Indonesia,Asia,Original,320,9,303,4818,960,0.3325,0.1619,,0,30.65,0.521
07-09-2022,UK,Europe,Omicron BA.2,1,0,0,15,13,0.0687,,0,0.8637,32.9,1.661
21-06-2021,Mexico,North America,Delta,1,0,0,10,9,0.1151,0.1116,0,0.1317,66.43,0.666
10-04-2022,Colombia,South America,Omicron BA.2,3,0,2,35,21,0.1317,0.0727,0,0.4046,30.29,1.303
11-04-2020,Canada,North America,Original,1,0,0,12,14,0.0711,0.2054,0,0,,
26-07-2021,Spain,Europe,Delta,3,0,2,42,69,0.0496,0.1395,0,0.2809,55.93,0.844
09-07-2021,South Korea,Asia,Delta,5,0,4,55,80,0.0775,0.1625,2,0.2654,75.2,0.535
19-06-2022,South Korea,Asia,Omicron BA.2,14,0,,152,294,0.0365,,1,0.7298,16.04,1.72
05-03-2020,Argentina,South America,Original,2,0,1,21,,,0.1045,,,,
05-10-2020,South Africa,Africa,Original,3,0,2,30,15,0.2278,0.1085,,,,0.433
24-12-2020,Colombia,South America,Alpha,14,0,13,239,112,0.1256,0.1726,,,,0.477
14-04-2022,Japan,Asia,Omicron BA.2,23,0,,238,345,0.0654,0.0588,2,0.6495,,2.187
24-06-2020,India,Asia,Original,56,1,53,977,392,0.1421,0.1102,24,0,55.59,0.48
09-03-2021,Russia,Europe,Alpha,7,0,6,123,49,0.137,0.1341,,0.0557,63.21,0.624
17-11-2022,Germany,Europe,Omicron BA.2,87,0,84,973,1044,0.0746,0.0288,4,0.92,36.16,0.839
24-03-2022,Argentina,South America,Omicron BA.2,34,0,31,547,374,0.0776,0.0541,8,0.4027,34.43,1.511
06-11-2020,Brazil,South America,Alpha,1,0,0,14,6,0.1593,0.1225,0,0,39.95,0.948
28-01-2020,Italy,Europe,Original,2,0,1,35,48,0.0353,0.1403,1,0,,0.87
12-10-2021,India,Asia,Delta,67,1,64,915,737,0.0841,,40,0.2525,38.55,1
20-05-2022,Indonesia,Asia,Omicron BA.2,6,0,5,68,18,0.3269,0.0486,0,0.2444,26.69,1.517
31-12-2022,UK,Europe,Omicron BA.2,5,0,4,56,70,0.0506,0.0204,0,0.92,34.45,0.984
14-10-2022,Argentina,South America,Omicron BA.2,6,0,5,103,42,0.1236,0.0614,1,0.594,9.28,2.041
01-02-2021,South Korea,Asia,Alpha,1,0,0,17,17,0.0645,0.1994,0,0.0395,54.76,0.765
26-12-2022,France,Europe,Omicron BA.2,22,0,,244,506,0.055,0.0377,2,0.92,34.48,0.927
10-02-2021,Mexico,North America,Alpha,9,0,7,105,81,0.12,0.1065,3,0.026,,0.4
26-02-2020,Italy,Europe,Original,2,0,1,32,26,0.0726,0.0981,0,0,86.63,0.4
01-10-2020,France,Europe,Original,6,0,5,80,72,0.0862,0.1417,3,,62.94,
19-11-2020,Turkey,Asia,Alpha,7,0,6,118,70,0.0961,0.2006,5,0,35.48,0.771
17-05-2022,Colombia,South America,Omicron BA.2,3,0,,48,21,0.1387,,0,0.4503,34.82,1.324
13-08-2022,South Korea,Asia,Omicron BA.2,5,0,4,86,60,0.0923,0.0368,0,0.8179,19.13,2.093
26-09-2020,Argentina,South America,Original,13,0,11,156,91,0.1351,0.1712,4,0,48.97,0.65
18-06-2021,France,Europe,Delta,3,0,2,53,45,0.0553,0.1199,1,0.2304,80.99,0.4
07-11-2020,South Korea,Asia,Original,1,0,0,15,22,0.0411,0.0901,0,0,60.34,0.414
09-12-2022,Brazil,South America,Omicron BA.2,85,1,79,1135,595,0.1464,,11,0.6451,37.48,1.478
25-03-2020,Brazil,South America,Original,65,0,4,59,45,0.1161,0.1813,1,,81.69,0.4
15-06-2020,Germany,Europe,Original,7,0,6,117,98,0.0626,0.156,5,0,62.08,0.4
09-09-2021,Russia,Europe,Delta,3,0,2,45,18,0.1759,0.1077,,0.2068,69.36,0.54
01-06-2022,South Africa,Africa,Omicron BA.2,2,0,1,24,6,0.323,0.091,0,0.2739,26.66,1.498
01-11-2021,Australia,Oceania,Omicron,4,0,3,64,60,0.0569,0.0751,1,0.4396,47.75,1.072
31-10-2020,Colombia,South America,Alpha,1,0,0,12,8,0.117,0.1074,0,0,47.08,
23-09-2021,USA,North America,Delta,50,0,46,535,1000,0.0312,0.1624,25,0.37,46.65,0.939
05-06-2021,South Africa,Africa,Delta,14,0,13,236,56,0.2434,0.1725,,,85.1,0.4
23-04-2021,Canada,North America,Delta,13,0,12,152,260,0.0449,0.1709,6,0.1437,82.54,0.4
09-03-2020,Indonesia,Asia,Original,5,0,4,63,20,0.2434,0.1727,3,,82.26,0.4
17-10-2022,UK,Europe,Omicron BA.2,11,0,10,142,176,0.057,0.0319,1,0.9057,13.08,1.348
27-11-2021,Italy,Europe,Omicron,205,2,196,3371,4510,0.0356,0.084,69,0.4496,28.16,1.638
13-12-2020,Colombia,South America,Alpha,5,0,4,64,30,0.1686,0.2065,3,0,,0.4
12-01-2022,Argentina,South America,Omicron,9,0,8,106,81,0.1226,0.0501,,0.3516,41.58,
20-12-2020,Mexico,North America,Alpha,8,0,7,79,56,0.1493,0.1438,2,0,,0.4
15-05-2020,UK,Europe,Original,3,0,2,53,69,0.0379,0.207,2,,50.7,0.611
19-10-2022,Brazil,South America,Omicron BA.2,41,0,,646,451,0.0818,0.068,,0.5688,12.08,2.718
07-11-2020,UK,Europe,Alpha,1,0,0,13,18,0.0706,0.1104,0,0,37.88,0.711
19-09-2020,Spain,Europe,Original,3,0,2,44,60,0.0228,0.2099,1,0,58.65,0.4
24-11-2021,Brazil,South America,Omicron,337,4,309,5297,2696,0.1151,0.056,62,0.2968,32.84,1.49
29-04-2020,Canada,North America,Original,15,0,14,248,300,0.0337,0.1147,6,0,72.08,0.4
16-07-2022,USA,North America,Omicron BA.2,33,0,31,427,396,0.0855,0.0269,1,0.7925,22.59,1.578
10-12-2022,Brazil,South America,Omicron BA.2,4,0,,64,36,0.1092,0.0592,0,0.6174,32.58,1.864
26-08-2020,UK,Europe,Original,2,0,1,21,40,0.0433,0.1419,0,,35.95,0.484
22-02-2022,USA,North America,Omicron BA.2,5,0,4,69,85,0.0723,0.0483,0,0.5821,49.15,1.466
23-09-2020,France,Europe,Original,11,0,10,149,154,0.0738,,3,0,45.91,0.446
29-07-2020,France,Europe,Original,3,0,2,34,57,0.0622,0.1751,1,,51.37,0.552
29-05-2021,UK,Europe,Delta,19,0,17,195,361,0.0347,0.1392,5,0.1976,73.16,0.563
30-11-2021,Colombia,South America,Omicron,2,0,1,27,20,0.0911,0.0757,0,0.3005,25.48,1.422
19-07-2021,India,Asia,Delta,9913,172,9508,110943,89217,0.1203,0.1318,,0.1425,,0.4
13-07-2020,Turkey,Asia,Original,1,0,0,17,10,0.1059,0.1077,0,0,54.66,
28-03-2020,Mexico,North America,Original,11,0,9,153,,,0.1739,7,0,92.23,0.4
03-08-2021,Colombia,South America,Delta,3,0,2,49,21,0.1578,0.1158,0,0.1788,69.1,0.4
29-12-2022,Italy,Europe,Omicron BA.2,80,0,75,1393,1440,0.0711,0.0205,8,0.92,31.27,1.123
27-10-2020,Italy,Europe,Original,2,0,1,20,32,0.0545,0.1332,0,0,,0.463
28-09-2021,Pakistan,Asia,Delta,5,0,4,57,25,0.2159,0.1446,1,0.1379,59.56,0.914
26-08-2022,Turkey,Asia,Omicron BA.2,24,0,,334,216,0.1031,0.0426,3,0.5467,11.9,2.006
12-07-2021,Colombia,South America,Delta,19,1,17,332,171,0.1184,0.1672,14,0.1699,74.39,0.42
20-04-2020,Italy,Europe,Original,2,0,1,24,46,0.0298,,0,,91.26,0.4
08-04-2022,Argentina,South America,Omicron BA.2,6,0,5,104,36,0.16,0.0659,,0.4162,27.63,1.265
10-03-2022,Indonesia,Asia,Omicron,108,2,99,1082,432,0.2339,0.106,30,0.1984,27.9,2.081
11-08-2020,Italy,Europe,Original,2,0,1,24,46,0.0464,,0,0,62.4,0.4
19-02-2020,Turkey,Asia,Original,7,0,6,71,42,0.1783,0.1126,,0,,0.761
13-09-2022,Colombia,South America,Omicron BA.2,1,0,0,16,8,0.1169,0.0476,,0.5525,25.63,1.285
17-05-2021,Japan,Asia,Delta,30,0,27,307,600,0.0611,0.224,14,0.1827,58.01,0.9
18-05-2022,USA,North America,Omicron BA.2,45,0,,674,1035,0.0197,,6,0.6892,5.16,1.58
14-10-2021,South Africa,Africa,Omicron,1,0,0,16,5,0.2113,0.0912,0,,39.81,1.131
27-01-2020,Indonesia,Asia,Original,13,1,12,227,52,0.2309,0.1429,,,12.72,0.997
27-05-2020,Brazil,South America,Original,1,0,0,16,7,0.1466,0.1848,0,0,64.13,0.462
12-07-2022,UK,Europe,Omicron BA.2,24,0,23,238,336,0.0758,0.027,1,0.7813,31.27,1.09
24-07-2020,Germany,Europe,Original,1,0,0,15,15,0.0518,0.0982,0,,75.41,0.4
26-01-2021,South Korea,Asia,Alpha,11,0,10,182,253,0.0528,0.164,5,0.0359,65.15,0.4
04-01-2021,Spain,Europe,Alpha,1,0,0,16,17,0.0661,0.1222,0,0,57.33,0.614
24-07-2020,Brazil,South America,Original,5,0,4,79,40,0.1434,0.2098,,0,,0.673
17-07-2020,Russia,Europe,Original,15,0,13,155,90,0.1682,0.1468,,0,73.97,0.4
13-03-2022,Canada,North America,Omicron BA.2,1,0,,15,12,0.0856,0.0594,0,0.6123,22.47,
03-07-2021,South Korea,Asia,Delta,2,0,1,34,36,0.0483,0.1537,0,0.2658,76.46,0.433
28-04-2020,Russia,Europe,Original,10,0,9,117,,,0.1618,,,87.35,0.4
11-09-2022,Japan,Asia,Omicron BA.2,17,0,,309,221,0.0762,0.022,1,0.8558,12.29,1.458
16-03-2022,Canada,North America,Omicron BA.2,10,0,9,150,200,0.0365,0.0566,2,0.6007,25.96,
21-02-2021,UK,Europe,Alpha,2,0,1,19,34,0.0624,0.2026,0,0.0697,58.75,0.4
20-04-2022,Turkey,Asia,Omicron BA.2,1,0,0,15,6,0.1734,,0,0.4387,26.85,1.696
28-10-2022,Indonesia,Asia,Omicron BA.2,10,0,9,163,50,0.1999,0.0407,1,0.3288,13.1,2.241
08-08-2022,Mexico,North America,Omicron BA.2,47,1,44,828,329,0.1269,0.058,12,0.5091,25.09,2.098
29-12-2022,South Korea,Asia,Omicron BA.2,5,0,,79,90,0.0513,0.0269,0,0.92,18.05,1.036
29-08-2020,Canada,North America,Original,1,0,0,16,19,0.0763,0.1207,0,0,50.85,0.487
14-02-2021,South Africa,Africa,Alpha,2,0,1,31,6,0.3482,0.153,,,65.66,0.4
03-07-2020,South Korea,Asia,Original,3,0,2,36,45,0.0714,0.1166,1,0,70.34,0.4
09-06-2022,Brazil,South America,Omicron BA.2,38,0,36,420,418,0.0932,0.066,7,0.4838,29.57,1.314
06-03-2020,Mexico,North America,Original,74,3,68,1162,,,0.1184,29,0,70.33,0.4
05-04-2021,Russia,Europe,Delta,21,1,19,286,189,0.1233,0.1219,,0.0818,79.35,0.4
19-12-2020,Spain,Europe,Alpha,3,0,2,46,69,0.0431,0.2064,2,0,58.12,0.518
18-08-2021,Italy,Europe,Delta,12,0,11,184,144,0.0655,0.1533,7,0.3171,,0.964
29-11-2020,Japan,Asia,Alpha,3,0,2,47,72,0.0332,0.1657,1,,43.93,0.715
25-09-2022,Germany,Europe,Omicron BA.2,8,0,7,119,120,0.051,0.0297,0,0.8735,,1.719
19-10-2020,Australia,Oceania,Original,1,0,0,17,22,0.0536,0.1367,0,0,,0.54
06-08-2020,Pakistan,Asia,Original,33,1,30,519,165,0.2265,0.1668,14,,54.17,0.622
29-01-2020,France,Europe,Original,50,1,46,828,1200,0.0282,0.1872,34,0,9.36,
16-03-2020,Turkey,Asia,Original,32,0,30,406,224,0.908766312,0.171,,0,84.67,0.4
31-07-2020,Germany,Europe,Original,15,0,13,253,360,0.0402,0.1917,13,0,58.45,0.4
04-10-2022,UK,Europe,Omicron BA.2,1,0,,17,14,0.0592,0.0338,0,0.8912,26.92,1.476
22-07-2021,Colombia,South America,Delta,1,0,0,12,11,0.0917,0.233,,0.1685,79.51,0.425
30-01-2020,Turkey,Asia,Original,7,0,6,106,63,0.1182,0.1201,2,0,,0.758
01-06-2022,South Korea,Asia,Omicron BA.2,13,0,12,225,273,0.0663,0.0374,2,0.7209,9.5,1.544
31-10-2022,India,Asia,Omicron BA.2,132,0,127,1732,792,0.154,0.0481,,0.5915,37.48,1.058
13-08-2022,Colombia,South America,Omicron BA.2,3,0,,46,33,0.0944,0.0306,0,0.5409,42.07,0.944
31-12-2021,Russia,Europe,Omicron,2,0,1,26,12,0.1738,0.0815,0,0.3459,37.66,1.195
12-12-2020,Japan,Asia,Alpha,8,0,7,114,112,0.0842,0.1239,2,0,,0.702
23-05-2022,Canada,North America,Omicron BA.2,9,0,8,138,207,0.0433,0.0537,1,0.7095,14.82,1.257
24-02-2022,Argentina,South America,Omicron,1,0,0,13,10,0.11,0.0685,0,0.3744,51.81,1.382
07-02-2021,Germany,Europe,Alpha,2,0,1,30,30,0.0652,0.1447,1,0.0214,51.45,0.483
31-01-2022,Turkey,Asia,Omicron,8,0,7,98,64,0.1279,0.0754,1,0.3446,46.55,0.933
13-08-2022,South Korea,Asia,Omicron BA.2,14,0,,174,168,0.0845,0.0281,0,0.8028,36.72,0.99
06-06-2022,Spain,Europe,Omicron BA.2,1,0,,16,19,0.0276,,0,0.7284,,1.808
18-02-2021,France,Europe,Alpha,38,1,34,397,608,0.0681,0.1128,10,,68.17,0.4
05-05-2021,Argentina,South America,Delta,1,0,0,16,9,0.1073,0.1744,0,0.1111,62.18,0.903
01-06-2020,Australia,Oceania,Original,1,0,0,13,22,0.0337,0.1803,0,0,71.21,0.4
18-07-2021,France,Europe,Delta,58,1,55,661,696,0.082,0.2085,32,0.2701,55.53,0.867
03-09-2022,Russia,Europe,Omicron BA.2,17,0,,196,187,0.0886,0.0592,2,0.5242,18.58,2.442
05-09-2022,Canada,North America,Omicron BA.2,1,0,,14,19,0.0382,,0,0.8451,,1.522
28-06-2022,Indonesia,Asia,Omicron BA.2,89,1,83,903,356,0.2549,0.0918,16,,15.87,2.985
01-12-2022,Turkey,Asia,Omicron BA.2,54,0,52,658,324,0.1714,0.0537,6,0.6237,30,1.253
27-01-2020,Canada,North America,Original,12,0,11,143,288,0.0565,0.1585,6,,18.93,0.909
19-08-2020,Russia,Europe,Original,55,1,51,554,330,0.1639,0.1856,24,0,50.28,
24-04-2021,USA,North America,Delta,36,0,34,515,756,0.0529,0.2004,22,0.1589,71.76,0.4
27-01-2021,Indonesia,Asia,Alpha,10,1,9,115,30,0.3433,0.1674,,0.0119,69.26,0.512
30-10-2020,Japan,Asia,Alpha,32,0,30,451,608,0.0563,0.2209,17,0,45.56,0.911
15-12-2020,India,Asia,Alpha,65,1,62,662,585,0.119,0.2016,,0,50.39,0.494
28-12-2022,UK,Europe,Omicron BA.2,21,0,20,367,252,0.0986,0.0181,1,0.92,37.55,1.398
24-05-2020,Japan,Asia,Original,1,0,0,10,15,0.0518,0.1089,0,0,65.69,0.4
03-11-2020,Italy,Europe,Original,7,0,6,108,161,0.0353,0.101,2,,58.15,0.501
24-09-2022,Brazil,South America,Omicron BA.2,166,2,,2144,1660,0.1002,0.0389,19,0.5682,24.38,1.278
22-09-2020,USA,North America,Original,79,1,75,1322,948,0.096,0.1942,70,,52.07,0.461
08-11-2022,Colombia,South America,Omicron BA.2,3,0,2,51,18,0.1571,0.0312,0,0.6162,37.56,1.611
13-02-2020,Canada,North America,Original,1,0,0,11,20,0.0359,0.1646,0,0,16.04,
26-12-2022,South Africa,Africa,Omicron BA.2,40,0,,475,200,0.2102,0.0682,6,,28.13,1.796
02-03-2020,Japan,Asia,Original,1,0,0,12,19,0.0396,0.1576,0,0,68.56,0.4
15-09-2022,Canada,North America,Omicron BA.2,1,0,,17,20,0.0356,0.0369,0,0.8754,26.16,
10-03-2022,Pakistan,Asia,Omicron,5,0,4,54,15,0.3384,,,0.1939,25.79,
21-12-2020,UK,Europe,Alpha,8,0,7,122,144,0.0631,0.1625,4,0,52.02,0.864
08-07-2021,South Korea,Asia,Delta,2,0,1,32,46,0.0575,0.1979,1,0.2514,81.05,0.4
06-04-2022,India,Asia,Omicron BA.2,53,0,51,897,477,0.1205,0.0772,18,0.3918,14.35,1.841
30-08-2020,Turkey,Asia,Original,1,0,0,13,8,0.13,0.1472,0,0,38.52,0.783
04-09-2022,Italy,Europe,Omicron BA.2,2,0,,30,28,0.0853,0.0452,0,0.8338,28.88,0.988
15-02-2021,India,Asia,Alpha,112,1,106,1291,1232,0.0758,0.1249,,0.0267,75.07,0.4
13-01-2022,Pakistan,Asia,Omicron,15,0,13,258,60,0.2541,0.0957,6,0.1897,35.81,1.904
07-03-2021,South Africa,Africa,Alpha,6,0,5,74,30,0.1971,0.1955,3,0.0209,50.78,0.513
21-10-2021,Australia,Oceania,Omicron,4,0,3,47,96,0.039,0.0693,0,0.4081,46.67,1.31
23-10-2020,Russia,Europe,Original,1,0,0,15,6,0.1651,0.0909,0,,58.52,0.457
04-11-2021,Japan,Asia,Omicron,1,0,0,13,12,0.098,0.073,0,0.4121,49.74,0.804
25-07-2022,USA,North America,Omicron BA.2,28,0,,488,392,0.0732,0.029,2,0.7881,11.48,1.442
08-10-2022,Pakistan,Asia,Omicron BA.2,45,0,42,505,225,0.1997,0.0583,4,0.3282,,1.787
14-11-2022,Pakistan,Asia,Omicron BA.2,42,0,40,740,168,0.2567,0.0648,14,0.3321,41.56,1.177
16-08-2022,Spain,Europe,Omicron BA.2,3,0,,41,51,0.054,0.0363,0,0.8401,39.24,1.236
16-03-2021,Canada,North America,Alpha,6,0,5,100,138,0.0496,0.1197,3,0.0965,58.94,0.675
19-10-2020,UK,Europe,Original,1,0,0,13,14,0.0861,,0,0,41.4,0.707
14-10-2020,Argentina,South America,Original,2,0,1,32,18,0.1195,0.0949,0,0,43.56,0.745
21-05-2020,Argentina,South America,Original,4,0,3,70,40,0.1003,0.1384,1,0,53.65,0.49
23-02-2021,South Korea,Asia,Alpha,2,0,1,33,30,0.0493,,1,0.0562,64.9,0.525
01-07-2021,Spain,Europe,Delta,1,0,0,13,19,0.0528,0.2137,0,0.2378,65.94,0.446
29-02-2020,France,Europe,Original,2,0,1,33,46,0.930252111,,1,0,91.58,0.4
14-09-2020,Germany,Europe,Original,5,0,4,52,90,0.0714,0.1844,2,0,41.07,0.542
06-06-2022,Russia,Europe,Omicron BA.2,8,0,,116,56,0.1282,,1,0.4805,20.13,2.097
11-11-2021,Russia,Europe,Omicron,26,0,24,362,260,0.1205,0.0521,,0.2877,49.06,1.312
27-11-2020,Indonesia,Asia,Alpha,39,1,35,403,117,0.3363,0.1806,,0,66.38,0.496
09-11-2022,Brazil,South America,Omicron BA.2,5,0,4,72,55,0.0907,0.0289,0,0.6054,16.84,1.628
10-01-2022,UK,Europe,Omicron,2,0,1,29,28,0.0761,0.0488,0,0.5205,51.97,
13-04-2021,Mexico,North America,Delta,22,1,19,278,132,0.1707,,,0.1005,65.81,0.45
25-03-2020,Pakistan,Asia,Original,11,0,10,126,,,0.1052,,0,77.8,
08-08-2020,Japan,Asia,Original,1,0,0,15,16,0.0897,0.1876,0,0,60.2,0.419
12-12-2022,Mexico,North America,Omicron BA.2,6,0,5,97,48,0.106,0.0278,,0.6263,10.73,1.918
10-08-2021,Canada,North America,Delta,1,0,0,14,19,0.0487,0.1197,0,0.3028,55.35,0.801
11-03-2020,Brazil,South America,Original,44,1,39,479,,,0.1621,19,0,86.88,0.4
16-11-2022,Indonesia,Asia,Omicron BA.2,5,0,,60,15,0.3211,0.0837,1,0.3455,29.9,1.861
09-03-2020,Germany,Europe,Original,1,0,0,14,15,0.0822,0.1211,0,0,80.84,0.4
03-04-2020,Canada,North America,Original,1,0,0,15,13,0.0597,0.1936,0,,70.7,0.4
27-04-2022,India,Asia,Omicron BA.2,30,0,,396,180,0.1534,,,0.4235,26.71,1.759
27-05-2020,Colombia,South America,Original,1,0,0,11,7,0.1535,0.0901,,,,0.499
14-09-2021,France,Europe,Delta,2,0,1,29,40,0.0385,0.1011,0,0.351,37.67,0.695
11-06-2020,UK,Europe,Original,2,0,1,24,46,0.0501,0.1342,0,0,70.31,0.4
11-10-2021,South Africa,Africa,Delta,13,0,11,151,39,0.3156,0.1124,3,0.1284,73.11,0.4
14-11-2020,Italy,Europe,Alpha,1,0,0,15,12,0.0806,0.1268,0,0,49.7,0.841
12-10-2020,Italy,Europe,Original,13,0,12,176,312,0.0339,0.1241,4,0,54.52,0.494
10-09-2020,Australia,Oceania,Original,1,0,0,14,13,0.0749,0.1447,0,0,51.35,0.4
21-08-2021,Russia,Europe,Delta,8,0,7,85,80,0.1103,0.1942,,0.2054,38.77,1.274
03-02-2021,USA,North America,Alpha,18,0,16,264,216,0.0772,0.1184,5,0.0365,57.51,0.572
26-06-2020,Canada,North America,Original,1,0,0,12,15,0.0616,,0,0,53.79,
23-02-2021,Brazil,South America,Alpha,16,1,14,270,176,0.0957,0.1022,5,,,
11-11-2021,Argentina,South America,Delta,14,0,12,174,126,0.1038,0.164,,0.2675,53.22,1.03
26-05-2021,Italy,Europe,Delta,8,0,7,96,112,0.054,0.1774,3,0.2064,74.36,0.4
22-02-2022,Turkey,Asia,Omicron,40,0,38,427,440,0.112,0.0762,5,0.3546,53.57,0.986
02-09-2021,Australia,Oceania,Delta,8,0,7,96,192,0.0377,0.1985,5,0.3347,58.57,0.88
16-08-2021,India,Asia,Delta,118,1,112,1852,944,0.1215,0.1542,51,0.2014,61.18,0.541
02-01-2022,USA,North America,Omicron,1,0,0,17,21,0.037,0.071,0,0.5051,23.29,1.974
22-08-2021,France,Europe,Delta,6,0,5,94,114,0.0368,0.1094,2,0.3277,66.14,0.625
21-08-2022,Japan,Asia,Omicron BA.2,142,0,136,1647,2840,0.0657,0.0303,11,0.8329,23.02,1.965
05-11-2022,India,Asia,Omicron BA.2,341,1,,5197,3410,0.1024,0.0338,43,0.5994,33.53,
21-11-2021,Turkey,Asia,Omicron,22,0,20,355,198,0.1217,,6,0.2993,32.04,2.057
14-02-2022,USA,North America,Omicron,2,0,1,31,24,0.0697,0.0693,0,0.5838,,1.052
16-03-2022,Indonesia,Asia,Omicron BA.2,32,1,29,549,96,0.3346,0.056,,,41.77,
16-02-2021,Spain,Europe,Alpha,44,1,40,752,968,0.0518,0.1537,29,0.0594,63.38,0.4
12-11-2021,Russia,Europe,Delta,10,0,9,99,60,0.1635,0.1208,3,0.274,44.54,0.632
09-09-2021,India,Asia,Delta,34,1,31,468,306,0.1299,0.2155,27,0.2112,54.08,1.013
03-03-2022,Japan,Asia,Omicron BA.2,1,0,,14,15,0.0604,0.0348,0,0.5991,40.88,0.998
02-12-2022,Brazil,South America,Omicron BA.2,16,0,,184,144,0.1238,0.0472,1,0.6182,36.37,1.452
30-01-2022,Turkey,Asia,Omicron,7,0,6,70,70,0.0929,0.0588,,0.3534,25.8,1.374
23-12-2022,India,Asia,Omicron BA.2,98,0,93,967,980,0.0981,0.0453,11,0.6509,38.7,1.431
25-09-2020,Argentina,South America,Original,2,0,1,22,18,0.1133,,0,0,33.11,0.568
05-01-2021,South Africa,Africa,Alpha,10,0,9,170,30,0.3279,0.1131,,,57.3,0.451
20-09-2020,France,Europe,Original,1,0,0,14,23,0.0272,0.1623,0,0,57.13,0.458
28-02-2021,Russia,Europe,Alpha,1,0,0,17,8,0.1182,0.1233,0,0.0375,51.54,0.726
21-03-2020,Mexico,North America,Original,1,0,0,10,,,0.2009,0,0,,0.4
15-07-2022,Colombia,South America,Omicron BA.2,8,0,7,109,48,0.1721,0.0426,0,0.5165,29.21,2.145
23-01-2020,Germany,Europe,Original,1,0,0,16,13,0.0754,0.1887,0,,15.93,0.911
02-02-2020,Spain,Europe,Original,1,0,0,14,,,0.2063,0,,10.69,0.925
26-02-2022,Colombia,South America,Omicron,1,0,0,16,10,0.0832,0.0815,0,0.3749,44.76,0.927
19-02-2022,Australia,Oceania,Omicron BA.2,8,0,7,81,120,0.0593,0.0552,0,0.5644,39.13,
20-09-2022,Mexico,North America,Omicron BA.2,36,0,34,506,396,0.0827,,3,0.5666,36.25,0.998
29-01-2020,USA,North America,Original,80,1,73,1339,1040,0.0632,0.0931,35,0,14.34,1.008
01-01-2021,Spain,Europe,Alpha,3,0,2,44,66,0.0557,0.2186,2,0,52.48,0.669
30-09-2020,South Korea,Asia,Original,9,0,8,95,216,0.0346,0.155,3,,39.8,0.806
12-02-2021,Canada,North America,Alpha,1,0,0,15,18,0.0589,0.1928,0,,51.83,0.652
08-12-2021,France,Europe,Omicron,13,0,12,159,273,0.0552,,2,0.4582,29.87,1.916
21-06-2021,Colombia,South America,Delta,5,0,4,72,35,0.1363,0.1741,2,0.157,77.28,0.462
01-01-2022,Canada,North America,Omicron,3,0,2,34,66,0.0445,0.0473,0,0.495,26.35,
24-12-2020,Indonesia,Asia,Alpha,22,1,20,266,66,0.3277,0.1094,,0,60.75,0.531
10-02-2020,India,Asia,Original,187,0,174,2368,,,0.0992,,,12.71,1.221
24-11-2020,South Korea,Asia,Alpha,1,0,0,17,24,0.0348,0.1523,0,0,37.67,1.053
18-01-2022,Mexico,North America,Omicron,1,0,0,12,11,0.0732,0.0569,0,0.3393,42.89,1.374
01-10-2021,Russia,Europe,Delta,14,0,13,181,126,0.1108,0.203,8,0.2544,64.46,
08-08-2022,France,Europe,Omicron BA.2,6,0,5,59,108,0.0679,0.0433,0,0.8243,,2.12
09-03-2021,Italy,Europe,Alpha,1,0,0,10,14,0.0803,0.1716,0,0.0885,48.76,0.831
30-11-2021,South Korea,Asia,Omicron,2,0,1,25,48,0.0565,0.0484,0,0.4649,28.97,1.192
22-08-2022,France,Europe,Omicron BA.2,11,0,10,164,253,0.0336,,1,0.8352,31.39,0.997
12-12-2020,UK,Europe,Alpha,27,0,25,279,621,0.0387,0.1024,4,0,59.15,0.637
22-01-2022,USA,North America,Omicron,26,0,24,431,598,0.0479,0.0759,5,0.536,47.19,1.27
11-05-2022,Germany,Europe,Omicron BA.2,1,0,0,17,17,0.064,0.0295,0,0.6821,15.21,1.451
26-04-2022,Australia,Oceania,Omicron BA.2,2,0,,19,38,0.0608,0.0262,0,0.6635,16.26,1.671
05-12-2020,Japan,Asia,Alpha,100,1,92,1165,1700,0.0677,0.1242,35,0,66.36,0.4
08-06-2021,Spain,Europe,Delta,6,0,5,93,78,0.0791,0.145,2,0.21,67.8,0.488
08-05-2022,India,Asia,Omicron BA.2,955,6,,16365,5730,0.1599,0.0596,,0.448,39.96,
01-01-2021,India,Asia,Alpha,13,0,12,202,130,0.1093,0.2028,8,0,64.01,0.529
30-01-2021,Colombia,South America,Alpha,1,0,0,9,11,0.1116,0.1481,,0.0106,63.34,
15-04-2020,South Korea,Asia,Original,7,0,6,96,119,0.0671,0.128,2,0,72.79,0.4
10-02-2021,Russia,Europe,Alpha,8,0,7,132,64,0.1257,0.1259,,0.0397,51.78,0.566
27-01-2020,South Africa,Africa,Original,1,0,0,15,3,0.3466,0.132,,,19.36,0.566
21-05-2020,Australia,Oceania,Original,3,0,2,47,45,0.0689,,1,,51.53,0.623
04-04-2021,Germany,Europe,Alpha,6,0,5,96,126,0.047,0.2046,3,0.1343,71.04,0.423
26-09-2021,Turkey,Asia,Delta,2,0,1,24,22,0.0987,,0,0.2369,53.67,0.597
21-07-2021,Spain,Europe,Delta,16,0,15,196,288,0.0455,0.1353,7,0.2677,75.95,0.4
10-03-2020,France,Europe,Original,10,0,9,135,140,0.0919,0.1319,4,0,,0.419
12-08-2021,India,Asia,Delta,94,1,90,1244,1034,0.0771,0.2103,39,0.1985,51.2,1.025
03-09-2020,France,Europe,Original,2,0,1,20,38,0.0548,0.1178,0,0,51.15,0.478
06-12-2022,Australia,Oceania,Omicron BA.2,1,0,0,12,18,0.0736,0.018,0,0.92,29.86,1.235
01-03-2020,Turkey,Asia,Original,10,0,9,168,80,0.1307,0.1397,5,0,88.42,0.4
15-05-2022,Canada,North America,Omicron BA.2,20,0,19,298,460,0.0404,0.0437,3,0.6675,35.06,1.557
20-11-2022,Pakistan,Asia,Omicron BA.2,28,0,26,462,140,0.2104,0.0566,6,0.3346,24.08,2.66
22-05-2020,Canada,North America,Original,5,0,4,50,60,0.0768,0.1542,2,0,70.71,0.4
20-10-2020,South Africa,Africa,Original,1,0,0,10,3,0.3371,0.0968,0,0,,0.534
13-10-2020,UK,Europe,Original,4,0,3,41,56,0.0592,0.1444,1,0,57.62,0.4
17-05-2021,India,Asia,Delta,278,7,257,4599,1946,0.1561,0.1383,,0.1041,65.8,0.704
10-09-2021,Mexico,North America,Delta,4,0,3,57,24,0.1776,,2,0.2161,69.06,0.4
16-12-2021,Brazil,South America,Omicron,25,0,23,454,250,0.0818,0.0561,,0.3048,32.76,1.538
12-09-2020,Pakistan,Asia,Original,35,1,32,528,105,0.3221,0.2037,17,,53.51,0.636
12-12-2020,Colombia,South America,Alpha,5,0,4,60,30,0.156,0.1228,,0,78.32,0.4
24-10-2022,USA,North America,Omicron BA.2,67,0,,1207,804,0.0955,0.0254,8,0.9103,12.01,2.1
24-03-2022,Indonesia,Asia,Omicron BA.2,254,3,,2929,1016,0.2565,0.0473,,0.222,28.91,2.578
19-11-2021,Argentina,South America,Omicron,7,0,6,70,63,0.1008,,,0.2891,,1.162
06-03-2020,Canada,North America,Original,1,0,0,12,14,0.0792,0.1674,0,0,81.14,0.4
22-11-2022,Turkey,Asia,Omicron BA.2,27,0,25,302,270,0.1009,0.055,4,0.6062,32.1,1.235
16-06-2020,Argentina,South America,Original,1,0,0,17,11,0.0878,0.1888,0,0,48.32,0.685
30-12-2020,Turkey,Asia,Alpha,1,0,0,16,7,0.1537,0.1328,,0,54.62,0.801
09-06-2020,Indonesia,Asia,Original,16,1,14,188,64,0.246,0.1902,6,0,48,0.622
19-01-2022,Pakistan,Asia,Omicron,54,0,50,915,216,0.2662,0.0515,13,0.1874,53.6,1.187
12-12-2022,Pakistan,Asia,Omicron BA.2,73,1,,872,365,0.2009,0.0525,,,12.6,2.814
14-04-2022,Russia,Europe,Omicron BA.2,6,0,,108,48,0.1254,0.057,,0.4039,33.85,1.466
10-01-2021,Argentina,South America,Alpha,5,0,4,49,35,0.1416,0.2271,2,0,57.76,0.474
24-07-2022,Australia,Oceania,Omicron BA.2,4,0,3,45,56,0.0891,0.0373,0,0.783,29.67,1.696
08-06-2021,India,Asia,Delta,143,3,132,1649,1001,0.1393,0.2285,71,0.1342,74.26,0.4
31-05-2021,Indonesia,Asia,Delta,6,0,5,86,18,0.3312,0.2135,5,,72.87,0.61
01-05-2020,Australia,Oceania,Original,6,0,5,108,120,0.0487,,4,0,68.93,0.4
20-05-2021,Turkey,Asia,Delta,8,0,7,125,72,0.1279,0.1615,5,0.1342,69.51,0.419
04-02-2022,Spain,Europe,Omicron BA.2,11,0,10,142,187,0.0632,0.0674,2,0.5511,,1.881
01-05-2021,France,Europe,Delta,2,0,1,27,30,0.0521,0.1429,0,0.1712,75.98,0.436
18-09-2022,Japan,Asia,Omicron BA.2,1,0,0,10,12,0.095,0.0192,0,0.8747,28.84,1.674
14-08-2020,Germany,Europe,Original,2,0,1,31,44,0.0552,0.1574,1,,51.42,0.62
10-02-2020,USA,North America,Original,162,1,151,1791,2592,0.0725,,61,0,13.53,0.967
15-09-2022,Spain,Europe,Omicron BA.2,2,0,1,19,40,0.0497,0.0196,0,0.8868,,1.122
27-12-2022,India,Asia,Omicron BA.2,42,0,,757,252,0.159,0.0267,,0.6424,39.41,1.619
21-08-2020,Indonesia,Asia,Original,4,0,3,48,16,0.245,0.1133,1,,56.19,
24-02-2022,South Africa,Africa,Omicron BA.2,1,0,0,13,3,0.3206,0.0478,0,0.2043,40.23,1.899
26-09-2022,Brazil,South America,Omicron BA.2,85,0,,957,850,0.099,0.0419,6,0.5632,20.07,2.397
03-05-2021,Colombia,South America,Delta,11,0,10,172,66,0.1801,0.1419,4,0.1131,52.74,0.683
30-10-2020,Indonesia,Asia,Original,3,0,2,40,9,0.3241,0.1949,1,,56.64,0.433
04-03-2022,Canada,North America,Omicron BA.2,2,0,,34,40,0.0489,0.0581,0,0.6007,56.97,0.839
19-11-2022,Colombia,South America,Omicron BA.2,81,0,,886,729,0.1049,0.055,,0.6193,24.24,
22-01-2020,Japan,Asia,Original,1,0,0,11,,,0.1879,0,,17.65,1.064
31-10-2021,Mexico,North America,Omicron,15,0,13,216,150,0.0884,0.082,3,0.2797,51.34,0.812
13-10-2020,South Korea,Asia,Original,1,0,0,11,12,0.0747,0.1181,0,0,60.29,0.52
07-03-2021,Indonesia,Asia,Alpha,17,1,15,198,85,0.2002,0.1342,5,0.035,51.21,0.665
12-02-2022,Argentina,South America,Omicron BA.2,25,0,23,289,175,0.1455,0.0424,2,0.3652,31.9,1.261
02-01-2022,USA,North America,Omicron,66,0,63,831,1320,0.0537,0.0662,10,0.4977,27.97,1.732
17-02-2022,Spain,Europe,Omicron BA.2,15,0,14,212,270,0.0576,0.0533,2,0.5649,34.03,1.853
04-10-2021,Germany,Europe,Omicron,12,0,0,17,19,0.0524,0.0846,0,0.3715,57.06,
27-02-2022,Turkey,Asia,Omicron,6,0,5,105,54,0.1038,0.0781,,0.3767,39.54,1.306
10-09-2022,Indonesia,Asia,Omicron BA.2,50,1,,705,150,0.3251,0.0541,10,0.3195,15.81,
01-09-2021,Germany,Europe,Delta,2,0,1,34,34,0.0394,0.1742,1,0.332,56.21,0.647
06-06-2022,Germany,Europe,Omicron BA.2,1,0,0,13,24,0.0488,0.0533,0,0.708,24.16,1.829
13-07-2022,India,Asia,Omicron BA.2,207,1,,2383,1656,0.1269,0.0655,45,0.4991,36.61,1.24
15-09-2022,Russia,Europe,Omicron BA.2,32,0,,517,288,0.1193,,,0.5677,11.21,2.281
09-03-2020,Germany,Europe,Original,8,0,7,106,112,0.0721,0.1387,2,0,82.2,0.4
11-05-2021,Canada,North America,Delta,3,0,2,34,39,0.0588,0.1361,0,0.1802,71.08,0.595
17-11-2021,Mexico,North America,Omicron,2,0,1,31,18,0.1183,0.0885,,0.2894,56.54,1.133
07-01-2021,Japan,Asia,Alpha,45,0,4,84,95,0.0605,,2,0.0065,53.18,0.673
08-03-2022,Australia,Oceania,Omicron,14,0,13,141,280,0.056,0.0458,1,0.6116,37.07,0.945
05-03-2021,India,Asia,Alpha,22,0,20,312,242,0.0931,0.1724,11,0.0533,56.68,0.756
22-06-2021,UK,Europe,Delta,1,0,0,14,20,0.0514,0.1377,0,0.224,79.36,0.4
23-01-2022,France,Europe,Omicron,1,0,0,10,22,0.0432,0.0667,0,0.5585,43.66,0.796
23-01-2020,Colombia,South America,Original,9,0,8,92,72,0.1242,0.1376,,0,7.63,1.124
17-07-2020,Mexico,North America,Original,2,0,1,27,18,0.1198,0.1172,0,,58.31,
12-04-2021,South Korea,Asia,Alpha,81,0,8,136,198,0.0433,,3,0.135,61.95,0.641
24-04-2022,Argentina,South America,Omicron BA.2,6,0,,69,42,0.1489,0.0583,0,0.433,39.24,1.975
23-08-2020,Turkey,Asia,Original,37,0,35,493,296,0.1318,0.1329,15,,41.38,0.666
01-09-2020,Canada,North America,Original,8,0,7,105,144,0.0598,0.1976,3,0,56.05,0.4
14-07-2020,UK,Europe,Original,10,0,9,124,200,0.0403,0.1537,3,0,51.84,0.52
14-03-2021,Mexico,North America,Alpha,20,1,18,236,180,0.1052,0.1291,,0.0538,57.88,0.597
21-03-2021,UK,Europe,Alpha,10,0,9,152,150,0.0808,0.1397,6,0.0962,67.7,0.437
08-10-2022,Pakistan,Asia,Omicron BA.2,62,1,,616,310,0.2072,0.0564,7,0.3402,20,1.681
04-01-2021,Mexico,North America,Alpha,5,0,4,53,30,0.1866,0.1416,1,0,75.46,0.4
22-04-2020,UK,Europe,Original,2,0,1,21,28,0.0694,0.181,0,0,84.55,0.4
02-03-2021,South Korea,Asia,Alpha,1,0,0,17,24,0.0299,0.1891,0,0.0808,76.89,0.4
06-02-2022,Italy,Europe,Omicron,6,0,5,74,114,0.0635,0.0461,0,0.5647,49.51,1.026
25-10-2021,Japan,Asia,Delta,9,0,8,146,126,0.0631,,2,0.4225,56.71,0.762
02-03-2020,Turkey,Asia,Original,3,0,2,49,,,0.1525,,0,74.27,0.4
27-04-2020,Russia,Europe,Original,42,1,38,687,294,0.1503,0.204,39,0,81.9,0.4
24-09-2022,Australia,Oceania,Omicron BA.2,19,0,18,219,323,0.08,0.0241,0,0.8826,21.26,
21-03-2020,Germany,Europe,Original,3,0,2,41,,,0.1971,1,0,72.86,0.4
24-01-2020,Italy,Europe,Original,2,0,1,33,,,0.1768,1,,5.73,1.234
19-03-2020,Japan,Asia,Original,1,0,0,11,,,0.1732,0,0,72.48,0.4
19-10-2021,USA,North America,Delta,18,0,16,215,396,0.0363,0.1549,9,0.4015,44.78,1.089
26-03-2020,Germany,Europe,Original,4,0,3,39,48,0.0827,0.1209,1,0,88.82,0.4
16-03-2022,Spain,Europe,Omicron BA.2,1,0,0,17,20,0.0538,0.0389,0,0.6121,20.21,1.97
22-03-2022,Indonesia,Asia,Omicron BA.2,21,0,20,217,105,0.2098,0.0518,,0.201,28.75,1.371
22-10-2020,Argentina,South America,Original,1,0,0,9,10,0.092,0.1919,,0,48.28,0.624
03-10-2022,Spain,Europe,Omicron BA.2,1,0,0,15,24,0.0321,0.0396,0,0.8818,37.12,1.225
07-04-2020,France,Europe,Original,1,0,0,15,,,0.1129,0,0,73.22,0.4
25-02-2022,Brazil,South America,Omicron BA.2,6,0,5,69,54,0.127,,,0.3826,48.55,1.696
02-12-2020,Mexico,North America,Alpha,17,1,15,249,153,0.1067,0.1598,8,,37.18,1.071
19-02-2022,Japan,Asia,Omicron,16,0,15,184,336,0.0313,0.0398,1,0.5814,38.98,1.028
04-02-2022,Argentina,South America,Omicron,13,0,12,191,143,0.0932,0.0448,1,0.359,36.47,1.78
12-09-2021,France,Europe,Delta,1,0,0,10,15,0.061,,0,0.3378,42.06,1.229
27-09-2022,Colombia,South America,Omicron BA.2,7,0,6,108,70,0.094,0.0437,1,0.5823,33.5,1.322
30-01-2022,Turkey,Asia,Omicron,37,0,35,387,222,0.1705,0.0537,,0.3233,35.43,0.98
29-05-2020,Colombia,South America,Original,1,0,0,9,,,,,0,71.54,0.4
27-12-2021,India,Asia,Omicron,130,1,124,1923,1430,0.0856,0.0905,46,0.3244,53.08,1.089
29-07-2021,South Africa,Africa,Delta,38,2,34,588,114,0.3238,0.225,19,,73.01,0.597
13-09-2021,Brazil,South America,Delta,3,0,2,54,24,0.128,0.1208,1,0.245,65.2,0.446
13-12-2021,France,Europe,Omicron,8,0,7,113,176,0.066,0.0543,1,0.4781,30.56,
01-02-2022,Argentina,South America,Omicron,46,0,44,742,460,0.1083,0.0696,,0.3634,40.2,1.196
16-02-2021,Mexico,North America,Alpha,128,5,118,1608,768,0.1795,0.128,,0.0469,52.43,0.74
15-08-2020,Germany,Europe,Original,4,0,3,51,72,0.0719,0.1663,1,,54.84,0.552
04-08-2022,Japan,Asia,Omicron BA.2,1,0,0,17,16,0.075,0.0281,0,0.822,13.25,1.43
26-12-2020,Russia,Europe,Alpha,28,1,25,306,196,0.1104,0.1468,13,0,63.35,
24-03-2021,Argentina,South America,Delta,1,0,0,11,9,0.1035,0.1261,,0.0698,55.1,0.895
22-03-2022,UK,Europe,Omicron BA.2,2,0,,25,42,0.0399,0.055,0,0.6211,35.95,1.81
12-09-2020,Colombia,South America,Original,1,0,0,16,7,0.1425,0.1288,0,0,50.4,0.67
13-03-2022,South Korea,Asia,Omicron BA.2,53,0,,665,795,0.0663,,9,0.6117,42.19,1.179
01-05-2020,South Korea,Asia,Original,7,0,6,83,119,0.0555,0.1909,4,0,56.51,0.4
08-10-2020,Australia,Oceania,Original,2,0,1,34,32,0.0588,0.1839,1,0,39.23,
14-12-2021,Brazil,South America,Omicron,1,0,0,10,6,0.1593,0.0493,,0.3198,38.51,1.263
08-02-2021,Brazil,South America,Alpha,45,1,42,589,360,0.1137,0.1398,23,0.0128,,0.467
19-04-2021,France,Europe,Delta,13,0,12,235,182,0.0751,0.2023,7,0.1553,66.41,
06-02-2021,South Korea,Asia,Alpha,1,0,0,15,14,0.0838,0.1379,0,,54.89,0.769
07-03-2021,Canada,North America,Alpha,2,0,1,35,42,0.0431,0.1076,0,0.0955,,
05-03-2022,Germany,Europe,Omicron,11,0,,126,198,0.0603,0.0627,1,0.6078,31.23,1.022
12-07-2020,India,Asia,Original,112,2,106,1150,1232,0.0994,0.1561,50,0,65.88,0.406
30-06-2022,Italy,Europe,Omicron BA.2,9,0,8,144,189,0.0379,0.0319,1,0.7554,10,2.005
15-01-2022,Canada,North America,Omicron,6,0,5,61,132,0.0446,0.0579,0,0.5166,40.64,1.432
19-03-2020,Mexico,North America,Original,6,0,5,96,,,0.161,,0,91.27,0.4
14-10-2021,Colombia,South America,Omicron,10,0,9,127,70,0.1382,0.0561,1,0.2563,69.5,0.737
10-04-2022,France,Europe,Omicron BA.2,1,0,0,16,13,0.0765,,0,0.6428,25.2,1.292
10-10-2022,Colombia,South America,Omicron BA.2,1,0,0,12,6,0.1731,0.0317,0,0.568,27.92,1.31
26-04-2022,Australia,Oceania,Omicron BA.2,7,0,,71,98,0.0622,,0,0.6722,16.94,2.275
11-05-2021,Germany,Europe,Delta,1,0,0,15,14,0.0524,0.1475,0,0.1579,75.39,0.4
30-09-2021,Turkey,Asia,Delta,1,0,0,11,7,0.1202,0.1401,,0.2374,62.91,
07-05-2021,Japan,Asia,Delta,13,0,12,177,312,0.0371,0.2045,6,0.1693,68.81,0.617
07-07-2020,Japan,Asia,Original,10,0,9,159,200,0.0506,0.143,6,0,,0.517
18-05-2022,USA,North America,Omicron BA.2,15,0,14,208,315,0.0282,0.0452,1,0.691,38.7,1.603
02-10-2021,Australia,Oceania,Delta,1,0,0,12,15,0.0681,0.0887,0,0.3762,42.77,0.964
12-02-2022,South Africa,Africa,Omicron BA.2,3,0,2,44,9,0.3328,0.0612,0,0.1925,28.69,2.568
03-03-2022,Pakistan,Asia,Omicron BA.2,263,4,248,4108,1052,0.2265,0.0789,91,0.219,49.73,1.052
26-01-2020,Germany,Europe,Original,1,0,0,13,,,0.1902,0,0,15.8,1.085
22-10-2021,Russia,Europe,Omicron,42,0,40,744,420,0.0845,0.0879,,0.2559,43.32,1.592
16-07-2020,India,Asia,Original,49,1,47,715,490,0.0941,0.1741,,0,59.29,0.411
17-06-2020,Pakistan,Asia,Original,9,0,8,118,36,0.2437,0.1815,3,0,67.49,0.4
16-01-2022,South Korea,Asia,Omicron,49,0,46,891,686,0.0587,0.0407,7,0.5292,48.08,0.752
19-01-2021,India,Asia,Alpha,21,0,19,251,231,0.0751,0.1998,10,0.0152,,0.693
16-02-2022,Spain,Europe,Omicron,3,0,2,39,48,0.0701,0.0623,0,0.5791,,1.729
10-11-2021,Russia,Europe,Omicron,53,1,50,522,477,0.1176,0.0808,12,0.2729,68.77,0.506
29-03-2020,India,Asia,Original,294,4,278,4882,2058,0.1455,0.2049,214,0,78.63,0.4
28-12-2021,South Africa,Africa,Omicron,1,0,0,12,3,0.3182,0.0637,0,0.1831,60.26,0.683
06-12-2022,Argentina,South America,Omicron BA.2,3,0,,34,33,0.1014,0.0488,0,0.6261,11.36,1.519
26-08-2022,Japan,Asia,Omicron BA.2,16,0,,260,336,0.0251,0.0348,2,0.8426,38.48,1.39
04-02-2022,South Korea,Asia,Omicron BA.2,1,0,0,15,20,0.0419,0.0433,0,0.5559,33.24,1.331
29-03-2020,UK,Europe,Original,12,0,11,142,,,0.1867,5,,76.74,0.4
11-03-2021,Argentina,South America,Alpha,1,0,0,15,7,0.1499,0.1367,0,0.0574,69.05,0.514
24-11-2022,Italy,Europe,Omicron BA.2,12,0,,214,216,0.0468,0.0348,1,0.92,22.83,
09-02-2022,South Korea,Asia,Omicron,1,0,0,15,21,0.0406,0.0625,0,0.557,43.75,
13-07-2021,France,Europe,Delta,4,0,3,64,60,0.0895,0.1771,2,0.2644,57.41,0.914
05-05-2021,USA,North America,Delta,68,1,63,1222,1156,0.0493,,77,0.1491,64.26,0.476
12-04-2020,UK,Europe,Original,11,0,10,141,165,0.0519,0.164,5,,,0.4
01-02-2022,France,Europe,Omicron,6,0,5,108,114,0.0431,,1,0.5547,56.6,0.616
01-07-2020,Brazil,South America,Original,3,0,2,40,18,0.1794,0.2083,,0,73.54,0.4
30-01-2020,Italy,Europe,Original,1,0,0,11,,,0.1073,0,0,8.14,0.944
01-05-2020,Australia,Oceania,Original,1,0,0,16,14,0.0675,0.1171,0,0,63.67,0.4
09-05-2020,Pakistan,Asia,Original,27,1,25,354,81,0.3275,0.1698,11,0,59.13,0.4
05-06-2021,Germany,Europe,Delta,9,0,8,123,189,0.0277,,5,0.1965,79.7,0.4
25-09-2021,Brazil,South America,Delta,2,0,1,29,20,0.091,0.146,0,0.2418,53.14,0.802
20-08-2020,Russia,Europe,Original,3,0,2,32,27,0.1006,0.1358,0,0,56.81,0.589
02-01-2022,UK,Europe,Omicron,3,0,2,51,39,0.0609,0.0455,0,0.5092,25.85,1.513
18-03-2020,South Africa,Africa,Original,7,0,6,95,35,0.2007,0.0949,2,0,84.77,0.4
01-10-2021,Spain,Europe,Delta,10,0,9,141,210,0.0412,0.157,3,0.3726,47.99,0.871
12-06-2020,Colombia,South America,Original,1,0,0,14,8,0.124,0.1186,0,0,62.47,0.492
14-03-2022,Argentina,South America,Omicron BA.2,20,0,19,272,120,0.1614,0.0431,2,0.3807,36.89,2.196
11-08-2021,South Africa,Africa,Delta,1,0,0,11,4,0.2489,0.1123,,0.1114,51.72,1.014
23-09-2022,Italy,Europe,Omicron BA.2,5,0,,54,65,0.0724,,0,0.8746,26.8,1.582
07-04-2020,Spain,Europe,Original,3,0,2,33,45,0.0683,0.1262,0,0,88.07,0.4
24-05-2021,Canada,North America,Delta,3,0,2,38,66,0.0329,0.148,1,0.1864,78.48,0.4
31-03-2021,South Korea,Asia,Alpha,3,0,2,52,51,0.0533,0.0958,1,0.1006,57.59,0.404
07-02-2022,Indonesia,Asia,Omicron,54,1,51,847,162,0.3134,0.0682,15,0.2149,43.6,1.031
31-01-2022,Canada,North America,Omicron BA.2,1,0,0,15,21,0.0489,0.0674,0,0.5534,25.59,1.895
12-07-2021,UK,Europe,Delta,45,0,4,87,60,0.083,0.1246,1,0.266,52.36,0.86
29-03-2021,Australia,Oceania,Delta,1,0,0,16,22,0.0319,0.2387,1,0.1114,,0.4
28-06-2021,South Africa,Africa,Delta,4,0,3,66,12,0.3439,0.1138,,0.0933,73.41,0.4
21-04-2022,Italy,Europe,Omicron BA.2,9,0,8,143,180,0.0544,,2,0.6473,31.98,1.192
02-02-2022,Brazil,South America,Omicron,39,0,37,543,351,0.1213,,9,0.3614,39.63,1.13
01-01-2022,Turkey,Asia,Omicron,1,0,0,18,9,0.1013,,,0.3378,45.43,1.414
18-06-2022,Indonesia,Asia,Omicron BA.2,231,3,217,2805,924,0.237,0.0882,65,0.2534,34.11,1.533
19-07-2022,South Korea,Asia,Omicron BA.2,1,0,0,16,15,0.0545,0.0436,0,0.7911,21.85,1.829
29-05-2021,Japan,Asia,Delta,10,0,9,132,220,0.0219,0.1455,3,0.201,69.56,0.465
26-02-2020,USA,North America,Original,27,0,26,444,,,0.2018,18,0,72.98,0.4
31-08-2020,Brazil,South America,Original,9,0,8,91,54,0.1536,0.1711,,0,57.17,0.4
03-06-2021,Australia,Oceania,Delta,1,0,0,16,13,0.0917,0.1401,0,0.1938,,0.77
15-12-2021,USA,North America,Omicron,54,0,51,949,810,0.0582,,16,0.4839,47.26,1.159
08-10-2022,USA,North America,Omicron BA.2,31,0,29,504,682,0.0555,0.0365,3,0.8976,24.89,1.83
20-07-2021,Russia,Europe,Delta,1,0,0,11,11,0.0939,0.1809,,0.18,83.69,
15-11-2021,Russia,Europe,Omicron,9,0,8,160,81,0.1171,0.0775,,0.2678,30.46,1.129
31-10-2021,South Africa,Africa,Omicron,58,1,54,657,232,0.2616,,7,,60.06,0.79
30-07-2020,Italy,Europe,Original,4,0,3,50,64,0.0706,0.1932,2,0,58.73,0.4
09-12-2022,Australia,Oceania,Omicron BA.2,1,0,,16,15,0.074,0.0196,0,0.92,11.73,1.621
03-09-2022,Spain,Europe,Omicron BA.2,9,0,,100,171,0.0599,0.041,0,0.8601,21.62,1.634
09-06-2020,Brazil,South America,Original,7,0,6,68,56,0.1247,0.0997,1,0,47.85,0.614
05-12-2022,Indonesia,Asia,Omicron BA.2,4,0,,41,20,0.1914,0.0555,,0.3608,18.33,2.35
10-06-2020,USA,North America,Original,201,3,193,2133,4221,0.0479,0.1302,50,0,66.96,0.4
20-10-2020,South Africa,Africa,Original,14,0,13,160,42,0.3145,0.122,,,37.89,0.508
27-10-2022,Colombia,South America,Omicron BA.2,2,0,,35,16,0.1183,0.046,0,0.6106,10.6,2.544
24-02-2022,Canada,North America,Omicron BA.2,1,0,0,13,12,0.0819,0.0335,0,0.566,57.16,1.237
23-04-2021,Russia,Europe,Delta,81,1,76,1065,729,0.1133,0.1642,52,0.0979,89.15,0.4
21-05-2020,South Africa,Africa,Original,1,0,0,12,3,0.3413,0.1894,0,0,,0.4
13-01-2021,France,Europe,Alpha,1,0,0,13,12,0.0895,0.1654,0,0,50.16,0.454
21-05-2020,Italy,Europe,Original,3,0,2,43,,,0.1154,1,0,63.41,0.4
03-11-2020,UK,Europe,Original,1,0,0,14,23,0.0455,0.1095,0,0,56.05,0.4
17-08-2022,Australia,Oceania,Omicron BA.2,2,0,1,21,36,0.044,0.0432,0,0.8221,,1.639
07-10-2022,Indonesia,Asia,Omicron BA.2,91,1,,1128,455,0.2166,0.0849,,0.2952,26.66,
08-05-2022,South Africa,Africa,Omicron BA.2,2,0,,21,10,0.1994,0.0903,,0.2531,12.74,2.062
24-11-2021,Turkey,Asia,Omicron,6,0,5,90,66,0.0814,0.0846,1,0.2915,24.76,1.67
20-01-2021,Pakistan,Asia,Alpha,5,0,4,86,15,0.3354,,,,74.15,0.4
09-07-2022,Pakistan,Asia,Omicron BA.2,19,0,,267,76,0.2657,0.0685,4,0.2665,15.29,2.638
15-10-2020,Canada,North America,Original,3,0,2,40,66,0.0486,,1,,,0.488
26-12-2021,Canada,North America,Omicron,10,0,9,153,160,0.0563,0.0721,1,0.4923,,1.587
08-12-2022,India,Asia,Omicron BA.2,10,0,9,152,90,0.1126,0.0519,,0.6195,40.85,1.311
10-01-2022,Argentina,South America,Omicron,59,1,56,594,413,0.1543,0.0724,11,0.3373,38.66,1.663
26-07-2021,Russia,Europe,Delta,1,0,0,12,6,0.1513,0.183,0,0.1973,72.54,0.402
21-02-2022,Italy,Europe,Omicron BA.2,2,0,1,25,44,0.0403,0.0626,0,0.5685,52.77,1.314
08-11-2021,Italy,Europe,Delta,1,0,0,12,18,0.0603,0.1001,0,0.4347,54.16,0.684
26-04-2022,South Africa,Africa,Omicron BA.2,1,0,,12,5,0.1946,0.0959,0,0.2361,20.51,1.692
31-05-2022,Canada,North America,Omicron BA.2,4,0,3,64,52,0.073,0.0466,0,0.7068,27.77,1.467
28-11-2020,Mexico,North America,Alpha,1,0,0,13,8,0.1247,0.1069,0,0,,0.486
10-07-2022,France,Europe,Omicron BA.2,11,0,10,130,253,0.0578,0.0475,1,0.7764,32.56,1.159
09-01-2021,Mexico,North America,Alpha,11,1,10,117,77,0.1455,0.2049,,0,70.33,0.4
22-08-2020,South Korea,Asia,Original,10,0,9,161,180,0.0285,0.1969,6,0,56.56,0.466
16-05-2020,Italy,Europe,Original,1,0,0,12,21,0.0329,0.1317,0,,76.17,0.4
28-10-2021,Germany,Europe,Omicron,19,0,17,261,304,0.0832,0.0855,6,0.4164,42.02,
08-05-2020,Argentina,South America,Original,1,0,0,10,9,0.1132,0.1654,,0,45.94,0.697
04-06-2021,Colombia,South America,Delta,6,0,5,69,42,0.1391,0.1924,,0.1405,78.85,0.4
18-06-2022,South Korea,Asia,Omicron BA.2,20,0,,339,280,0.0636,0.0509,3,0.7361,18.47,1.652
26-10-2021,UK,Europe,Delta,2,0,1,32,32,0.0742,0.1891,0,0.4229,37.75,1.054
23-10-2021,South Korea,Asia,Delta,4,0,3,40,56,0.0811,,0,0.4051,53.37,0.87
22-11-2021,South Africa,Africa,Omicron,10,0,9,165,30,0.3274,,4,0.164,42.25,1.447
22-10-2020,UK,Europe,Original,4,0,3,58,64,0.0447,,1,,57.11,0.409
23-05-2020,Turkey,Asia,Original,5,0,4,58,45,0.1106,0.1584,1,,54.31,0.419
05-06-2020,India,Asia,Original,27,1,25,382,216,0.1488,0.1921,14,0,63.2,0.4
31-12-2021,Pakistan,Asia,Omicron,28,0,26,324,84,0.3471,0.059,3,,,1.559
06-06-2021,Japan,Asia,Delta,21,0,20,240,399,0.0383,0.195,12,0.1934,69,0.674
23-01-2020,Germany,Europe,Original,4,0,3,71,64,0.057,0.1672,2,0,13.63,
24-10-2021,Argentina,South America,Delta,1,0,0,15,7,0.1459,0.1681,0,0.2582,64.52,0.578
28-12-2022,USA,North America,Omicron BA.2,6,0,5,77,102,0.0586,0.0168,0,0.92,31.39,1.299
16-12-2021,India,Asia,Omicron,49,0,47,514,441,0.1285,0.0953,12,0.3175,57.68,1.042
01-04-2022,Brazil,South America,Omicron BA.2,27,0,25,372,162,0.1752,0.052,,0.4043,13.35,2.747
03-11-2020,UK,Europe,Alpha,5,0,4,82,65,0.0778,0.1823,4,0,44.11,
12-07-2021,Pakistan,Asia,Delta,9,0,8,144,45,0.2,0.1207,3,0.1044,60.57,0.582
12-08-2020,Mexico,North America,Original,7,0,6,87,56,0.1173,0.162,,0,54.14,0.4
17-12-2020,USA,North America,Alpha,6,0,5,62,114,0.048,0.1992,2,0,,0.712
19-06-2021,Russia,Europe,Delta,26,1,24,258,208,0.1363,0.1608,,0.1458,56.66,0.594
11-12-2020,Australia,Oceania,Alpha,1,0,0,16,15,0.0799,0.1562,0,0,55.57,0.468
15-08-2020,France,Europe,Original,1,0,0,17,13,0.0685,0.1785,0,0,38.06,
01-07-2020,South Korea,Asia,Original,1,0,0,13,19,0.0608,0.1801,0,0,68.75,0.4
13-06-2021,South Korea,Asia,Delta,1,0,0,14,20,0.0562,0.1908,0,0.2141,67.51,0.431
13-09-2020,France,Europe,Original,2,0,1,21,40,0.0458,0.1701,0,0,37.51,0.857
19-10-2022,Argentina,South America,Omicron BA.2,2,0,1,27,20,0.1005,0.044,0,0.5846,17.5,1.88
17-09-2022,Japan,Asia,Omicron BA.2,3,0,2,42,42,0.0605,0.0293,0,0.8513,,
16-02-2020,South Africa,Africa,Original,1,0,0,10,,,0.1395,,,13.16,0.702
02-09-2021,India,Asia,Delta,356,5,337,3652,3204,0.1089,0.1409,108,0.2074,56.39,0.749
05-03-2020,Colombia,South America,Original,2,0,1,32,,,0.1808,1,0,69.26,0.4
24-02-2020,UK,Europe,Original,1,0,0,15,,,0.1411,0,,69.63,0.4
06-03-2021,Colombia,South America,Alpha,12,0,11,188,84,0.1415,,,0.0414,49.48,0.866
01-04-2022,Germany,Europe,Omicron BA.2,2,0,,32,48,0.0282,0.041,0,0.6328,23.67,1.781
01-05-2020,Argentina,South America,Original,6,0,5,64,,,,2,0,69.62,0.4
17-11-2020,South Korea,Asia,Original,1,0,0,10,17,0.0561,0.1456,0,0,54.12,0.495
13-10-2022,Australia,Oceania,Omicron BA.2,8,0,7,125,192,0.038,0.0337,1,0.9103,17.74,1.728
02-03-2022,Russia,Europe,Omicron BA.2,28,0,26,318,224,0.1106,0.0823,7,0.3618,39.15,1.957
11-09-2022,Mexico,North America,Omicron BA.2,67,1,,736,603,0.1022,0.0451,8,0.56,19.83,2.426
21-12-2021,Pakistan,Asia,Omicron,3,0,2,37,15,0.2071,0.0814,,0.1722,46.99,0.863
14-02-2022,Indonesia,Asia,Omicron BA.2,69,1,64,904,345,0.199,0.0684,11,,49.01,1.416
06-05-2020,Germany,Europe,Original,3,0,2,51,,,0.1817,2,,68.24,
11-02-2021,France,Europe,Alpha,3,0,2,38,69,0.0404,0.12,0,0.0546,65.84,0.4
15-09-2020,Pakistan,Asia,Original,11,0,10,154,44,0.2553,0.1762,,0,39.41,
18-07-2021,France,Europe,Delta,7,0,6,116,112,0.0825,0.0963,1,0.2791,66.96,0.445
08-08-2022,Brazil,South America,Omicron BA.2,26,0,,350,156,0.1511,0.0713,,0.519,16.45,2.394
03-03-2021,Italy,Europe,Alpha,2,0,1,30,48,0.0342,0.1346,1,0.066,66.73,0.576
06-06-2022,Argentina,South America,Omicron BA.2,2,0,1,29,16,0.1341,0.0375,0,0.4562,27.53,1.254
19-01-2021,Argentina,South America,Alpha,5,0,4,61,30,0.893066792,,2,0.0231,49.11,
26-05-2020,Germany,Europe,Original,2,0,1,34,44,0.0348,0.1371,0,,62.73,0.482
11-11-2020,Brazil,South America,Original,93,4,84,1394,558,0.1629,0.0989,37,,,0.4
08-04-2020,Italy,Europe,Original,1,0,0,13,,,0.1853,0,0,86.49,0.4
12-01-2022,Germany,Europe,Omicron,6,0,5,61,120,0.0668,0.0378,0,0.5114,29.54,
10-12-2021,Russia,Europe,Omicron,1,0,0,15,10,0.0814,0.0496,0,0.3051,35.66,1.386
03-05-2020,Argentina,South America,Original,1,0,0,13,6,0.1567,0.1627,0,0,63.88,0.4
09-03-2020,Italy,Europe,Original,1,0,0,14,23,0.0426,0.1359,0,0,77.46,0.4
13-10-2022,Brazil,South America,Omicron BA.2,43,0,39,706,387,0.1056,0.0365,,0.5514,19.27,1.592
28-05-2021,Germany,Europe,Delta,5,0,4,76,70,0.067,0.1235,1,0.2117,79.08,0.43
15-09-2021,Japan,Asia,Delta,11,0,10,138,253,0.0621,0.1716,4,0.36,65.12,
02-08-2021,Russia,Europe,Delta,122,3,111,1599,1098,0.1105,,,0.1882,,0.487
05-09-2022,Mexico,North America,Omicron BA.2,73,1,,781,511,0.1387,0.0538,10,0.5422,41.75,1.594
06-03-2022,Japan,Asia,Omicron BA.2,1,0,,12,18,0.0607,,0,0.5885,32.59,1.088
24-08-2022,Spain,Europe,Omicron BA.2,2,0,1,20,36,0.0374,0.0221,0,0.8251,38.87,1.487
09-02-2020,South Korea,Asia,Original,18,0,17,216,396,0.0388,0.1729,8,0,,0.982
02-05-2022,South Africa,Africa,Omicron BA.2,14,0,13,163,42,0.3289,0.0944,4,,22.06,1.758
02-06-2020,Brazil,South America,Original,45,2,41,817,450,0.103,0.1276,,0,54.77,0.595
22-11-2020,India,Asia,Alpha,148,2,140,2623,888,0.154,0.113,,0,44.78,0.546
08-11-2021,Turkey,Asia,Delta,18,0,17,309,180,0.0953,0.115,,0.2808,,1.063
10-09-2020,France,Europe,Original,13,0,12,167,182,0.076,0.1737,5,0,,0.409
02-12-2020,UK,Europe,Alpha,14,0,13,187,336,0.0496,0.2021,7,,45.28,0.596
17-08-2021,Argentina,South America,Delta,3,0,2,50,27,0.0976,0.1563,1,0.1785,72.98,0.454
23-01-2021,Colombia,South America,Alpha,1,0,0,16,8,0.1378,0.1891,,,59.73,0.404
14-10-2020,Germany,Europe,Original,1,0,0,14,24,0.0478,0.1312,0,0,59.75,0.4
02-12-2021,Mexico,North America,Omicron,23,1,21,345,184,0.1285,0.093,7,0.2972,28.39,1.722
02-09-2022,Brazil,South America,Omicron BA.2,3,0,,37,27,0.1251,0.0533,0,0.5461,24.4,1.892
19-11-2020,Canada,North America,Alpha,1,0,0,17,18,0.0531,0.2035,0,0,54.76,0.606
14-02-2021,Pakistan,Asia,Alpha,5,0,4,67,15,0.3279,0.1272,1,0.0172,67.8,0.4
17-04-2020,Italy,Europe,Original,9,0,8,130,216,0.0766,0.1497,3,0,87.43,0.4
09-12-2021,Spain,Europe,Omicron,7,0,6,70,168,0.0299,0.0684,0,0.4701,42.81,0.927
30-09-2020,Indonesia,Asia,Original,192,9,175,2876,960,0.207,,77,0,35.26,0.774
29-03-2021,Brazil,South America,Alpha,1,0,0,14,7,0.155,0.1066,,0.0732,61.86,
27-08-2020,South Africa,Africa,Original,1,0,0,11,5,0.1952,0.1702,0,0,50.41,0.497
19-11-2021,USA,North America,Omicron,13,0,12,187,312,0.0324,0.0375,1,0.4407,32.85,1.123
04-03-2021,Japan,Asia,Alpha,4,0,3,45,76,0.0619,0.1696,2,0.0726,,0.476
25-04-2021,South Africa,Africa,Delta,9,0,8,112,36,0.2798,0.1672,,0.0679,61.51,0.507
03-06-2020,USA,North America,Original,19,0,18,195,399,0.0626,0.146,6,0,67.07,0.435
17-04-2020,Germany,Europe,Original,2,0,1,35,34,0.044,0.2009,1,0,,0.4
25-11-2020,India,Asia,Alpha,344,4,331,4694,2408,0.1468,0.124,170,0,48.98,0.744
04-04-2021,Germany,Europe,Delta,1,0,0,12,14,0.0853,0.2297,0,0.1162,68.13,0.4
02-05-2020,France,Europe,Original,3,0,2,53,,,0.1736,1,0,63.03,0.482
24-05-2022,South Korea,Asia,Omicron BA.2,9,0,8,156,171,0.0417,0.0245,0,0.7066,30.96,1.483
06-06-2022,Australia,Oceania,Omicron BA.2,2,0,1,32,30,0.0785,0.0541,0,0.7367,16.79,1.279
21-05-2021,Japan,Asia,Delta,9,0,8,148,207,0.0475,0.2215,8,0.2038,64.55,0.562
16-09-2022,Canada,North America,Omicron BA.2,1,0,,11,23,0.0652,0.0372,0,0.8651,28.45,
13-02-2022,France,Europe,Omicron BA.2,39,0,36,505,702,0.0601,0.0669,7,0.5661,45.31,1.553
15-09-2020,Indonesia,Asia,Original,25,1,22,259,125,0.2058,0.1343,,0,37.28,0.572
26-03-2021,Pakistan,Asia,Delta,20,1,18,363,100,0.2006,0.1988,12,0.0323,62.82,0.791
22-03-2021,Germany,Europe,Delta,1,0,0,10,24,0.0426,0.1207,0,0.1011,67.18,0.567
05-12-2021,Indonesia,Asia,Omicron,51,1,46,651,153,0.3378,,5,0.1551,27.72,2.238
24-07-2020,Italy,Europe,Original,1,0,0,15,12,0.0817,0.1417,0,,50.8,
06-03-2021,Argentina,South America,Alpha,1,0,0,14,9,0.1004,0.1087,,0.0555,75.54,0.4
27-05-2021,Colombia,South America,Delta,1,0,0,15,6,0.1764,0.2012,0,0.1376,,0.4
22-06-2020,Colombia,South America,Original,2,0,1,27,18,0.1139,0.2006,1,,49.36,0.691
31-08-2020,Pakistan,Asia,Original,1,0,0,15,3,0.3465,0.1824,0,,45.04,0.582
05-09-2020,Mexico,North America,Original,5,0,4,59,45,0.1153,0.1333,2,,45.68,0.635
23-02-2021,France,Europe,Alpha,1,0,0,12,21,0.0478,0.1578,0,0.0457,57.03,0.44
21-02-2022,UK,Europe,Omicron,1,0,0,10,16,0.0533,0.0654,0,0.5915,44.56,0.933
19-09-2020,France,Europe,Original,1,0,0,9,24,0.0413,0.1385,0,0,33.79,0.613
12-11-2021,Canada,North America,Delta,3,0,2,31,36,0.0796,0.1827,1,0.4485,40.11,
10-01-2022,Turkey,Asia,Omicron,10,0,9,152,70,0.1259,,2,0.3233,46.02,1.017
10-05-2020,Colombia,South America,Original,7,0,6,81,70,0.1083,0.1303,2,,58.97,0.4
16-11-2021,Japan,Asia,Omicron,8,0,7,141,176,0.042,0.0788,2,0.4502,27.36,1.702
31-07-2021,Canada,North America,Delta,1,0,0,14,15,0.0618,0.1977,0,0.2894,70.65,0.4
07-03-2020,Argentina,South America,Original,1,0,0,18,10,0.0974,0.1877,0,0,67.82,0.407
25-01-2021,Japan,Asia,Alpha,3,0,2,39,45,0.068,0.2166,1,0.0227,59.99,0.4
08-08-2022,France,Europe,Omicron BA.2,17,0,16,270,374,0.0451,0.0283,2,0.7992,23.42,1.455
06-05-2021,India,Asia,Delta,18,0,16,287,180,0.1176,,7,0.0991,79,0.4
12-12-2021,South Africa,Africa,Omicron,11,0,10,170,44,0.2434,0.1021,,0.1881,,
19-08-2020,Canada,North America,Original,1,0,0,11,14,0.0748,0.1526,0,0,51.17,
01-08-2021,South Korea,Asia,Delta,3,0,2,40,51,0.0736,0.1608,1,0.2927,52.36,0.647
24-01-2020,Pakistan,Asia,Original,23,0,21,268,,,0.1243,6,0,16.96,
23-07-2021,Canada,North America,Delta,1,0,0,18,24,0.0444,0.1823,0,0.2737,62.26,0.725
10-03-2021,Italy,Europe,Alpha,3,0,2,37,39,0.0809,0.1936,1,0.084,57.46,0.625
19-02-2020,South Africa,Africa,Original,47,2,42,654,235,0.1939,0.1369,,,14.36,1.031
03-07-2021,Pakistan,Asia,Delta,14,0,12,144,42,0.3338,0.1683,3,0.0875,70.52,0.419
29-04-2021,Italy,Europe,Delta,26,1,24,285,416,0.0684,,11,0.1691,63.26,0.666
06-06-2020,France,Europe,Original,1,0,0,17,18,0.044,0.1226,0,0,70.31,0.4
21-05-2021,Turkey,Asia,Delta,7,0,6,73,70,0.0892,0.1802,,0.1088,58.56,0.875
03-12-2022,UK,Europe,Omicron BA.2,1,0,0,13,16,0.0567,0.0282,0,0.92,13.22,2.076
20-11-2022,Mexico,North America,Omicron BA.2,10,0,,142,90,0.1199,0.0623,2,0.6223,31.68,1.944
31-07-2022,Turkey,Asia,Omicron BA.2,10,0,9,166,100,0.1206,,1,0.5245,28.52,2.068
06-07-2021,Colombia,South America,Delta,21,0,19,382,168,0.1408,0.19,20,0.1764,63.28,0.741
23-10-2022,Spain,Europe,Omicron BA.2,1,0,,10,14,0.074,0.0387,0,0.9121,11.76,1.456
04-12-2020,Russia,Europe,Alpha,1,0,0,16,10,0.0823,0.1936,,0,55.21,0.783
08-02-2022,South Africa,Africa,Omicron,7,0,6,103,35,0.2004,,1,0.1956,48.72,1.429
21-09-2022,France,Europe,Omicron BA.2,2,0,1,28,32,0.0754,0.0201,0,0.892,16.81,
24-07-2020,UK,Europe,Original,1,0,0,15,18,0.0625,,0,0,,0.4
12-08-2021,USA,North America,Delta,98,1,94,1218,1372,0.0613,0.2052,70,0.3113,49.39,0.704
29-06-2021,Colombia,South America,Delta,2,0,1,35,22,0.0976,0.2087,1,0.1482,72.6,0.4
22-04-2020,Spain,Europe,Original,1,0,0,12,,,0.1702,0,0,83.18,0.4
22-11-2021,Brazil,South America,Omicron,6,0,5,85,36,0.1728,0.0616,1,0.2773,48.2,0.842
01-09-2022,Brazil,South America,Omicron BA.2,27,0,25,470,216,0.13,0.0705,9,0.5374,6,1.893
17-07-2021,Australia,Oceania,Delta,5,0,4,81,115,0.0321,0.1939,3,0.2594,79.83,0.4
22-01-2022,Germany,Europe,Omicron,2,0,1,23,26,0.0983,0.042,0,0.5173,44.26,1.042
16-01-2022,Turkey,Asia,Omicron,4,0,3,55,36,0.1244,0.0572,0,0.3401,46.21,1.458
23-03-2022,Japan,Asia,Omicron BA.2,16,0,15,240,224,0.0754,0.0349,2,0.5956,11.66,1.593
24-12-2021,Japan,Asia,Omicron,1,0,0,16,19,0.0501,0.0507,0,0.5144,52.63,1.102
02-12-2020,South Africa,Africa,Alpha,1,0,0,13,5,0.1934,0.2026,,0,42.84,
20-02-2022,Germany,Europe,Omicron,15,0,14,259,180,0.0743,,2,0.5661,41.39,
20-12-2022,India,Asia,Omicron BA.2,20,0,19,279,220,0.091,0.0427,3,0.6449,22.34,1.48
22-05-2022,Colombia,South America,Omicron BA.2,4,0,,69,28,0.1376,0.0707,,0.4535,25.55,2.372
30-07-2022,UK,Europe,Omicron BA.2,35,0,33,362,595,0.0576,,4,0.8009,39.92,1.26
16-04-2022,Indonesia,Asia,Omicron BA.2,8,0,7,129,32,0.248,,2,,16.06,2.532
11-12-2022,South Africa,Africa,Omicron BA.2,1,0,,13,4,0.2408,0.0785,,0.3529,8.82,2.376
09-12-2022,South Korea,Asia,Omicron BA.2,1,0,,17,13,0.0712,0.0338,0,0.92,14.05,1.961
26-04-2022,UK,Europe,Omicron BA.2,1,0,,15,13,0.0762,0.0396,0,0.6666,11.07,1.552
11-05-2021,Pakistan,Asia,Delta,161,3,151,2499,483,0.3466,0.208,138,0.0602,68.14,0.531
06-02-2020,Argentina,South America,Original,5,0,4,76,55,0.0942,0.1295,2,0,,1.111
24-06-2020,South Korea,Asia,Original,1,0,0,12,22,0.0427,0.1911,0,0,59.85,0.408
15-09-2021,Germany,Europe,Delta,1,0,0,10,15,0.0564,0.1255,0,0.3435,43.04,1.12
25-10-2022,India,Asia,Omicron BA.2,181,0,,2146,1267,0.1286,0.0348,,0.569,30.44,1.76
16-02-2020,Pakistan,Asia,Original,39,1,35,405,195,0.2031,0.176,,0,20.23,0.82
24-05-2020,Indonesia,Asia,Original,14,0,13,192,,,0.1662,8,0,66.16,0.4
08-10-2022,South Africa,Africa,Omicron BA.2,3,0,2,41,9,0.349,0.0553,0,0.3115,32.98,2.256
26-11-2020,Canada,North America,Alpha,5,0,4,59,85,0.0481,0.2224,3,,61.47,0.666
29-03-2022,Colombia,South America,Omicron BA.2,1,0,0,14,11,0.0847,0.0456,0,0.3941,33.18,
06-07-2022,Canada,North America,Omicron BA.2,2,0,,24,40,0.0555,0.0226,0,0.7599,35.77,1.444
27-10-2021,Argentina,South America,Delta,2,0,1,29,14,0.1375,0.1324,0,0.2672,61.34,0.526
21-03-2021,Japan,Asia,Delta,7,0,6,101,140,0.0582,0.2252,4,0.0992,62.96,0.461
28-06-2020,Pakistan,Asia,Original,3,0,2,31,12,0.2321,0.1892,0,,70.8,0.4
01-09-2021,Russia,Europe,Delta,6,0,5,86,66,0.101,0.2304,3,0.1931,39.85,1.308
27-11-2021,Brazil,South America,Omicron,28,0,26,424,308,0.0887,0.0955,,0.2947,,1.582
14-05-2022,USA,North America,Omicron BA.2,29,0,,376,638,0.0495,0.0355,3,0.7019,25.51,1.252
19-10-2022,Spain,Europe,Omicron BA.2,7,0,,98,168,0.0442,0.0346,0,0.9179,7.71,1.927
27-05-2022,India,Asia,Omicron BA.2,34,0,32,476,238,0.1591,0.0611,5,0.4617,,2.467
08-12-2020,Mexico,North America,Alpha,43,3,37,763,473,0.1006,0.1095,19,,60.65,0.653
27-08-2020,Indonesia,Asia,Original,22,0,20,326,66,0.333,0.1608,9,0,51.92,
05-10-2021,Mexico,North America,Omicron,39,1,35,392,390,0.0796,,7,0.2416,56.35,
30-01-2021,Spain,Europe,Alpha,1,0,0,11,20,0.0548,0.1654,0,0.0373,58.64,0.47
04-06-2022,Turkey,Asia,Omicron BA.2,10,0,9,161,70,0.142,0.0667,1,0.4619,12.22,
22-01-2021,Germany,Europe,Alpha,2,0,1,36,32,0.0583,0.1922,1,0.0233,54.69,0.505
09-06-2021,Argentina,South America,Delta,3,0,2,48,18,0.166,0.2335,,0.1587,75.57,0.544
16-03-2020,USA,North America,Original,10,0,9,162,220,0.0532,0.1806,5,0,91.16,0.4
28-01-2022,Canada,North America,Omicron,19,0,17,254,342,0.049,0.0475,2,0.547,46.81,1.191
16-12-2021,South Korea,Asia,Omicron,9,0,8,106,117,0.0838,,0,0.4846,41.44,1.196
19-06-2021,Australia,Oceania,Delta,4,0,3,58,68,0.0473,0.1105,1,0.2229,78.08,0.475
13-03-2020,Colombia,South America,Original,1,0,0,13,8,0.1258,0.1339,0,0,78.05,0.4
06-02-2021,Pakistan,Asia,Alpha,6,0,5,100,18,0.3273,0.1892,4,,79.21,0.4
25-07-2021,Japan,Asia,Delta,2,0,1,20,30,0.0501,0.1886,0,0.2817,57.56,0.852
01-01-2022,Canada,North America,Omicron,1,0,0,16,22,0.053,,0,0.4922,,1.108
25-01-2021,USA,North America,Alpha,4,0,3,58,52,0.0736,0.1184,1,0.0092,74.12,0.4
22-12-2020,Italy,Europe,Alpha,1,0,0,14,17,0.0518,0.1334,0,0,59.43,0.538
22-04-2022,Mexico,North America,Omicron BA.2,10,0,,163,80,0.1389,0.0428,1,0.4196,16.96,2.565
26-03-2020,South Korea,Asia,Original,1,0,0,11,22,0.0324,0.1038,0,0,73.6,
11-11-2020,Russia,Europe,Original,5,0,4,58,30,0.1667,0.1735,1,0,34.81,
28-05-2021,Russia,Europe,Delta,13,0,11,185,117,0.1206,0.2265,,0.124,63.49,0.83
28-03-2021,Australia,Oceania,Delta,9,0,8,161,216,0.0519,0.2045,7,0.1086,81.89,0.4
21-07-2022,Japan,Asia,Omicron BA.2,54,0,50,875,918,0.0548,,9,0.7905,,1.412
13-05-2020,Brazil,South America,Original,1,0,0,13,10,0.0961,,0,0,69.22,0.423
17-10-2021,USA,North America,Delta,5,0,4,86,120,0.0238,0.1737,2,0.413,46.91,
18-09-2022,Australia,Oceania,Omicron BA.2,1,0,0,12,17,0.0602,0.019,0,0.8689,34.7,1.34
30-09-2021,Spain,Europe,Delta,1,0,0,14,15,0.0459,0.165,0,0.3816,37.9,0.945
25-05-2022,Japan,Asia,Omicron BA.2,93,0,,1454,1209,0.0712,0.054,13,0.6971,34.33,0.99
08-02-2022,Russia,Europe,Omicron,33,0,31,410,231,0.1344,0.0936,,0.3391,52.41,1.093
27-09-2021,USA,North America,Delta,28,0,26,289,448,0.0597,0.1278,9,0.3375,52.77,0.763
29-12-2021,Japan,Asia,Omicron,1,0,0,12,19,0.0438,0.0406,0,0.4958,28.24,1.455
05-04-2021,Australia,Oceania,Delta,1,0,0,12,12,0.0847,0.1759,0,0.1386,73.45,0.4
14-10-2021,Canada,North America,Delta,15,0,14,154,345,0.0526,0.1399,4,0.3752,51.47,0.524
21-07-2022,Argentina,South America,Omicron BA.2,9,0,8,100,63,0.1466,,0,0.5284,23.62,1.428
20-03-2020,Argentina,South America,Original,4,0,3,49,40,0.0949,0.1197,1,,71.69,0.4
25-01-2022,South Korea,Asia,Omicron,19,0,18,288,456,0.0525,0.0771,4,0.5354,44.28,1.378
12-12-2020,Australia,Oceania,Alpha,1,0,0,13,23,0.046,0.1428,0,0,63.1,0.587
17-04-2021,Russia,Europe,Delta,1,0,0,16,11,0.0859,0.118,0,0.0927,63.3,0.462
31-01-2022,UK,Europe,Omicron,1,0,0,15,16,0.0734,0.0561,0,0.5403,31.82,1.027
04-03-2022,UK,Europe,Omicron,7,0,6,85,133,0.0585,0.0667,1,0.5972,56.68,0.725
26-03-2020,Spain,Europe,Original,1,0,0,12,15,0.0484,0.2006,0,0,68.39,0.4
17-03-2020,Turkey,Asia,Original,5,0,4,70,50,0.1041,0.1128,1,,89.16,0.4
16-03-2020,Colombia,South America,Original,1,0,0,14,6,0.1678,0.1547,0,0,66.6,0.4
26-11-2021,Spain,Europe,Omicron,1,0,0,10,18,0.0516,0.0459,0,0.4372,29.22,1.012
30-06-2021,South Africa,Africa,Delta,1,0,0,11,5,0.2129,0.121,,,64.23,0.619
14-05-2022,India,Asia,Omicron BA.2,679,3,,8863,4753,0.1455,0.0613,,0.452,28.7,1.733
24-07-2022,UK,Europe,Omicron BA.2,5,0,,87,120,0.0419,,0,0.7735,,1.238
17-06-2022,Mexico,North America,Omicron BA.2,21,0,19,379,231,0.0962,0.0748,,0.4523,8.11,1.696
21-10-2020,Colombia,South America,Original,20,0,18,284,220,0.0959,,,0,51.5,0.492
09-04-2021,USA,North America,Alpha,35,0,33,497,595,0.0453,0.1439,19,0.1293,,0.4
28-05-2020,USA,North America,Original,26,0,24,442,546,0.0483,0.1391,13,0,70.14,0.4
12-08-2021,Japan,Asia,Delta,25,0,23,263,500,0.0524,0.1933,14,0.3008,43.29,1.082
24-09-2020,Japan,Asia,Original,25,0,24,372,575,0.0308,0.162,14,0,52.61,0.492
22-10-2021,Italy,Europe,Delta,1,0,0,14,17,0.0498,0.1218,0,0.4022,59.21,0.461
29-11-2022,Germany,Europe,Omicron BA.2,6,0,5,89,102,0.0567,0.0389,0,0.92,,1.415
14-06-2020,Brazil,South America,Original,148,5,134,2314,1332,0.1006,0.1293,,0,56.17,0.4
21-10-2020,Germany,Europe,Original,2,0,1,27,46,0.0407,0.1121,0,0,49.49,0.4
22-01-2022,Spain,Europe,Omicron,1,0,0,10,20,0.0388,0.0396,0,0.5493,46.05,0.81
20-04-2020,USA,North America,Original,16,0,15,169,,,0.181,6,0,91,0.4
04-06-2020,Russia,Europe,Original,21,0,19,327,231,0.0907,0.091,,0,64.36,0.4
25-11-2022,Spain,Europe,Omicron BA.2,1,0,,13,22,0.0351,0.0365,0,0.92,29.06,0.988
31-03-2020,Russia,Europe,Original,9,0,8,113,,,0.1449,,,94.9,0.4
22-02-2022,Argentina,South America,Omicron,39,0,37,449,234,0.1711,0.0695,,0.3856,47.02,1.063
02-09-2022,Canada,North America,Omicron BA.2,9,0,8,154,171,0.0586,0.0426,1,0.8523,30.48,1.045
11-06-2021,Spain,Europe,Delta,1,0,0,13,14,0.0758,0.2148,0,0.2053,57.97,0.96
24-02-2020,Pakistan,Asia,Original,3,0,2,41,,,0.1403,1,0,,0.4
05-04-2021,UK,Europe,Delta,8,0,7,81,184,0.0423,0.1261,2,0.1338,68.39,0.467
13-07-2021,Pakistan,Asia,Delta,413,9,384,6342,1652,0.2406,0.2494,298,0.0975,78.97,0.448
07-10-2020,Spain,Europe,Original,1,0,0,10,14,0.0737,0.1295,0,,44.46,0.663
29-10-2022,South Africa,Africa,Omicron BA.2,12,0,11,197,48,0.2648,,1,0.3316,,1.61
17-01-2022,Italy,Europe,Omicron,13,0,12,127,195,0.0508,0.0529,1,0.5213,30.55,1.194
09-02-2021,South Africa,Africa,Alpha,2,0,1,23,6,0.3303,0.1848,0,0.0392,65.48,0.467
09-03-2021,Canada,North America,Alpha,2,0,1,21,24,0.0716,0.1757,0,0.0895,66.68,0.4
13-05-2020,Turkey,Asia,Original,3,0,2,53,30,0.0911,0.1452,1,0,59.55,0.4
20-03-2020,Argentina,South America,Original,2,0,1,29,16,0.1221,0.1328,0,0,76.29,0.4
03-06-2022,Pakistan,Asia,Omicron BA.2,2,0,1,27,10,0.1996,0.0826,0,0.2608,25.22,2.699
02-06-2022,Germany,Europe,Omicron BA.2,4,0,,64,76,0.0626,,0,0.7114,26.21,1.108
21-09-2020,Argentina,South America,Original,1,0,0,15,10,0.0972,0.1626,,,33.09,0.866
29-05-2020,Italy,Europe,Original,3,0,2,53,39,0.068,0.1037,1,0,67.25,0.4
15-06-2022,Australia,Oceania,Omicron BA.2,1,0,,16,14,0.0576,,0,0.7348,,1.298
15-11-2021,Brazil,South America,Omicron,83,1,79,928,664,0.1329,0.0441,,0.2576,47.41,1.39
14-10-2020,Russia,Europe,Original,1,0,0,15,8,0.1122,0.1581,0,0,43.11,0.686
07-01-2021,Colombia,South America,Alpha,6,0,5,85,54,0.1047,0.1379,3,0.0086,54.72,0.571
10-10-2020,Spain,Europe,Original,39,1,35,578,819,0.0563,0.0975,14,0,36.41,0.568
17-04-2020,Pakistan,Asia,Original,4,0,3,62,12,0.3252,0.1829,2,,65.79,0.4
04-11-2020,South Africa,Africa,Original,1,0,0,14,4,0.2384,0.2015,,0,,0.699
24-08-2021,South Africa,Africa,Delta,1,0,0,10,4,0.2569,0.1766,,0.1085,64.27,0.621
19-08-2020,Germany,Europe,Original,22,0,20,375,440,0.0393,0.1775,19,0,49.86,0.631
28-03-2020,Canada,North America,Original,1,0,0,9,,,0.2016,0,0,86.22,0.4
15-11-2022,USA,North America,Omicron BA.2,112,0,,1271,1792,0.0343,,9,0.92,22.09,1.409
21-07-2020,France,Europe,Original,12,0,11,204,216,0.0679,0.1745,9,0,59.99,0.4
12-04-2022,Italy,Europe,Omicron BA.2,3,0,,35,54,0.0427,,0,0.6375,34.78,1.063
17-07-2021,South Africa,Africa,Delta,10,1,9,114,40,0.2685,0.2564,,0.0843,66.16,0.54
18-05-2022,UK,Europe,Omicron BA.2,3,0,2,53,54,0.0574,0.03,0,0.6868,25.72,
30-09-2020,USA,North America,Original,2,0,1,35,28,0.0681,,1,0,46.23,0.552
31-12-2021,Mexico,North America,Omicron,2,0,1,23,22,0.0886,,,0.3145,44.79,0.93
17-05-2021,Spain,Europe,Delta,1,0,0,15,16,0.0681,0.1091,0,0.1808,77.29,0.514
30-03-2021,Germany,Europe,Delta,1,0,0,10,18,0.0405,,0,0.1031,71.14,
24-05-2020,Japan,Asia,Original,20,0,19,329,,,0.1578,15,0,,
04-09-2021,South Korea,Asia,Delta,1,0,0,18,18,0.0462,0.1494,0,0.346,59.54,0.858
14-02-2020,Canada,North America,Original,1,0,0,12,15,0.0551,0.1273,0,0,0.73,0.977
20-02-2021,France,Europe,Alpha,8,0,7,100,192,0.0439,0.1155,2,0.0561,,0.4
14-12-2021,Germany,Europe,Omicron,14,0,13,222,210,0.0605,0.0604,3,0.4847,46.4,0.755
14-06-2022,Russia,Europe,Omicron BA.2,10,0,9,147,100,0.1019,0.076,2,0.473,22.31,1.486
11-10-2022,India,Asia,Omicron BA.2,19,0,17,277,171,0.0973,0.0324,,0.5757,28.42,
02-11-2020,Turkey,Asia,Alpha,13,0,12,223,78,0.1722,0.221,,0,39.67,1.06
28-11-2021,Italy,Europe,Omicron,4,0,3,57,56,0.0666,0.038,0,0.4699,,1.404
22-08-2020,Italy,Europe,Original,2,0,1,34,38,0.0616,0.1198,1,0,50.43,0.4
22-11-2020,South Africa,Africa,Alpha,1,0,0,10,5,0.2022,0.2112,,,39.66,0.976
07-02-2022,Argentina,South America,Omicron,6,0,5,93,42,0.134,0.0711,,0.3543,50.18,1.05
11-06-2021,Italy,Europe,Delta,1,0,0,11,15,0.0748,0.2127,0,0.2368,72.88,0.477
08-11-2022,Australia,Oceania,Omicron BA.2,1,0,0,11,20,0.0427,,0,0.92,,1.413
27-01-2020,Russia,Europe,Original,3,0,2,31,,,0.1448,0,,4.45,1.019
11-03-2022,Spain,Europe,Omicron BA.2,28,0,26,386,392,0.0706,0.0558,4,0.5934,29.63,2.005
01-08-2020,Colombia,South America,Original,4,0,3,62,36,0.1092,0.1338,,,63.58,0.5
03-01-2022,Indonesia,Asia,Omicron,1,0,0,14,4,0.2551,0.0864,0,0.1587,39.24,1.039
01-08-2021,South Korea,Asia,Delta,4,0,3,63,76,0.0585,0.1207,1,0.2875,63.48,0.781
18-04-2020,Argentina,South America,Original,1,0,0,11,,,0.207,0,0,77.68,0.4
07-06-2022,Russia,Europe,Omicron BA.2,8,0,7,117,56,0.1625,,,0.4579,29.2,1.23
18-10-2020,Japan,Asia,Original,3,0,2,30,72,0.0605,0.1254,0,0,56.13,0.4
30-04-2022,Russia,Europe,Omicron BA.2,1008,0,,1589,1120,0.0773,0.0574,,0.4302,33.03,1.425
19-05-2020,Canada,North America,Original,8,0,7,139,152,0.0659,0.1171,4,0,67.19,0.4
17-10-2020,South Africa,Africa,Original,3,0,2,38,12,0.2456,0.0968,,,53.23,0.589
21-03-2021,USA,North America,Delta,17,0,16,178,408,0.0395,0.2265,8,0.1068,65.55,0.514
11-08-2021,India,Asia,Delta,35,1,32,444,350,0.1021,0.1623,16,0.1935,70.48,0.572
27-10-2020,India,Asia,Original,79,1,75,953,711,0.1195,0.1153,26,0,,0.458
06-09-2022,Colombia,South America,Omicron BA.2,40,0,,637,320,0.1289,0.039,6,0.542,28.37,1.303
18-07-2021,Russia,Europe,Delta,2,0,1,30,16,0.1191,0.1905,1,0.1756,60.26,0.638
13-06-2022,South Korea,Asia,Omicron BA.2,5,0,,83,80,0.0635,0.0285,0,0.7305,37.33,1.014
28-11-2021,Brazil,South America,Omicron,54,1,52,743,378,0.1244,0.0619,,0.2868,26.18,1.196
24-04-2020,Germany,Europe,Original,2,0,1,30,48,0.0272,0.1187,0,0,63.45,0.4
04-07-2022,Turkey,Asia,Omicron BA.2,5,0,4,72,55,0.0996,0.0468,,0.4912,25.23,
05-08-2021,France,Europe,Delta,13,0,12,234,208,0.0548,0.2015,11,0.2848,68.05,0.4
28-02-2022,UK,Europe,Omicron,29,0,27,364,667,0.0498,0.0343,3,0.5886,33.45,0.918
18-05-2021,South Korea,Asia,Delta,114,1,109,1502,2508,0.857469797,0.1737,47,0.1906,81.25,0.426
17-03-2020,Italy,Europe,Original,2,0,1,33,40,0.0574,0.094,0,0,91.07,0.4
11-03-2021,Turkey,Asia,Alpha,5,0,4,74,55,0.103,,2,0.0576,60.34,0.514
13-03-2021,Indonesia,Asia,Alpha,8,0,7,95,24,0.3275,0.2148,5,0.0369,74.28,0.4
31-01-2022,USA,North America,Omicron BA.2,69,0,65,974,966,0.0797,0.0329,8,0.542,,1.516
30-10-2022,Germany,Europe,Omicron BA.2,1,0,,18,16,0.0559,0.0303,0,0.92,19.63,1.424
13-11-2021,Spain,Europe,Omicron,1,0,0,16,15,0.0646,0.0845,0,0.4398,40.2,1.488
22-04-2022,Australia,Oceania,Omicron BA.2,1,0,0,16,12,0.0866,,0,0.6761,19.92,1.625
01-04-2022,South Korea,Asia,Omicron BA.2,36,0,,400,684,0.047,0.0291,2,0.6035,,
30-10-2022,South Korea,Asia,Omicron BA.2,1,0,0,11,22,0.0595,0.0221,0,0.92,,1.303
18-04-2020,USA,North America,Original,109,1,100,1386,,,0.1507,60,0,71.05,0.4
10-11-2022,India,Asia,Omicron BA.2,170,1,158,2150,1190,0.1566,0.0646,37,0.5915,33.33,1.705
20-11-2020,Australia,Oceania,Alpha,3,0,2,45,39,0.0655,0.1789,1,0,55.06,0.763
19-10-2022,Italy,Europe,Omicron BA.2,8,0,7,124,192,0.0531,0.018,0,0.9111,20.64,1.26
16-02-2021,Italy,Europe,Alpha,1,0,0,17,23,0.0549,,0,,71.25,0.472
13-11-2022,UK,Europe,Omicron BA.2,1,0,,13,19,0.0633,0.0224,0,0.92,,1.076
23-01-2020,Italy,Europe,Original,1,0,0,15,12,0.0887,,0,0,11.64,1.118
12-06-2022,Japan,Asia,Omicron BA.2,7,0,,79,161,0.047,0.0482,0,0.7422,37.62,
24-04-2022,Argentina,South America,Omicron BA.2,42,0,38,429,420,0.0883,0.0438,,0.423,20.14,2.603
09-04-2021,Turkey,Asia,Alpha,1,0,0,13,11,0.1024,0.147,,0.083,79.63,0.4
15-01-2021,France,Europe,Alpha,3,0,2,53,63,0.0463,0.2,2,0.0161,56.31,0.733
13-02-2021,Spain,Europe,Alpha,1,0,0,10,13,0.0695,0.2092,0,0.0301,51.71,0.81
31-12-2020,South Korea,Asia,Alpha,8,0,7,79,120,0.0506,0.1524,3,0,72.31,0.4
21-08-2022,Mexico,North America,Omicron BA.2,26,0,25,451,234,0.1073,0.0614,,0.5373,37.84,1.137
12-03-2020,Turkey,Asia,Original,2,0,1,22,,,0.1971,,0,68.26,0.4
24-06-2022,Australia,Oceania,Omicron BA.2,1,0,0,16,24,0.0483,0.0318,0,0.7499,26.22,1.925
27-01-2020,USA,North America,Original,88,1,85,1467,1144,0.0941,0.1034,31,0,12.61,1.138
25-02-2022,UK,Europe,Omicron,10,0,9,158,180,0.0474,0.0419,1,0.5755,25.79,1.722
25-09-2021,Australia,Oceania,Delta,1,0,0,15,20,0.0464,0.1305,0,0.3634,41.81,0.626
18-02-2022,UK,Europe,Omicron BA.2,3,0,2,37,51,0.0592,0.0526,0,0.5581,24.84,1.506
13-02-2020,Colombia,South America,Original,1,0,0,13,6,0.1685,,0,0,10.34,
21-06-2020,Germany,Europe,Original,8,0,7,101,192,0.057,,4,0,68.44,0.4
08-05-2021,Spain,Europe,Delta,6,0,5,99,108,0.0535,0.1094,1,0.1741,60.02,0.563
26-10-2021,Spain,Europe,Delta,1,0,0,14,17,0.0637,0.097,0,0.4008,46.1,0.977
19-02-2020,South Korea,Asia,Original,1,0,0,12,16,0.0552,0.1977,0,0,9.73,0.717
28-04-2021,UK,Europe,Delta,8,0,7,103,112,0.0832,0.1706,3,0.1381,59.78,0.515
24-06-2021,Italy,Europe,Delta,1,0,0,12,21,0.0494,0.1423,0,0.2456,88.9,0.4
10-07-2021,South Korea,Asia,Delta,2,0,1,20,24,0.0783,0.1182,0,0.2487,82.77,0.4
20-02-2022,Italy,Europe,Omicron BA.2,5,0,4,85,110,0.0218,0.0573,0,0.5861,48.05,1.233
22-05-2021,France,Europe,Delta,13,0,12,199,247,0.0678,,8,0.2,74.49,0.4
10-01-2022,Colombia,South America,Omicron,8,0,7,105,80,0.0967,,,0.3302,25.53,2.002
13-10-2020,Australia,Oceania,Original,1,0,0,13,21,0.0597,0.1421,0,0,55.31,0.4
25-09-2021,South Korea,Asia,Delta,1,0,0,17,15,0.0765,0.1196,0,0.3625,57.47,0.511
07-10-2022,Mexico,North America,Omicron BA.2,8,0,7,142,88,0.093,0.0552,1,0.579,20.05,1.529
18-04-2020,India,Asia,Original,10,0,9,110,80,0.1151,0.1992,3,0,65.54,0.442
28-04-2020,Japan,Asia,Original,25,0,23,277,,,0.1803,11,,,0.4
21-11-2022,Indonesia,Asia,Omicron BA.2,22,0,,299,66,0.3204,,,0.3469,12.07,2.009
19-03-2021,Brazil,South America,Delta,34,2,30,468,272,0.1315,0.1339,,0.0609,58.81,0.878
09-02-2021,Italy,Europe,Alpha,1,0,0,15,20,0.0467,,0,0.0523,68.24,0.524
14-09-2021,India,Asia,Delta,42,1,39,701,294,0.1622,,,0.2176,50.8,0.727
01-04-2022,Pakistan,Asia,Omicron BA.2,340,4,324,4113,1020,0.3425,0.0474,,0.2204,36.84,1.372
09-05-2022,Brazil,South America,Omicron BA.2,3,0,2,50,30,0.101,0.0658,0,0.425,39.58,1.926
09-09-2021,Japan,Asia,Delta,12,0,11,126,156,0.0963,0.1502,3,0.3455,61.66,0.686
17-09-2022,Indonesia,Asia,Omicron BA.2,9,0,,116,27,0.332,0.0773,1,0.3129,33.03,2.109
25-05-2020,Pakistan,Asia,Original,4,0,3,65,,,0.2057,2,,60.6,0.4
01-04-2021,Australia,Oceania,Delta,3,0,2,33,45,0.0603,,1,0.1261,70.63,0.601
10-06-2022,Indonesia,Asia,Omicron BA.2,11,0,10,143,55,0.1975,0.0529,1,0.2578,30.32,1.786
31-01-2022,South Korea,Asia,Omicron BA.2,8,0,7,84,104,0.0687,0.0638,1,0.5424,44.72,1.282
02-09-2022,Japan,Asia,Omicron BA.2,23,0,22,394,552,0.0328,0.0346,3,0.8465,16.77,1.283
02-12-2021,Russia,Europe,Omicron,30,0,28,305,330,0.1069,,,0.2851,44.07,1.28
23-10-2020,Australia,Oceania,Original,4,0,3,47,60,0.0698,0.1156,1,,54.13,0.432
23-09-2021,Pakistan,Asia,Delta,8,0,7,88,32,0.2447,0.1632,3,0.1459,51.75,0.627
28-07-2022,India,Asia,Omicron BA.2,436,1,406,7409,3488,0.1318,0.039,,0.5012,24.15,1.607
12-05-2022,UK,Europe,Omicron BA.2,12,0,11,183,252,0.0432,0.0371,1,0.6896,,1.8
15-08-2021,Pakistan,Asia,Delta,76,3,69,766,228,0.3342,0.1591,32,0.098,,0.617
09-11-2021,Spain,Europe,Delta,1,0,0,10,13,0.0791,0.1649,0,0.4303,65.57,0.667
10-10-2021,Indonesia,Asia,Omicron,1,0,0,15,3,0.3383,0.0736,,0.1439,60,1.133
19-03-2020,USA,North America,Original,35,1,33,543,490,0.0739,0.1034,15,,99.26,0.4
22-02-2022,South Korea,Asia,Omicron BA.2,87,0,84,1554,1653,0.054,0.0299,10,0.5661,46.85,1.053
20-06-2022,India,Asia,Omicron BA.2,1059,7,1005,14904,8472,0.1331,0.0363,,0.463,14.93,2.021
27-03-2021,Canada,North America,Delta,2,0,1,35,34,0.0574,0.1804,1,0.0925,62.09,0.602
17-03-2021,Japan,Asia,Alpha,5,0,4,57,85,0.0582,0.2109,3,0.1081,59.65,0.438
18-06-2021,Pakistan,Asia,Delta,3,0,2,41,9,0.3287,,2,0.09,61.3,0.568
07-11-2021,Spain,Europe,Omicron,2,0,1,19,28,0.0725,0.0726,0,0.4523,53.67,0.667
24-11-2020,South Africa,Africa,Alpha,2,0,1,35,6,0.3395,,0,,35.78,1.028
08-05-2021,Australia,Oceania,Delta,17,0,16,256,289,0.0656,0.1428,8,0.2048,57.72,
12-02-2021,Mexico,North America,Alpha,11,0,9,121,66,0.1798,0.1282,2,,63.23,0.557
01-11-2021,Brazil,South America,Omicron,150,3,141,1597,900,0.163,0.0805,26,0.2758,42.51,1.602
11-03-2022,Canada,North America,Omicron,3,0,2,43,51,0.0674,0.0577,0,0.5924,34.42,1.49
27-02-2021,Indonesia,Asia,Alpha,16,1,14,189,80,0.1954,,5,,65.46,0.597
30-04-2020,Canada,North America,Original,10,0,9,140,210,0.0607,0.0988,2,0,83.28,0.4
05-12-2022,Russia,Europe,Omicron BA.2,239,1,228,3929,2390,0.083,,45,0.6359,18.02,1.301
28-08-2020,USA,North America,Original,2,0,1,35,26,0.0703,,0,0,58.7,0.57
03-09-2022,Argentina,South America,Omicron BA.2,1,0,,16,8,0.1278,0.0709,,0.534,23.89,1.552
29-04-2022,Mexico,North America,Omicron BA.2,12,0,11,203,96,0.1243,0.0412,2,0.4309,25.1,2.482
24-03-2020,Germany,Europe,Original,2,0,1,27,,,0.1449,0,,91.02,0.4
02-11-2020,Argentina,South America,Original,1,0,0,15,8,0.1362,0.2006,,0,51.94,0.582
10-08-2022,Spain,Europe,Omicron BA.2,3,0,,38,69,0.0368,0.0232,0,0.827,31.27,1.537
23-04-2020,Russia,Europe,Original,1,0,0,11,6,0.1677,0.1369,0,,64.48,
12-07-2021,South Africa,Africa,Delta,4,0,3,71,12,0.3289,0.2334,4,0.0796,80.96,0.455
16-04-2020,Pakistan,Asia,Original,6,0,5,71,30,0.218,0.1429,,,71.6,
01-12-2021,Mexico,North America,Omicron,41,1,37,672,410,0.1145,0.0473,,0.2873,27.07,1.445
19-12-2022,Pakistan,Asia,Omicron BA.2,14,0,,220,42,0.3333,0.0586,,0.3404,11.04,2.872
22-01-2022,Germany,Europe,Omicron,2,0,1,19,44,0.0537,,0,0.5339,45.32,0.882
31-05-2022,South Africa,Africa,Omicron BA.2,13,0,,219,65,0.2006,0.0808,4,,29,1.966
30-12-2022,Colombia,South America,Omicron BA.2,2,0,,22,22,0.1067,0.0341,,0.6381,18,1.253
15-05-2021,Russia,Europe,Delta,150,0,9,106,80,0.1035,0.1505,4,0.1066,70.06,0.623
12-11-2020,Mexico,North America,Original,1,0,0,15,10,0.1154,0.1337,,0,49.23,
28-09-2021,Russia,Europe,Delta,11,0,10,183,110,0.0996,0.1507,5,0.2349,35.86,0.73
30-05-2021,Argentina,South America,Delta,1,0,0,11,8,0.1308,,0,0.1248,61.65,0.6
11-03-2020,South Korea,Asia,Original,5,0,4,72,105,0.0522,0.0962,1,0,80.83,0.4
17-10-2021,France,Europe,Omicron,32,0,30,358,480,0.0547,0.0819,5,0.412,64.59,0.715
16-11-2020,Spain,Europe,Original,13,0,12,162,156,0.0918,0.1854,8,0,60.91,
17-01-2021,Colombia,South America,Alpha,2,0,1,24,18,0.0989,0.2221,1,0.003,66.44,0.592
26-09-2022,Italy,Europe,Omicron BA.2,1,0,0,15,23,0.0723,0.0425,0,0.8714,41.75,0.931
01-08-2021,Pakistan,Asia,Delta,5,0,4,87,20,0.2705,0.2136,,0.106,70.32,0.4
28-06-2022,Canada,North America,Omicron BA.2,1,0,0,15,15,0.0735,0.0326,0,0.7457,17.98,1.891
24-03-2020,Australia,Oceania,Original,2,0,1,28,,,0.1892,1,0,75.99,0.4
30-07-2022,India,Asia,Omicron BA.2,348,2,,3995,2784,0.1249,,73,0.5038,17.04,2.484
24-06-2020,Canada,North America,Original,18,0,16,230,432,0.0449,0.1406,8,,70.71,0.4
24-03-2020,UK,Europe,Original,12,0,11,139,,,0.1319,5,0,90.98,0.4
22-07-2020,Pakistan,Asia,Original,27,1,25,418,81,0.3379,0.1388,12,,72.83,0.4
14-06-2021,Argentina,South America,Delta,22,0,20,333,132,0.1667,0.1804,16,0.1493,56.93,0.778
23-05-2020,Australia,Oceania,Original,6,0,5,99,,,0.1407,4,0,70.84,0.4
04-12-2021,Colombia,South America,Omicron,11,0,10,140,110,0.1266,0.0685,,0.2974,32.06,1.628
04-02-2020,Mexico,North America,Original,6,0,5,61,,,0.1917,2,0,6.85,
06-08-2021,Argentina,South America,Delta,6,0,5,92,66,0.0875,0.2025,5,0.1706,67.71,0.747
16-07-2022,Colombia,South America,Omicron BA.2,7,0,6,86,77,0.0821,0.0422,0,0.5161,34.71,1.842
07-08-2020,Australia,Oceania,Original,1,0,0,16,12,0.0817,0.1397,0,,62.37,0.4
28-11-2022,Argentina,South America,Omicron BA.2,3,0,2,34,33,0.0845,0.0578,0,0.6251,,1.466
28-07-2022,UK,Europe,Omicron BA.2,211,0,201,2801,2954,0.0765,0.033,14,0.8011,37.53,0.964
22-04-2022,Turkey,Asia,Omicron BA.2,3,0,,47,27,0.106,0.069,0,0.4064,,1.338
30-03-2021,Japan,Asia,Alpha,1,0,0,14,14,0.0703,0.1251,0,0.1347,72.5,0.4
27-12-2021,Pakistan,Asia,Omicron,44,1,41,564,132,0.3337,0.0828,,,50.65,1.434
31-07-2021,Indonesia,Asia,Delta,28,1,26,469,84,0.3397,0.1111,,0.1134,79.62,0.478
23-05-2020,Canada,North America,Original,1,0,0,13,16,0.049,0.1209,0,0,46.94,0.491
09-10-2022,Italy,Europe,Omicron BA.2,5,0,4,83,100,0.0435,0.0325,0,0.8909,31.99,1.568
26-05-2022,Pakistan,Asia,Omicron BA.2,98,1,,1215,490,0.2022,0.0706,,0.2599,,2.31
31-01-2022,Brazil,South America,Omicron BA.2,10,0,9,122,100,0.1004,0.039,0,0.3342,21.4,2.014
11-08-2021,Brazil,South America,Delta,6,0,5,73,60,0.1013,0.2296,2,0.1968,60.03,0.723
20-05-2020,Pakistan,Asia,Original,5,0,4,60,,,0.105,1,0,50.08,0.481
08-01-2021,Italy,Europe,Alpha,12,0,11,128,240,0.0657,0.1442,2,,71.34,
05-07-2020,Pakistan,Asia,Original,14,0,13,207,56,0.2639,0.1644,,0,71.34,0.4
11-03-2022,Pakistan,Asia,Omicron BA.2,57,1,54,675,171,0.3483,0.0724,14,0.211,43.8,1.287
30-05-2021,Italy,Europe,Delta,7,0,6,123,154,0.0413,0.1759,3,0.2124,69.98,
30-05-2020,India,Asia,Original,27,0,25,417,162,0.1584,0.174,,0,48.67,0.642
08-08-2021,Indonesia,Asia,Delta,118,4,107,1744,472,0.2473,0.1467,60,0.1119,51.36,1.059
20-11-2020,Pakistan,Asia,Alpha,59,2,53,612,295,0.2002,0.1653,20,,42.65,0.907
07-02-2021,Brazil,South America,Alpha,32,1,28,350,352,0.0759,0.1692,,0.0313,60.21,0.503
15-01-2021,Brazil,South America,Alpha,242,10,222,2539,1694,0.1597,0.1263,59,,67.18,0.4
11-03-2020,Brazil,South America,Original,48,1,44,775,384,0.1191,0.1393,28,0,93.4,0.4
09-06-2020,USA,North America,Original,4,0,3,47,52,0.0737,0.1898,2,,49.3,0.661
03-10-2021,Germany,Europe,Delta,3,0,2,30,57,0.0495,0.1235,0,0.3679,57.42,
27-06-2021,France,Europe,Delta,33,1,31,539,462,0.0619,0.1068,12,0.2413,59.68,0.497
10-09-2021,Russia,Europe,Delta,24,1,21,364,168,0.1431,,,0.2211,54.16,0.768
31-10-2020,Mexico,North America,Original,11,1,9,179,121,0.0976,0.1837,9,0,37.14,0.663
26-08-2022,Italy,Europe,Omicron BA.2,1,0,,13,13,0.0578,0.0319,0,0.8288,39.4,0.899
15-03-2020,India,Asia,Original,164,3,152,2098,1640,0.1006,0.1037,54,,89.55,0.4
05-06-2021,Argentina,South America,Delta,6,0,5,101,48,0.12,0.1077,,0.1284,77.9,0.4
10-03-2020,Turkey,Asia,Original,6,0,5,108,,,0.1787,4,,62.41,0.4
28-03-2020,Italy,Europe,Original,3,0,2,35,54,0.0574,0.1129,0,0,63.87,0.4
03-03-2021,Brazil,South America,Alpha,23,1,21,316,207,0.105,0.1232,9,0.056,,0.501
11-02-2022,Canada,North America,Omicron BA.2,2,0,1,31,30,0.0717,0.0608,0,0.5519,33.08,1.783
09-02-2021,Canada,North America,Alpha,1,0,0,11,21,0.0545,0.1761,0,,,0.4
10-07-2021,UK,Europe,Delta,1,0,0,18,12,0.0758,0.137,0,0.2437,66.7,0.501
02-11-2021,Japan,Asia,Delta,7,0,6,80,112,0.0652,0.1217,2,0.4182,57.88,0.77
25-05-2020,Canada,North America,Original,1,0,0,15,14,0.0582,0.1958,0,0,65.02,0.4
16-06-2022,Turkey,Asia,Omicron BA.2,9,0,,101,63,0.1339,0.0444,,0.4644,40.65,1.189
31-12-2021,Brazil,South America,Omicron,34,0,31,598,204,0.16,0.0605,,0.3249,38.55,1.52
29-05-2021,Spain,Europe,Delta,2,0,1,21,36,0.0568,0.1817,0,0.1948,77.27,0.417
21-11-2020,Indonesia,Asia,Alpha,54,1,50,607,270,0.2079,0.1414,,0,56.67,0.475
12-10-2022,Argentina,South America,Omicron BA.2,15,0,14,238,135,0.1127,0.0495,2,0.5762,28.51,1.553
09-12-2020,Germany,Europe,Alpha,1,0,0,18,22,0.0311,0.139,0,0,61.36,0.478
14-07-2021,Mexico,North America,Delta,1,0,0,17,9,0.1045,0.1075,,0.1656,70.99,
15-05-2020,Germany,Europe,Original,4,0,3,62,,,0.1101,2,,46.69,0.635
03-12-2022,Colombia,South America,Omicron BA.2,3,0,2,53,24,0.1373,0.0421,,0.6416,23.95,1.893
23-09-2021,Colombia,South America,Delta,12,0,11,169,120,0.1028,0.1617,8,0.2301,57.37,0.877
06-06-2022,USA,North America,Omicron BA.2,6,0,5,84,132,0.0318,0.024,0,0.7267,36.33,0.976
04-10-2021,South Africa,Africa,Omicron,5,0,4,80,15,0.3357,,1,0.1515,48.44,1.275
30-07-2020,Canada,North America,Original,1,0,0,16,18,0.0376,0.1904,0,0,59.3,0.519
09-02-2020,Russia,Europe,Original,4,0,3,65,,,0.1613,,0,9.46,
14-11-2022,Italy,Europe,Omicron BA.2,1,0,,11,21,0.0317,0.0254,0,0.92,16.76,1.456
28-07-2020,Spain,Europe,Original,13,0,12,149,234,0.999728868,0.1808,6,0,48.55,0.514
19-06-2020,Germany,Europe,Original,4,0,3,66,88,0.0614,0.1627,2,0,51.04,0.459
22-01-2021,France,Europe,Alpha,19,0,18,282,342,0.049,0.1212,9,0.0323,63.02,0.603
08-03-2020,UK,Europe,Original,1,0,0,10,16,0.0638,0.1863,0,0,,0.4
17-02-2021,Mexico,North America,Alpha,7,0,6,91,70,0.1007,0.2147,4,0.0252,63.63,0.573
07-08-2021,Australia,Oceania,Delta,1,0,0,14,12,0.0836,0.1773,0,0.2951,65.06,0.678
14-11-2020,Argentina,South America,Original,1,0,0,12,9,0.1146,0.1849,,0,62.59,0.4
27-09-2021,Pakistan,Asia,Delta,36,1,32,457,180,0.1816,0.1696,16,,68.58,0.4
01-02-2020,Argentina,South America,Original,5,0,4,52,35,0.1444,0.1737,,0,10.03,0.84
21-09-2021,Russia,Europe,Delta,23,1,20,264,161,0.1419,0.1344,8,0.2302,59.28,0.503
21-12-2021,Germany,Europe,Omicron,6,0,5,88,138,0.0444,0.0769,1,0.4899,,0.724
17-03-2021,Colombia,South America,Delta,1,0,0,15,8,0.1166,0.1603,0,0.0667,61.82,0.518
23-10-2021,Argentina,South America,Delta,1,0,0,13,10,0.098,0.095,,0.2708,55.96,0.691
06-10-2021,Germany,Europe,Omicron,11,0,10,122,143,0.0676,0.0663,1,0.355,52.05,1.209
08-08-2020,Germany,Europe,Original,12,0,11,119,192,0.0531,0.0944,2,0,60.71,0.402
31-05-2022,Australia,Oceania,Omicron BA.2,25,0,23,311,375,0.0744,0.0513,2,0.7127,33.22,
15-02-2021,Italy,Europe,Alpha,28,0,26,444,336,0.0799,,9,0.0684,56.63,0.539
26-01-2021,Japan,Asia,Alpha,20,0,18,305,420,0.0326,0.1316,9,0.0515,52.21,0.787
04-11-2022,Mexico,North America,Omicron BA.2,5,0,4,72,45,0.1065,0.0646,1,0.6094,17.15,1.473
26-02-2021,Germany,Europe,Alpha,10,0,9,169,120,0.0888,0.0951,3,,58.58,0.675
17-07-2022,France,Europe,Omicron BA.2,6,0,,106,72,0.0819,0.0487,1,0.7685,38.84,1.076
06-05-2021,Australia,Oceania,Delta,1,0,0,17,19,0.0495,0.2188,0,0.1544,,0.827
05-03-2022,India,Asia,Omicron,1137,7,1096,13526,9096,0.1069,0.0722,196,0.3913,,1.375
30-05-2021,France,Europe,Delta,10,0,9,131,240,0.0355,,6,0.1981,63.39,0.673
30-10-2020,South Korea,Asia,Original,1,0,0,9,17,0.0612,0.122,0,0,42.73,0.796
12-07-2022,Turkey,Asia,Omicron BA.2,2,0,1,25,14,0.1241,0.0701,0,0.4872,31.57,1.676
28-04-2022,South Africa,Africa,Omicron BA.2,27,0,,383,135,0.1896,0.0742,6,0.2468,12.84,1.917
05-08-2022,Australia,Oceania,Omicron BA.2,2,0,1,25,44,0.0433,0.0344,0,0.8224,23.72,1.146
14-08-2021,Germany,Europe,Delta,7,0,6,116,140,0.0557,0.1868,6,0.3135,59.24,0.689
23-03-2021,Spain,Europe,Alpha,7,0,6,120,154,0.0522,0.1058,3,0.119,71.27,
31-01-2020,Mexico,North America,Original,1,0,0,16,,,0.161,0,0,10.34,0.727
08-03-2021,Mexico,North America,Alpha,6,0,5,97,36,0.1758,0.194,3,0.0494,65.01,0.485
19-07-2021,Pakistan,Asia,Delta,8,0,7,115,24,0.3253,0.1433,,0.0986,63.37,0.557
30-12-2022,Germany,Europe,Omicron BA.2,3,0,,42,72,0.0335,0.0244,0,0.92,18.6,1.121
28-12-2020,Mexico,North America,Alpha,23,2,20,331,184,0.1243,,,0,76.83,
25-06-2021,Spain,Europe,Delta,16,0,15,239,368,0.0499,0.1987,9,0.238,70.87,0.567
29-12-2022,Brazil,South America,Omicron BA.2,16,0,14,287,176,0.0953,0.0377,,0.653,35.28,1.795
04-03-2022,Colombia,South America,Omicron BA.2,3,0,2,38,24,0.1237,0.0743,0,0.3909,35.53,1.361
28-02-2022,Japan,Asia,Omicron,31,0,29,457,434,0.0523,0.0718,5,0.5973,55.23,1.037
23-12-2021,Spain,Europe,Omicron,1,0,0,11,21,0.0466,0.0773,0,0.4876,43.63,0.934
04-07-2022,India,Asia,Omicron BA.2,697,2,656,9373,6970,0.102,0.0472,125,0.4936,33.25,1.708
22-12-2022,Germany,Europe,Omicron BA.2,15,0,14,259,285,0.0661,0.0382,1,0.92,8.95,1.198
14-11-2021,Spain,Europe,Omicron,9,0,8,142,216,0.049,0.0842,3,0.4249,26.84,1.584
29-03-2020,France,Europe,Original,2,0,1,28,,,,0,0,70.84,0.408
22-05-2021,Canada,North America,Delta,1,0,0,18,15,0.0644,0.2133,0,0.1886,73.69,0.448
28-03-2020,South Africa,Africa,Original,1,0,0,12,,,0.195,0,0,95.59,0.4
09-10-2021,South Korea,Asia,Delta,3,0,2,31,36,0.0903,0.0939,0,0.3862,55.99,0.611
29-09-2020,Pakistan,Asia,Original,100,2,91,1420,500,0.1894,0.0912,22,0,46.56,0.4
05-11-2022,South Korea,Asia,Omicron BA.2,1,0,,14,19,0.0628,0.0186,0,0.92,40.41,
10-03-2020,Russia,Europe,Original,6,0,5,103,42,0.1319,0.1448,,0,64.81,0.4
21-04-2022,USA,North America,Omicron BA.2,4,0,,64,80,0.0451,0.0406,0,0.6552,36.79,1.119
17-01-2021,Russia,Europe,Alpha,7,0,6,121,42,0.1664,0.1001,3,0.0174,74.39,0.4
05-03-2021,Turkey,Asia,Alpha,9,0,8,97,63,0.1374,0.2047,,0.066,64.39,0.4
06-03-2020,India,Asia,Original,10,0,9,155,,,,,0,64.93,0.49
08-07-2021,Indonesia,Asia,Delta,36,2,32,612,108,0.3207,0.1848,18,,57.75,0.927
23-04-2020,UK,Europe,Original,1,0,0,15,15,0.059,0.1576,0,,,
26-06-2020,UK,Europe,Original,1,0,0,15,12,0.0927,0.1187,0,,67.08,0.453
05-10-2022,Indonesia,Asia,Omicron BA.2,157,2,150,2763,785,0.1885,0.0578,,0.3378,22.98,2.417
12-08-2021,France,Europe,Delta,5,0,4,54,65,0.857991155,0.1463,2,0.3159,48.17,1.012
16-02-2021,Indonesia,Asia,Alpha,3,0,2,29,9,0.3423,,0,0.0081,70.69,0.48
19-10-2022,Indonesia,Asia,Omicron BA.2,4,0,3,40,20,0.1852,0.0797,0,0.3238,15.09,
05-07-2022,Argentina,South America,Omicron BA.2,7,0,,93,77,0.091,0.0688,,0.5012,14.4,2.676
20-09-2021,Japan,Asia,Delta,4,0,3,66,72,0.052,0.136,2,0.3742,51.56,0.626
28-06-2021,Germany,Europe,Delta,2,0,1,25,48,0.0421,0.1928,1,0.2442,66.18,0.496
13-11-2020,France,Europe,Original,1,0,0,13,20,0.0603,,0,0,44.14,0.501
26-09-2021,Pakistan,Asia,Delta,91,2,83,1089,364,0.2382,0.2161,56,0.1291,66.2,0.605
11-08-2020,Canada,North America,Original,3,0,2,31,69,0.0519,0.1318,0,0,44.77,0.602
20-11-2022,Indonesia,Asia,Omicron BA.2,24,0,22,369,120,0.2216,0.0825,,0.3297,19.52,2.343
06-08-2020,Russia,Europe,Original,12,0,10,182,84,0.1568,,,,,0.444
12-09-2020,South Africa,Africa,Original,1,0,0,16,3,0.3407,0.1109,0,,51.25,0.578
04-04-2020,Argentina,South America,Original,11,0,9,190,110,0.0891,,9,,77.93,0.4
27-09-2020,Mexico,North America,Original,4,0,3,51,36,0.1173,0.1105,1,0,57.28,
27-02-2022,Argentina,South America,Omicron BA.2,2,0,1,28,12,0.1539,0.0554,0,0.3678,36.46,1.738
24-09-2020,Italy,Europe,Original,29,1,27,479,464,0.0664,0.1044,14,,32.89,0.892
20-02-2021,Argentina,South America,Alpha,1,0,0,15,11,0.0877,0.2184,,0.0572,61.6,0.4
19-08-2021,Japan,Asia,Delta,1,0,0,16,19,0.061,0.1785,0,0.3141,48.79,1.065
01-02-2021,South Korea,Asia,Alpha,1,0,0,17,24,0.0372,0.1615,0,0.041,66.09,0.536
15-05-2021,South Korea,Asia,Delta,7,0,6,117,126,0.0671,0.1149,2,0.1673,79.96,0.412
06-08-2022,Argentina,South America,Omicron BA.2,65,0,60,1015,390,0.1606,0.0637,18,0.5275,28.29,2.015
01-08-2021,South Africa,Africa,Delta,4,0,3,71,16,0.2564,0.1984,3,0.115,64.2,0.449
04-02-2020,Russia,Europe,Original,17,1,15,248,,,0.1889,7,0,16.14,0.919
05-04-2021,Russia,Europe,Delta,13,1,11,211,91,0.1355,0.1335,4,0.0865,65.52,0.79
30-03-2022,Pakistan,Asia,Omicron BA.2,30,0,,542,90,0.3336,0.0804,7,0.2261,25.1,1.869
09-08-2022,Germany,Europe,Omicron BA.2,14,0,,161,336,0.0342,,0,0.8247,27.35,1.087
21-10-2021,Australia,Oceania,Omicron,4,0,3,54,68,0.0411,0.0504,0,0.3983,51.93,0.809
27-05-2020,Pakistan,Asia,Original,41,1,37,479,205,0.229,0.1789,23,,56.33,0.4
01-09-2020,South Korea,Asia,Original,23,0,21,390,483,0.0567,0.2064,19,0,38.74,0.756
11-01-2022,Indonesia,Asia,Omicron,3,0,2,36,9,0.3424,0.0866,0,0.1865,25.9,2.313
13-03-2020,Italy,Europe,Original,2,0,1,35,44,0.0446,0.1756,1,0,93.05,0.4
10-03-2021,Mexico,North America,Alpha,27,1,25,407,216,0.1195,0.1777,21,0.0489,58.19,0.428
09-09-2021,UK,Europe,Delta,21,0,19,226,378,0.0447,,5,0.3396,66.35,0.443
28-03-2022,Colombia,South America,Omicron BA.2,2,0,1,26,18,0.0947,0.051,0,0.4187,18.34,2.383
12-07-2021,USA,North America,Delta,121,2,111,2111,1694,0.07,,69,0.2718,,0.552
14-08-2022,Germany,Europe,Omicron BA.2,11,0,10,128,132,0.095,0.0399,1,0.8156,18.67,1.186
12-11-2020,Mexico,North America,Original,17,1,16,244,187,0.0876,0.1471,,0,56.39,
06-06-2022,Canada,North America,Omicron BA.2,124,0,,2137,1984,0.076,0.036,17,0.7175,26.38,1.578
21-11-2021,USA,North America,Omicron,13,0,12,129,312,0.0278,0.0686,1,0.4625,47.45,0.895
15-11-2020,Brazil,South America,Alpha,24,1,21,249,144,0.1635,0.225,,0,58.49,0.698
18-07-2022,Argentina,South America,Omicron BA.2,2,0,,31,14,0.131,0.0691,,0.4917,34.1,1.56
10-08-2021,Argentina,South America,Delta,3,0,2,36,24,0.12,0.1964,,0.1723,66.55,0.757
28-03-2020,Argentina,South America,Original,1,0,0,15,,,0.1848,0,0,77.43,0.4
31-03-2020,Germany,Europe,Original,6,0,5,68,144,0.0354,0.1535,2,0,,0.47
08-12-2021,UK,Europe,Omicron,4,0,3,68,84,0.0384,0.0582,0,0.4686,28.8,1.171
27-03-2020,France,Europe,Original,47,1,44,550,752,0.0524,0.1423,19,0,83.78,0.4
17-02-2022,Pakistan,Asia,Omicron BA.2,12,0,11,199,36,0.326,0.0522,2,0.193,28.82,2.352
10-03-2021,India,Asia,Alpha,49,1,45,834,490,0.0906,0.1216,22,0.0652,59.12,0.524
15-01-2022,Argentina,South America,Omicron,18,0,17,284,144,0.1255,0.0648,4,0.3532,34.48,1.337
24-10-2022,Indonesia,Asia,Omicron BA.2,4,0,,59,16,0.2551,0.0712,1,,19.26,1.614
07-04-2021,Argentina,South America,Delta,1,0,0,13,11,0.0721,0.1792,0,0.0634,71.6,0.508
17-11-2021,Germany,Europe,Omicron,15,0,13,253,195,0.0774,0.0407,2,0.4593,33.05,1.31
16-08-2020,Mexico,North America,Original,36,3,32,615,396,0.0952,0.1776,26,,48.65,
26-10-2020,South Africa,Africa,Original,13,0,12,168,39,0.3413,0.1772,4,0,,0.413
03-03-2022,USA,North America,Omicron,31,0,,422,496,0.0697,0.0334,3,0.6084,49.6,1.165
16-07-2021,Spain,Europe,Delta,3,0,2,48,42,0.0749,0.104,0,0.2586,77.64,0.4
07-02-2021,Indonesia,Asia,Alpha,4,0,3,63,16,0.263,0.1426,,0.0133,64.06,0.434
16-01-2022,Indonesia,Asia,Omicron,12,0,11,177,36,0.3452,0.0933,4,0.1826,25.81,1.437
11-11-2020,Italy,Europe,Alpha,1,0,0,15,18,0.0619,0.2263,0,0,,
27-10-2022,Colombia,South America,Omicron BA.2,8,0,7,129,72,0.1136,0.0644,,0.5936,29.36,2.169
26-05-2021,Colombia,South America,Delta,9,0,8,105,63,0.1379,0.1743,3,0.1236,74.61,0.4
22-08-2022,Colombia,South America,Omicron BA.2,14,0,,243,140,0.0924,0.0435,2,0.5332,20.57,2.003
10-12-2020,Pakistan,Asia,Alpha,102,3,92,1732,408,0.2323,0.1036,,0,57.86,0.488
24-12-2021,South Africa,Africa,Omicron,1,0,0,12,3,0.3304,0.0533,,,28.26,1.265
17-04-2020,France,Europe,Original,1,0,0,11,15,0.0662,,0,,86.55,0.4
26-03-2020,Colombia,South America,Original,4,0,3,55,36,0.0881,0.1298,1,0,74.35,
05-03-2022,Pakistan,Asia,Omicron BA.2,9,0,8,94,27,0.3279,0.0637,1,,32.53,1.523
05-10-2022,South Africa,Africa,Omicron BA.2,1,0,0,12,3,0.3391,0.0785,0,0.3219,38.73,1.864
05-07-2022,Brazil,South America,Omicron BA.2,16,0,,157,112,0.1563,0.0499,1,0.4788,38.56,1.598
10-05-2022,Argentina,South America,Omicron BA.2,1,0,0,17,6,0.1561,0.0764,0,0.4461,11.42,1.867
01-07-2022,Argentina,South America,Omicron BA.2,10,0,9,164,60,0.153,0.0557,,0.4708,14.58,1.68
30-08-2022,Canada,North America,Omicron BA.2,18,0,,228,252,0.0839,0.0216,1,0.8319,29.07,1.534
23-03-2021,Brazil,South America,Delta,130,4,119,2287,1430,0.1079,0.1507,,0.0635,61.24,0.579
14-09-2020,Colombia,South America,Original,3,0,2,54,30,0.122,0.1941,2,0,54.97,0.523
20-09-2020,Italy,Europe,Original,9,0,8,121,207,0.0386,0.1463,2,,,0.447
01-09-2021,UK,Europe,Delta,2,0,1,34,38,0.0632,0.15,1,0.3359,42.66,1.103
11-08-2020,South Africa,Africa,Original,1,0,0,15,3,0.3164,,0,0,35.18,0.667
08-07-2020,Colombia,South America,Original,2,0,1,25,16,0.1302,0.0933,0,,47.62,0.467
19-04-2021,Pakistan,Asia,Delta,100,4,90,1783,500,0.1931,0.116,,,80.37,0.459
26-11-2021,Spain,Europe,Omicron,11,0,10,193,242,0.0454,0.0653,2,0.4602,42.13,1.407
26-01-2021,Italy,Europe,Alpha,5,0,4,74,100,0.0453,0.1772,2,0.031,61.45,
07-04-2020,Canada,North America,Original,-1,0,0,9,21,0.0508,0.2082,0,0,78.08,
09-07-2020,South Africa,Africa,Original,1,0,0,14,3,0.3182,0.1681,,0,59.39,0.479
27-10-2022,South Africa,Africa,Omicron BA.2,21,0,19,350,63,0.3397,0.08,4,0.3511,27.18,2.382
05-09-2022,Italy,Europe,Omicron BA.2,1,0,,16,17,0.0667,0.0378,0,0.8449,35.48,1.394
08-05-2020,USA,North America,Original,117,-1,110,2048,1989,0.0668,0.1001,55,0,69.67,0.4
10-09-2022,Spain,Europe,Omicron BA.2,9,0,,95,144,0.06,,0,0.8506,27.33,1.753
08-11-2022,UK,Europe,Omicron BA.2,4,0,,63,92,0.0373,0.027,0,0.92,19.89,1.72
10-07-2020,Mexico,North America,Original,15,1,13,232,105,0.1464,0.1215,7,0,66.72,0.425
23-01-2022,Indonesia,Asia,Omicron,12,0,11,127,60,0.1931,0.0898,,0.195,39.05,1.704
29-03-2020,Japan,Asia,Original,12,0,11,141,204,0.0596,0.1699,4,0,67.91,
19-01-2021,Turkey,Asia,Alpha,39,0,36,493,390,0.1067,0.2113,,0.0256,81.04,0.4
10-10-2020,Colombia,South America,Original,2,0,1,19,18,0.1119,0.1209,,0,56.36,
25-10-2020,South Korea,Asia,Original,1,0,0,16,24,0.0587,0.0959,0,,40.7,
25-05-2021,India,Asia,Delta,34,0,32,556,306,0.0966,0.1537,22,0.1203,70.22,0.448
21-03-2021,Mexico,North America,Delta,3,0,2,32,24,0.1432,0.191,0,0.0665,75.32,0.439
03-12-2022,France,Europe,Omicron BA.2,21,0,19,326,504,0.0506,0.0336,1,0.92,35.81,1.179
31-08-2022,India,Asia,Omicron BA.2,13,0,12,166,143,0.0825,0.0602,,0.5551,10.12,2.205
27-04-2022,Pakistan,Asia,Omicron BA.2,27,0,25,290,135,0.1996,,3,0.2553,15.21,2.28
19-08-2022,France,Europe,Omicron BA.2,7,0,,83,112,0.053,0.0212,0,0.8397,35.36,1.239
15-01-2022,India,Asia,Omicron,35,0,33,605,385,0.0791,0.0631,11,0.3318,42.37,1.013
11-02-2021,Brazil,South America,Alpha,18,1,16,290,180,0.1047,0.1787,12,,,0.792
03-08-2022,South Korea,Asia,Omicron BA.2,1,0,,10,12,0.0791,0.0361,0,0.8014,15.43,1.616
18-11-2022,France,Europe,Omicron BA.2,3,0,,31,39,0.0845,0.024,0,0.92,33.93,1.605
12-09-2022,Japan,Asia,Omicron BA.2,7,0,,75,105,0.0618,0.0428,0,0.8554,10.09,1.831
05-04-2020,Indonesia,Asia,Original,31,1,28,343,,,0.1743,9,,68.51,0.4
03-04-2021,Turkey,Asia,Alpha,3,0,2,38,24,0.1237,,0,0.0708,77.15,0.4
05-11-2020,Spain,Europe,Original,4,0,3,60,60,0.067,0.1919,1,,59.17,0.565
10-11-2022,Mexico,North America,Omicron BA.2,1,0,,11,11,0.0826,0.0561,,0.6054,37.32,1.007
01-08-2020,Germany,Europe,Original,1,0,0,17,12,0.0892,0.1973,0,0,59.69,0.4
25-01-2021,USA,North America,Alpha,51,1,47,649,867,0.0599,,23,0.0232,62.37,0.52
12-12-2020,Brazil,South America,Alpha,4,0,3,66,24,0.1773,0.1558,1,,72.1,0.4
01-08-2022,Argentina,South America,Omicron BA.2,45,0,,692,450,0.092,0.0698,11,0.5218,43.22,1.217
20-12-2020,Australia,Oceania,Alpha,1,0,0,12,22,0.0403,0.189,0,,74.27,0.4
01-02-2021,South Africa,Africa,Alpha,2,0,1,32,6,0.3346,0.1771,1,0.0105,76.07,0.421
22-05-2021,Pakistan,Asia,Delta,12,0,11,144,48,0.2409,0.1579,6,0.0761,63.17,0.755
22-07-2021,Turkey,Asia,Delta,1,0,0,10,7,0.1316,0.1371,0,0.1773,61.37,0.685
10-08-2022,Russia,Europe,Omicron BA.2,8,0,7,116,56,0.1431,,,0.5205,32.01,2.132
21-10-2021,Pakistan,Asia,Omicron,15,0,13,154,60,0.2574,0.0511,,,,1.022
10-03-2022,South Korea,Asia,Omicron,3,0,2,49,54,0.0523,0.0549,0,0.5987,32.33,1.412
11-07-2021,France,Europe,Delta,1,0,0,11,18,0.051,0.1863,0,0.2674,65.41,0.689
13-05-2022,Germany,Europe,Omicron BA.2,81,0,,921,1944,0.0433,0.0551,14,0.6683,30.09,1.875
11-07-2022,Mexico,North America,Omicron BA.2,18,0,,234,180,0.0836,0.0594,3,0.5037,18.8,2.08
01-03-2021,Turkey,Asia,Alpha,23,0,21,264,230,0.0983,0.1657,7,0.0544,,0.444
20-12-2022,Australia,Oceania,Omicron BA.2,1,0,,16,15,0.0836,0.0266,0,0.92,22.59,1.205
06-12-2020,Australia,Oceania,Alpha,6,0,5,85,138,0.0417,0.1312,2,0,46.51,0.704
16-08-2020,Pakistan,Asia,Original,29,1,27,369,145,0.1938,,20,0,58.52,0.455
26-07-2021,South Korea,Asia,Delta,1,0,0,15,24,0.0552,0.1373,0,0.2836,61.62,0.532
25-10-2020,UK,Europe,Original,3,0,2,44,51,0.0465,0.1352,1,0,35.27,0.475
15-10-2020,Mexico,North America,Original,2,0,1,20,20,0.0911,,0,0,54.03,0.518
08-08-2020,Colombia,South America,Original,2,0,1,26,22,0.0995,,,,43.52,0.605
16-09-2022,France,Europe,Omicron BA.2,3,0,2,42,60,0.0433,0.0344,0,0.8754,38.13,1.143
02-04-2022,Japan,Asia,Omicron BA.2,1,0,,17,20,0.0618,0.0288,0,0.6508,30.08,1.41
03-04-2021,Mexico,North America,Delta,59,3,52,946,531,0.1142,0.1733,29,0.0756,73.1,0.58
28-02-2022,Japan,Asia,Omicron BA.2,18,0,17,264,414,0.0504,0.0303,1,0.584,43.37,1.625
30-10-2021,France,Europe,Delta,4,0,3,61,76,0.0612,0.1659,2,0.4155,77.33,0.4
09-02-2022,Brazil,South America,Omicron BA.2,60,1,55,1039,360,0.1746,0.0398,6,0.3722,32.77,1.705
02-09-2021,France,Europe,Delta,1,0,0,13,23,0.0508,0.134,0,0.3361,49.98,0.65
11-03-2022,Turkey,Asia,Omicron BA.2,3,0,2,45,24,0.1311,0.0591,0,0.3824,42.21,1.31
20-07-2022,Pakistan,Asia,Omicron BA.2,28,0,25,300,140,0.2046,0.051,,0.2746,15.31,1.938
23-04-2022,Spain,Europe,Omicron BA.2,1,0,0,11,15,0.0722,,0,0.6569,35.37,1.582
20-08-2022,France,Europe,Omicron BA.2,6,0,5,96,144,0.0455,0.043,0,0.841,39.95,1.414
16-03-2022,Russia,Europe,Omicron BA.2,3,0,2,54,27,0.1068,0.0496,0,0.4029,19.37,
27-08-2022,Italy,Europe,Omicron BA.2,320,1,,5719,3840,0.1001,0.0249,39,0.8287,16.33,1.836
27-12-2022,Argentina,South America,Omicron BA.2,1,0,0,16,10,0.0922,0.0288,0,0.6633,35.04,1.493
20-05-2021,India,Asia,Delta,17,0,15,274,153,0.1051,0.1708,11,0.132,81.71,0.4
09-04-2022,Brazil,South America,Omicron BA.2,25,0,,247,150,0.1555,0.048,2,0.3939,7.98,2.476
08-11-2020,Colombia,South America,Alpha,4,0,3,58,44,0.093,0.2119,,0,54.17,0.47
21-04-2021,Australia,Oceania,Delta,2,0,1,25,42,0.0578,0.193,1,0.1367,55.64,0.793
20-11-2021,India,Asia,Omicron,111,1,105,1922,1110,0.0782,0.0686,39,0.2838,34.83,1.345
08-11-2021,Brazil,South America,Delta,11,0,9,196,121,0.0937,0.1876,,0.2745,64.06,0.728
06-06-2021,South Africa,Africa,Delta,4,0,3,53,20,0.1918,0.1331,,0.078,73.83,0.432
03-10-2022,UK,Europe,Omicron BA.2,2,0,1,21,44,0.0537,0.0195,0,0.8811,18.6,1.327
29-08-2020,Canada,North America,Original,4,0,3,46,88,0.0354,0.1769,1,0,50.82,0.658
15-12-2021,Mexico,North America,Omicron,1,0,0,15,10,0.1012,0.0601,0,0.3034,38.28,1.053
12-07-2022,South Africa,Africa,Omicron BA.2,1,0,,13,5,0.1992,0.0906,0,0.2833,24.76,2.301
20-11-2021,Mexico,North America,Omicron,2,0,1,23,20,0.1012,0.0522,,0.2882,56.19,1.334
31-01-2022,Canada,North America,Omicron,2,0,1,34,40,0.049,0.0703,0,0.5438,23,1.547
15-05-2022,Australia,Oceania,Omicron BA.2,1,0,0,10,16,0.0661,,0,0.6844,20.96,1.67
25-06-2022,Colombia,South America,Omicron BA.2,1,0,0,10,7,0.1496,,0,0.4892,,2.113
25-06-2021,Germany,Europe,Delta,2,0,1,32,40,0.0475,0.1555,0,0.2419,65.96,0.447
04-11-2020,Colombia,South America,Alpha,53,1,50,757,530,0.105,0.1677,,,60.25,0.554
20-04-2020,Brazil,South America,Original,2,0,1,29,18,0.1116,0.1356,1,,74.11,0.4
01-10-2020,Germany,Europe,Original,1,0,0,12,13,0.0728,0.1472,0,0,54.32,0.406
17-08-2020,Turkey,Asia,Original,1,0,0,14,7,0.1511,0.1653,0,0,39.51,0.663
13-03-2021,Russia,Europe,Alpha,2,0,1,31,16,0.116,0.1303,1,0.0824,77.52,0.4
13-02-2020,Australia,Oceania,Original,1,0,0,17,,,0.1174,0,0,7.3,0.869
01-01-2021,France,Europe,Alpha,10,0,9,161,160,0.0612,0.2305,8,,74.26,0.4
22-01-2020,India,Asia,Original,153,2,146,2048,,,0.0962,,0,6.66,1.055
06-04-2021,Mexico,North America,Alpha,1,0,0,17,7,0.1424,,0,0.0869,62.3,
07-08-2020,Germany,Europe,Original,17,0,16,279,306,0.0472,,7,0,62.52,
15-06-2020,South Korea,Asia,Original,3,0,2,46,36,0.0832,0.1232,1,0,54.1,
07-02-2022,UK,Europe,Omicron,9,0,8,131,180,0.0599,,1,0.549,61.02,0.921
12-02-2020,Mexico,North America,Original,6,0,5,97,,,,2,0,13.44,1.161
20-08-2020,Germany,Europe,Original,8,0,7,111,104,0.0695,0.1286,3,,43.17,0.641
31-03-2021,Spain,Europe,Delta,5,0,4,85,60,0.0878,0.1458,2,0.1306,83.92,0.4
11-07-2022,Canada,North America,Omicron BA.2,1,0,0,12,13,0.0937,0.0402,0,0.7777,12.9,1.521
28-08-2022,South Africa,Africa,Omicron BA.2,4,0,3,66,20,0.1882,0.049,0,0.2935,13.27,
07-03-2020,Argentina,South America,Original,1,0,0,13,,,0.2017,,0,78.63,0.4
30-11-2022,Indonesia,Asia,Omicron BA.2,48,0,44,602,192,0.2478,0.0579,6,,22.3,2.308
28-03-2021,Indonesia,Asia,Delta,22,1,20,365,66,0.31,,,0.0433,,0.4
29-06-2021,Indonesia,Asia,Delta,255,8,233,4431,1275,0.1969,0.1514,199,0.0961,69.17,0.48
14-08-2020,USA,North America,Original,8,0,7,112,136,0.0746,0.0979,2,,44.04,0.654
12-05-2020,Colombia,South America,Original,3,0,2,45,,,,1,0,52.23,
03-10-2021,South Korea,Asia,Omicron,104,0,101,1319,1768,0.0763,,21,0.3779,57.64,1.154
16-09-2022,India,Asia,Omicron BA.2,10,0,,175,60,0.1769,0.0501,,0.5618,33.11,1.815
21-03-2020,South Africa,Africa,Original,13,0,12,162,,,0.0902,3,0,98.6,0.4
05-05-2021,South Africa,Africa,Delta,8,0,7,97,24,0.3249,0.1579,4,0.0689,77.48,0.546
17-05-2021,France,Europe,Delta,1,0,0,13,22,0.0522,0.1876,0,0.1848,72.34,
27-03-2020,Indonesia,Asia,Original,22,1,20,381,110,0.1879,0.1143,7,0,75.17,
31-01-2020,Pakistan,Asia,Original,13,0,12,176,52,0.2437,0.108,3,0,14.49,
17-02-2020,Canada,North America,Original,16,0,15,280,192,0.0757,0.1327,10,0,20.03,1.005
08-06-2022,Japan,Asia,Omicron BA.2,25,0,23,355,425,0.0578,0.0352,2,0.717,29.17,1.407
17-05-2020,Colombia,South America,Original,2,0,1,25,18,0.109,0.1571,,0,66.7,0.446
18-12-2021,Italy,Europe,Omicron,12,0,11,146,216,0.0545,0.0577,1,0.4914,51.52,1.272
23-01-2022,Russia,Europe,Omicron,31,0,29,449,310,0.0997,0.0615,,0.3303,39.76,1.228
23-05-2020,Australia,Oceania,Original,1,0,0,16,23,0.0508,0.1721,0,,58.8,0.405
13-04-2022,Pakistan,Asia,Omicron BA.2,69,0,,681,276,0.2514,0.0493,,0.2255,20.65,2.69
25-09-2022,France,Europe,Omicron BA.2,3,0,2,35,69,0.0472,0.0339,0,0.8805,30.51,1.686
28-11-2022,Indonesia,Asia,Omicron BA.2,39,0,,596,156,0.2567,0.0514,,0.3439,13.82,2.875
28-02-2020,Spain,Europe,Original,1,0,0,16,12,0.0754,0.2036,0,0,87.11,0.4
09-03-2020,Canada,North America,Original,1,0,0,13,,,0.1532,0,,,0.4
16-07-2020,Russia,Europe,Original,1,0,0,11,9,0.1041,,0,0,63.79,0.494
16-08-2021,Russia,Europe,Delta,8,0,7,122,80,0.11,0.2013,6,0.2022,50.03,1.138
09-02-2022,Germany,Europe,Omicron BA.2,11,0,10,126,231,0.0404,0.0651,2,0.5526,31.58,1.205
21-02-2022,Mexico,North America,Omicron BA.2,2,0,1,27,20,0.0977,0.0424,0,0.3902,52.7,0.908
25-01-2020,Colombia,South America,Original,4,0,3,65,32,0.1202,0.2082,3,0,19.18,1.121
31-07-2021,Argentina,South America,Delta,1,0,0,15,7,0.1406,0.14,0,0.1712,78.23,0.4
24-01-2021,Turkey,Asia,Alpha,1,0,0,18,7,0.1422,0.1369,0,,,0.4
10-06-2022,Mexico,North America,Omicron BA.2,65,1,62,655,650,0.0969,0.0557,,0.4544,33.38,1.463
07-10-2022,Indonesia,Asia,Omicron BA.2,8,0,7,90,24,0.3215,0.0844,2,0.3173,10.44,2.042
02-02-2022,Mexico,North America,Omicron BA.2,5,0,4,56,40,0.1401,0.0835,0,0.3359,42.21,1.735
20-03-2021,Colombia,South America,Delta,8,0,7,87,88,0.0933,0.127,2,0.0638,58.31,0.92
20-07-2021,Japan,Asia,Delta,10,0,9,169,170,0.0554,,6,0.2868,67,0.542
09-12-2020,USA,North America,Alpha,10,0,9,177,220,0.038,,6,,69.79,0.517
28-12-2022,Japan,Asia,Omicron BA.2,14,0,13,209,238,0.0731,0.0346,1,0.92,28.63,0.946
14-01-2021,Australia,Oceania,Alpha,1,0,0,10,17,0.0703,0.2182,0,0,56.08,0.531
08-12-2021,Colombia,South America,Omicron,9,0,8,113,72,0.1392,0.0628,1,0.2911,23.72,2.094
30-09-2020,South Africa,Africa,Original,1,0,0,12,3,0.3316,0.0913,,0,49.96,0.614
25-02-2022,Pakistan,Asia,Omicron,63,1,58,1024,189,0.3196,0.0896,,0.2126,30.05,1.347
25-03-2020,Argentina,South America,Original,26,1,24,386,234,0.1028,0.1707,16,0,86.89,0.4
19-03-2022,Canada,North America,Omicron BA.2,5,0,,52,105,0.056,0.0643,0,0.6087,23.58,1.73
10-09-2020,Australia,Oceania,Original,5,0,4,86,65,0.0717,0.1789,3,0,59.92,0.4
15-12-2020,Russia,Europe,Alpha,24,1,22,326,264,0.0809,0.1041,,0,74.02,0.4
12-09-2022,Russia,Europe,Omicron BA.2,13,0,,174,78,0.1735,0.042,1,0.5545,36.73,1.791
01-02-2021,USA,North America,Alpha,10,0,9,176,220,0.0341,0.1724,7,,75.29,0.4
25-11-2021,Australia,Oceania,Omicron,1,0,0,11,17,0.0616,0.0808,0,0.4642,23.83,1.371
26-12-2020,Germany,Europe,Alpha,4,0,3,46,84,0.0467,0.1153,1,0,77.13,0.4
09-06-2022,Turkey,Asia,Omicron BA.2,50,0,,719,500,0.0971,0.0755,,0.4675,19.32,2.012
11-12-2022,USA,North America,Omicron BA.2,1,0,0,14,19,0.0503,,0,0.92,13.96,
17-05-2020,South Africa,Africa,Original,1,0,0,13,3,0.3399,0.1334,0,0,57.11,0.498
08-02-2022,Brazil,South America,Omicron BA.2,1,0,0,12,11,0.0866,0.0521,0,0.3597,33.52,1.263
28-07-2020,Russia,Europe,Original,5,0,4,53,35,0.1302,0.1687,,0,64.63,0.4
28-03-2022,Indonesia,Asia,Omicron BA.2,12,0,11,149,36,0.328,0.0692,,0.2312,22.52,
30-12-2022,Japan,Asia,Omicron BA.2,1,0,0,10,22,0.0667,,0,0.92,42.06,
07-11-2020,Argentina,South America,Alpha,6,0,5,89,54,0.1193,0.1071,2,,49,0.632
29-09-2020,Italy,Europe,Original,2,0,1,21,28,0.0598,0.1446,0,,35.76,0.767
14-06-2021,Russia,Europe,Delta,1,0,0,13,6,0.151,0.1444,,0.1298,63.43,0.856
11-05-2020,Italy,Europe,Original,1,0,0,15,,,0.1499,0,,46.89,0.469
17-12-2021,Mexico,North America,Omicron,4,0,3,68,40,0.1069,0.045,0,0.3108,44.36,0.886
10-05-2021,USA,North America,Delta,7,0,6,89,154,0.0546,0.1629,3,0.1743,80.78,0.416
18-09-2021,Australia,Oceania,Delta,1,0,0,16,17,0.0597,0.1636,0,0.3441,61.48,0.511
25-05-2020,USA,North America,Original,68,1,65,1072,,,0.1575,37,0,74.28,0.4
22-05-2020,Italy,Europe,Original,1,0,0,13,21,0.0468,0.1378,0,0,46.91,0.4
30-06-2021,Australia,Oceania,Delta,1,0,0,17,12,0.0656,0.1314,0,0.2712,86.6,0.4
13-12-2020,USA,North America,Alpha,134,2,125,1341,3216,0.045,0.1256,47,0,73.71,0.4
14-01-2021,Russia,Europe,Alpha,7,0,6,108,77,0.0821,0.1812,4,0.0009,67.79,0.4
27-05-2020,Brazil,South America,Original,14,0,12,138,,,0.117,3,0,64.2,
29-09-2021,Canada,North America,Delta,1,0,0,17,22,0.0416,0.149,0,0.3861,33.94,0.743
30-09-2020,Turkey,Asia,Original,1,0,0,17,11,0.0866,0.0953,,,40.28,0.754
24-06-2022,Brazil,South America,Omicron BA.2,66,1,,887,660,0.1046,0.0562,12,0.4747,22.54,1.63
21-04-2022,South Korea,Asia,Omicron BA.2,17,0,,203,374,0.04,,1,0.6725,27.06,1.616
03-10-2020,Spain,Europe,Original,4,0,3,60,92,0.0264,0.1996,2,0,48.21,0.64
30-04-2021,France,Europe,Delta,2,0,1,31,30,0.0714,0.2401,1,0.1635,55.86,0.704
24-01-2021,South Korea,Asia,Alpha,1,0,0,11,18,0.0556,0.1922,0,0.0226,74.88,0.4
08-01-2022,Brazil,South America,Omicron,115,1,107,1192,1035,0.0845,0.0927,,0.3315,47.22,1.241
27-06-2022,South Korea,Asia,Omicron BA.2,1,0,,17,19,0.0651,0.0391,0,0.7479,20.86,
23-02-2021,Russia,Europe,Alpha,2,0,1,19,12,0.1674,0.2169,0,,74.81,0.4
17-05-2021,France,Europe,Delta,38,1,36,645,570,0.053,,17,0.1796,71.19,0.663
06-06-2022,South Africa,Africa,Omicron BA.2,16,0,14,279,48,0.3251,0.0479,2,0.2685,29.76,2.121
07-05-2022,Germany,Europe,Omicron BA.2,10,0,,105,240,0.0276,,1,0.6794,34.73,1.486
13-03-2021,USA,North America,Alpha,70,1,65,824,1050,0.0874,0.2128,36,0.0978,57.95,0.567
22-12-2021,Mexico,North America,Omicron,16,0,14,223,160,0.1102,0.0585,2,0.3217,51.25,1.06
15-12-2022,France,Europe,Omicron BA.2,1,0,0,16,12,0.0858,,0,0.92,,1.236
26-11-2022,Russia,Europe,Omicron BA.2,3,0,,50,33,0.0801,0.0398,,0.6142,30.45,1.28
17-09-2021,Brazil,South America,Delta,59,1,56,973,472,0.1287,0.1633,38,0.2369,52.39,0.686
01-10-2021,Colombia,South America,Delta,2,0,1,32,18,0.1361,0.1148,0,0.2492,40.68,1.291
24-07-2022,Pakistan,Asia,Omicron BA.2,560,3,541,6233,1680,0.3369,0.0542,64,,38.33,2.104
26-06-2020,India,Asia,Original,311,4,297,4333,2799,0.1351,0.14,107,0,66.82,0.4
21-02-2020,Australia,Oceania,Original,1,0,0,16,,,0.1357,0,0,70.88,0.4
23-11-2020,Argentina,South America,Alpha,2,0,1,32,18,0.1039,0.1177,0,0,49.53,0.803
08-05-2021,Pakistan,Asia,Delta,14,0,13,153,56,0.2461,,,0.0688,86.59,0.4
15-04-2022,Japan,Asia,Omicron BA.2,17,0,,171,204,0.0782,0.0337,0,0.6503,24.92,1.438
23-09-2022,Turkey,Asia,Omicron BA.2,11,0,10,123,66,0.1706,0.0477,,0.5538,18.96,1.717
12-11-2022,Russia,Europe,Omicron BA.2,60,0,57,873,360,0.1583,0.0505,12,0.6043,37.56,0.995
24-03-2020,Indonesia,Asia,Original,28,1,26,467,112,0.2373,0.0993,,0,87.66,0.4
14-04-2022,France,Europe,Omicron BA.2,2,0,1,32,44,0.073,0.0518,0,0.6488,32.29,2.002
13-03-2020,South Korea,Asia,Original,36,0,33,493,468,0.0867,0.1731,17,0,89.92,0.4
04-07-2022,Turkey,Asia,Omicron BA.2,22,0,,259,132,0.1629,0.0739,4,0.4726,21.41,2.276
20-02-2020,Colombia,South America,Original,1,0,0,16,7,0.1511,0.2026,0,0,16.74,0.657
20-07-2022,Pakistan,Asia,Omicron BA.2,11,0,,188,33,0.3178,0.0542,,0.2836,31.16,1.538
12-06-2022,Argentina,South America,Omicron BA.2,1,0,0,12,10,0.1198,0.0662,,0.4729,33.48,1.691
02-09-2021,France,Europe,Delta,2,0,1,23,42,0.0431,0.1604,0,0.3447,59.31,0.762
22-01-2022,Russia,Europe,Omicron,62,0,59,671,620,0.1019,0.0543,7,0.3307,48.95,1.074
05-09-2021,UK,Europe,Delta,6,0,5,77,132,0.0261,0.092,1,0.3305,50.57,0.565
18-06-2022,Pakistan,Asia,Omicron BA.2,6,0,,100,18,0.3364,,0,,16.56,1.948
29-12-2022,Spain,Europe,Omicron BA.2,7,0,,126,154,0.0595,,0,0.92,,1
22-12-2022,Germany,Europe,Omicron BA.2,1,0,,13,14,0.063,0.0375,0,0.92,31.2,1
26-02-2020,Colombia,South America,Original,1,0,0,13,,,,0,0,91.64,0.4
29-03-2020,Canada,North America,Original,1,0,0,12,14,0.0719,,0,0,83.03,0.4
17-08-2022,Australia,Oceania,Omicron BA.2,4,0,,60,80,0.0476,0.0434,0,0.8186,14.54,1.815
09-11-2020,USA,North America,Alpha,14,0,13,209,224,0.0638,0.2125,9,0,45.91,0.621
14-01-2022,South Africa,Africa,Omicron,36,0,33,648,108,0.3251,0.0651,,0.181,48.72,1.373
03-05-2022,Germany,Europe,Omicron BA.2,12,0,11,167,276,0.0507,0.0532,2,0.6849,11.45,1.368
28-07-2022,Turkey,Asia,Omicron BA.2,5,0,,69,40,0.1327,0.0515,1,0.5116,26.99,1.255
18-09-2022,Turkey,Asia,Omicron BA.2,49,0,,770,392,0.1123,0.0648,12,0.5574,30.43,1.723
03-05-2022,Germany,Europe,Omicron BA.2,26,0,,259,416,0.0501,,3,0.6634,23.58,1.799
17-09-2022,Argentina,South America,Omicron BA.2,63,1,,849,504,0.1326,0.0348,5,0.5453,28.83,2.156
22-03-2021,Mexico,North America,Delta,28,1,25,274,168,0.1685,0.2142,15,0.0706,54.54,1.09
02-04-2020,Italy,Europe,Original,17,0,15,247,204,0.0783,0.1739,6,,78.45,0.4
20-02-2022,Pakistan,Asia,Omicron BA.2,8,0,7,132,40,0.2013,0.0937,3,,47.51,1.834
29-02-2020,Italy,Europe,Original,1,0,0,15,,,0.1848,0,0,98.04,0.4
25-04-2021,Spain,Europe,Delta,3,0,2,48,57,0.0542,0.2122,2,0.1479,88.97,0.4
13-12-2020,South Africa,Africa,Alpha,2,0,1,32,8,0.2584,0.1343,0,0,73.39,0.445
02-11-2021,Spain,Europe,Omicron,10,0,9,159,240,0.0499,,1,0.4298,68.16,0.544
17-07-2020,Colombia,South America,Original,9,0,8,112,63,0.1449,0.1119,2,0,50.92,0.475
24-02-2021,France,Europe,Alpha,1,0,0,16,23,0.0453,0.0995,0,0.0709,81.91,0.4
05-08-2022,Australia,Oceania,Omicron BA.2,1,0,,15,18,0.0362,0.034,0,0.7846,30.19,1.027
23-06-2020,France,Europe,Original,5,0,4,74,75,0.0752,0.2063,4,0,56.89,0.4
04-08-2021,Indonesia,Asia,Delta,12,0,11,174,60,0.186,,6,0.1175,46.84,0.816
25-09-2022,South Korea,Asia,Omicron BA.2,1,0,,14,14,0.0641,0.0319,0,0.8791,17.36,2.094
05-05-2020,Spain,Europe,Original,4,0,3,67,92,0.032,0.1604,1,,42.77,0.484
25-07-2020,Germany,Europe,Original,2,0,1,21,42,0.0545,0.0974,0,0,42.58,0.421
03-09-2020,India,Asia,Original,176,2,162,2011,1760,0.1077,0.1441,,0,56.13,0.4
15-07-2022,Germany,Europe,Omicron BA.2,4,0,3,70,84,0.0261,0.031,0,0.7775,8.4,2.354
25-08-2020,Australia,Oceania,Original,4,0,3,58,76,0.0626,,2,0,37.82,0.781
27-06-2020,France,Europe,Original,2,0,1,29,24,0.0877,0.1901,1,0,46.91,0.539
23-01-2020,India,Asia,Original,259,5,246,2922,,,0.2019,,,20.93,0.892
15-04-2020,South Korea,Asia,Original,1,0,0,15,,,0.2001,0,0,78.03,0.4
24-07-2020,South Africa,Africa,Original,4,0,3,63,12,0.3463,0.11,,0,63.14,0.4
21-05-2022,Indonesia,Asia,Omicron BA.2,76,1,71,930,304,0.244,0.0523,8,,25.95,1.589
30-09-2021,Turkey,Asia,Delta,1,0,0,14,8,0.1254,0.1653,0,0.2476,53.26,0.837
17-03-2020,UK,Europe,Original,1,0,0,14,,,,0,,62.95,0.446
10-10-2020,Australia,Oceania,Original,1,0,0,12,18,0.0541,0.1996,0,0,60.61,0.4
15-07-2020,Turkey,Asia,Original,4,0,3,67,32,0.1347,0.1011,1,0,58.36,0.441
14-04-2021,Argentina,South America,Alpha,6,0,5,87,60,0.0972,0.0991,1,0.0892,63.94,
10-09-2021,France,Europe,Delta,86,1,82,1332,1978,0.0372,0.0905,35,0.3437,64.1,0.408
01-02-2020,India,Asia,Original,49,1,46,839,539,0.0822,0.1668,,0,5,1.317
15-02-2022,Germany,Europe,Omicron BA.2,12,0,11,194,264,0.0541,0.0372,1,0.578,52.66,1.32
07-02-2021,Australia,Oceania,Alpha,1,0,0,9,18,0.0531,0.1644,0,0.028,72.76,0.4
14-05-2021,Canada,North America,Delta,2,0,1,34,42,0.0524,0.2015,1,0.1874,61.18,0.826
28-11-2022,Australia,Oceania,Omicron BA.2,1,0,0,11,12,0.082,,0,0.92,22.02,1.252
05-06-2020,Russia,Europe,Original,17,0,15,257,153,0.13,0.1296,,0,48.97,0.59
07-02-2022,South Africa,Africa,Omicron BA.2,12,0,11,213,36,0.3279,0.0606,2,0.2001,45.25,
20-08-2020,Indonesia,Asia,Original,8,0,7,130,40,0.2029,,,,40.31,0.56
25-07-2022,Italy,Europe,Omicron BA.2,4,0,3,47,88,0.0549,0.0378,0,0.776,35.97,1.241
10-11-2022,Australia,Oceania,Omicron BA.2,1,0,,13,17,0.0647,0.024,0,0.92,42.47,0.98
21-11-2022,Argentina,South America,Omicron BA.2,1,0,0,13,7,0.144,0.0348,,0.6032,29.27,1.362
22-02-2022,Brazil,South America,Omicron BA.2,513,4,487,8388,4617,0.1007,0.0615,136,0.3615,23.87,1.699
07-06-2020,Pakistan,Asia,Original,21,1,19,223,84,0.2613,0.1406,5,,63.37,0.4
17-01-2022,Germany,Europe,Omicron,2,0,1,36,40,0.0427,,0,0.5035,46.42,
03-07-2021,Spain,Europe,Delta,3,0,2,46,66,0.0534,0.1584,2,0.2426,62.06,0.558
20-10-2020,Brazil,South America,Original,3,0,2,49,27,0.0987,0.1782,,,55.47,0.4
19-01-2021,Canada,North America,Alpha,4,0,3,49,80,0.0607,0.1607,1,0.0071,78.63,0.4
02-07-2020,Japan,Asia,Original,17,0,16,265,221,0.0756,0.1653,12,0,64.9,0.4
15-10-2020,Russia,Europe,Original,47,1,44,719,423,0.1038,0.1278,20,0,44.14,0.77
25-04-2021,Spain,Europe,Delta,14,0,12,159,294,0.0308,0.1097,3,0.1462,70.74,0.514
29-07-2020,Australia,Oceania,Original,3,0,2,45,39,0.088,0.1355,1,0,64.45,0.4
13-01-2022,Canada,North America,Omicron,1,0,0,11,24,0.028,0.0662,0,0.5077,34.68,0.909
26-07-2021,UK,Europe,Delta,1,0,0,14,22,0.052,0.1558,0,0.2981,65.9,0.552
05-10-2021,Brazil,South America,Omicron,10,0,9,98,110,0.097,0.0933,2,0.2481,67.1,0.997
13-03-2022,India,Asia,Omicron BA.2,15,0,,248,120,0.1287,0.072,5,0.3766,31.26,1.782
07-04-2021,India,Asia,Delta,90,1,82,1275,990,0.0993,0.2082,,0.0693,73.2,0.527
13-02-2021,Italy,Europe,Alpha,1,0,0,18,12,0.0947,0.0955,0,0.0523,65.55,0.577
26-03-2022,Australia,Oceania,Omicron BA.2,3,0,,40,60,0.053,0.049,0,0.6074,19.37,1.585
09-05-2020,USA,North America,Original,4,0,3,56,60,0.0526,0.1121,1,0,,0.4
22-01-2022,Russia,Europe,Omicron,5,0,4,63,50,0.0983,0.0451,,0.346,33.58,1.068
06-10-2022,Canada,North America,Omicron BA.2,114,0,108,1960,2736,0.0504,0.0229,8,0.886,31.41,0.931
10-08-2022,Australia,Oceania,Omicron BA.2,1,0,0,14,19,0.0574,,0,0.8166,17.75,2.103
07-05-2020,Russia,Europe,Original,1,0,0,12,10,0.1081,0.1501,,0,57.69,0.4
12-11-2021,Argentina,South America,Omicron,14,0,13,208,112,0.1297,0.0689,3,0.2846,36.02,1.646
17-10-2022,Indonesia,Asia,Omicron BA.2,68,1,65,918,272,0.2346,0.0612,13,0.3237,4.42,2.273
01-02-2022,USA,North America,Omicron,3,0,2,33,48,0.0523,0.0673,0,0.5624,43,0.898
02-02-2022,South Korea,Asia,Omicron BA.2,5,0,4,57,60,0.0727,0.0368,0,0.5472,33.06,1.951
02-09-2022,Spain,Europe,Omicron BA.2,10,0,9,108,190,0.0425,0.0247,0,0.8252,28.43,1.361
15-06-2021,UK,Europe,Delta,6,0,5,105,78,0.0963,0.2266,4,0.2267,51.87,0.867
29-10-2020,USA,North America,Original,7,0,6,116,119,0.0342,0.1114,3,,38.84,
01-06-2020,Canada,North America,Original,1,0,0,17,18,0.0623,0.1328,0,0,,0.727
09-05-2021,Pakistan,Asia,Delta,1,0,0,17,3,0.3398,0.123,,,69.6,0.731
20-07-2020,Japan,Asia,Original,4,0,3,48,64,0.0671,0.1702,1,0,57.87,0.4
02-10-2022,Germany,Europe,Omicron BA.2,4,0,,43,48,0.091,0.0292,0,0.899,36.95,0.917
08-07-2020,Mexico,North America,Original,1,0,0,11,11,0.1004,0.1122,0,,66.45,0.455
12-12-2021,Italy,Europe,Omicron,14,0,13,141,182,0.0872,0.078,2,0.4756,53.91,1.003
19-01-2021,Canada,North America,Alpha,2,0,1,35,48,0.0613,0.2121,1,0.0338,79.39,0.4
12-04-2022,India,Asia,Omicron BA.2,183,1,177,1871,1647,0.1154,0.0562,24,0.4061,26.71,1.879
12-03-2020,France,Europe,Original,5,0,4,55,105,0.0711,0.1194,1,0,91.13,0.4
05-03-2021,Russia,Europe,Alpha,1,0,0,12,10,0.1075,,0,0.0416,53.97,0.594
05-02-2020,Germany,Europe,Original,9,0,8,127,189,0.0476,,3,,10.2,0.824
27-04-2020,UK,Europe,Original,3,0,2,53,60,0.0447,0.1526,2,0,71.36,0.4
19-10-2022,Italy,Europe,Omicron BA.2,6,0,,87,126,0.0485,0.0242,0,0.9143,27.43,1.693
06-12-2022,Colombia,South America,Omicron BA.2,15,0,,211,150,0.0907,0.043,,0.617,27.37,1.387
01-06-2022,France,Europe,Omicron BA.2,6,0,5,89,144,0.0306,0.0306,0,0.7178,33.89,1.878
21-10-2021,UK,Europe,Delta,4,0,3,70,60,0.0701,,1,0.3986,,0.444
31-12-2020,Canada,North America,Alpha,2,0,1,33,40,0.0673,0.1303,0,0,59.47,0.653
17-01-2021,Brazil,South America,Alpha,31,1,28,356,217,0.1383,0.202,,0.006,72.94,0.4
23-11-2021,Indonesia,Asia,Omicron,26,0,25,364,104,0.2577,0.0659,6,0.1787,38.21,1.704
26-03-2021,Indonesia,Asia,Alpha,6,0,5,72,18,0.343,0.1846,2,0.0481,64.34,
28-09-2020,Indonesia,Asia,Original,4,0,3,68,20,0.2058,0.174,2,0,42.46,0.732
11-10-2020,USA,North America,Original,3,0,2,52,36,0.0885,0.1473,1,0,52.73,0.481
18-09-2021,Russia,Europe,Delta,1,0,0,12,11,0.0922,0.1991,0,0.2256,45.09,0.782
10-07-2021,Germany,Europe,Delta,2,0,1,21,44,0.0441,0.0999,0,0.2472,74.97,0.4
08-11-2021,Japan,Asia,Delta,1,0,0,10,21,0.0548,,0,0.4202,61.25,0.757
01-10-2022,Australia,Oceania,Omicron BA.2,13,0,12,180,286,0.0437,,1,0.8976,14.25,1.734
13-11-2022,Colombia,South America,Omicron BA.2,3,0,2,44,18,0.1558,0.0387,0,0.6224,22.63,1.437
28-02-2022,South Africa,Africa,Omicron BA.2,1,0,0,11,5,0.1908,0.0502,0,0.2193,48.57,1.566
04-06-2020,Germany,Europe,Original,5,0,4,53,115,0.0473,0.1649,2,,70.02,0.4
22-08-2021,South Africa,Africa,Delta,2,0,1,22,6,0.3254,0.1674,0,,51.47,0.942
23-10-2022,Mexico,North America,Omicron BA.2,8,0,7,88,72,0.1181,0.0518,1,0.5856,20.29,1.722
02-12-2022,South Korea,Asia,Omicron BA.2,1,0,,14,18,0.0741,0.0212,0,0.92,25.26,1.099
15-10-2021,Australia,Oceania,Delta,1,0,0,17,23,0.0537,0.1942,0,0.3905,67.22,0.444
11-04-2020,France,Europe,Original,1,0,0,12,,,0.1017,0,0,,
27-10-2020,Canada,North America,Original,1,0,0,14,14,0.0666,0.1393,0,0,55.77,0.439
09-04-2020,Australia,Oceania,Original,1,0,0,10,22,0.0265,0.1632,0,0,89.42,0.4
23-07-2022,Spain,Europe,Omicron BA.2,10,0,,142,220,0.0396,0.0505,1,0.7778,35.86,1.449
13-04-2020,USA,North America,Original,1,0,0,17,23,0.0462,0.1481,0,0,73.01,0.4
22-12-2022,Germany,Europe,Omicron BA.2,15,0,,218,330,0.0304,0.0244,1,0.92,37.91,1.053
21-01-2022,Colombia,South America,Omicron,1,0,0,10,7,0.1311,0.0484,,0.3485,57.66,1.144
04-04-2020,Mexico,North America,Original,4,0,3,60,,,0.1222,1,0,82.61,0.4
16-11-2022,Brazil,South America,Omicron BA.2,37,0,35,568,222,0.1752,0.0613,,0.6125,18.55,
28-07-2022,Australia,Oceania,Omicron BA.2,1,0,0,10,14,0.0591,0.0344,0,0.7997,33.56,
02-10-2020,Mexico,North America,Original,1,0,0,14,7,0.1333,0.1486,,0,44.17,0.58
29-08-2021,Brazil,South America,Delta,55,1,52,585,550,0.1086,0.2003,,0.1919,,0.867
29-06-2022,Germany,Europe,Omicron BA.2,1,0,0,11,16,0.0628,0.0498,0,0.7616,23.63,1.723
05-04-2022,Indonesia,Asia,Omicron BA.2,100,1,,1738,500,0.2042,,21,,35.45,1.467
18-01-2021,Brazil,South America,Alpha,2,0,1,22,16,0.1147,0.1697,0,0.0028,80.46,0.4
24-07-2021,Australia,Oceania,Delta,1,0,0,13,18,0.0676,0.1638,0,0.2629,65.54,
23-09-2021,Italy,Europe,Delta,10,0,9,118,240,0.0437,0.1903,3,0.3609,65.6,0.539
26-07-2020,Turkey,Asia,Original,3,0,2,32,33,0.0824,0.1837,,0,55.82,
21-01-2021,France,Europe,Alpha,47,1,44,550,893,0.0443,0.1035,11,0.0235,57.97,0.503
06-10-2021,India,Asia,Delta,312,4,287,5325,3120,0.0947,0.2143,,0.248,68.36,
02-06-2020,Germany,Europe,Original,11,0,10,166,264,0.0468,0.1905,5,0,50.29,0.548
25-02-2022,India,Asia,Omicron,49,0,45,669,392,0.1306,0.0425,,0.3781,27.86,1.808
14-08-2022,Colombia,South America,Omicron BA.2,1,0,,15,11,0.1012,0.0399,0,0.5286,37.28,1.801
18-12-2021,USA,North America,Omicron,291,1,274,3903,4947,0.0558,0.0813,85,0.4831,38.14,0.852
02-05-2021,Indonesia,Asia,Delta,15,1,13,231,60,0.2389,0.2504,9,,67.97,0.605
28-08-2021,Pakistan,Asia,Delta,674,17,613,7819,2696,0.2467,0.1897,,0.1151,48.61,0.73
04-11-2021,USA,North America,Delta,35,0,33,579,595,0.0701,0.1088,15,0.4325,41.65,0.919
28-12-2022,Japan,Asia,Omicron BA.2,5,0,4,84,120,0.0516,0.0384,0,0.92,35.17,1.465
05-02-2021,Spain,Europe,Alpha,13,0,12,220,182,0.0706,0.1335,6,0.044,59.64,
27-11-2022,USA,North America,Omicron BA.2,5,0,4,84,120,0.0465,0.0274,0,0.92,22.1,1.326
09-10-2022,Pakistan,Asia,Omicron BA.2,22,0,,388,66,0.3331,0.0454,3,0.3105,22.51,2.714
12-06-2020,UK,Europe,Original,1,0,0,10,16,0.047,0.0929,0,0,57.01,0.582
08-08-2021,Argentina,South America,Delta,-9,0,8,107,63,0.1514,0.1068,2,0.2008,57.05,0.82
15-04-2022,USA,North America,Omicron BA.2,128,0,124,2005,2944,0.0303,0.0307,12,0.6369,12.92,1.475
05-03-2022,South Korea,Asia,Omicron BA.2,3,0,2,54,39,0.0845,0.0384,0,0.5899,45.2,1.121
26-10-2021,Colombia,South America,Omicron,1,0,0,15,9,0.1391,0.0847,0,0.2523,,0.862
23-02-2021,Germany,Europe,Alpha,1,0,0,12,24,0.0298,0.1841,0,0.0632,71.77,0.4
14-09-2020,UK,Europe,Original,4,0,3,49,84,0.0613,0.1818,1,0,56.55,0.559
17-06-2021,Argentina,South America,Delta,20,0,19,262,180,0.1127,0.2274,12,0.139,65.92,0.65
26-09-2020,Australia,Oceania,Original,1,0,0,14,17,0.0636,0.0925,0,0,51.7,0.645
04-01-2021,Spain,Europe,Alpha,8,0,7,129,128,0.0714,0.1359,4,0,69.11,0.5
28-03-2020,South Korea,Asia,Original,1,0,0,11,20,0.0602,0.2021,0,0,87.16,0.4
17-06-2022,Indonesia,Asia,Omicron BA.2,286,0,20,335,88,0.236,0.0895,,0.2795,21.11,
04-06-2021,Germany,Europe,Delta,2,0,1,26,28,0.0711,0.2201,1,0.2119,59.37,0.663
31-01-2022,Japan,Asia,Omicron,6,0,5,86,114,0.0522,0.0378,0,0.5383,33.23,1.588
27-07-2021,Indonesia,Asia,Delta,69,2,65,995,276,0.2413,0.1497,,0.1093,77.21,0.494
21-12-2021,South Korea,Asia,Omicron,1,0,0,11,24,0.0335,0.0776,0,0.4787,45.6,0.851
15-12-2022,Brazil,South America,Omicron BA.2,11,0,,152,88,0.121,0.0349,,0.6328,34.16,1.518
20-05-2022,Australia,Oceania,Omicron BA.2,1,0,,17,21,0.0458,,0,0.6833,37.92,1.274
07-02-2021,Italy,Europe,Alpha,2,0,1,34,40,0.0447,0.1919,1,0.0536,59.84,0.469
23-08-2020,Canada,North America,Original,2,0,1,22,26,0.098,0.1571,0,0,46.52,0.621
04-12-2020,Australia,Oceania,Alpha,4,0,3,45,80,0.0452,0.1863,2,0,53.42,0.535
02-03-2022,Colombia,South America,Omicron,1,0,,14,6,0.1818,0.0558,0,0.3762,50.53,1.231
10-07-2020,Indonesia,Asia,Original,37,1,34,396,148,0.2455,0.1455,10,,55.42,0.462
21-05-2022,Colombia,South America,Omicron BA.2,49,0,46,723,343,0.1368,0.0686,13,0.4368,16.15,2.298
02-07-2022,Germany,Europe,Omicron BA.2,42,0,39,715,630,0.0646,0.0464,5,0.75,11.02,1.935
05-02-2020,Turkey,Asia,Original,1,0,0,11,,,0.0918,0,0,21.59,0.774
15-02-2020,South Korea,Asia,Original,4,0,3,62,76,0.0558,0.1664,3,,9.03,1.146
07-11-2020,Brazil,South America,Original,27,1,24,446,162,0.1484,0.1075,7,0,39.21,0.562
21-03-2020,Japan,Asia,Original,2,0,1,32,24,0.0782,,0,0,90.77,
27-07-2022,Italy,Europe,Omicron BA.2,17,0,,193,323,0.04,0.0229,0,0.7828,24.75,1.608
16-03-2020,Germany,Europe,Original,1,0,0,15,12,0.071,0.116,0,,76.62,0.4
29-02-2020,Russia,Europe,Original,2,0,1,24,12,0.156,0.1836,1,0,,0.4
27-03-2022,Russia,Europe,Omicron BA.2,3,0,,38,21,0.1276,0.0646,0,0.4011,29.8,2.374
04-07-2021,Spain,Europe,Delta,1,0,0,13,18,0.0567,0.2055,0,0.248,60.75,0.443
19-04-2022,Turkey,Asia,Omicron BA.2,5,0,4,81,55,0.0863,0.0526,1,0.4252,14.62,2.134
03-03-2020,Australia,Oceania,Original,1,0,0,10,,,0.1062,0,0,79.07,0.4
26-11-2021,USA,North America,Omicron,18,0,17,186,270,0.0571,0.0677,2,0.4516,24.18,1.159
04-05-2020,Colombia,South America,Original,3,0,2,45,,,0.1459,1,0,69.65,
09-08-2021,South Africa,Africa,Delta,1,0,0,12,5,0.191,,0,0.102,46.89,1.109
02-10-2021,Turkey,Asia,Delta,27,0,24,278,162,0.1519,0.2166,10,0.2421,51.91,0.942
03-03-2022,South Africa,Africa,Omicron BA.2,93,1,,980,279,0.3117,0.0683,16,0.2188,51.17,1.49
30-11-2021,South Africa,Africa,Omicron,104,1,96,1046,520,0.2109,0.0598,,0.1659,40.6,1.686
27-03-2022,France,Europe,Omicron BA.2,23,0,,407,345,0.067,,4,0.618,37.08,1.906
01-10-2021,Italy,Europe,Delta,7,0,6,105,119,0.0562,0.088,2,0.3779,54.42,0.943
14-12-2022,France,Europe,Omicron BA.2,21,0,,374,273,0.0869,0.0355,3,0.92,19.44,1.448
01-12-2022,USA,North America,Omicron BA.2,3,0,2,51,57,0.0648,,0,0.92,28.79,1.658
21-06-2022,Turkey,Asia,Omicron BA.2,5,0,,57,50,0.1072,,0,0.4556,20.86,2
10-12-2020,South Korea,Asia,Alpha,2,0,1,31,46,0.0443,0.166,1,,62.12,
05-07-2021,Spain,Europe,Delta,5,0,4,78,70,0.0683,0.1259,2,0.2418,60,0.695
10-08-2022,Indonesia,Asia,Omicron BA.2,140,2,134,1956,560,0.2411,0.0668,38,0.3,17.73,2.886
21-10-2022,Turkey,Asia,Omicron BA.2,7,0,6,86,70,0.0989,,,0.5532,15.35,2.303
20-07-2022,Indonesia,Asia,Omicron BA.2,47,1,,505,141,0.3378,0.0663,7,,5.18,1.913
07-12-2021,Pakistan,Asia,Omicron,49,1,45,542,196,0.2433,0.0498,6,0.1565,,0.933
11-11-2021,South Korea,Asia,Omicron,1,0,0,11,23,0.0466,0.0667,0,0.429,62.81,0.681
28-04-2022,Argentina,South America,Omicron BA.2,12,0,11,178,108,0.1113,0.0665,,0.4268,,1.443
26-11-2022,Canada,North America,Omicron BA.2,1,0,0,10,14,0.0788,0.0377,0,0.92,,1.475
25-08-2021,Brazil,South America,Delta,26,1,23,446,260,0.0971,0.1848,22,0.208,,0.755
21-09-2022,India,Asia,Omicron BA.2,98,0,91,1522,1078,0.0913,0.0319,9,0.5422,24.05,1.298
13-10-2021,South Africa,Africa,Delta,15,1,13,247,75,0.2018,0.1473,6,0.138,49.82,
02-06-2020,Australia,Oceania,Original,1,0,0,11,13,0.0838,0.191,0,,51.69,0.547
22-10-2020,Argentina,South America,Original,1,0,0,9,6,0.1667,0.1069,,,56.62,0.5
21-08-2021,India,Asia,Delta,13,0,12,171,130,0.1228,,,0.1945,49.26,0.748
01-11-2020,Turkey,Asia,Alpha,24,0,22,261,264,0.0926,,,,43.21,
09-04-2020,Australia,Oceania,Original,2,0,1,31,36,0.0763,0.1137,0,,87.96,0.4
19-03-2022,Turkey,Asia,Omicron BA.2,5,0,4,56,30,0.155,0.0516,,0.3878,22.25,1.575
30-11-2020,South Africa,Africa,Alpha,2,0,1,25,10,0.2016,0.1935,,0,58.76,0.707
05-06-2020,Spain,Europe,Original,13,0,12,157,169,0.095,0.1906,8,0,54.14,0.602
10-08-2022,UK,Europe,Omicron BA.2,7,0,6,96,112,0.0737,,0,0.809,16.9,1.755
08-12-2022,South Africa,Africa,Omicron BA.2,1,0,0,13,3,0.3324,,0,0.3528,29.39,2.404
28-03-2020,USA,North America,Original,10,0,9,114,160,0.0728,0.138,4,,69.76,0.4
03-11-2020,Brazil,South America,Original,5,0,4,86,45,0.1083,0.192,,0,50.12,0.605
24-02-2020,Spain,Europe,Original,1,0,0,11,,,0.201,0,0,85.9,0.4
05-03-2021,Japan,Asia,Alpha,12,0,11,197,276,0.0431,0.1146,3,0.087,60.85,
10-10-2022,Japan,Asia,Omicron BA.2,4,0,3,55,96,0.0575,0.04,0,0.8919,7.5,1.231
19-04-2022,Argentina,South America,Omicron BA.2,1,0,,14,9,0.0999,0.0442,,0.4198,29.16,1.382
02-07-2022,South Korea,Asia,Omicron BA.2,27,0,,464,324,0.0681,0.0377,3,0.7499,37.18,1.268
19-03-2020,UK,Europe,Original,2,0,1,34,,,,0,,94.63,0.4
25-06-2020,Australia,Oceania,Original,1,0,0,16,16,0.0597,0.2079,0,0,70.25,0.4
03-10-2022,Spain,Europe,Omicron BA.2,64,0,59,1031,896,0.0692,0.0405,9,0.8943,31.66,
11-12-2020,Colombia,South America,Alpha,53,1,49,726,583,0.0922,0.195,,,76.34,0.4
19-09-2022,Colombia,South America,Omicron BA.2,1,0,0,10,8,0.1188,0.0672,0,0.5367,22.63,1.573
10-05-2022,Germany,Europe,Omicron BA.2,8,0,7,135,152,0.0496,0.0586,2,0.6776,39.64,1.647
09-08-2021,UK,Europe,Delta,1,0,0,11,22,0.0262,0.1932,0,0.3031,56,0.703
16-08-2021,Russia,Europe,Delta,4,0,3,42,28,0.1536,0.1695,1,0.2,61.84,0.85
30-04-2022,Russia,Europe,Omicron BA.2,25,0,24,402,275,0.0898,0.035,,0.4281,22.1,2.315
02-05-2020,Pakistan,Asia,Original,1,0,0,13,5,0.1985,,,0,63.24,0.4
16-11-2021,USA,North America,Omicron,58,0,55,739,1102,0.0576,0.0561,8,0.443,54.1,0.707
04-03-2022,Canada,North America,Omicron BA.2,1,0,0,15,23,0.04,0.0304,0,0.599,33.57,1.307
01-04-2020,Canada,North America,Original,1,0,0,15,15,0.0733,0.1316,0,0,72.9,0.4
22-12-2020,Mexico,North America,Alpha,7,0,6,100,56,0.1193,0.1747,5,0,51.12,0.491
12-05-2020,Japan,Asia,Original,10,0,9,134,170,0.0516,0.1864,4,,51.85,0.515
18-02-2020,Colombia,South America,Original,4,0,3,68,36,0.1035,0.1346,1,0,16.47,0.633
06-02-2021,France,Europe,Alpha,1,0,0,16,22,0.0401,0.2075,0,0.0544,62.93,0.576
19-12-2022,South Africa,Africa,Omicron BA.2,39,0,37,457,117,0.3164,0.0616,5,0.3596,,1.92
13-07-2022,Colombia,South America,Omicron BA.2,3,0,2,48,33,0.0878,0.0494,0,0.499,26.14,1.632
28-10-2022,India,Asia,Omicron BA.2,247,1,229,3805,1729,0.1359,0.0666,,0.5831,34.04,1.566
16-10-2021,Brazil,South America,Delta,27,1,25,335,270,0.1031,0.2225,13,0.2553,68.28,0.65
03-07-2021,UK,Europe,Delta,1,0,0,15,22,0.037,0.0975,0,0.2377,66.8,0.469
22-10-2020,Spain,Europe,Original,4,0,3,64,96,0.0392,0.2018,3,0,40.93,0.463
27-11-2021,South Africa,Africa,Omicron,6,0,5,94,30,0.1914,0.081,,0.1615,28.97,2.205
01-02-2020,Pakistan,Asia,Original,231,3,216,2630,,,,83,,12.54,1.121
30-07-2022,Mexico,North America,Omicron BA.2,32,0,30,517,352,0.0932,0.0413,3,0.5071,9.82,2.078
18-09-2022,India,Asia,Omicron BA.2,107,1,,1090,1070,0.1092,0.0529,9,0.5625,,1.941
03-04-2022,Indonesia,Asia,Omicron BA.2,5,0,4,85,15,0.3306,,1,0.2242,17.6,1.689
22-12-2021,Argentina,South America,Omicron,6,0,5,104,60,0.0988,0.0911,2,0.3162,50.43,1.024
29-04-2021,Spain,Europe,Delta,2,0,1,27,32,0.0745,0.1969,1,0.1389,64.09,0.467
09-08-2022,Japan,Asia,Omicron BA.2,2,0,1,19,42,0.0307,0.0332,0,0.8165,37.67,0.959
10-08-2020,France,Europe,Original,11,0,10,139,154,0.0966,0.1535,5,0,44.45,0.748
12-02-2020,India,Asia,Original,69,1,63,1143,,,0.1678,,0,19.19,0.752
26-09-2022,South Korea,Asia,Omicron BA.2,11,0,10,114,154,0.0607,0.0232,0,0.871,28.33,1.041
25-04-2021,Pakistan,Asia,Delta,46,1,42,493,184,0.2572,0.2022,,0.0696,,0.742
10-10-2021,UK,Europe,Omicron,11,0,10,188,143,0.0825,0.0624,2,0.4005,64.01,0.968
06-11-2020,Brazil,South America,Alpha,15,0,13,225,90,0.1663,0.2094,10,,44.75,0.768
30-04-2020,Canada,North America,Original,1,0,0,11,13,0.0624,0.1179,0,0,70.31,
04-04-2022,Turkey,Asia,Omicron BA.2,9,0,8,104,99,0.0974,0.0617,0,0.3971,17.71,1.946
21-04-2022,South Korea,Asia,Omicron BA.2,16,0,15,289,368,0.0443,0.0547,4,0.6582,17.36,2.426
10-10-2022,South Korea,Asia,Omicron BA.2,41,0,,531,533,0.0803,0.0199,2,0.8845,34.01,1.626
14-10-2022,Spain,Europe,Omicron BA.2,1,0,0,11,21,0.0546,0.0232,0,0.8964,25.97,1.505
28-10-2022,Canada,North America,Omicron BA.2,4,0,,67,84,0.048,,0,0.92,19.24,1.033
19-12-2022,France,Europe,Omicron BA.2,4,0,,67,92,0.0493,0.0326,0,0.92,5.88,1.165
15-06-2020,Japan,Asia,Original,2,0,1,28,44,0.0431,0.1261,0,0,52.48,0.456
09-06-2021,UK,Europe,Delta,73,1,68,1290,1022,0.0698,0.1045,32,0.2268,78.81,0.4
23-07-2021,UK,Europe,Delta,2,0,1,36,48,0.0427,0.1008,0,0.2722,,0.4
23-09-2021,Pakistan,Asia,Delta,10,0,9,153,50,0.1951,0.2338,7,,51.91,0.697
31-07-2022,India,Asia,Omicron BA.2,880,2,,15347,8800,0.0969,0.0405,,0.5293,21.42,2.36
10-06-2020,France,Europe,Original,1,0,0,10,21,0.0572,0.1811,0,,69.11,0.4
22-11-2022,Australia,Oceania,Omicron BA.2,9,0,,130,198,0.05,0.0232,0,0.92,19.7,1.589
23-03-2021,Brazil,South America,Alpha,20,0,18,319,140,0.1515,,12,0.0611,58.78,0.422
28-07-2021,Pakistan,Asia,Delta,21,1,18,255,84,0.2452,0.1586,10,0.1098,,0.833
26-01-2020,Russia,Europe,Original,3,0,2,35,,,,1,0,13.14,0.665
03-12-2020,South Africa,Africa,Alpha,4,0,3,56,20,0.1926,,,,40.53,0.918
23-09-2020,South Korea,Asia,Original,1,0,0,10,13,0.0887,0.1724,0,0,41.22,0.584
28-12-2020,South Korea,Asia,Alpha,7,0,6,70,105,0.0766,0.1916,2,0,74.78,0.421
14-04-2021,Mexico,North America,Alpha,8,0,7,129,88,0.0989,0.1229,3,0.0742,66.55,0.4
08-12-2020,Russia,Europe,Alpha,13,0,11,221,130,0.1052,0.2034,12,,64.59,0.544
17-06-2022,Indonesia,Asia,Omicron BA.2,43,1,40,768,215,0.1805,0.0795,16,0.2662,12.71,1.682
26-02-2021,Pakistan,Asia,Alpha,3,0,2,39,15,0.1972,0.1788,,,74.18,0.4
03-10-2021,Indonesia,Asia,Delta,182,6,170,3038,546,0.3468,0.2051,155,0.1337,39.75,1.026
20-09-2022,Argentina,South America,Omicron BA.2,1,0,,10,6,0.1682,,0,0.574,18.24,2.497
23-09-2020,India,Asia,Original,77,1,70,1353,539,0.1524,0.1314,,0,39.06,0.509
05-12-2021,Brazil,South America,Omicron,19,0,17,271,190,0.09,0.0819,5,0.3007,32.86,
13-04-2020,Mexico,North America,Original,8,0,7,92,,,0.1125,1,,85.4,0.4
11-02-2020,Mexico,North America,Original,2,0,1,35,,,0.1111,1,0,6.31,1.224
08-09-2021,UK,Europe,Delta,8,0,7,98,192,0.0392,0.1196,1,0.3392,58.86,0.607
29-10-2020,UK,Europe,Original,3,0,2,49,66,0.0484,0.1562,1,0,51.34,
16-02-2020,Japan,Asia,Original,8,0,7,93,184,0.0424,0.1211,3,,10.75,1.164
07-09-2022,Canada,North America,Omicron BA.2,5,0,,81,65,0.0691,0.0337,0,0.8645,13.37,1.165
11-03-2020,Colombia,South America,Original,1,0,0,14,,,,,0,68.84,0.4
17-11-2020,Canada,North America,Original,1,0,0,15,21,0.0568,0.169,0,,37.49,0.556
04-03-2022,South Africa,Africa,Omicron,16,0,14,175,80,0.1942,,3,0.2,,1.827
21-09-2021,Australia,Oceania,Delta,13,0,12,214,208,0.0542,0.117,7,0.357,69.78,0.602
28-08-2022,South Africa,Africa,Omicron BA.2,4,0,,61,12,0.3211,0.0642,,,,2.022
01-05-2021,Germany,Europe,Delta,16,0,15,268,256,0.0678,0.2299,10,0.1803,55.43,0.883
26-06-2021,South Africa,Africa,Delta,42,2,38,558,168,0.26,0.1097,,0.0875,69.22,0.733
28-07-2021,India,Asia,Delta,79,1,73,1004,711,0.1225,0.1754,46,0.1765,69.13,0.554
28-08-2022,South Korea,Asia,Omicron BA.2,6,0,5,109,120,0.0594,0.044,1,0.8383,29.87,1.29
01-09-2021,Russia,Europe,Delta,1,0,0,14,8,0.1246,0.1157,0,0.2131,58.34,0.594
21-10-2020,Colombia,South America,Original,1,0,0,12,11,0.0891,0.0962,0,,51,
19-01-2022,India,Asia,Omicron,104,1,99,1816,832,0.1168,0.0756,,0.3378,39.37,1.288
27-07-2022,South Korea,Asia,Omicron BA.2,10,0,,148,120,0.088,0.0406,1,0.7964,17.15,1.501
06-04-2020,Colombia,South America,Original,1,0,0,16,6,0.1521,0.1139,,,96.62,
27-03-2021,Brazil,South America,Delta,28,1,26,291,168,0.1519,0.256,19,0.0794,64.73,0.541
02-05-2022,Mexico,North America,Omicron BA.2,33,0,31,448,231,0.139,0.0422,,0.4442,29.17,1.522
04-08-2021,Indonesia,Asia,Delta,30,1,28,535,150,0.2009,0.2086,32,0.103,64.96,0.491
04-01-2022,Australia,Oceania,Omicron,8,0,7,142,168,0.0598,0.0491,1,0.4973,21.69,1.522
15-08-2021,Indonesia,Asia,Delta,3,0,2,44,15,0.2022,,,,51.24,
20-10-2022,France,Europe,Omicron BA.2,4,0,3,54,84,0.0514,0.0285,0,0.9125,29.28,
08-09-2020,UK,Europe,Original,3,0,2,50,63,0.0448,0.1891,1,0,47.61,0.452
01-02-2022,Indonesia,Asia,Omicron,6,0,5,82,30,0.2036,0.0633,,0.2121,48.62,0.907
19-05-2020,Turkey,Asia,Original,30,0,27,426,,,0.1475,,0,58.31,0.4
13-01-2021,Indonesia,Asia,Alpha,12,0,11,131,36,0.3311,0.1628,4,,56.45,0.454
22-06-2020,Japan,Asia,Original,9,0,8,158,144,0.0561,0.1771,5,0,61.61,0.483
15-01-2022,Indonesia,Asia,Omicron,3,0,2,33,9,0.3363,0.0497,0,0.1977,47.61,1.156
01-02-2022,USA,North America,Omicron BA.2,11,0,10,175,264,0.0373,0.0401,1,0.5534,,1.026
17-03-2022,Turkey,Asia,Omicron BA.2,2,0,,26,22,0.11,0.0748,,0.4082,,2.19
11-01-2021,South Africa,Africa,Alpha,18,1,16,246,90,0.1971,0.1427,7,0.0156,63.54,0.506
05-07-2021,Japan,Asia,Delta,4,0,3,50,64,0.0761,0.2041,2,0.2475,,0.65
29-03-2021,Argentina,South America,Delta,6,0,5,76,54,0.1176,0.1322,,0.0719,54.65,0.636
01-12-2021,USA,North America,Omicron,59,0,56,935,1062,0.0388,0.0638,9,0.4633,43.96,
08-10-2020,Indonesia,Asia,Original,35,1,32,346,175,0.1894,0.2084,,0,38.11,0.7
09-11-2020,Pakistan,Asia,Original,6,0,5,68,24,0.2452,0.0929,1,0,58.52,0.403
23-11-2020,Mexico,North America,Alpha,3,0,2,53,21,0.1532,,2,0,43.49,0.851
11-09-2022,Germany,Europe,Omicron BA.2,9,0,,159,153,0.0651,0.0438,1,0.8474,12.13,1.663
17-01-2022,UK,Europe,Omicron,1,0,0,13,15,0.0839,0.0557,0,0.5422,22.58,1.85
18-02-2020,Germany,Europe,Original,10,0,9,137,,,0.1185,4,,10.74,0.794
03-10-2021,Mexico,North America,Omicron,7,0,6,126,56,0.1242,0.0567,,0.2417,55,1.131
24-02-2022,Germany,Europe,Omicron,1,0,0,14,13,0.0715,0.0689,0,0.583,30.08,1.347
24-10-2020,France,Europe,Original,1,0,0,17,21,0.0455,0.1088,0,0,49.64,0.521
07-12-2022,Russia,Europe,Omicron BA.2,7,0,,109,56,0.116,0.0473,,0.6175,28.15,1.302
04-04-2021,Indonesia,Asia,Delta,56,2,50,766,168,0.3171,0.2556,50,0.0223,55.09,0.631
15-10-2021,UK,Europe,Omicron,8,0,7,92,176,0.0571,0.0412,0,0.398,,0.868
31-10-2022,UK,Europe,Omicron BA.2,2,0,,32,34,0.0495,0.0377,0,0.9075,35.03,1.071
03-09-2020,Russia,Europe,Original,19,0,17,195,114,0.1763,0.1178,,0,29.58,0.739
18-09-2021,Pakistan,Asia,Delta,2,0,1,31,10,0.2113,0.1617,1,0.1146,48.52,1.069
18-10-2021,Indonesia,Asia,Omicron,46,1,43,754,184,0.2521,0.083,16,0.139,68.4,0.922
20-10-2022,Australia,Oceania,Omicron BA.2,1,0,,12,15,0.0837,,0,0.92,35.7,1.238
21-12-2022,Spain,Europe,Omicron BA.2,14,0,,204,252,0.0656,0.0226,1,0.92,13.73,
12-10-2022,Russia,Europe,Omicron BA.2,4,0,3,59,28,0.148,0.0512,0,0.5671,36.39,1.716
05-03-2020,South Korea,Asia,Original,11,0,10,111,,,0.1813,5,0,69.11,0.4
15-06-2020,USA,North America,Original,11,0,10,116,176,0.0702,,4,,42.31,0.423
17-02-2022,Argentina,South America,Omicron BA.2,9,0,8,140,81,0.1131,0.0593,1,0.3731,32.26,1.722
22-09-2021,Argentina,South America,Delta,1,0,0,9,8,0.1203,0.0982,0,0.2393,49.36,0.837
21-08-2022,Canada,North America,Omicron BA.2,1,0,0,15,20,0.0563,0.0383,0,0.8358,,1.983
20-01-2022,Russia,Europe,Omicron,2,0,1,29,18,0.0975,0.0892,0,0.3366,34.41,1.773
24-06-2022,Indonesia,Asia,Omicron BA.2,31,0,28,378,155,0.2006,0.0848,7,0.2669,31.34,1.973
01-12-2021,Canada,North America,Omicron,1,0,0,13,14,0.0765,0.0396,0,0.4622,45.42,1.034
13-01-2021,South Africa,Africa,Alpha,4,0,3,58,16,0.2549,,1,,76.46,0.4
28-12-2020,Russia,Europe,Alpha,3,0,2,34,24,0.1259,0.2015,1,0,57.15,0.626
29-12-2020,Canada,North America,Alpha,2,0,1,32,44,0.0353,0.1884,1,0,65.36,0.579
10-03-2022,Canada,North America,Omicron BA.2,29,0,,351,580,0.0652,0.029,2,0.5947,47.98,1.555
06-03-2020,Russia,Europe,Original,23,0,21,411,,,0.0965,9,0,85.03,0.4
13-03-2022,Russia,Europe,Omicron BA.2,85,1,,871,595,0.1475,0.0753,,0.3983,9.69,2.773
16-07-2020,UK,Europe,Original,5,0,4,70,105,0.0462,0.2094,3,0,62.88,0.4
15-10-2020,South Africa,Africa,Original,1,0,0,11,4,0.2484,0.1176,,0,60.92,0.4
30-01-2021,UK,Europe,Alpha,1,0,0,13,17,0.0619,0.2253,0,,84.26,0.4
17-04-2022,Brazil,South America,Omicron BA.2,276,4,260,4198,1656,0.172,0.0403,42,0.4212,10.22,2.588
16-05-2020,Turkey,Asia,Original,9,0,8,88,72,0.1227,0.1036,2,0,53.83,0.47
17-06-2022,South Korea,Asia,Omicron BA.2,6,0,,87,138,0.059,0.0466,0,0.737,25.43,1.991
19-07-2020,South Korea,Asia,Original,26,0,24,387,546,0.04,0.1805,20,0,71.86,0.4
26-02-2021,India,Asia,Alpha,190,3,176,2737,2090,0.1037,0.1721,134,0.0337,51.04,0.81
18-01-2021,Spain,Europe,Alpha,4,0,3,40,60,0.0701,0.1488,1,,45.06,0.758
21-04-2021,Japan,Asia,Delta,6,0,5,82,90,0.0697,,2,0.1491,52.17,
23-02-2020,Brazil,South America,Original,2,0,1,30,18,0.0957,,0,0,69.9,0.4
07-03-2020,Colombia,South America,Original,4,0,3,50,40,0.11,0.0928,1,0,69.37,0.4
29-03-2020,Spain,Europe,Original,5,0,4,69,110,0.0431,0.1202,1,0,74.69,0.4
05-03-2021,France,Europe,Alpha,2,0,1,20,44,0.0524,0.1978,0,0.0793,72.44,0.4
30-05-2022,Indonesia,Asia,Omicron BA.2,39,1,,528,195,0.214,0.049,4,0.2432,33.63,1.627
07-03-2021,Italy,Europe,Alpha,2,0,1,30,42,0.0453,0.1133,0,0.1053,57.32,0.416
26-06-2021,Indonesia,Asia,Delta,20,0,18,325,80,0.2617,0.1875,11,,66.03,0.81
06-09-2022,Italy,Europe,Omicron BA.2,7,0,6,77,140,0.0495,0.0333,0,0.8494,,1.645
19-11-2022,Germany,Europe,Omicron BA.2,4,0,,62,68,0.0689,0.024,0,0.92,14.71,1.325
05-01-2022,France,Europe,Omicron,4,0,3,43,76,0.0555,0.0356,0,0.5006,56.13,0.812
05-06-2020,Australia,Oceania,Original,1,0,0,17,18,0.0531,0.1197,0,0,68.62,
10-02-2021,Spain,Europe,Alpha,1,0,0,17,19,0.0521,,0,0.064,52.45,0.536
15-11-2022,France,Europe,Omicron BA.2,3,0,2,29,36,0.0858,0.0331,0,0.92,34.33,1.072
18-12-2020,Brazil,South America,Alpha,23,1,21,309,253,0.0847,0.2305,20,0,72.63,0.4
25-10-2020,Argentina,South America,Original,22,0,20,298,154,0.1354,0.1361,8,,54.51,0.503
25-07-2020,Colombia,South America,Original,18,1,16,307,144,0.1209,0.1943,12,0,43.8,0.523
12-06-2021,Russia,Europe,Delta,10,0,9,159,80,0.1307,0.1141,2,0.1379,80.01,0.4
19-09-2020,Canada,North America,Original,2,0,1,30,36,0.0519,0.1613,1,,34.99,0.834
05-07-2022,Pakistan,Asia,Omicron BA.2,11,0,,136,33,0.3229,0.0482,1,0.2804,41.08,1.599
13-09-2021,Brazil,South America,Delta,17,0,15,175,102,0.1588,0.2282,8,0.216,49.87,0.579
24-04-2020,Canada,North America,Original,4,0,3,46,76,0.052,0.1417,1,,83.43,0.4
22-05-2020,South Korea,Asia,Original,7,0,6,117,140,0.0474,0.1718,3,,64.18,0.4
24-04-2022,South Korea,Asia,Omicron BA.2,1,0,0,11,13,0.0711,0.0579,0,0.6461,34.33,1.463
01-04-2022,Germany,Europe,Omicron BA.2,10,0,9,102,220,0.058,0.0516,1,0.6476,9.31,2.477
29-12-2020,UK,Europe,Alpha,2,0,1,35,26,0.0782,0.1817,1,0,67.07,0.488
06-02-2021,Spain,Europe,Alpha,32,1,30,479,704,0.0571,0.1852,18,0.0405,50.79,0.688
25-10-2021,Turkey,Asia,Omicron,27,0,25,380,216,0.1207,0.0742,4,0.2801,52.46,1.073
06-10-2021,India,Asia,Delta,261,5,244,3159,2871,0.0832,0.1605,91,0.2444,46.64,0.798
17-05-2020,India,Asia,Original,17,0,15,240,,,0.1481,,0,74.34,0.4
03-11-2020,UK,Europe,Original,5,0,4,52,80,0.0714,0.1185,1,0,37.11,
20-10-2021,Canada,North America,Delta,3,0,2,54,36,0.0961,0.138,1,0.4053,60.53,0.775
22-07-2020,Australia,Oceania,Original,11,0,10,185,143,0.0743,0.1625,5,0,54.78,0.563
03-03-2020,South Africa,Africa,Original,3,0,2,44,15,0.1988,0.1749,,0,81.96,0.4
03-05-2021,Mexico,North America,Delta,10,1,9,134,80,0.1226,0.1985,,0.0966,76.3,0.552
23-07-2020,Australia,Oceania,Original,1,0,0,10,21,0.0427,0.1431,0,0,50.46,
10-02-2022,Russia,Europe,Omicron BA.2,1,0,0,11,11,0.1027,0.0592,,0.3806,28.58,1.462
28-02-2022,Australia,Oceania,Omicron,1,0,0,14,16,0.0771,0.0377,0,0.58,30.92,1.641
05-09-2022,Germany,Europe,Omicron BA.2,8,0,7,142,184,0.0498,0.0242,1,0.8613,12.72,1.268
15-09-2022,Russia,Europe,Omicron BA.2,1,0,0,10,7,0.1463,0.0497,0,0.5517,23.2,1.417
21-11-2020,South Korea,Asia,Alpha,1,0,0,11,18,0.0598,,0,0,41.62,0.644
27-10-2021,Germany,Europe,Delta,8,0,7,121,112,0.0749,0.1657,5,0.4054,61.03,0.731
26-09-2021,Argentina,South America,Delta,2,0,1,21,16,0.1269,,0,0.2353,43.55,1.183
28-09-2022,France,Europe,Omicron BA.2,-11,0,10,142,143,0.0685,0.0357,0,0.8963,,
05-11-2021,Mexico,North America,Omicron,15,0,13,188,150,0.1103,0.0923,4,0.2865,68.07,0.743
14-04-2022,Russia,Europe,Omicron BA.2,84,1,,1153,588,0.1408,0.0572,,0.4025,18.47,2.248
30-06-2021,Argentina,South America,Delta,2,0,1,23,22,0.1041,0.1441,0,0.1637,75.91,0.4
14-04-2020,South Africa,Africa,Original,40,1,36,480,120,0.3366,0.1031,,0,77.26,0.4
17-05-2021,Brazil,South America,Delta,35,1,32,393,385,0.0841,0.2154,13,0.1091,64.78,0.63
15-10-2021,USA,North America,Delta,56,0,53,976,1064,0.0431,0.1463,42,0.4056,62.67,0.461
12-12-2020,Russia,Europe,Alpha,10,0,9,101,110,0.0976,0.2097,5,,69.57,0.481
29-01-2021,Argentina,South America,Alpha,1,0,0,12,7,0.1323,0.1991,0,0,50.98,0.619
07-06-2022,South Korea,Asia,Omicron BA.2,3,0,2,54,36,0.0829,,0,0.7241,12.5,2.244
11-04-2021,Germany,Europe,Delta,5,0,4,57,80,0.0648,0.154,1,0.1294,56.04,0.698
24-11-2022,Spain,Europe,Omicron BA.2,3,0,2,50,60,0.0489,0.0331,0,0.92,31.18,
24-02-2020,Japan,Asia,Original,9,0,8,163,144,0.0585,,8,0,93.09,0.4
30-10-2022,Turkey,Asia,Omicron BA.2,10,0,9,150,90,0.112,0.0391,,0.579,15.5,1.629
09-07-2020,Mexico,North America,Original,12,1,11,189,120,0.0899,0.1271,,0,67.65,0.4
23-07-2022,Italy,Europe,Omicron BA.2,9,0,,108,171,0.0744,0.04,1,0.7777,35.55,1.52
19-03-2021,Canada,North America,Delta,3,0,2,52,45,0.0414,0.2472,3,0.0979,76.64,0.4
14-01-2021,Argentina,South America,Alpha,1,0,0,13,11,0.1024,0.2021,0,0,,0.531
02-01-2022,South Africa,Africa,Omicron,1,0,0,18,4,0.2537,,,0.1915,26.09,1.183
17-03-2022,Canada,North America,Omicron BA.2,1,0,,10,24,0.0413,0.0634,0,0.6241,26.08,1.264
03-05-2022,Russia,Europe,Omicron BA.2,35,0,34,370,350,0.0928,0.0774,,0.4336,16.14,2.102
24-11-2020,Russia,Europe,Alpha,2,0,1,35,12,0.1566,0.17,,0,47.74,0.935
29-05-2021,South Africa,Africa,Delta,1,0,0,11,3,0.3379,0.2221,0,0.0653,63.49,0.548
30-11-2021,South Korea,Asia,Omicron,2,0,1,35,32,0.0743,0.0452,0,0.4454,31.27,1.257
30-04-2022,Japan,Asia,Omicron BA.2,36,0,,437,468,0.0876,0.0449,4,0.6559,19.62,1.632
29-05-2021,Australia,Oceania,Delta,1,0,0,16,24,0.0439,0.1374,0,0.1854,58.73,0.548
20-02-2022,Colombia,South America,Omicron,5,0,4,72,35,0.1458,0.0463,0,0.3832,33.39,
16-01-2021,Argentina,South America,Alpha,1,0,0,15,11,0.0937,0.2156,,0.0127,,0.468
11-01-2022,Australia,Oceania,Omicron,1,0,0,13,16,0.0535,0.0477,0,0.5188,46.16,1.211
17-08-2022,Germany,Europe,Omicron BA.2,8,0,7,82,96,0.0725,,1,0.8193,17.54,1.452
10-07-2022,Japan,Asia,Omicron BA.2,1,0,0,14,17,0.0487,0.0304,0,0.7601,13.42,1.765
09-09-2021,Canada,North America,Delta,2,0,1,20,26,0.0857,0.1872,0,0.3426,63.37,0.699
30-11-2022,India,Asia,Omicron BA.2,1479,4,,22435,13311,0.1168,0.059,,0.6175,15.01,1.57
16-12-2021,Australia,Oceania,Omicron,3,0,2,39,60,0.0508,0.068,0,0.4779,49.86,1.292
21-09-2022,South Korea,Asia,Omicron BA.2,2,0,1,29,32,0.0655,0.0353,0,0.8684,18.09,1.775
27-06-2020,Italy,Europe,Original,123,2,113,1679,2952,0.0503,0.1042,30,0,57.79,0.4
31-10-2022,Russia,Europe,Omicron BA.2,20,0,,251,160,0.1456,0.0492,,0.5853,32.78,1.917
06-07-2021,Australia,Oceania,Delta,1,0,0,10,12,0.0722,0.2082,0,0.2373,82.4,0.4
06-06-2021,Brazil,South America,Delta,59,2,53,696,354,0.1681,0.1993,26,0.1064,63.88,0.511
12-04-2021,South Africa,Africa,Alpha,3,0,2,45,15,0.217,0.1503,1,0.0537,58.82,
28-12-2020,Spain,Europe,Alpha,28,1,25,400,420,0.0724,0.1363,15,,65.61,0.501
29-04-2020,USA,North America,Original,12,0,11,127,228,0.0558,0.1969,4,0,88.45,0.4
23-09-2021,South Africa,Africa,Delta,2,0,1,25,10,0.1923,0.1725,1,0.1395,59.53,0.641
21-03-2020,France,Europe,Original,9,0,8,146,,,0.0944,3,,84.69,0.4
01-12-2021,USA,North America,Omicron,5,0,4,89,105,0.061,0.0838,1,0.4639,40.71,1.461
19-10-2021,Pakistan,Asia,Delta,54,2,50,536,216,0.2477,,22,0.1389,72.34,0.453
04-05-2021,Colombia,South America,Delta,11,0,10,128,110,0.107,0.15,5,0.1035,67.84,0.422
04-11-2022,Colombia,South America,Omicron BA.2,4,0,3,44,44,0.095,0.0589,,0.6036,37.31,1.718
09-08-2022,Mexico,North America,Omicron BA.2,4,0,3,59,32,0.126,0.0422,0,0.538,29.82,1.965
22-10-2022,UK,Europe,Omicron BA.2,2,0,,31,46,0.0347,0.0333,0,0.9112,11.33,1.444
23-02-2020,Brazil,South America,Original,2,0,1,24,14,0.1435,0.1563,0,0,90.02,0.4
08-08-2022,Argentina,South America,Omicron BA.2,1,0,0,9,9,0.1104,0.0497,0,0.5135,35.89,2.053
06-05-2020,Argentina,South America,Original,1,0,0,11,,,0.1436,,0,52.26,0.598
23-05-2022,Brazil,South America,Omicron BA.2,17,0,16,241,102,0.1636,0.0605,3,0.4432,12.93,1.925
10-06-2020,Australia,Oceania,Original,1,0,0,13,17,0.0612,0.1365,0,0,58.83,0.424
26-10-2022,Spain,Europe,Omicron BA.2,13,0,12,206,208,0.0533,0.0195,0,0.92,,1.071
19-12-2021,Colombia,South America,Omicron,11,0,10,112,88,0.1193,0.0629,,0.2999,26.48,1.26
01-09-2022,South Africa,Africa,Omicron BA.2,5,0,4,62,15,0.3193,0.0525,,0.3135,27,2.601
10-02-2022,Turkey,Asia,Omicron BA.2,3,0,2,44,18,0.1759,0.0392,0,0.3579,48.67,1.226
21-03-2021,Brazil,South America,Alpha,7,0,6,71,56,0.1209,0.1523,,0.068,60.85,0.642
05-06-2021,USA,North America,Delta,6,0,5,82,108,0.0535,,2,0.2196,78.78,0.4
26-02-2022,South Africa,Africa,Omicron,2,0,1,28,8,0.2488,0.0542,,0.213,48.65,1.108
03-10-2022,Brazil,South America,Omicron BA.2,29,0,27,434,290,0.1037,0.0358,,0.5904,31.99,1.37
12-05-2021,France,Europe,Delta,4,0,3,48,72,0.0413,,2,0.1768,58.08,0.938
05-12-2022,UK,Europe,Omicron BA.2,4,0,3,67,72,0.0532,0.0313,0,0.92,16.09,1.385
17-10-2022,Italy,Europe,Omicron BA.2,2,0,,27,48,0.0214,0.0183,0,0.9108,10.25,1.323
17-10-2021,UK,Europe,Omicron,15,0,14,172,195,0.0786,0.0586,2,0.388,62.15,0.695
06-03-2020,Mexico,North America,Original,27,1,24,451,,,,,,90.59,0.4
31-01-2022,Italy,Europe,Omicron BA.2,1,0,0,13,22,0.0385,0.0393,0,0.5386,39.19,1.54
09-08-2022,Turkey,Asia,Omicron BA.2,8,0,7,94,56,0.1455,0.0346,,0.5131,28.33,1.294
26-03-2021,Canada,North America,Delta,1,0,0,13,20,0.0343,,0,0.1147,69.86,0.469
02-05-2020,India,Asia,Original,5,0,4,77,40,0.1349,0.1087,1,0,49.37,0.532
22-03-2022,South Korea,Asia,Omicron BA.2,1,0,0,13,22,0.0381,0.0582,0,0.6088,13.11,1.385
14-08-2021,Australia,Oceania,Delta,1,0,0,14,12,0.089,,0,0.2981,54.23,0.833
23-10-2020,UK,Europe,Original,12,0,11,141,216,0.0638,0.201,5,0,38.48,0.538
15-05-2021,India,Asia,Delta,188,4,177,3000,1880,0.0888,0.1169,65,0.1124,62.11,0.534
24-02-2021,Australia,Oceania,Alpha,19,0,17,253,323,0.0637,0.2093,10,0.0599,81.79,0.4
29-08-2021,USA,North America,Delta,56,1,51,564,1344,0.0334,0.0991,10,0.323,37.89,0.826
25-01-2020,Colombia,South America,Original,8,0,7,88,88,0.0705,,1,0,1.54,0.963
13-12-2021,Turkey,Asia,Omicron,26,0,24,466,234,0.0807,0.0622,8,0.3078,,1.334
12-08-2020,France,Europe,Original,2,0,1,31,32,0.0727,0.2024,1,0,50.65,0.4
03-12-2022,Pakistan,Asia,Omicron BA.2,28,0,26,334,140,0.2208,0.0517,,,39.11,1.467
07-10-2022,USA,North America,Omicron BA.2,32,0,29,391,480,0.0635,0.0363,3,0.8954,20.21,1.502
02-12-2020,Argentina,South America,Alpha,1,0,0,17,10,0.0889,0.2215,0,0,43.24,0.931
05-05-2021,Italy,Europe,Delta,1,0,0,18,24,0.0311,0.2023,0,0.1549,77.31,0.4
16-02-2020,USA,North America,Original,45,0,43,559,,,0.1721,19,0,16.06,0.711
11-02-2020,Brazil,South America,Original,28,1,26,499,,,0.1921,22,0,19.26,0.788
13-06-2021,UK,Europe,Delta,20,0,19,300,340,0.0709,0.1242,7,0.2334,76.88,
31-08-2021,Turkey,Asia,Delta,13,0,12,202,104,0.133,,6,0.1997,54.69,
29-08-2020,Mexico,North America,Original,6,0,5,69,66,0.1045,0.2074,,0,61.42,0.4
24-07-2021,Argentina,South America,Delta,1,0,0,15,10,0.1073,0.2379,0,0.1602,63.08,0.442
19-04-2022,USA,North America,Omicron BA.2,48,0,45,473,1104,0.0448,0.0519,5,0.6461,12.49,1.666
29-04-2022,USA,North America,Omicron BA.2,16,0,,170,368,0.0381,0.0431,1,0.6632,5.55,1.779
19-02-2022,Colombia,South America,Omicron BA.2,3,0,2,31,33,0.1058,0.0436,0,0.3673,32.53,1.852
24-08-2020,South Korea,Asia,Original,1,0,0,10,20,0.0488,0.1589,0,0,36.91,
19-12-2022,Germany,Europe,Omicron BA.2,14,0,13,156,280,0.0577,0.0201,0,0.92,40.87,0.912
25-10-2020,Japan,Asia,Original,13,0,12,142,299,0.0378,0.1389,5,0,,0.4
29-11-2020,Russia,Europe,Alpha,1,0,0,12,6,0.1578,0.1289,0,0,39.77,0.717
24-02-2020,USA,North America,Original,1,0,0,10,19,0.0646,0.1088,0,0,80.34,0.4
03-05-2021,Russia,Europe,Delta,139,5,130,2146,973,0.1501,,82,0.1084,64.05,0.839
02-10-2020,Australia,Oceania,Original,1,0,0,16,15,0.0571,0.108,0,,50.64,0.571
21-09-2020,Mexico,North America,Original,4,0,3,58,36,0.1041,,1,,43.56,0.462
13-04-2022,India,Asia,Omicron BA.2,13,0,,201,117,0.1202,0.037,1,0.4119,18.1,1.624
04-05-2021,Japan,Asia,Delta,54,0,50,701,810,0.0749,0.1501,31,0.1576,86.68,0.4
19-06-2021,USA,North America,Delta,81,1,74,885,1782,0.0317,0.1767,33,0.2316,87.36,0.4
05-03-2021,Pakistan,Asia,Alpha,3,0,2,39,15,0.1926,0.1664,,0.0591,66.09,0.541
08-10-2021,Brazil,South America,Delta,16,0,14,198,144,0.1134,0.2068,12,0.2712,70.37,0.456
04-10-2022,South Korea,Asia,Omicron BA.2,1,0,0,10,18,0.0606,0.02,0,0.8756,24.99,1.809
16-08-2022,France,Europe,Omicron BA.2,6,0,,60,126,0.959686275,0.0445,0,0.8088,19.57,1.821
11-06-2021,UK,Europe,Delta,2,0,1,35,36,0.0516,0.1721,1,0.2177,67.22,0.455
30-09-2020,Turkey,Asia,Original,5,0,4,64,40,0.1282,,,,51.87,0.614
11-09-2022,UK,Europe,Omicron BA.2,29,0,,476,609,0.0553,0.0254,3,0.8584,15.47,1.687
08-12-2022,Spain,Europe,Omicron BA.2,1,0,,13,17,0.0619,0.0203,0,0.92,18.39,1.988
05-10-2021,Japan,Asia,Omicron,441,1,411,6466,6174,0.0804,0.0898,90,0.3763,,1.546
19-06-2021,Brazil,South America,Delta,3,0,2,47,18,0.1887,,2,0.1376,76.37,0.543
16-04-2022,Australia,Oceania,Omicron BA.2,1,0,,13,17,0.0439,0.0465,0,0.6338,,1.323
14-06-2021,India,Asia,Delta,40,1,38,512,440,0.0733,0.1307,10,0.1357,57.79,0.811
28-07-2022,France,Europe,Omicron BA.2,22,0,20,305,352,0.0392,0.0379,2,0.7908,33.29,1.093
08-01-2021,Colombia,South America,Alpha,2,0,1,34,16,0.1069,0.1309,1,0.0118,76.77,0.4
12-10-2021,Turkey,Asia,Omicron,2,0,1,21,22,0.0917,0.099,,0.2579,57.69,0.802
16-03-2020,Germany,Europe,Original,1,0,0,17,,,0.1713,0,0,78.73,0.4
28-03-2022,Indonesia,Asia,Omicron BA.2,40,1,36,463,120,0.3428,0.0623,4,0.2276,21.77,1.938
17-10-2020,Japan,Asia,Original,2,0,1,29,36,0.0713,0.2073,1,0,44.64,0.495
24-01-2022,Turkey,Asia,Omicron,21,0,20,343,168,0.1221,0.043,,0.3526,34.59,1.448
20-07-2021,India,Asia,Delta,71,1,65,1101,426,0.1729,0.141,33,0.1737,55.97,0.867
11-05-2020,Japan,Asia,Original,12,0,11,167,,,,5,,41.17,0.696
18-12-2021,South Korea,Asia,Omicron,20,0,18,313,340,0.0454,0.0823,4,0.4719,51.49,0.785
16-12-2021,South Korea,Asia,Omicron,41,0,38,595,574,0.092,0.078,11,0.4692,33.36,1.836
29-06-2022,South Korea,Asia,Omicron BA.2,1,0,,13,24,0.0469,0.0456,0,0.7497,,1.109
31-10-2022,UK,Europe,Omicron BA.2,24,0,22,359,408,0.0668,0.0181,1,0.92,43.42,0.974
21-08-2021,Italy,Europe,Delta,6,0,5,75,84,0.0616,0.1037,1,0.3382,58.2,0.863
17-01-2022,France,Europe,Omicron,9,0,8,133,180,0.0379,0.0532,1,0.5269,56.12,0.981
11-04-2022,France,Europe,Omicron BA.2,2,0,,35,36,0.0539,0.0433,0,0.6306,,1.66
03-08-2020,South Korea,Asia,Original,6,0,5,69,108,0.0598,0.2094,2,,63.85,0.445
28-04-2022,Colombia,South America,Omicron BA.2,6,0,,79,42,0.1365,0.0733,1,0.4405,29.59,1.864
26-12-2020,Colombia,South America,Alpha,7,0,6,95,49,0.1272,0.2295,6,0,,0.509
25-04-2020,Pakistan,Asia,Original,76,1,72,825,380,0.1824,0.1003,,,96.25,
20-12-2022,Canada,North America,Omicron BA.2,1,0,,12,18,0.069,0.0331,0,0.92,32.73,0.854
02-07-2020,Brazil,South America,Original,14,0,12,170,112,0.119,0.1214,,0,52.88,0.622
24-06-2022,Spain,Europe,Omicron BA.2,8,0,7,121,176,0.0471,0.0279,0,0.7521,30.26,1.433
20-07-2020,Canada,North America,Original,1,0,0,10,22,0.0261,0.1436,0,,74.59,0.4
17-02-2020,Indonesia,Asia,Original,23,1,21,244,69,0.3339,0.1393,8,0,8.38,1.082
25-12-2020,South Africa,Africa,Alpha,5,0,4,78,15,0.3246,0.1192,2,0,53.92,0.627
03-07-2021,Germany,Europe,Delta,13,0,12,230,273,0.0629,,10,0.2459,59.11,0.493
23-10-2022,Pakistan,Asia,Omicron BA.2,9,0,8,96,27,0.3385,0.0817,1,,18.02,2.354
28-08-2020,France,Europe,Original,1,0,0,12,14,0.0694,0.1656,0,,39.55,0.431
27-12-2020,Japan,Asia,Alpha,1,0,0,11,17,0.0554,0.1503,0,,60.21,0.417
31-01-2021,UK,Europe,Alpha,1,0,0,15,18,0.0571,0.1103,0,0.0337,80.22,0.4
01-09-2021,USA,North America,Delta,47,0,43,648,987,0.0397,0.1156,15,0.3343,62.63,
28-03-2020,Japan,Asia,Original,1,0,0,9,,,0.1512,0,0,78.17,0.4
07-02-2021,Colombia,South America,Alpha,28,0,26,503,168,0.1634,0.1311,,0.0333,59.42,0.662
25-05-2020,Argentina,South America,Original,1,0,0,10,9,0.1103,0.1394,0,0,,
11-09-2020,Russia,Europe,Original,2,0,1,33,16,0.1071,0.1221,,0,47.78,0.417
14-12-2020,South Korea,Asia,Alpha,1,0,0,13,17,0.0397,0.2214,0,0,65,0.437
04-09-2021,Japan,Asia,Delta,1,0,0,12,12,0.0906,0.1905,0,0.3564,66.87,0.536
15-02-2022,Pakistan,Asia,Omicron,4,0,3,65,16,0.2657,0.0942,1,0.1776,24.57,2.12
17-06-2021,Colombia,South America,Delta,2,0,1,28,16,0.1255,0.135,,0.1323,62.15,0.741
30-01-2020,Spain,Europe,Original,1,0,0,11,18,0.0602,0.1904,0,0,5.69,1.195
03-02-2021,Italy,Europe,Alpha,1,0,0,13,15,0.0684,,0,,70.54,0.4
08-05-2021,Australia,Oceania,Delta,1,0,0,17,15,0.062,0.1379,0,0.1648,80.26,0.405
04-06-2021,Mexico,North America,Delta,131,5,117,1403,786,0.1514,0.1603,49,0.1518,63.78,0.48
07-04-2020,Mexico,North America,Original,2,0,1,19,14,0.1528,0.1779,,0,79.35,
19-12-2022,Russia,Europe,Omicron BA.2,16,0,15,175,160,0.0843,0.0544,,0.6555,16.18,1.788
04-04-2021,Germany,Europe,Delta,44,0,42,701,660,0.0631,0.1555,19,0.124,80.3,0.4
18-10-2022,Germany,Europe,Omicron BA.2,3,0,,35,42,0.0664,,0,0.9068,28.68,1.678
06-11-2020,USA,North America,Alpha,28,0,25,274,644,0.0354,0.2172,13,,36.64,1.151
30-08-2022,UK,Europe,Omicron BA.2,1,0,0,18,23,0.0367,,0,0.8523,13.3,
18-04-2022,France,Europe,Omicron BA.2,3,0,,53,63,0.0324,0.0397,0,0.6567,40.58,1.212
27-06-2020,Brazil,South America,Original,4,0,3,51,24,0.1831,0.1342,1,0,51.3,0.513
04-06-2021,Pakistan,Asia,Delta,4,0,3,71,12,0.3481,0.1205,2,0.0831,67.99,0.58
02-01-2021,Canada,North America,Alpha,5,0,4,49,65,0.0786,0.1053,1,0,70.63,0.4
07-04-2020,Argentina,South America,Original,1,0,0,10,11,0.0893,0.17,,0,77.47,0.4
26-03-2020,Russia,Europe,Original,3,0,2,43,27,0.1065,0.1971,1,0,,0.4
28-12-2021,Argentina,South America,Omicron,8,0,7,138,56,0.1566,0.0501,1,0.3384,23.93,1.161
29-09-2020,India,Asia,Original,51,0,48,909,459,0.1104,0.1061,22,0,56.62,0.596
05-04-2020,Germany,Europe,Original,1,0,0,14,12,0.0843,0.1593,0,0,79.73,0.4
01-11-2022,South Africa,Africa,Omicron BA.2,1,0,0,14,5,0.19,0.0424,,0.3524,32.96,2.099
19-06-2020,Canada,North America,Original,1,0,0,15,12,0.0695,0.1001,0,,59.72,0.536
09-07-2020,Germany,Europe,Original,1,0,0,10,12,0.0761,,0,0,73.38,0.4
17-08-2021,Italy,Europe,Delta,3,0,2,31,39,0.0898,0.1791,1,0.3151,56.48,
09-08-2020,Argentina,South America,Original,7,0,6,123,56,0.1228,0.1624,,,58.63,
13-09-2020,Russia,Europe,Original,1,0,0,18,7,0.1548,0.1667,,0,63.01,0.442
18-07-2022,UK,Europe,Omicron BA.2,6,0,5,73,144,0.0329,0.041,0,0.7784,31.27,1.494
15-04-2021,Argentina,South America,Alpha,53,1,48,705,371,0.145,,26,0.0926,64.12,0.579
11-12-2021,Japan,Asia,Omicron,3,0,2,46,48,0.0665,0.0384,0,0.485,25.45,1.808
23-11-2021,Mexico,North America,Omicron,10,0,9,101,110,0.1052,0.0583,,0.2873,44.54,1.028
12-11-2021,Brazil,South America,Omicron,2,0,1,34,18,0.1222,0.0993,,0.2797,53.95,1.217
29-11-2022,South Korea,Asia,Omicron BA.2,1,0,,14,24,0.05,0.0258,0,0.92,30.36,1.124
18-10-2022,USA,North America,Omicron BA.2,16,0,15,289,208,0.0786,0.0303,1,0.8946,13.09,2.034
15-10-2022,South Korea,Asia,Omicron BA.2,2,0,1,24,34,0.0553,0.0288,0,0.906,,1.274
21-02-2021,Turkey,Asia,Alpha,38,0,36,374,266,0.1352,0.1638,14,0.034,60.28,0.479
24-11-2020,Italy,Europe,Alpha,3,0,2,48,69,0.0433,0.2296,2,0,42.77,0.831
14-08-2020,Canada,North America,Original,1,0,0,14,23,0.0386,0.1515,0,0,52.25,0.526
20-01-2022,Canada,North America,Omicron,8,0,7,123,112,0.08,0.0585,2,0.535,41.37,
11-11-2020,Spain,Europe,Original,2,0,1,19,26,0.0732,0.1883,1,0,47.12,0.437
01-01-2022,France,Europe,Omicron,29,0,27,351,609,0.0371,0.06,3,0.5081,42.18,1.078
01-10-2022,South Korea,Asia,Omicron BA.2,8,0,7,85,136,0.048,0.0278,0,0.8918,25.25,1.472
23-06-2022,South Africa,Africa,Omicron BA.2,3,0,,46,12,0.2419,0.0456,0,0.2729,37.44,2.038
22-11-2020,Brazil,South America,Alpha,2,0,1,23,14,0.1449,0.103,0,,41.32,
22-09-2022,Russia,Europe,Omicron BA.2,35,0,,495,245,0.1269,0.0543,5,0.5564,27.89,2.197
12-12-2022,India,Asia,Omicron BA.2,10,0,9,145,100,0.1064,0.0339,1,0.639,29.83,1.718
03-10-2020,Italy,Europe,Original,1,0,0,17,20,0.0878,0.1702,0,0,52.19,0.4
19-12-2020,Russia,Europe,Alpha,61,1,56,683,549,0.1024,0.1396,,0,73.34,0.4
18-02-2020,Indonesia,Asia,Original,23,1,21,315,,,0.172,,,9.98,1.178
04-10-2022,Indonesia,Asia,Omicron BA.2,10,0,9,107,40,0.2484,0.0569,,0.312,22.61,2.319
19-11-2020,Italy,Europe,Alpha,1,0,0,15,22,0.05,0.2098,0,0,45.45,0.719
14-12-2022,Spain,Europe,Omicron BA.2,1,0,0,11,16,0.0586,,0,0.92,23.39,1.051
30-08-2022,Indonesia,Asia,Omicron BA.2,5,0,4,53,20,0.2741,0.0755,,,12.18,1.729
13-07-2021,Japan,Asia,Delta,10,0,9,176,160,0.0854,0.2119,8,0.2668,69.18,0.422
13-08-2020,Mexico,North America,Original,21,1,18,246,147,0.1494,0.1558,11,0,59.61,0.514
16-04-2021,Germany,Europe,Alpha,1,0,0,10,24,0.0558,0.0979,0,0.1386,76.57,0.4
05-03-2022,Australia,Oceania,Omicron,1,0,,15,17,0.0729,0.0481,0,0.6122,40.31,1.399
03-07-2021,Colombia,South America,Delta,1,0,0,12,8,0.1371,0.1548,0,0.1683,67.18,0.708
08-06-2020,Canada,North America,Original,1,0,0,12,22,0.0324,0.1305,0,0,64.44,
25-02-2020,Pakistan,Asia,Original,18,0,16,290,72,0.2544,0.1913,10,0,74.65,
10-03-2020,Australia,Oceania,Original,2,0,1,24,,,0.1182,0,0,79.19,0.4
29-03-2021,France,Europe,Alpha,1,0,0,16,17,0.0623,0.1952,0,0.1021,68.13,0.517
23-09-2021,Germany,Europe,Delta,8,0,7,140,168,0.0388,,6,0.3562,65.01,0.482
30-04-2022,Spain,Europe,Omicron BA.2,5,0,4,52,80,0.0767,0.0444,0,0.6609,20.46,2.206
11-05-2022,Argentina,South America,Omicron BA.2,4,0,,57,40,0.1031,0.0683,1,0.4457,20.68,1.531
20-04-2020,South Africa,Africa,Original,1,0,0,11,5,0.2085,0.1579,0,0,78.96,0.4
19-05-2020,Turkey,Asia,Original,22,0,21,361,198,0.0954,0.1446,10,0,,0.4
25-01-2022,Australia,Oceania,Omicron,1,0,0,15,20,0.0566,0.0471,0,0.5526,48.38,0.679
04-11-2020,Brazil,South America,Alpha,7,0,6,84,63,0.1086,,,0,49.43,0.621
27-08-2020,Australia,Oceania,Original,18,0,17,285,216,0.0876,0.1418,11,,36.14,0.586
28-11-2022,France,Europe,Omicron BA.2,2,0,,32,44,0.0507,0.0331,0,0.92,10.64,2.198
10-06-2021,Germany,Europe,Delta,17,0,16,291,255,0.0712,,10,0.2108,53.93,0.824
30-11-2020,Pakistan,Asia,Alpha,44,1,41,780,176,0.2624,0.1565,,0,51.87,0.525
30-11-2020,Pakistan,Asia,Alpha,27,1,24,304,135,0.1945,0.1055,,,52.79,0.524
20-02-2021,Italy,Europe,Alpha,3,0,2,42,72,0.0595,0.1126,1,0.0476,74.93,0.4
23-09-2020,South Korea,Asia,Original,1,0,0,15,22,0.0514,0.1644,0,0,34.57,0.583
29-11-2020,USA,North America,Alpha,8,0,7,111,104,0.0823,,3,0,41.67,0.85
21-11-2022,Colombia,South America,Omicron BA.2,1,0,,10,11,0.0975,0.0544,,0.6086,17.88,1.689
29-09-2021,Brazil,South America,Delta,21,1,19,378,210,0.1025,0.202,,0.2386,51.93,0.737
21-02-2021,Italy,Europe,Alpha,3,0,2,39,69,0.0457,,0,0.0754,,0.449
03-09-2022,USA,North America,Omicron BA.2,20,0,,198,460,0.048,0.0453,1,0.844,30.21,1.744
09-12-2020,Mexico,North America,Alpha,2,0,1,29,20,0.1031,0.132,0,0,62.39,0.579
30-05-2020,USA,North America,Original,3,0,2,34,48,0.085,0.1313,1,,60.02,0.492
18-01-2021,Japan,Asia,Alpha,11,0,10,152,198,0.0371,0.2028,6,,65.9,0.567
25-09-2022,Mexico,North America,Omicron BA.2,79,1,75,857,869,0.0854,0.0479,6,0.5482,30.21,1.429
27-02-2022,USA,North America,Omicron,13,0,12,204,182,0.0762,0.0639,2,0.5695,49.12,1.192
12-11-2021,Indonesia,Asia,Omicron,35,1,32,424,140,0.2546,0.0649,5,0.1594,,1.772
27-02-2020,South Korea,Asia,Original,1,0,0,14,,,,0,0,93.47,
11-07-2021,Turkey,Asia,Delta,46,1,44,500,322,0.1419,0.163,23,0.1546,86.52,0.4
22-02-2022,Canada,North America,Omicron,1,0,0,17,18,0.0516,0.0635,0,0.5547,30.2,1.052
21-06-2021,Argentina,South America,Delta,16,0,15,268,176,0.0842,0.1722,10,0.155,60.8,0.526
14-07-2021,India,Asia,Delta,57,1,54,650,627,0.0878,0.1308,20,0.1673,86.92,0.4
04-04-2021,Brazil,South America,Delta,11,0,10,193,110,0.0918,,8,0.0737,84.76,0.4
22-10-2022,Brazil,South America,Omicron BA.2,12,0,11,171,84,0.1391,,2,0.5823,35.85,1.133
20-05-2020,Pakistan,Asia,Original,39,1,36,529,156,0.2437,0.1748,19,0,54.07,0.487
08-07-2021,Colombia,South America,Delta,11,0,10,118,110,0.0918,0.1187,,0.1651,,0.714
31-12-2020,France,Europe,Alpha,6,0,5,85,120,0.0429,0.1468,2,,58.94,0.499
19-07-2021,Brazil,South America,Delta,3,0,2,36,33,0.113,0.1036,0,0.1606,88.27,0.4
28-09-2022,Russia,Europe,Omicron BA.2,5,0,,56,30,0.1775,0.043,,0.5811,16.49,2.366
08-07-2021,Japan,Asia,Delta,1,0,0,18,22,0.05,0.1779,0,0.2649,71.85,0.4
01-06-2021,Russia,Europe,Delta,1,0,0,16,9,0.1215,0.1056,0,0.1531,59.46,
06-09-2021,Indonesia,Asia,Delta,10,0,9,151,50,0.1882,0.2233,8,,,0.551
22-10-2020,Brazil,South America,Original,2,0,1,21,16,0.1231,,1,0,45.2,0.493
21-02-2022,Canada,North America,Omicron BA.2,1,0,0,17,12,0.1037,0.0309,0,0.5909,57.19,0.779
13-10-2021,Russia,Europe,Omicron,33,0,31,576,264,0.1444,0.1034,,0.2466,54.95,0.815
25-02-2020,UK,Europe,Original,42,0,40,611,966,0.0623,0.1857,17,0,87.92,0.4
22-08-2022,Japan,Asia,Omicron BA.2,8,0,7,118,192,0.035,0.0265,0,0.8419,16.5,
10-08-2022,South Africa,Africa,Omicron BA.2,174,2,166,1922,522,0.3183,0.0774,33,0.2839,,1.419
28-05-2020,France,Europe,Original,2,0,1,30,40,0.04,0.2004,1,0,44.43,0.483
08-04-2021,Pakistan,Asia,Delta,3,0,2,39,15,0.2107,0.1777,,0.0442,52.09,0.611
28-08-2022,Japan,Asia,Omicron BA.2,4,0,,49,92,0.0499,0.0243,0,0.8364,12.14,1.465
16-08-2022,UK,Europe,Omicron BA.2,1,0,0,12,21,0.0554,0.0292,0,0.8219,26.2,1.529
26-09-2022,South Africa,Africa,Omicron BA.2,1,0,,11,5,0.1912,0.0429,0,0.315,26.25,1.87
30-10-2020,Argentina,South America,Alpha,1,0,0,12,9,0.125,,,0,32.2,0.845
25-09-2021,Germany,Europe,Delta,2,0,1,28,34,0.0458,0.1884,0,0.3548,64.06,0.4
20-03-2022,Russia,Europe,Omicron BA.2,9,0,8,89,63,0.1466,0.0485,1,0.3923,34.73,1.967
04-10-2020,South Africa,Africa,Original,3,0,2,38,9,0.3302,,,0,60.49,0.433
27-05-2021,France,Europe,Delta,1,0,0,10,13,0.0729,0.1591,0,0.2051,80.26,0.4
26-10-2021,Germany,Europe,Delta,2,0,1,28,48,0.0504,0.1373,1,0.4101,74.44,0.4
24-09-2020,Australia,Oceania,Original,1,0,0,13,19,0.0504,0.0969,0,0,40.11,0.442
21-08-2021,Spain,Europe,Delta,1,0,0,17,21,0.0497,0.1795,0,0.3182,46.35,0.78
13-07-2021,Indonesia,Asia,Delta,9,0,8,145,45,0.2145,0.2026,5,0.0881,69.67,0.671
07-03-2021,Japan,Asia,Alpha,7,0,6,123,154,0.0419,0.1234,3,0.0743,46.98,
14-08-2020,France,Europe,Original,1,0,0,14,21,0.0558,0.2056,0,0,55.87,0.4
08-03-2022,Argentina,South America,Omicron,3,0,2,31,27,0.118,0.0583,0,0.3699,43.01,0.936
25-06-2020,Pakistan,Asia,Original,12,0,11,210,60,0.1939,0.0969,6,0,60.21,0.442
07-11-2021,UK,Europe,Omicron,11,0,10,110,143,0.0825,,1,0.4309,55.96,0.697
09-07-2021,Mexico,North America,Delta,36,2,32,362,396,0.088,0.2306,23,0.1662,55.58,0.543
23-10-2020,South Africa,Africa,Original,4,0,3,50,20,0.1915,0.1254,1,,41.65,0.717
13-04-2020,Russia,Europe,Original,12,0,11,136,,,,4,0,87.12,0.4
06-07-2021,Canada,North America,Delta,4,0,3,56,60,0.065,0.2188,2,0.2639,,0.784
06-06-2022,UK,Europe,Omicron BA.2,5,0,4,70,120,0.0452,0.0383,0,0.7239,30.62,1.593
13-12-2021,France,Europe,Omicron,2,0,1,33,36,0.0607,0.0647,0,0.4791,52.2,0.984
26-11-2020,Pakistan,Asia,Alpha,30,1,27,402,150,0.2181,0.1367,11,0,58.77,0.739
01-07-2022,Mexico,North America,Omicron BA.2,6,0,,88,36,0.1852,0.0618,,0.4841,18.23,1.778
21-06-2022,UK,Europe,Omicron BA.2,33,0,,395,660,0.0576,0.0369,2,0.7309,33.84,
07-06-2020,USA,North America,Original,25,0,23,260,475,0.0539,0.1098,6,0,69.85,0.4
25-08-2022,Russia,Europe,Omicron BA.2,8,0,,145,88,0.0802,0.0626,,0.5326,7.88,2.636
29-08-2020,Indonesia,Asia,Original,9,0,8,119,36,0.2417,0.1793,,,47.51,0.4
05-11-2021,Colombia,South America,Delta,9,0,8,91,99,0.0777,0.1038,1,0.2852,46.26,1.115
07-09-2022,Mexico,North America,Omicron BA.2,40,1,37,574,280,0.1504,0.0573,8,0.5594,33.86,2.052
09-08-2021,Australia,Oceania,Delta,1,0,0,15,16,0.0561,0.142,0,0.3079,49.32,0.605
23-07-2022,Mexico,North America,Omicron BA.2,11,0,10,133,99,0.1105,0.0617,,0.5319,10.58,1.984
07-12-2021,Argentina,South America,Omicron,1,0,0,14,9,0.1091,0.0636,,0.31,34.93,1.956
06-02-2021,Australia,Oceania,Alpha,6,0,5,80,84,0.0558,0.1432,2,0.0427,52.16,0.664
07-04-2020,Germany,Europe,Original,8,0,7,104,112,0.0643,0.129,3,0,77.27,0.4
03-09-2020,Indonesia,Asia,Original,8,0,7,122,40,0.2131,0.1231,3,0,44.07,0.761
27-02-2021,Australia,Oceania,Alpha,1,0,0,10,22,0.046,0.1446,0,,67.68,0.429
15-03-2020,Russia,Europe,Original,1,0,0,17,,,0.0941,,0,94.37,0.4
28-06-2022,Australia,Oceania,Omicron BA.2,3,0,,52,69,0.042,0.0288,0,0.7639,,1.509
24-08-2021,Brazil,South America,Delta,6,0,5,83,48,0.121,0.1418,,0.1957,63.34,0.741
22-09-2021,Japan,Asia,Delta,1,0,0,15,14,0.0827,0.1233,0,0.3542,50.53,0.94
06-02-2022,Indonesia,Asia,Omicron,103,2,97,1762,412,0.2498,0.0546,26,0.2062,49.06,0.928
30-04-2021,Germany,Europe,Delta,6,0,5,87,120,0.047,0.1355,2,0.1634,56.73,0.991
29-06-2021,Indonesia,Asia,Delta,54,3,48,891,162,0.3296,0.1213,26,0.0863,68.32,0.458
15-07-2022,France,Europe,Omicron BA.2,8,0,7,131,136,0.0662,0.0242,0,0.7785,6.72,1.887
25-01-2022,Spain,Europe,Omicron,7,0,6,103,147,0.0575,0.0631,1,0.5414,,0.759
09-08-2022,Spain,Europe,Omicron BA.2,8,0,7,84,152,0.0462,0.0239,0,0.8099,26.74,1.911
27-03-2022,South Africa,Africa,Omicron BA.2,6,0,5,90,30,0.1899,,2,0.1995,36.36,1.777
25-11-2022,Russia,Europe,Omicron BA.2,1,0,0,13,10,0.1013,0.0387,,0.6249,26.46,2.211
18-12-2020,Russia,Europe,Alpha,14,0,13,194,112,0.1235,0.1761,8,0,54.63,
16-02-2020,Japan,Asia,Original,8,0,7,123,128,0.064,0.0912,2,,4.22,1.309
30-01-2021,Germany,Europe,Alpha,59,1,54,761,1298,0.0539,0.1349,17,0.0297,78.31,
09-10-2021,Colombia,South America,Omicron,7,0,6,73,56,0.1138,0.1028,,0.2471,70.8,0.835
01-07-2020,Germany,Europe,Original,6,0,5,69,114,0.0361,0.1802,3,0,51.04,0.4
01-11-2022,Germany,Europe,Omicron BA.2,10,0,9,133,220,0.0428,0.0352,0,0.9123,32.31,1.027
25-05-2020,UK,Europe,Original,15,0,14,231,,,0.1583,10,,60.07,0.435
14-07-2020,Russia,Europe,Original,34,1,31,527,204,0.1747,0.1557,14,,56.48,
23-03-2021,Colombia,South America,Delta,16,0,15,261,144,0.1238,0.1172,5,0.076,66.02,0.414
05-05-2021,Brazil,South America,Delta,5,0,4,61,40,0.1304,0.2459,,0.0986,,0.935
20-10-2022,Spain,Europe,Omicron BA.2,7,0,6,77,119,0.0679,0.031,0,0.92,17.21,
01-08-2020,Italy,Europe,Original,1,0,0,16,22,0.0458,0.1115,0,,51,0.436
24-07-2020,Germany,Europe,Original,1,0,0,16,18,0.0606,0.1897,0,,51.72,0.473
01-08-2022,Pakistan,Asia,Omicron BA.2,26,0,,423,78,0.3313,0.0691,,0.296,20.59,2.595
28-06-2021,Italy,Europe,Delta,13,0,12,147,260,0.0456,0.2195,7,0.2453,63.49,0.746
18-09-2022,Australia,Oceania,Omicron BA.2,3,0,,34,69,0.0398,0.0383,0,0.871,25.45,1.888
17-07-2020,South Africa,Africa,Original,1,0,0,10,5,0.2089,0.11,,,50.35,0.4
13-10-2020,India,Asia,Original,13,0,12,228,143,0.0838,0.1888,8,0,50.96,0.49
21-03-2021,Pakistan,Asia,Delta,15,0,14,227,75,0.1999,,7,0.0308,58.3,0.923
31-07-2020,Brazil,South America,Original,33,1,31,436,264,0.1357,0.1506,13,0,47.11,
24-07-2020,Italy,Europe,Original,8,0,7,137,144,0.0554,0.1095,3,0,74.51,0.4
29-05-2022,Australia,Oceania,Omicron BA.2,6,0,,75,108,0.044,0.0444,0,0.7118,27.07,1.224
10-09-2020,Russia,Europe,Original,28,1,26,467,168,0.1548,,16,0,46.4,0.668
17-10-2021,USA,North America,Delta,5,0,4,70,120,0.0416,0.1437,1,0.3924,,0.4
27-11-2021,South Korea,Asia,Omicron,39,0,36,547,507,0.0869,0.0821,7,0.4489,42.09,1.454
28-08-2022,Mexico,North America,Omicron BA.2,9,0,8,146,99,0.0989,0.0307,0,0.5456,,2.425
18-08-2021,South Africa,Africa,Delta,2,0,1,22,6,0.335,0.1356,0,0.1009,46.68,1.248
10-11-2020,Spain,Europe,Alpha,1,0,0,18,14,0.0681,,0,0,42.84,0.977
25-01-2021,Brazil,South America,Alpha,2,0,1,30,12,0.1534,0.2059,1,0.0115,67.8,0.575
20-08-2021,Indonesia,Asia,Delta,54,2,50,927,162,0.3217,0.2269,52,0.1084,67.57,0.572
29-04-2020,UK,Europe,Original,2,0,1,30,26,0.0855,0.1803,0,0,97.44,0.4
28-07-2021,South Korea,Asia,Delta,7,0,6,82,154,0.0521,0.1142,2,0.2923,76.2,0.423
01-07-2020,Russia,Europe,Original,19,1,17,203,133,0.133,0.1325,,0,55.19,0.4
18-06-2020,Russia,Europe,Original,6,0,5,81,54,0.1026,0.1008,,,56.91,0.486
05-04-2022,USA,North America,Omicron BA.2,177,1,,2949,3186,0.0763,,23,0.636,13.93,1.929
19-02-2020,Mexico,North America,Original,1,0,0,14,9,0.1111,0.1196,0,0,16.48,0.682
08-02-2022,Brazil,South America,Omicron BA.2,180,2,170,2854,1980,0.0964,0.0827,,0.3748,31.48,1.818
29-09-2022,Pakistan,Asia,Omicron BA.2,6,0,,105,24,0.2497,0.0424,,0.3165,11.24,2.507
12-04-2020,India,Asia,Original,56,1,53,706,616,0.101,0.1112,,,85,0.4
12-11-2021,France,Europe,Delta,1,0,0,11,24,0.0552,0.1261,0,0.4396,51.05,0.699
19-11-2022,Brazil,South America,Omicron BA.2,3,0,2,49,30,0.1122,0.0294,0,0.6021,19.64,1.847
14-04-2020,Colombia,South America,Original,1,0,0,12,9,0.0969,0.1808,,0,90.96,0.4
01-04-2020,India,Asia,Original,42,0,40,539,336,0.1136,0.0901,12,0,88.87,0.4
08-12-2022,Australia,Oceania,Omicron BA.2,13,0,12,185,247,0.0379,,1,0.92,25.17,1.391
22-06-2020,Italy,Europe,Original,4,0,3,54,96,0.0516,0.1522,1,,65.05,0.4
17-03-2021,Turkey,Asia,Delta,3,0,2,48,18,0.1717,0.1529,2,0.0492,83.66,0.4
01-02-2021,USA,North America,Alpha,82,1,78,1194,1558,0.0722,,56,0.0328,69.6,0.477
07-11-2021,Turkey,Asia,Omicron,2,0,1,34,12,0.1847,0.0672,0,0.2724,53.72,1.06
04-05-2022,Mexico,North America,Omicron BA.2,5,0,,85,55,0.0947,,,0.4512,32.01,
13-07-2022,Indonesia,Asia,Omicron BA.2,6,0,,105,30,0.2188,0.0466,1,0.2811,35.35,1.541
16-06-2021,Canada,North America,Delta,1,0,0,15,16,0.0671,0.2155,0,0.2345,76.25,0.4
27-03-2020,Germany,Europe,Original,5,0,4,52,,,0.0931,0,0,77.05,0.4
01-04-2020,Japan,Asia,Original,9,0,8,161,,,0.1219,3,,,0.4
24-05-2022,Spain,Europe,Omicron BA.2,16,0,,197,256,0.0571,0.0547,2,0.6941,28.01,
04-08-2022,Pakistan,Asia,Omicron BA.2,37,0,35,664,148,0.2479,0.0542,6,,11.95,2.776
10-03-2021,South Korea,Asia,Alpha,8,0,7,140,152,0.0467,0.101,3,0.0852,68.81,0.4
25-11-2020,India,Asia,Alpha,117,2,112,2023,1053,0.1246,0.1277,,0,37.79,0.908
04-02-2022,Pakistan,Asia,Omicron BA.2,140,1,133,2418,560,0.2608,0.0456,32,0.1895,37.63,2.048
27-11-2020,Colombia,South America,Alpha,11,0,10,118,121,0.0967,0.1661,,0,39.64,0.983
02-07-2020,Spain,Europe,Original,5,0,4,87,95,0.0622,0.1037,2,,77.1,0.4
13-11-2020,India,Asia,Original,59,1,56,581,354,0.1706,,21,0,39.66,0.68
08-09-2022,South Africa,Africa,Omicron BA.2,5,0,4,70,20,0.2705,0.0834,0,0.2961,,2.227
02-07-2021,Argentina,South America,Delta,13,0,12,229,91,0.1334,0.173,7,0.1689,64.68,0.799
19-10-2020,Spain,Europe,Original,1,0,0,15,24,0.0422,0.1174,0,0,56.63,0.572
10-08-2020,Germany,Europe,Original,3,0,2,32,42,0.0703,0.1536,0,0,43.63,0.558
27-02-2020,Canada,North America,Original,1,0,0,17,,,0.1228,0,0,,0.4
26-07-2022,USA,North America,Omicron BA.2,155,0,,1962,2945,0.038,0.0393,13,0.8052,19.9,1.39
24-02-2022,South Africa,Africa,Omicron BA.2,10,0,9,177,40,0.2555,,1,,35.49,1.635
06-05-2020,Canada,North America,Original,1,0,0,11,,,,0,,52.39,0.643
01-09-2021,Italy,Europe,Delta,1,0,0,17,17,0.058,0.1145,0,0.3187,44.07,1.028
15-04-2022,South Korea,Asia,Omicron BA.2,1,0,,10,12,0.0852,0.0283,0,0.6465,31.69,1.681
05-04-2022,India,Asia,Omicron BA.2,206,1,196,3597,1442,0.1487,0.0466,35,0.4149,26.04,1.893
01-01-2022,Russia,Europe,Omicron,13,0,12,217,117,0.1052,,,0.3312,32.25,1.482
10-11-2022,Argentina,South America,Omicron BA.2,1,0,0,17,9,0.1226,0.04,0,0.6124,20.77,1.947
22-02-2022,Brazil,South America,Omicron BA.2,24,0,22,326,144,0.1739,0.0474,2,0.372,51.42,0.933
27-04-2021,Japan,Asia,Delta,21,0,19,257,294,0.0621,0.2123,12,0.1739,75.52,0.452
05-12-2020,France,Europe,Alpha,3,0,2,48,63,0.0471,0.2174,2,0,,0.869
12-12-2020,France,Europe,Alpha,10,0,9,149,210,0.0428,0.213,7,,74.59,0.425
01-11-2022,Spain,Europe,Omicron BA.2,1,0,,15,13,0.0885,0.0239,0,0.92,25.55,1.484
07-08-2020,UK,Europe,Original,4,0,3,62,80,0.0445,0.1258,1,0,66.85,0.4
21-06-2022,Canada,North America,Omicron BA.2,8,0,7,130,152,0.0578,,1,0.7577,6.41,2.513
15-11-2021,Colombia,South America,Omicron,17,0,16,268,153,0.1003,0.0607,,0.2769,43.53,1.328
28-07-2022,Australia,Oceania,Omicron BA.2,5,0,,58,120,0.0576,0.0278,0,0.7856,27.14,1.496
30-03-2020,Germany,Europe,Original,15,0,14,271,330,0.0373,,6,0,66.95,
19-01-2022,South Korea,Asia,Omicron,16,0,15,189,336,0.042,0.0632,2,0.5297,30.38,1.562
28-02-2022,Russia,Europe,Omicron,3,0,2,43,27,0.1045,0.0738,0,0.3665,28.32,1.06
29-01-2020,UK,Europe,Original,1,0,0,10,21,0.0449,0.1915,0,,16.2,0.734
26-04-2020,Turkey,Asia,Original,91,1,84,1090,,,0.1652,36,0,72.2,0.4
21-10-2022,Russia,Europe,Omicron BA.2,8,0,,94,72,0.1198,0.0606,1,0.5743,,2.113
14-03-2020,Germany,Europe,Original,11,0,10,125,209,0.0558,,5,0,94.23,0.4
18-05-2020,South Africa,Africa,Original,1,0,0,14,,,0.1153,0,0,61.76,0.445
03-10-2020,Colombia,South America,Original,4,0,3,53,40,0.098,,1,0,49.4,0.541
20-11-2022,Pakistan,Asia,Omicron BA.2,47,0,,517,141,0.3297,0.0579,6,0.3433,26.51,2.434
27-02-2021,Germany,Europe,Alpha,6,0,5,100,72,0.0832,0.1099,1,0.0696,69.35,0.4
16-04-2022,Mexico,North America,Omicron BA.2,26,0,,465,182,0.1506,0.0698,7,0.4395,16.38,2.158
03-07-2022,Turkey,Asia,Omicron BA.2,1,0,0,10,10,0.902765057,,0,0.4875,14.84,2.333
22-11-2021,South Korea,Asia,Omicron,2,0,1,23,44,0.0496,,0,0.4407,51.05,1.207
21-04-2020,UK,Europe,Original,1,0,0,11,,,,0,0,77.6,0.4
24-08-2021,Australia,Oceania,Delta,1,0,0,13,18,0.0598,0.1258,0,0.3161,,
24-06-2022,Russia,Europe,Omicron BA.2,67,0,,855,737,0.0805,,,0.4831,33.79,1.503
05-05-2021,Mexico,North America,Delta,40,2,35,508,240,0.1639,0.116,,0.1191,82.71,0.4
08-12-2020,South Africa,Africa,Alpha,1,0,0,13,3,0.3129,0.1017,0,,64.4,
06-12-2022,Argentina,South America,Omicron BA.2,40,0,,664,320,0.901045909,0.0417,,0.6277,27.81,2.009
07-04-2022,Argentina,South America,Omicron BA.2,1,0,0,15,6,0.1552,0.0568,0,0.395,,1.362
05-08-2022,Spain,Europe,Omicron BA.2,4,0,3,54,88,0.0307,0.0419,0,0.8029,33.14,1.118
12-12-2020,Brazil,South America,Alpha,11,0,9,196,99,0.1127,0.1165,3,0,52.55,0.595
26-04-2021,Mexico,North America,Delta,11,1,9,109,99,0.1195,0.1596,4,0.1017,69.99,0.453
20-05-2021,Argentina,South America,Delta,10,0,9,176,100,0.0798,0.1892,,0.105,77.95,0.4
31-12-2022,Turkey,Asia,Omicron BA.2,1,0,0,13,7,0.1423,0.0547,,0.6687,16.92,1.762
14-10-2022,South Korea,Asia,Omicron BA.2,8,0,,137,192,0.032,,1,0.9066,16.99,1.887
05-12-2021,Germany,Europe,Omicron,27,0,25,402,432,0.0736,0.0471,4,0.4744,53.02,1.115
09-04-2022,Germany,Europe,Omicron BA.2,104,0,101,1545,1768,0.0544,0.0498,12,0.6477,36.81,1.05
29-10-2020,UK,Europe,Original,2,0,1,34,24,0.0726,0.1304,1,,52.26,0.44
07-08-2022,Spain,Europe,Omicron BA.2,4,0,,67,88,0.0445,0.0289,0,0.8267,17.22,1.863
04-09-2021,Russia,Europe,Delta,9,0,8,163,54,0.1743,0.1195,,0.223,63.91,0.434
03-01-2022,Italy,Europe,Omicron,1,0,0,13,14,0.0644,0.0735,0,0.496,31.25,1.367
16-11-2020,Argentina,South America,Original,1,0,0,14,7,0.1362,0.1062,,0,48.57,0.578
13-07-2021,Colombia,South America,Delta,1,0,0,11,9,0.1207,0.1089,0,0.1749,67.29,0.556
26-07-2022,Germany,Europe,Omicron BA.2,4,0,3,45,80,0.0515,0.0365,0,0.7984,20.37,1.122
01-10-2021,Spain,Europe,Delta,1,0,0,15,22,0.0464,0.1329,0,0.3869,37.69,0.874
21-04-2020,Pakistan,Asia,Original,8,0,7,141,24,0.3391,0.1427,5,,90.99,0.4
06-11-2020,Spain,Europe,Alpha,4,0,3,70,80,0.0367,,2,,38.6,0.662
26-12-2020,Argentina,South America,Alpha,1,0,0,16,10,0.0899,0.1621,0,0,67.91,0.457
21-03-2021,Turkey,Asia,Delta,3,0,2,30,18,0.1591,0.2328,1,0.0813,67.65,0.629
17-03-2022,Japan,Asia,Omicron BA.2,68,0,65,884,1020,0.0774,0.0438,8,0.608,21.6,1.699
30-09-2022,Colombia,South America,Omicron BA.2,68,1,64,1186,408,0.1659,0.0546,19,0.5542,24.06,1.823
14-06-2022,Indonesia,Asia,Omicron BA.2,43,1,41,559,129,0.3291,0.0528,,,16.91,2.12
05-06-2021,South Korea,Asia,Delta,3,0,2,35,66,0.0297,0.204,1,0.2018,75.89,0.43
26-12-2021,Turkey,Asia,Omicron,9,0,8,154,54,0.1686,0.0657,2,0.3164,,1.503
14-09-2022,Argentina,South America,Omicron BA.2,1,0,,17,9,0.1235,,,0.5415,44.02,1.162
07-08-2021,South Africa,Africa,Delta,7,0,6,90,28,0.2476,0.2512,,,39.57,1.383
23-10-2020,UK,Europe,Original,13,0,11,145,286,0.052,0.168,5,0,57.99,0.475
27-08-2021,Turkey,Asia,Delta,52,0,49,543,416,0.1015,0.18,25,0.2288,63.05,0.69
25-07-2021,South Korea,Asia,Delta,1,0,0,14,20,0.0531,,0,0.2724,83.27,
07-06-2022,France,Europe,Omicron BA.2,9,0,,127,216,0.03,0.0321,1,0.7184,30.02,1.504
24-01-2021,Argentina,South America,Alpha,8,0,7,142,80,0.1012,0.1937,,0.0077,67.53,0.555
02-03-2021,UK,Europe,Alpha,2,0,1,25,28,0.0798,0.1253,0,0.0618,68.93,0.4
20-10-2021,Argentina,South America,Omicron,1,0,0,16,11,0.105,0.0628,,0.259,45.89,1.392
28-06-2022,Japan,Asia,Omicron BA.2,7,0,6,86,140,0.0491,0.0424,0,0.7526,11.54,2.233
05-10-2022,Japan,Asia,Omicron BA.2,3,0,2,43,39,0.0756,0.0323,0,0.8856,28.54,1.132
05-10-2022,Brazil,South America,Omicron BA.2,16,0,,178,128,0.1306,0.0656,,0.5639,26.11,1.281
12-03-2020,Australia,Oceania,Original,9,0,8,135,144,0.0671,0.1628,5,,72.2,0.4
24-02-2020,Spain,Europe,Original,2,0,1,29,34,0.0533,0.1642,0,,78.64,
19-05-2021,Australia,Oceania,Delta,1,0,0,10,20,0.0516,,0,0.1861,79.84,0.4
25-01-2022,Mexico,North America,Omicron,11,0,10,176,66,0.1666,,,0.3472,47.98,0.863
23-07-2021,India,Asia,Delta,39,0,37,520,351,0.1184,0.1431,,0.1792,78.69,0.416
12-01-2021,South Africa,Africa,Alpha,1,0,0,17,5,0.1875,0.2148,1,0.0104,63.99,0.631
11-09-2022,Germany,Europe,Omicron BA.2,28,0,,434,588,0.0585,0.037,4,0.8702,17.49,1.63
05-04-2020,Mexico,North America,Original,9,0,8,122,,,0.1799,,0,75.45,0.4
28-10-2020,UK,Europe,Alpha,18,0,17,219,414,0.0316,0.1356,6,,41.21,0.675
08-06-2021,USA,North America,Delta,13,0,12,183,234,0.0591,0.1659,4,0.2105,71.06,0.436
31-05-2021,Mexico,North America,Delta,75,5,67,1016,600,0.1269,0.179,52,0.1472,81.97,0.4
18-05-2022,Spain,Europe,Omicron BA.2,140,1,,2167,3220,0.0435,,34,0.7002,34.02,1.829
30-04-2021,Pakistan,Asia,Delta,3,0,2,40,9,0.3389,0.1648,1,0.0481,79.81,0.4
25-12-2020,USA,North America,Alpha,20,0,18,334,460,0.0434,0.1453,13,0,58.11,0.709
19-02-2022,Pakistan,Asia,Omicron,4,0,3,51,20,0.2178,0.0623,0,0.2182,28.03,2.115
29-09-2021,USA,North America,Delta,34,0,32,430,408,0.0735,0.1046,6,0.3748,51.12,0.599
17-12-2021,Colombia,South America,Omicron,15,0,14,199,120,0.1191,0.0483,2,0.3198,41.47,1.751
22-07-2021,India,Asia,Delta,403,7,372,6675,2821,0.1697,0.1356,,0.1748,74.02,0.47
25-07-2022,India,Asia,Omicron BA.2,17802,3,945,13026,8901,0.1288,0.0419,,0.5107,32.93,1.24
13-04-2020,Germany,Europe,Original,3,0,2,50,,,0.0936,1,,69.23,0.419
24-09-2021,South Africa,Africa,Delta,7,0,6,103,21,0.331,0.2068,,,53.67,0.792
29-10-2020,South Africa,Africa,Alpha,5,0,4,69,25,0.207,0.1042,2,0,39.45,0.863
22-11-2021,South Africa,Africa,Omicron,15,0,13,169,60,0.251,0.1039,3,0.1485,31.13,1.566
15-02-2022,Mexico,North America,Omicron,13,0,12,234,91,0.15,0.0902,6,0.3637,53.86,0.836
03-11-2021,Pakistan,Asia,Delta,1,0,0,11,5,0.2085,0.1767,0,,60.79,0.836
12-12-2022,UK,Europe,Omicron BA.2,1,0,0,10,22,0.0528,0.022,0,0.92,38.21,
12-07-2021,Germany,Europe,Delta,54,0,50,846,648,0.0882,0.1861,37,0.2724,78.87,0.4
15-07-2020,Mexico,North America,Original,7,0,6,125,77,0.0879,0.1725,4,0,60.89,0.4
09-08-2022,Germany,Europe,Omicron BA.2,14,0,,161,336,0.0342,,0,0.8247,27.35,1.087
19-02-2021,India,Asia,Alpha,59,1,55,842,590,0.0952,,,,71.94,0.4
15-10-2020,Argentina,South America,Original,1,0,0,9,10,0.0913,0.1267,,0,59.73,0.4
19-11-2022,UK,Europe,Omicron BA.2,6,0,,78,108,0.0576,0.0272,0,0.92,29.88,
27-03-2021,Australia,Oceania,Delta,3,0,2,53,51,0.0515,0.1306,1,0.1018,63.29,
25-03-2022,Japan,Asia,Omicron BA.2,8,0,7,101,184,0.0487,0.0514,0,0.628,10.23,1.448
17-08-2020,Colombia,South America,Original,5,0,4,53,50,0.0892,0.1546,2,,55.33,0.4
01-12-2021,Italy,Europe,Omicron,17,0,15,259,357,0.0385,0.0386,2,0.4639,29.42,1.752
24-09-2021,Canada,North America,Delta,25,0,23,305,450,0.0471,0.133,11,0.3716,63.02,
26-08-2021,South Korea,Asia,Delta,2,0,1,19,38,0.0609,0.118,0,0.3162,62.03,0.686
27-03-2022,Canada,North America,Omicron BA.2,1,0,0,14,12,0.0894,0.0512,0,0.6167,25.83,1.881
30-06-2020,Germany,Europe,Original,27,0,26,429,486,0.0619,0.1293,10,,50.74,0.438
23-07-2022,Spain,Europe,Omicron BA.2,1,0,0,17,21,0.036,,0,0.7923,16.16,1.381
26-08-2022,South Korea,Asia,Omicron BA.2,4,0,3,39,84,0.0379,0.0428,0,0.8467,35.99,1.068
14-07-2020,Japan,Asia,Original,14,0,13,171,322,0.0368,0.1119,5,0,,0.61
26-02-2022,Colombia,South America,Omicron BA.2,58,1,54,842,406,0.1642,0.0831,17,0.3761,38.79,1.101
22-12-2021,Brazil,South America,Omicron,4,0,3,63,32,0.117,0.0556,0,0.3146,30.22,1.633
09-02-2022,Japan,Asia,Omicron BA.2,21,0,20,232,378,0.0737,,1,0.558,46.18,1.215
16-12-2020,Brazil,South America,Alpha,2,0,1,28,22,0.0966,0.2069,1,0,68.19,0.4
28-10-2021,Germany,Europe,Omicron,1,0,0,13,12,0.1051,0.0785,0,0.4012,42.48,1.335
21-02-2021,South Korea,Asia,Alpha,46,0,43,588,644,0.0411,0.188,16,,71.03,
22-12-2022,India,Asia,Omicron BA.2,90,0,87,1008,810,0.1033,0.0364,10,0.6331,21.54,1.936
13-08-2021,Japan,Asia,Delta,7,0,6,125,140,0.0585,0.2041,4,0.335,45.81,0.707
15-01-2021,UK,Europe,Alpha,2,0,1,27,48,0.0491,0.1036,0,0.0025,57.36,0.77
02-03-2020,Canada,North America,Original,1,0,0,14,24,0.0396,0.1301,0,0,84.81,0.4
22-02-2021,Argentina,South America,Alpha,1,0,0,11,7,0.1476,,0,0.0138,71.17,0.42
28-03-2022,Turkey,Asia,Omicron BA.2,15,0,,242,120,0.1148,0.0514,,0.4036,6.04,2.052
05-12-2022,Pakistan,Asia,Omicron BA.2,105,1,,1585,315,0.3465,0.0795,22,0.338,31.53,1.52
27-01-2021,USA,North America,Alpha,26,0,24,257,312,0.0769,0.1423,7,0.0242,57.97,0.674
27-04-2020,India,Asia,Original,10,0,9,174,90,0.1227,0.1028,2,0,72.43,0.4
19-12-2022,Japan,Asia,Omicron BA.2,2,0,1,25,36,0.0438,0.0288,0,0.92,25.27,1.476
14-08-2021,South Korea,Asia,Delta,1,0,0,14,22,0.0434,0.1362,0,0.2895,49.73,0.665
18-04-2022,France,Europe,Omicron BA.2,3,0,2,45,57,0.0566,,0,0.6496,13.75,
23-01-2020,Colombia,South America,Original,1,0,0,15,8,0.1286,0.0916,0,,,1.067
07-07-2021,Australia,Oceania,Delta,3,0,2,35,36,0.0813,0.1963,1,0.2251,,0.494
12-09-2021,Japan,Asia,Delta,1,0,0,13,14,0.0619,0.1501,0,0.3552,57.99,0.828
21-04-2022,UK,Europe,Omicron BA.2,1,0,,17,16,0.0623,0.0498,0,0.6785,,
01-09-2020,Brazil,South America,Original,1,0,0,13,11,0.0984,0.1085,0,0,41.22,0.664
10-11-2022,UK,Europe,Omicron BA.2,9,0,,124,189,0.0355,0.0347,0,0.92,17.95,1.586
21-02-2021,South Korea,Asia,Alpha,7,0,6,119,126,0.0525,0.2147,4,0.0517,54.6,0.716
26-02-2021,France,Europe,Alpha,9,0,8,163,216,0.0412,0.1675,7,,55.67,0.491
13-05-2021,France,Europe,Delta,43,1,39,757,903,0.0412,0.1145,20,0.1679,82.89,
23-01-2021,Pakistan,Asia,Alpha,14,0,13,240,70,0.2094,0.1617,,,76.13,0.4
13-12-2022,Russia,Europe,Omicron BA.2,12,0,11,175,84,0.1467,,1,0.6247,28.26,1.5
18-12-2021,Pakistan,Asia,Omicron,49,1,47,523,147,0.3259,,,0.1723,52.51,1.083
21-03-2020,Pakistan,Asia,Original,5,0,4,56,,,,3,0,93.45,0.4
20-05-2020,France,Europe,Original,7,0,6,85,,,0.1907,3,0,52.89,0.4
25-12-2020,Spain,Europe,Alpha,9,0,8,163,189,0.0526,0.1686,7,,84.06,0.4
31-10-2021,Pakistan,Asia,Omicron,4,0,3,39,12,0.3264,0.0904,0,0.1561,55.99,1.028
24-10-2022,Japan,Asia,Omicron BA.2,21,0,20,268,420,0.0549,0.0328,1,0.9015,35.8,1.084
11-05-2022,Italy,Europe,Omicron BA.2,1,0,0,16,22,0.0666,0.0389,0,0.661,34.13,1.113
04-02-2022,Russia,Europe,Omicron BA.2,31,0,28,499,217,0.1412,0.0684,9,0.3476,,2.344
22-06-2022,France,Europe,Omicron BA.2,6,0,5,105,132,0.0458,0.0409,0,0.7564,16.88,1.683
07-11-2020,South Korea,Asia,Original,3,0,2,34,69,0.049,0.1031,0,0,39.21,0.443
18-04-2022,Japan,Asia,Omicron BA.2,3,0,2,38,54,0.0554,0.0405,0,0.6513,,1.678
24-01-2022,UK,Europe,Omicron,9,0,8,103,144,0.0611,0.0528,0,0.5466,54.13,1.186
19-03-2020,South Korea,Asia,Original,11,0,10,180,,,0.1554,7,0,83.98,
03-04-2021,Canada,North America,Delta,14,0,13,203,238,0.0642,0.1601,9,0.117,61.55,0.502
03-01-2022,Russia,Europe,Omicron,20,0,19,294,180,0.1332,0.0647,,0.3112,37.89,1.505
10-05-2021,Argentina,South America,Delta,1,0,0,17,7,0.1712,,,0.0973,57.68,0.843
19-10-2021,Canada,North America,Delta,1,0,0,14,15,0.0708,0.1184,0,0.4153,,0.652
14-04-2020,South Africa,Africa,Original,1,0,0,11,3,0.3288,0.1946,0,0,78.5,0.4
13-10-2021,Brazil,South America,Omicron,109,1,101,1379,654,0.175,0.0446,9,0.2524,62.27,1.007
17-09-2021,South Africa,Africa,Delta,1,0,0,16,5,0.2121,0.2385,,0.1112,45.97,1.143
18-04-2021,Indonesia,Asia,Delta,10,0,9,147,40,0.2629,0.1273,,0.0522,74.37,
08-03-2022,Germany,Europe,Omicron,23,0,,402,460,0.0591,0.0632,5,0.5892,29.25,1.611
04-02-2021,Japan,Asia,Alpha,4,0,3,71,56,0.0536,0.1569,1,0.0491,45.79,0.946
23-12-2021,Russia,Europe,Omicron,22,0,21,247,198,0.0956,0.0918,5,0.3208,30.66,1.769
03-02-2021,Argentina,South America,Alpha,16,1,14,224,112,0.1517,0.2194,,0.0445,64.15,0.4
22-09-2022,Pakistan,Asia,Omicron BA.2,12,0,,141,60,0.2029,0.0521,1,0.3178,,2.768
29-04-2022,Canada,North America,Omicron BA.2,2,0,1,20,40,0.0517,0.0493,0,0.6631,21.02,1.854
27-07-2022,Argentina,South America,Omicron BA.2,4,0,,45,40,0.0953,0.0611,0,0.516,35.02,1.227
13-03-2020,UK,Europe,Original,4,0,3,59,,,0.1766,3,0,72.9,0.4
06-09-2020,Colombia,South America,Original,9,0,8,103,81,0.1076,0.1106,2,0,38.85,0.509
25-10-2020,Germany,Europe,Original,6,0,5,63,144,0.0374,0.1567,1,0,38.86,0.467
21-03-2020,Russia,Europe,Original,13,0,12,155,,,0.0964,3,0,94.82,0.4
21-08-2020,France,Europe,Original,50,1,46,635,600,0.0943,0.1397,20,,56.04,0.4
18-12-2022,France,Europe,Omicron BA.2,9,0,,139,162,0.0346,0.0238,0,0.92,22.61,1.488
02-06-2022,Turkey,Asia,Omicron BA.2,1,0,,11,7,0.1413,0.0595,,0.459,21.9,1.341
27-08-2022,Germany,Europe,Omicron BA.2,10,0,,175,140,0.0702,0.0375,1,0.8263,20.45,1.154
27-02-2022,Germany,Europe,Omicron BA.2,80,0,77,1316,1760,0.04,0.0318,6,0.5866,31.21,1.622
02-10-2022,Russia,Europe,Omicron BA.2,64,1,59,719,640,0.0937,0.0479,,0.5622,28.7,1.686
07-11-2022,Brazil,South America,Omicron BA.2,21,0,19,253,189,0.1344,,,0.5947,42.07,1.093
25-07-2020,Mexico,North America,Original,5,0,4,71,35,0.1441,0.1363,2,0,,0.562
12-09-2020,Turkey,Asia,Original,3,0,2,47,27,0.1059,,,,49.06,0.667
28-12-2021,South Korea,Asia,Omicron,8,0,7,114,160,0.041,0.0571,1,0.4928,53.96,1.168
18-02-2020,Italy,Europe,Original,2,0,1,28,30,0.0696,,0,0,1.76,0.927
08-05-2020,Canada,North America,Original,1,0,0,11,16,0.0643,0.1888,0,0,59.69,0.51
02-11-2020,South Korea,Asia,Original,1,0,0,10,20,0.0532,0.1421,0,,34.99,0.905
08-12-2020,Mexico,North America,Alpha,87,5,77,1163,957,0.1099,0.1108,29,0,61.12,0.471
12-03-2021,Brazil,South America,Alpha,7,0,6,90,63,0.1182,0.2071,4,0.0646,68.14,0.489
24-02-2020,Colombia,South America,Original,9,0,8,154,,,0.1786,,0,,0.4
28-05-2022,Colombia,South America,Omicron BA.2,2,0,1,27,22,0.0813,0.0455,0,0.46,25.53,1.68
06-05-2020,South Korea,Asia,Original,6,0,5,94,,,0.1863,4,0,68.68,
10-03-2021,Turkey,Asia,Alpha,2,0,1,26,20,0.0863,0.1634,,0.0641,73.5,0.4
17-12-2021,Spain,Europe,Omicron,1,0,0,11,17,0.0739,0.0644,0,0.4813,39.72,1.091
18-09-2021,Russia,Europe,Delta,1,0,0,12,11,0.0922,0.1991,0,0.2256,45.09,0.782
23-02-2020,Italy,Europe,Original,2,0,1,32,48,0.0375,0.2083,1,0,89.7,0.4
30-04-2021,Japan,Asia,Delta,21,0,19,241,273,0.0689,0.1733,6,0.1863,65.13,
19-11-2022,Australia,Oceania,Omicron BA.2,3,0,2,54,39,0.0707,0.024,0,0.92,25.75,1.164
21-07-2021,France,Europe,Delta,39,0,37,691,663,0.0358,0.2121,29,0.2912,83.32,0.4
24-08-2020,Mexico,North America,Original,1,0,0,14,9,0.105,0.1728,0,0,36.17,0.737
02-10-2021,Colombia,South America,Delta,2,0,1,35,16,0.1204,0.1283,0,0.2476,48.92,1.066
08-12-2021,India,Asia,Omicron,271,1,260,4078,1626,0.1544,0.0567,,0.3048,44.41,1.288
27-11-2020,France,Europe,Alpha,5,0,4,57,60,0.0897,0.0995,1,0,59.51,0.629
26-04-2020,Pakistan,Asia,Original,8,0,7,141,,,0.1324,,0,68.98,0.419
21-09-2022,Germany,Europe,Omicron BA.2,11,0,,141,231,0.0335,0.0301,0,0.881,30.68,1.699
26-03-2022,Argentina,South America,Omicron BA.2,1,0,0,17,11,0.0953,0.0625,0,0.3986,32.64,
18-09-2021,Indonesia,Asia,Delta,79,4,69,1373,316,0.2466,0.1313,,0.1309,59.72,0.627
24-01-2021,Japan,Asia,Alpha,37,0,35,469,777,0.0337,0.1201,14,0.0097,84.83,
12-01-2021,Canada,North America,Alpha,1,0,0,17,21,0.0418,0.2295,1,0.0086,63.06,0.602
25-08-2022,Spain,Europe,Omicron BA.2,3,0,2,42,39,0.0793,0.0305,0,0.8326,21.79,1.28
21-04-2022,Spain,Europe,Omicron BA.2,4,0,3,57,76,0.0615,0.0585,0,0.6568,13.44,1.562
24-12-2022,UK,Europe,Omicron BA.2,5,0,4,59,85,0.058,0.0374,0,0.92,22.87,1.027
21-10-2021,USA,North America,Delta,70,0,65,1188,1470,0.0533,,36,0.4073,,0.4
29-11-2022,Argentina,South America,Omicron BA.2,4,0,,52,32,0.1152,0.0638,,0.6164,19.81,
04-11-2022,France,Europe,Omicron BA.2,7,0,6,91,133,0.064,0.022,0,0.92,34.78,1.468
21-06-2020,Italy,Europe,Original,4,0,3,63,92,0.0385,0.2044,3,,58.23,0.568
11-10-2020,Germany,Europe,Original,13,0,12,233,247,0.0606,0.1471,8,0,58.31,0.4
01-08-2020,Russia,Europe,Original,1,0,0,12,9,0.1215,0.134,0,0,69.23,0.4
31-05-2022,Indonesia,Asia,Omicron BA.2,74,1,,795,370,0.1831,0.0674,,,40.28,1.491
13-09-2021,Germany,Europe,Delta,1,0,0,18,12,0.0836,0.1311,0,0.3483,59.77,0.457
30-01-2020,France,Europe,Original,1,0,0,15,16,0.0682,0.206,0,0,16.34,0.754
11-06-2022,UK,Europe,Omicron BA.2,5,0,4,62,65,0.0733,0.03,0,0.744,31.85,1.142
23-01-2020,Colombia,South America,Original,1,0,0,11,6,0.1791,0.0916,0,0,10.63,1.143
25-12-2020,Australia,Oceania,Alpha,18,0,17,191,342,0.0519,0.1433,4,0,51.77,0.68
11-02-2022,India,Asia,Omicron,230,1,221,3298,2530,0.0845,0.0651,,0.3697,41.86,1.615
16-06-2020,Russia,Europe,Original,29,1,27,400,203,0.1389,0.1239,,0,65.48,0.459
27-12-2022,Japan,Asia,Omicron BA.2,15,0,14,229,180,0.0737,0.0378,1,0.92,26.15,1.718
06-03-2021,USA,North America,Alpha,86,1,81,1398,1720,0.0506,0.1584,54,0.0865,57.65,0.584
17-04-2020,South Africa,Africa,Original,8,0,7,85,,,0.1623,2,,81.12,0.4
02-07-2021,Australia,Oceania,Delta,8,0,7,133,184,0.0482,0.2213,5,0.2509,84.2,0.4
30-10-2021,Russia,Europe,Delta,44,1,41,790,396,0.1163,0.1239,23,0.2666,61.19,0.594
05-02-2021,Brazil,South America,Alpha,7,0,6,94,77,0.0884,0.1829,,0.0236,49.94,
23-05-2021,India,Asia,Delta,746,12,706,9590,4476,0.1642,,414,0.1245,59.12,0.545
14-08-2022,Brazil,South America,Omicron BA.2,9,0,8,133,81,0.1139,0.0356,1,0.5349,39.12,1.179
15-03-2022,South Korea,Asia,Omicron BA.2,15,0,14,242,345,0.0491,0.0284,1,0.6086,,2.175
12-11-2022,USA,North America,Omicron BA.2,63,0,61,621,1449,0.0186,0.0214,2,0.92,27.81,1.706
10-02-2021,Japan,Asia,Alpha,30,0,28,444,570,0.0415,0.131,8,,62.44,0.412
10-03-2022,Pakistan,Asia,Omicron BA.2,109,2,102,1697,327,0.3417,0.0511,18,0.2263,46.43,1.945
14-11-2021,Italy,Europe,Omicron,11,0,10,164,187,0.0423,0.0458,1,0.4173,31.23,1.192
19-06-2020,France,Europe,Original,16,0,15,226,336,0.0482,,3,0,56.62,0.4
15-03-2022,Spain,Europe,Omicron BA.2,2,0,1,33,44,0.042,0.033,0,0.5951,26.68,1.17
14-07-2022,Brazil,South America,Omicron BA.2,10,0,,121,60,0.1559,0.0477,0,0.4989,36.04,1.531
17-12-2020,Mexico,North America,Alpha,1,0,0,11,9,0.1158,0.0991,,0,62.35,0.403
14-05-2022,USA,North America,Omicron BA.2,105,0,102,1496,2205,0.0336,0.0336,14,0.6907,12.46,1.412
11-03-2020,Argentina,South America,Original,3,0,2,44,,,0.1443,1,,64.84,0.4
29-09-2020,Pakistan,Asia,Original,100,2,91,1420,500,0.1894,0.0912,22,0,46.56,0.4
18-12-2020,Spain,Europe,Alpha,9,0,8,144,162,0.0519,0.202,6,0,,0.716
27-03-2021,Germany,Europe,Delta,2,0,1,26,36,0.0692,0.1866,1,0.1197,60.34,0.526
28-07-2020,Brazil,South America,Original,19,1,18,343,152,0.1029,,7,0,55.54,0.4
20-06-2020,Colombia,South America,Original,1,0,0,15,9,0.1136,0.1432,0,,60.79,0.424
20-11-2021,Russia,Europe,Omicron,1,0,0,10,10,0.1029,0.0705,0,0.308,53.52,1.081
09-11-2022,Italy,Europe,Omicron BA.2,3,0,2,39,69,0.0441,0.0196,0,0.92,13.5,1.938
22-04-2020,Australia,Oceania,Original,8,0,7,141,176,0.051,0.1416,3,0,75.4,0.4
18-12-2021,Canada,North America,Omicron,1,0,0,16,19,0.0496,,0,0.4842,54.35,0.74
28-05-2021,Colombia,South America,Delta,6,0,5,105,66,0.1113,0.2012,,0.1116,72.56,0.406
08-10-2020,Australia,Oceania,Original,4,0,3,66,72,0.0427,0.1687,2,0,,0.601
01-11-2021,Spain,Europe,Omicron,33,0,31,584,396,0.0936,0.0598,8,0.4005,52.31,0.901
15-07-2021,Brazil,South America,Delta,40,2,36,640,440,0.0765,0.2109,,0.1779,64.41,
24-12-2022,South Africa,Africa,Omicron BA.2,7,0,6,98,28,0.2482,0.0499,1,0.3719,23.91,1.862
19-08-2020,Canada,North America,Original,1,0,0,14,12,0.0731,0.1581,0,,36.08,0.594
04-03-2021,Indonesia,Asia,Alpha,21,1,19,230,63,0.33,0.0967,3,0.0358,,0.556
17-04-2020,Mexico,North America,Original,3,0,2,51,,,0.1866,,0,82.94,0.4
29-11-2020,South Korea,Asia,Alpha,2,0,1,34,24,0.0955,0.2183,1,0,49.52,0.882
18-11-2022,Canada,North America,Omicron BA.2,1,0,,12,18,0.0532,0.018,0,0.92,18.55,1.59
17-12-2020,UK,Europe,Alpha,4,0,3,64,64,0.0682,0.1795,3,0,67.36,0.4
15-06-2022,France,Europe,Omicron BA.2,2,0,1,31,34,0.0606,0.0381,0,0.7357,23.72,1.138
18-07-2022,France,Europe,Omicron BA.2,12,0,11,195,180,0.0685,0.0241,0,0.7818,11.57,2.285
07-05-2022,Pakistan,Asia,Omicron BA.2,25,0,24,310,125,0.1981,0.0722,,,19.02,1.63
18-05-2020,India,Asia,Original,50,1,46,604,350,0.1306,0.0993,17,0,49.72,0.52
11-11-2022,Colombia,South America,Omicron BA.2,8,0,,86,56,0.1452,,0,0.6095,18.3,2.137
02-10-2021,Japan,Asia,Delta,2,0,1,22,34,0.0658,0.1798,1,0.3613,,0.664
10-10-2020,Brazil,South America,Original,73,3,67,810,657,0.1171,0.1375,26,0,58.67,0.43
05-10-2022,Italy,Europe,Omicron BA.2,9,0,8,154,216,0.0321,0.0397,1,0.9069,31.97,1.677
29-09-2020,Indonesia,Asia,Original,10,0,9,162,30,0.3513,0.2064,,0,62.06,0.4
26-09-2021,France,Europe,Delta,6,0,5,82,114,0.0407,0.1825,3,0.3624,68.14,0.663
01-05-2022,France,Europe,Omicron BA.2,1,0,,16,23,0.0298,0.0258,0,0.673,23.23,1.486
20-05-2021,Pakistan,Asia,Delta,6,0,5,83,30,0.2031,,2,0.078,68.27,0.657
20-07-2022,Argentina,South America,Omicron BA.2,7,0,,109,42,0.1717,0.0573,1,0.4977,44.44,1.606
10-04-2022,USA,North America,Omicron BA.2,80,0,77,953,1200,0.0628,,5,0.6464,29.89,1.131
14-02-2021,Italy,Europe,Alpha,1,0,0,15,17,0.0507,0.1928,0,0.0579,58.89,0.678
10-05-2020,Mexico,North America,Original,1,0,0,10,9,0.1202,0.1045,0,0,73.04,
30-08-2020,Mexico,North America,Original,4,0,3,40,28,0.1527,,1,0,46.67,0.523
31-05-2020,UK,Europe,Original,1,0,0,13,23,0.0314,,0,0,63.43,0.4
27-08-2021,Russia,Europe,Delta,17,0,15,174,119,0.1513,0.1526,5,0.1952,45.36,0.638
19-07-2020,Colombia,South America,Original,1,0,0,14,8,0.136,0.1019,,0,60.93,0.4
10-02-2021,Colombia,South America,Alpha,2,0,1,21,14,0.1329,0.2088,0,0.0487,68.88,0.4
01-06-2021,South Africa,Africa,Delta,1,0,0,14,5,0.2065,0.179,,0.0679,55.59,
19-10-2021,South Africa,Africa,Delta,2,0,1,29,10,0.1786,0.1354,0,,52.51,0.841
19-01-2022,South Africa,Africa,Omicron,3,0,2,42,12,0.2478,0.0565,,0.1717,30.98,1.834
07-04-2020,South Korea,Asia,Original,1,0,0,13,22,0.0558,0.1654,0,0,80.7,0.4
19-10-2020,Brazil,South America,Original,43,1,40,768,344,0.1294,0.2034,38,0,47.94,
15-01-2022,Japan,Asia,Omicron,139,0,135,1753,2224,0.074,0.0557,14,0.5295,29.31,1.832
30-09-2020,India,Asia,Original,97,1,91,1733,776,0.1241,0.1248,49,0,61.93,0.48
24-01-2022,Turkey,Asia,Omicron,2,0,1,30,16,0.138,0.0849,0,0.3271,45.88,1.454
27-09-2021,Russia,Europe,Delta,48,1,45,472,288,0.1725,0.2131,23,0.2397,65.35,0.555
18-07-2020,Pakistan,Asia,Original,4,0,3,67,12,0.3489,0.1561,3,,51.36,0.54
07-06-2021,Russia,Europe,Delta,14,0,12,175,98,0.1462,0.1775,8,0.1424,67.35,0.4
05-08-2021,France,Europe,Delta,2,0,1,34,32,0.0549,,0,0.2975,66.55,0.613
29-07-2022,UK,Europe,Omicron BA.2,9,0,,120,216,0.0428,0.0481,1,0.787,34.32,1.394
29-04-2022,Russia,Europe,Omicron BA.2,4,0,3,66,32,0.1207,0.0781,1,0.429,18.43,2.199
03-06-2021,Colombia,South America,Delta,1,0,0,15,10,0.0985,0.1831,0,0.1272,79.96,0.4
16-07-2021,Germany,Europe,Delta,20,0,18,201,300,0.0518,0.1267,5,0.2672,70.11,0.509
06-09-2020,Mexico,North America,Original,2,0,1,21,12,0.1709,0.1902,1,0,56.72,0.6
06-10-2020,Australia,Oceania,Original,1,0,0,10,13,0.0791,,0,0,51.74,0.4
15-02-2020,South Korea,Asia,Original,4,0,3,55,68,0.047,0.1571,2,0,12.33,1.215
03-05-2020,India,Asia,Original,88,2,84,1593,792,0.1116,0.0978,32,0,,0.642
14-12-2020,Mexico,North America,Alpha,88,5,77,948,616,0.1472,0.2172,41,0,54.67,0.639
29-09-2022,Colombia,South America,Omicron BA.2,2,0,1,21,12,0.1551,0.0454,,0.5745,31.06,1.473
02-09-2021,Mexico,North America,Delta,3,0,2,36,33,0.0786,0.1038,0,0.219,40.27,1.165
10-03-2020,Russia,Europe,Original,5,0,4,87,55,0.0992,0.1593,2,0,90.69,0.4
06-08-2020,Mexico,North America,Original,3,0,2,39,24,0.1172,0.139,1,,55.47,0.4
08-01-2022,Italy,Europe,Omicron,8,0,7,144,128,0.0513,0.0643,2,0.5111,36.55,1.404
25-05-2022,Spain,Europe,Omicron BA.2,1,0,,17,23,0.0531,0.0292,0,0.7223,17.75,2.299
24-04-2020,Spain,Europe,Original,2,0,1,30,32,0.0706,0.1748,1,0,82.86,0.4
29-01-2022,South Korea,Asia,Omicron,19,0,18,322,304,0.0548,,3,0.5281,50.44,0.733
18-08-2021,Italy,Europe,Delta,15,0,14,174,255,0.0543,0.1686,5,0.321,69.54,0.4
25-12-2022,Indonesia,Asia,Omicron BA.2,45,1,41,566,225,0.1932,0.0779,7,0.3591,33.15,1.257
25-02-2021,Canada,North America,Alpha,6,0,5,81,114,0.0286,0.1137,1,0.0747,62.42,0.57
26-07-2022,Indonesia,Asia,Omicron BA.2,7,0,,86,35,0.2125,0.073,1,,17.15,2.294
23-11-2021,Russia,Europe,Omicron,10,0,9,142,110,0.1,0.0521,,0.2908,40.4,1.227
26-04-2022,Germany,Europe,Omicron BA.2,13,0,,155,260,0.0412,0.0345,1,0.6702,36.76,1.294
22-11-2021,Brazil,South America,Omicron,6,0,5,67,66,0.0852,0.0833,1,0.2784,,1.115
20-04-2021,South Africa,Africa,Delta,9,0,8,124,45,0.1923,0.2287,6,0.0511,67.69,0.649
05-01-2022,Australia,Oceania,Omicron,43,0,41,509,645,0.0666,0.0497,6,0.5043,46.78,0.851
28-09-2020,South Africa,Africa,Original,8,0,7,130,40,0.2183,0.1617,4,,57.17,0.4
07-11-2020,Argentina,South America,Alpha,6,0,5,89,54,0.1193,0.1071,2,,49,0.632
04-08-2022,Canada,North America,Omicron BA.2,10,0,9,160,150,0.0721,0.0349,1,0.794,27.7,
05-08-2021,Turkey,Asia,Delta,3,0,2,40,18,0.1702,0.1656,1,0.1976,69.92,0.4
24-06-2022,UK,Europe,Omicron BA.2,8,0,,141,184,0.0388,0.0366,0,0.7619,22.67,1.263
07-11-2021,Canada,North America,Delta,1,0,0,13,23,0.0424,0.1135,0,0.43,71.34,0.553
12-08-2021,Japan,Asia,Delta,13,0,12,195,221,0.0515,0.1856,8,0.3233,,0.745
04-07-2021,UK,Europe,Delta,1,0,0,15,16,0.0493,0.1369,0,0.2392,60.28,0.537
21-04-2021,Argentina,South America,Delta,1,0,0,16,6,0.1651,0.1177,0,0.0861,,0.739
24-01-2022,UK,Europe,Omicron,6,0,5,94,108,0.0623,,0,0.5373,38.5,0.844
09-05-2021,Argentina,South America,Delta,5,0,4,52,50,0.1032,0.1361,1,0.1119,69.2,0.403
15-07-2022,Pakistan,Asia,Omicron BA.2,140,2,130,1730,560,0.2349,0.059,30,0.2746,,2.191
08-12-2022,UK,Europe,Omicron BA.2,2,0,1,26,40,0.061,0.0311,0,0.92,22.95,1.19
01-02-2020,South Africa,Africa,Original,5,0,4,76,,,,2,0,21.89,0.902
01-03-2022,Mexico,North America,Omicron BA.2,17,0,16,263,153,0.0949,0.0619,4,0.3783,57.42,1.324
18-11-2022,South Korea,Asia,Omicron BA.2,24,0,22,349,552,0.0442,0.0324,1,0.92,38.52,1.474
27-02-2022,Australia,Oceania,Omicron BA.2,86,0,81,1281,1978,0.0381,0.0475,10,0.5762,55.55,0.747
14-09-2022,Pakistan,Asia,Omicron BA.2,51,0,,741,255,0.1962,0.0795,,0.3262,24.24,1.636
09-04-2022,Mexico,North America,Omicron BA.2,1,0,0,11,6,0.1666,0.0795,0,0.4149,42.13,1.348
18-09-2021,South Africa,Africa,Delta,7,0,6,90,35,0.2044,0.1375,2,0.1331,,0.457
05-08-2021,South Africa,Africa,Delta,24,1,21,322,96,0.2592,0.2527,23,0.1022,41.15,
30-08-2022,India,Asia,Omicron BA.2,247,1,234,3902,1729,0.1533,0.0579,44,0.5235,40.47,1.463
18-05-2021,Germany,Europe,Delta,3,0,2,46,63,0.0462,0.185,1,0.1832,59.09,0.933
22-02-2022,South Africa,Africa,Omicron,13,0,12,145,65,0.1929,0.0481,,0.1969,30.35,2.024
30-12-2022,Germany,Europe,Omicron BA.2,1,0,,13,20,0.0439,0.0381,0,0.92,14.42,1.103
10-02-2020,Spain,Europe,Original,1,0,0,12,,,0.1947,0,0,7.15,1.291
12-11-2022,France,Europe,Omicron BA.2,10,0,,108,150,0.0675,0.0295,0,0.92,10.85,1.117
18-01-2021,Argentina,South America,Alpha,1,0,0,13,8,0.1071,0.2087,0,0.0156,77.27,
02-11-2022,Russia,Europe,Omicron BA.2,38,0,36,436,342,0.1026,0.0438,,0.5926,15.1,2.375
25-06-2022,Turkey,Asia,Omicron BA.2,3,0,2,48,30,0.1034,,,0.4771,21.45,1.65
13-05-2021,Russia,Europe,Delta,5,0,4,70,50,0.1345,0.1812,,0.0952,81.02,0.4
23-05-2022,Indonesia,Asia,Omicron BA.2,95,2,87,1419,380,0.957598045,0.0866,,,31.27,2.458
21-07-2022,Pakistan,Asia,Omicron BA.2,21,0,,372,63,0.3482,0.0611,,0.2934,33.8,2.394
27-08-2020,South Africa,Africa,Original,18,1,16,236,90,0.2037,0.1411,8,,54.29,0.407
15-06-2020,Pakistan,Asia,Original,5,0,4,86,25,0.2063,0.1161,1,,53.36,0.4
28-03-2021,India,Asia,Delta,135,2,128,2146,810,0.149,,136,0.0761,82.31,0.4
21-02-2021,South Africa,Africa,Alpha,5,0,4,49,15,0.3348,0.1692,,0.0326,79.89,0.4
09-11-2022,Canada,North America,Omicron BA.2,1,0,0,13,12,0.0896,0.0304,0,0.92,18.35,1.806
30-01-2021,Mexico,North America,Alpha,19,1,17,260,190,0.0897,0.1718,11,0.0158,72.66,0.43
01-08-2021,Russia,Europe,Delta,3,0,2,51,33,0.0933,0.2087,,0.1728,79.2,0.461
11-07-2021,Australia,Oceania,Delta,1,0,0,11,19,0.049,0.0999,0,0.2638,62,0.709
03-09-2022,Russia,Europe,Omicron BA.2,99,1,91,1297,693,0.1273,0.0538,,0.5495,,1.807
10-01-2021,Colombia,South America,Alpha,1,0,0,11,10,0.1132,0.157,0,0,70.7,
01-07-2022,Argentina,South America,Omicron BA.2,2,0,,29,22,0.0906,,,0.4974,28.4,1.578
16-06-2022,UK,Europe,Omicron BA.2,1,0,0,12,17,0.0686,0.0406,0,0.7149,14.68,1.657
09-07-2021,Canada,North America,Delta,3,0,2,41,60,0.0482,0.1018,0,0.2536,66.89,0.682
11-04-2021,Indonesia,Asia,Delta,177,11,157,2029,885,0.197,0.1479,,0.0594,63.38,0.898
11-02-2022,Japan,Asia,Omicron BA.2,44,0,42,767,1056,0.0536,0.0612,12,0.5625,27.06,1.903
14-06-2021,Turkey,Asia,Delta,3,0,2,39,24,0.1176,0.1256,1,0.1431,62.01,0.551
11-06-2022,Colombia,South America,Omicron BA.2,8,0,7,86,48,0.1593,0.0723,,0.4863,33.63,2.022
15-01-2021,France,Europe,Alpha,24,0,22,236,288,0.0999,0.1191,4,0.0135,,0.681
29-01-2022,Russia,Europe,Omicron,21,0,19,236,210,0.0923,0.0898,3,0.3469,24.08,1.599
28-12-2020,Pakistan,Asia,Alpha,3,0,2,34,15,0.2059,0.2064,1,,69.92,0.539
28-03-2020,Germany,Europe,Original,2,0,1,23,,,0.1289,0,,92.52,0.4
11-12-2021,USA,North America,Omicron,1,0,0,11,16,0.0694,0.0478,0,0.4601,42.99,1.317
05-11-2022,USA,North America,Omicron BA.2,75,0,70,954,1350,0.0675,0.0256,4,0.92,19.38,1.624
16-05-2020,Mexico,North America,Original,70,5,62,1060,560,0.1332,0.1582,26,,57.29,0.46
08-01-2022,France,Europe,Omicron,3,0,2,37,60,0.0563,0.0428,0,0.5148,50.12,
20-08-2022,India,Asia,Omicron BA.2,222,1,213,3466,1554,0.1513,0.0382,24,0.5503,23.92,1.608
27-09-2021,USA,North America,Delta,9,0,8,111,153,0.0473,0.1499,3,0.3578,67.62,
09-06-2020,Colombia,South America,Original,2,0,1,26,14,0.1104,0.1839,1,0,55.55,0.545
22-01-2020,Spain,Europe,Original,8,0,7,82,152,0.0613,0.1086,1,0,18.04,0.876
10-01-2022,Australia,Oceania,Omicron,1,0,0,17,13,0.0752,0.0484,0,0.5048,35.46,0.928
30-04-2020,Turkey,Asia,Original,3,0,2,31,,,0.1507,1,0,85.36,
20-11-2021,Russia,Europe,Omicron,13,0,12,138,104,0.1068,0.0968,3,0.2735,,1.093
24-02-2022,India,Asia,Omicron,91,0,88,982,819,0.1209,0.058,14,0.3842,43.49,1.006
26-07-2021,Spain,Europe,Delta,1,0,0,10,21,0.0577,0.1902,0,0.3007,78.68,0.4
22-04-2021,Indonesia,Asia,Delta,22,1,19,317,110,0.2054,0.2284,,0.0539,56.13,0.655
24-10-2022,Colombia,South America,Omicron BA.2,6,0,5,85,42,0.1554,0.0333,0,0.5941,14.05,1.748
09-10-2020,Germany,Europe,Original,1,0,0,10,12,0.0773,0.1798,0,0,57.92,0.4
11-04-2020,Pakistan,Asia,Original,7,0,6,79,,,0.1887,2,0,89.42,0.4
15-07-2022,Japan,Asia,Omicron BA.2,1,0,,12,16,0.0669,,0,0.7638,24.57,1.658
06-12-2022,Russia,Europe,Omicron BA.2,11,0,,168,66,0.1736,0.0637,2,0.618,23.64,1.915
13-01-2022,Germany,Europe,Omicron,1,0,0,11,22,0.0282,0.065,0,0.5242,47.06,1.357
12-04-2020,Australia,Oceania,Original,1,0,0,13,16,0.0522,0.1357,0,0,91.24,0.4
02-04-2021,Japan,Asia,Delta,16,0,15,240,368,0.056,0.1735,6,0.1348,61.59,0.512
05-07-2020,Australia,Oceania,Original,1,0,0,13,16,0.0692,0.149,0,0,54.79,0.4
20-08-2022,Colombia,South America,Omicron BA.2,1,0,0,15,7,0.1287,0.0516,0,0.5429,25.24,1.673
07-06-2022,Russia,Europe,Omicron BA.2,2,0,,26,22,0.0905,0.0726,,0.4448,37.98,1.293
26-09-2020,Canada,North America,Original,1,0,0,16,14,0.0763,,0,0,34.48,0.902
20-08-2021,Colombia,South America,Delta,29,1,27,522,319,0.0762,0.2039,28,0.1928,,0.831
25-10-2020,Canada,North America,Original,6,0,5,98,96,0.0644,0.1158,2,0,56.9,0.568
01-08-2022,UK,Europe,Omicron BA.2,1,0,0,15,20,0.0427,0.0474,0,0.8049,17.63,1.876
20-03-2021,Pakistan,Asia,Alpha,16,0,14,290,80,0.1996,0.2241,10,0.0414,68.74,0.549
04-05-2022,USA,North America,Omicron BA.2,17,0,,264,374,0.0497,0.0334,1,0.691,37.98,
24-05-2022,UK,Europe,Omicron BA.2,16,0,15,247,368,0.0495,0.0413,3,0.6988,8.88,2.221
15-11-2021,Pakistan,Asia,Omicron,19,0,17,208,57,0.3326,0.107,4,0.1358,43.73,1.542
05-10-2020,Italy,Europe,Original,1,0,0,10,21,0.0474,0.1527,0,,59.21,0.4
20-02-2020,Canada,North America,Original,1,0,0,13,23,0.0319,,0,0,15.41,0.958
10-07-2021,Canada,North America,Delta,2,0,1,26,26,0.0641,0.1386,0,0.257,64.43,0.667
27-11-2021,India,Asia,Omicron,551,2,530,8752,5510,0.1046,0.078,192,0.2947,42.02,1.16
20-07-2021,Argentina,South America,Delta,17,0,15,300,153,0.1195,0.1576,,0.1711,79.96,0.4
04-01-2021,Turkey,Asia,Alpha,1,0,0,14,10,0.1021,0.2234,0,0,71.28,0.4
18-07-2021,Russia,Europe,Delta,2,0,1,29,14,0.1298,0.1135,,0.158,64.13,0.569
23-08-2020,Canada,North America,Original,1,0,0,11,15,0.068,0.18,0,0,49.73,0.516
19-02-2021,Australia,Oceania,Alpha,6,0,5,104,102,0.0538,0.1609,3,,77.61,
18-03-2020,Brazil,South America,Original,12,0,11,203,96,0.1289,0.1431,5,,84.24,0.4
12-04-2021,South Korea,Asia,Alpha,2,0,1,23,48,0.0495,0.1434,0,0.1341,76.28,0.4
13-05-2022,Japan,Asia,Omicron BA.2,8,0,7,113,160,0.0571,0.0534,1,0.684,24.24,1.297
02-12-2020,Brazil,South America,Alpha,7,0,6,111,63,0.1218,0.1767,5,,49.48,0.566
06-04-2022,Japan,Asia,Omicron BA.2,10,0,,98,200,0.0557,0.0325,0,0.6445,32.52,1.021
15-07-2020,UK,Europe,Original,38,0,36,649,494,0.0791,0.1867,25,0,74.3,0.4
18-08-2022,Canada,North America,Omicron BA.2,2,0,,23,36,0.0396,0.0305,0,0.8265,14.97,1.714
26-01-2020,Brazil,South America,Original,80,2,73,1292,,,0.1461,,0,14.7,
25-11-2022,South Africa,Africa,Omicron BA.2,1,0,0,17,4,0.2511,0.0611,0,0.3466,15.65,2.055
06-06-2021,South Korea,Asia,Delta,2,0,1,22,30,0.0783,,0,0.2098,71.49,0.4
18-04-2020,South Africa,Africa,Original,1,0,0,14,4,0.2577,0.1104,0,0,86.23,0.4
21-07-2020,Germany,Europe,Original,3,0,2,37,48,0.0717,0.0938,0,0,72.23,0.4
02-02-2021,Pakistan,Asia,Alpha,14,0,12,168,70,0.2096,0.2028,,,52.41,0.438
14-06-2022,Australia,Oceania,Omicron BA.2,2,0,,22,48,0.054,0.0272,0,0.7361,28.47,1.368
23-10-2021,Australia,Oceania,Delta,1,0,0,13,17,0.072,0.107,0,0.413,,0.994
10-10-2020,USA,North America,Original,21,0,20,213,273,0.0704,0.1789,10,0,45.92,0.441
03-08-2022,Brazil,South America,Omicron BA.2,23,0,21,316,230,0.102,,,0.5137,17.56,2.611
03-05-2022,India,Asia,Omicron BA.2,675,4,,9915,6075,0.0932,0.0459,118,0.4354,35.32,1.578
04-01-2021,Russia,Europe,Alpha,7,0,6,94,77,0.0839,0.132,,0,78.2,
20-08-2020,India,Asia,Original,28,0,26,408,252,0.1009,0.0999,8,,45.83,0.447
01-05-2021,Indonesia,Asia,Delta,1,0,0,13,4,0.2516,0.2449,0,0.0522,62.05,0.839
26-05-2022,Russia,Europe,Omicron BA.2,18,0,17,210,180,0.1052,0.0527,2,0.4827,,1.878
09-02-2021,Australia,Oceania,Alpha,1,0,0,17,22,0.0516,0.1533,0,0.0426,62.77,0.489
13-06-2021,UK,Europe,Delta,2,0,1,26,38,0.0596,0.2238,0,0.2086,75.91,0.4
03-07-2020,Mexico,North America,Original,1,0,0,15,6,0.1534,0.134,0,0,45.68,0.654
23-05-2021,France,Europe,Delta,7,0,6,75,119,0.0583,0.1946,3,0.1758,68.47,0.585
05-10-2022,South Africa,Africa,Omicron BA.2,6,0,,84,18,0.3216,0.0566,1,0.3376,19.75,1.429
21-08-2021,France,Europe,Delta,5,0,4,72,70,0.0717,0.1968,3,0.317,47.21,0.998
06-11-2022,Mexico,North America,Omicron BA.2,12,0,,118,84,0.1291,0.0347,,0.6168,10.97,1.919
22-01-2020,South Korea,Asia,Original,1,0,0,17,,,0.1543,0,,11.61,0.911
03-11-2022,Germany,Europe,Omicron BA.2,1,0,0,11,18,0.0508,0.0381,0,0.92,16.13,
09-08-2021,Brazil,South America,Delta,20,1,18,248,220,0.0954,,13,0.1979,38.9,1.203
24-07-2021,UK,Europe,Delta,142,2,132,1465,1704,0.0804,0.1383,50,0.2695,87.64,0.4
09-10-2021,Turkey,Asia,Delta,2,0,1,21,16,0.1169,,0,0.2366,56.82,0.652
22-11-2020,Germany,Europe,Alpha,1,0,0,13,19,0.0495,0.1052,0,0,42.67,0.564
10-03-2022,Turkey,Asia,Omicron BA.2,3,0,,46,33,0.0831,0.0707,0,0.3812,42.18,1.717
10-05-2020,Colombia,South America,Original,2,0,1,21,22,0.0878,0.17,,0,45.44,0.695
30-04-2022,France,Europe,Omicron BA.2,2,0,1,27,34,0.0663,0.0296,0,0.6667,26.87,1.52
31-08-2020,Argentina,South America,Original,8,0,7,113,48,0.1674,0.1556,,,62.69,0.481
16-07-2021,Russia,Europe,Delta,67,1,62,1196,402,0.1759,0.14,48,0.1596,83.6,0.4
16-02-2022,India,Asia,Omicron,128,1,121,1368,1152,0.1111,,,0.3581,55.74,0.839
11-06-2021,USA,North America,Delta,14,0,13,197,322,0.0632,0.1617,8,0.2217,61.62,0.692
05-01-2022,South Africa,Africa,Omicron,4,0,3,46,20,0.2145,0.051,,0.1744,26.68,1.225
03-03-2021,Germany,Europe,Alpha,2,0,1,32,28,0.0628,0.1214,1,0.0858,63.05,0.443
18-09-2022,Turkey,Asia,Omicron BA.2,28,0,,352,196,0.1304,0.0596,,0.5663,24.7,1.511
15-05-2022,UK,Europe,Omicron BA.2,1,0,0,14,16,0.0506,0.0519,0,0.7004,23.36,1.978
03-08-2022,Indonesia,Asia,Omicron BA.2,41,1,,402,123,0.3261,0.0606,4,0.2918,22.26,2.736
28-10-2020,Germany,Europe,Alpha,10,0,9,159,240,0.0427,0.1698,4,0,39.83,0.757
17-03-2021,UK,Europe,Delta,7,0,6,75,84,0.0971,0.2075,3,0.0895,,0.963
28-10-2022,Indonesia,Asia,Omicron BA.2,65,1,61,1159,195,0.3368,,12,0.3242,30.56,2.242
07-09-2020,UK,Europe,Original,1,0,0,17,15,0.0773,0.1071,0,0,43.53,0.474
25-07-2021,Japan,Asia,Delta,1,0,0,13,22,0.0492,0.2146,0,0.2815,78.17,0.431
13-03-2022,Russia,Europe,Omicron BA.2,12,0,11,184,132,0.0788,0.0481,,0.3896,19.83,1.702
09-08-2022,Brazil,South America,Omicron BA.2,53,0,51,814,530,0.1006,0.061,11,0.5214,,1.778
28-10-2022,Germany,Europe,Omicron BA.2,14,0,13,226,252,0.049,0.0371,1,0.9103,22.29,1.789
09-03-2022,Spain,Europe,Omicron,17,0,,167,374,0.0458,,1,0.6089,38.24,1.193
07-04-2020,Brazil,South America,Original,13,0,11,148,,,,4,0,82.69,0.4
15-03-2022,Pakistan,Asia,Omicron BA.2,62,1,57,728,248,0.2445,0.0903,,0.2122,32.34,2.098
19-05-2021,France,Europe,Delta,1,0,0,10,15,0.0592,0.1035,0,0.1855,70.57,0.49
08-09-2020,Pakistan,Asia,Original,72,0,8,112,45,0.1974,0.1053,2,0,41.28,0.459
06-04-2020,Australia,Oceania,Original,1,0,0,11,14,0.0844,0.15,0,,74.14,0.4
25-02-2022,Canada,North America,Omicron BA.2,4,0,3,63,68,0.0411,0.0587,0,0.582,52.14,
16-06-2021,India,Asia,Delta,259,5,237,3530,2590,0.107,0.1471,106,0.1398,84.79,0.4
16-02-2022,Turkey,Asia,Omicron,3,0,2,42,30,0.1138,0.0863,,0.3679,31.67,
31-10-2021,Argentina,South America,Omicron,1,0,0,13,8,0.1239,0.0756,0,0.2671,61.52,0.595
07-05-2020,Colombia,South America,Original,3,0,2,51,30,0.0872,0.1311,1,0,67.67,0.4
11-06-2020,India,Asia,Original,6,0,5,69,48,0.1304,0.2002,2,0,73.04,0.4
13-02-2021,Spain,Europe,Alpha,7,0,6,82,91,0.0823,,4,0.0426,65.2,0.598
21-10-2021,Brazil,South America,Omicron,32,1,29,443,288,0.1156,0.0876,,0.2485,44.24,1.636
13-11-2022,Turkey,Asia,Omicron BA.2,2,0,1,19,16,0.1303,0.0329,0,0.6164,20.56,1.824
17-03-2020,Italy,Europe,Original,5,0,4,54,60,0.0955,0.1795,2,0,89.06,0.4
01-12-2020,USA,North America,Alpha,3,0,2,41,69,0.0507,0.1468,0,0,,0.731
22-04-2022,Canada,North America,Omicron BA.2,5,0,,77,65,0.075,0.0506,0,0.6561,37.3,1.355
05-11-2021,USA,North America,Delta,31,0,29,436,434,0.0603,0.1147,14,0.4217,48.97,
07-06-2021,Italy,Europe,Delta,3,0,2,44,54,0.061,0.206,1,0.2182,82.53,0.4
23-12-2020,Colombia,South America,Alpha,1,0,0,18,8,0.1238,,,,69.82,0.414
03-08-2022,Mexico,North America,Omicron BA.2,18,0,,321,108,0.1717,0.0729,5,0.5021,17.45,1.495
05-05-2022,Brazil,South America,Omicron BA.2,18,0,16,200,162,0.1337,0.0787,,0.433,37.72,1.897
13-08-2020,Germany,Europe,Original,25,0,23,364,325,0.0631,0.1213,10,0,,
02-06-2021,Canada,North America,Delta,2,0,1,35,36,0.0384,0.1797,1,0.2173,84.55,0.4
22-11-2020,Indonesia,Asia,Alpha,2,0,1,26,10,0.2152,0.1065,,,62.85,0.561
17-07-2020,Argentina,South America,Original,2,0,1,20,12,0.1645,0.18,0,0,58.82,0.4
14-12-2022,Russia,Europe,Omicron BA.2,7,0,,122,77,0.0981,0.0478,,0.6311,31.62,
30-11-2021,UK,Europe,Omicron,1,0,0,13,23,0.0335,0.0582,0,0.4662,28.72,1.139
21-12-2020,Argentina,South America,Alpha,1,0,0,17,11,0.0829,0.1162,0,0,82.31,
10-01-2022,Colombia,South America,Omicron,6,0,5,61,60,0.0888,,,0.3215,34.92,0.987
23-03-2021,Argentina,South America,Delta,7,0,6,99,70,0.1146,0.1261,,0.0881,70.99,
11-04-2021,Canada,North America,Alpha,1,0,0,18,14,0.0775,0.1128,0,0.1344,59.04,0.589
02-09-2020,Mexico,North America,Original,1,0,0,9,11,0.0845,0.1473,,0,51.52,0.4
17-10-2022,Italy,Europe,Omicron BA.2,2,0,,30,26,0.0713,0.0326,0,0.8994,32.76,1.577
19-07-2021,Japan,Asia,Delta,14,0,13,191,168,0.0717,,7,0.2905,,0.518
17-04-2022,Colombia,South America,Omicron BA.2,2,0,1,33,22,0.0711,0.0393,0,0.422,20.52,1.923
04-03-2020,India,Asia,Original,31,1,29,473,,,,,0,89.86,0.4
05-05-2022,Pakistan,Asia,Omicron BA.2,7,0,,81,28,0.2519,,1,0.2573,3.44,2.079
01-07-2020,Indonesia,Asia,Original,1,0,0,17,3,0.314,,,,64.33,0.406
04-03-2021,Australia,Oceania,Alpha,1,0,0,10,22,0.0441,0.1394,0,0.085,64.29,0.443
26-05-2021,Germany,Europe,Delta,4,0,3,47,76,0.0389,0.1755,2,0.1901,63.73,0.813
23-03-2022,Japan,Asia,Omicron BA.2,29,0,28,524,377,0.0745,0.0369,5,0.6154,23.75,2.237
08-05-2021,Mexico,North America,Delta,95,4,85,1365,855,0.1137,0.2219,,0.1083,74.67,0.604
29-12-2021,Colombia,South America,Omicron,12,0,11,180,132,0.0917,,3,0.3177,27.13,1.724
24-08-2020,South Africa,Africa,Original,2,0,1,36,8,0.2541,0.0959,,0,50.24,0.4
31-12-2021,India,Asia,Omicron,456,3,422,5081,2736,0.1595,0.0664,70,0.3123,38.82,1.231
22-11-2021,USA,North America,Omicron,82,0,77,1007,1312,0.0544,0.0863,15,0.4266,53.4,0.716
28-08-2021,USA,North America,Delta,4,0,3,45,52,0.0728,0.1233,0,0.3218,43.17,1.082
07-10-2020,Pakistan,Asia,Original,2,0,1,31,8,0.2537,0.1965,1,0,,0.494
06-06-2022,Indonesia,Asia,Omicron BA.2,51,1,47,865,204,0.273,0.062,,0.2574,26.47,2.47
16-11-2021,India,Asia,Omicron,69,1,64,754,690,0.0941,0.0701,11,0.2912,38.5,1.798
19-02-2022,South Africa,Africa,Omicron BA.2,5,0,4,63,20,0.2606,0.0459,,0.2104,30.29,2.272
18-10-2020,Italy,Europe,Original,3,0,2,51,42,0.0669,,1,0,51.09,0.624
14-06-2022,Argentina,South America,Omicron BA.2,2,0,1,31,12,0.1635,0.0636,0,0.456,16.35,1.891
02-08-2021,Pakistan,Asia,Delta,67,2,63,1110,268,0.2558,0.1592,40,0.0974,85.33,0.4
25-02-2020,UK,Europe,Original,1,0,0,12,,,0.2035,0,0,81.54,0.4
30-08-2021,Mexico,North America,Delta,118,5,109,1581,1180,0.0982,0.1993,,0.1952,62.98,0.797
01-07-2020,Indonesia,Asia,Original,155,5,140,2094,620,0.2431,0.1318,,0,75.13,0.4
30-06-2022,South Korea,Asia,Omicron BA.2,1,0,0,14,15,0.0743,0.0505,0,0.7594,,2.006
31-03-2022,Australia,Oceania,Omicron BA.2,3,0,,45,51,0.0646,0.0356,0,0.6208,32.38,1.459
10-10-2021,Indonesia,Asia,Delta,3,0,2,50,9,0.3491,0.1279,1,0.1401,68.27,0.429
20-10-2022,UK,Europe,Omicron BA.2,8,0,,140,144,0.0643,0.0254,0,0.8901,,1.791
09-02-2021,Argentina,South America,Alpha,8,0,7,115,88,0.096,0.1349,,,49.64,0.775
14-07-2022,France,Europe,Omicron BA.2,11,0,,161,253,0.0449,0.0471,1,0.776,7.84,1.909
22-03-2020,Italy,Europe,Original,1,0,0,13,21,0.0474,,0,0,96.58,0.4
01-04-2021,India,Asia,Alpha,74,1,71,1076,444,0.1731,,28,0.0642,77.56,0.4
18-09-2022,Germany,Europe,Omicron BA.2,11,0,,166,165,0.0436,0.0214,0,0.8784,30.53,1.266
30-12-2020,UK,Europe,Alpha,1,0,0,11,15,0.0728,0.1782,0,0,,0.4
17-09-2021,Pakistan,Asia,Delta,8,0,7,117,40,0.1981,,3,,49.81,0.94
23-11-2020,South Korea,Asia,Alpha,6,0,5,59,90,0.0582,0.1874,2,0,34.11,0.766
30-08-2022,France,Europe,Omicron BA.2,1,0,0,14,24,0.033,0.028,0,0.8434,23.4,1.475
03-07-2020,UK,Europe,Original,1,0,0,18,20,0.0469,,0,0,52.76,0.477
31-08-2020,Italy,Europe,Original,1,0,0,10,16,0.0646,0.1197,0,0,37.11,0.552
28-08-2020,Mexico,North America,Original,2,0,1,34,14,0.1472,0.1271,0,0,46.85,0.649
24-03-2020,Colombia,South America,Original,19,0,18,229,,,0.1931,10,0,72.47,0.4
17-04-2022,Australia,Oceania,Omicron BA.2,3,0,2,49,63,0.0539,0.0469,0,0.6564,11.42,1.739
12-05-2021,Japan,Asia,Delta,2,0,1,28,34,0.0658,,1,0.1741,73.45,0.425
27-02-2022,South Korea,Asia,Omicron,1,0,0,17,20,0.0606,0.0323,0,0.5795,34.99,
31-07-2022,Argentina,South America,Omicron BA.2,2,0,,27,22,0.092,0.0475,,0.5261,22,2.176
16-07-2021,Mexico,North America,Delta,71,5,64,1132,639,0.1022,0.1464,25,0.1666,66.4,0.42
03-03-2022,Spain,Europe,Omicron,15,0,14,236,360,0.0404,0.0384,2,0.5898,57.09,0.84
24-04-2020,Russia,Europe,Original,14,0,12,202,154,0.0723,0.1824,6,0,86.25,0.4
17-02-2020,Germany,Europe,Original,1,0,0,17,16,0.0589,0.1575,0,0,20,0.631
21-02-2020,Germany,Europe,Original,1,0,0,15,16,0.0732,0.1556,0,0,68.07,0.4
26-02-2021,USA,North America,Alpha,130,1,123,2028,2340,0.047,0.1589,70,0.085,53.54,0.789
06-09-2021,Turkey,Asia,Delta,1,0,0,11,11,0.0896,0.227,,0.2243,52.34,1.042
05-07-2022,Canada,North America,Omicron BA.2,1,0,0,15,12,0.0832,0.0324,0,0.7612,31.19,1.675
13-10-2022,Pakistan,Asia,Omicron BA.2,22,0,,377,88,0.2586,0.0561,6,0.3014,15.94,
03-05-2022,UK,Europe,Omicron BA.2,18,0,,284,324,0.0608,0.026,1,0.6689,31.27,1.068
09-09-2022,Brazil,South America,Omicron BA.2,1,0,0,17,8,0.1172,0.0399,0,0.5727,20.48,1.363
02-03-2022,Pakistan,Asia,Omicron BA.2,260,2,240,4402,1300,0.1988,0.0745,,,44.04,1.825
02-05-2022,Australia,Oceania,Omicron BA.2,6,0,5,76,102,0.0561,0.035,0,0.6706,12.91,2.115
07-12-2020,Turkey,Asia,Alpha,2,0,1,30,22,0.0768,0.1534,0,0,56.9,0.761
20-02-2020,Spain,Europe,Original,1,0,0,13,,,0.1098,0,0,16.02,0.983
14-07-2021,Colombia,South America,Delta,20,1,18,275,140,0.1552,0.177,,0.1604,62.36,0.875
21-12-2022,South Africa,Africa,Omicron BA.2,2,0,1,28,6,0.3352,,,0.3695,14.54,2.031
06-04-2020,Japan,Asia,Original,5,0,4,54,,,,0,0,69.75,0.4
18-05-2020,Pakistan,Asia,Original,7,0,6,100,,,0.207,4,0,,0.4
06-07-2021,Italy,Europe,Delta,2,0,1,22,34,0.0399,0.1101,0,0.2651,,0.4
25-05-2021,USA,North America,Delta,22,0,20,339,264,0.0874,0.2106,10,0.2029,59.22,0.921
04-10-2021,Japan,Asia,Delta,22,0,20,264,462,0.0434,0.1654,11,0.3858,52.44,0.612
03-12-2022,Canada,North America,Omicron BA.2,26,0,,274,390,0.0574,0.019,1,0.92,14.81,1.512
18-11-2020,Pakistan,Asia,Alpha,7,0,6,82,28,0.2513,0.1685,2,,,0.89
02-07-2020,Pakistan,Asia,Original,3,0,2,51,9,0.325,0.159,1,0,64.1,
28-12-2022,Mexico,North America,Omicron BA.2,76,1,71,757,836,0.1015,0.0475,5,0.6354,35.6,1.761
02-12-2020,India,Asia,Alpha,83,2,77,1162,747,0.1321,0.1245,,0,41.09,0.746
09-04-2022,USA,North America,Omicron BA.2,29,0,28,511,609,0.0653,0.0368,3,0.6467,33.06,1.017
18-11-2021,Colombia,South America,Omicron,2,0,1,26,20,0.1021,0.0447,0,0.2966,48.11,1.034
27-04-2022,Mexico,North America,Omicron BA.2,1,0,0,14,6,0.176,0.0429,0,0.4291,17.83,2.771
08-05-2021,Indonesia,Asia,Delta,3,0,2,40,15,0.1889,0.1588,1,0.0646,64.55,0.516
09-02-2021,South Africa,Africa,Alpha,5,0,4,49,15,0.3343,0.1303,1,0.0116,54.79,0.752
19-04-2020,Indonesia,Asia,Original,23,1,21,250,115,0.1909,0.2081,13,,95.56,0.4
01-02-2022,Spain,Europe,Omicron BA.2,2,0,1,34,24,0.0947,0.0531,0,0.5488,36.44,1.117
05-03-2022,UK,Europe,Omicron BA.2,10,0,,154,150,0.0766,0.0306,1,0.585,30.02,2.098
20-06-2020,Mexico,North America,Original,1,0,0,16,7,0.1396,0.1971,,,51.85,0.455
20-06-2021,Spain,Europe,Delta,1,0,0,10,14,0.0586,0.1039,0,0.2407,62.26,0.621
01-07-2022,Spain,Europe,Omicron BA.2,1,0,,12,17,0.0585,0.0391,0,0.771,22.61,1.39
26-10-2020,Italy,Europe,Original,6,0,5,70,144,0.0448,0.1974,2,0,41.22,0.724
25-12-2022,France,Europe,Omicron BA.2,5,0,,87,75,0.0675,0.0169,0,0.92,34.6,1.58
28-01-2021,USA,North America,Alpha,123,2,115,1857,1968,0.0631,0.111,43,0.0104,56.48,0.544
05-02-2021,Colombia,South America,Alpha,4,0,3,43,24,0.1579,0.1512,1,0.0307,48.04,0.843
07-03-2021,Turkey,Asia,Alpha,512,6,482,6749,4608,0.1292,0.1774,348,0.0467,82.04,0.4
03-11-2021,Argentina,South America,Delta,1,0,0,17,9,0.1102,0.2014,,0.2707,38.09,0.722
03-12-2022,South Africa,Africa,Omicron BA.2,9,0,8,112,36,0.2582,0.0514,,0.3467,20.48,2.654
21-10-2020,France,Europe,Original,8,0,7,121,128,0.0683,0.2014,5,0,51.55,0.581
29-03-2021,Colombia,South America,Delta,1,0,0,17,6,0.163,0.2289,,0.0622,80.43,0.4
26-12-2021,Indonesia,Asia,Omicron,23,1,21,354,92,0.254,0.0767,5,,38.85,1.17
15-03-2021,Spain,Europe,Alpha,3,0,2,45,45,0.0458,0.1229,1,0.0847,62.52,0.4
02-05-2021,Spain,Europe,Delta,7,0,6,101,133,0.0372,0.1803,3,0.1653,86.89,0.4
16-10-2021,Brazil,South America,Omicron,39,0,36,388,429,0.0996,0.0844,,0.2654,65.53,
08-02-2021,Indonesia,Asia,Alpha,235,9,220,2645,940,0.2441,0.109,,0.0227,69.43,0.4
13-09-2021,South Korea,Asia,Delta,46,0,43,836,1058,0.0321,0.0981,23,0.3536,48.47,0.604
16-10-2021,Turkey,Asia,Delta,243,3,223,3980,1458,0.1633,0.1135,,0.2712,52.34,0.552
14-04-2021,Japan,Asia,Delta,51,0,48,813,612,0.1082,0.1368,19,0.1449,66.07,0.457
08-02-2020,Argentina,South America,Original,2,0,1,33,14,0.135,0.1908,,0,0,0.84
23-01-2021,USA,North America,Alpha,9,0,8,90,108,0.0665,0.1298,2,,77.2,0.4
17-03-2021,France,Europe,Alpha,12,0,11,165,144,0.0836,0.1695,5,0.0963,76.2,0.4
04-10-2022,Australia,Oceania,Omicron BA.2,5,0,,72,120,0.0518,,0,0.8948,11.72,2.011
12-06-2020,Canada,North America,Original,1,0,0,13,14,0.0522,0.1796,0,,,0.4
04-02-2022,Germany,Europe,Omicron BA.2,31,0,28,546,465,0.0701,0.0461,4,0.5602,39.01,1.084
26-02-2020,Pakistan,Asia,Original,51,1,46,657,204,0.2389,0.1791,31,0,87.43,0.4
18-03-2021,South Africa,Africa,Alpha,3,0,2,52,9,0.3338,0.1106,1,0.0551,77.37,0.4
25-10-2021,South Korea,Asia,Delta,1,0,0,13,18,0.0399,0.1455,0,0.4216,53.57,0.636
14-12-2022,Indonesia,Asia,Omicron BA.2,3,0,,41,12,0.2679,0.0562,0,0.3488,19.04,2.426
14-05-2021,South Korea,Asia,Delta,2,0,1,26,26,0.0755,0.1345,0,0.1838,63.82,0.618
18-02-2020,Russia,Europe,Original,3,0,2,38,27,0.1066,,,0,5.13,0.908
17-06-2020,South Korea,Asia,Original,1,0,0,16,24,0.0561,0.1813,0,0,76.07,0.4
26-12-2022,South Korea,Asia,Omicron BA.2,1,0,0,10,14,0.0581,,0,0.92,36.68,0.828
06-04-2022,Brazil,South America,Omicron BA.2,2,0,1,21,22,0.099,0.0505,0,0.4068,28.15,2.452
20-04-2021,Turkey,Asia,Delta,2,0,1,32,16,0.1294,0.1431,,0.0987,81.67,0.4
23-10-2021,Australia,Oceania,Omicron,6,0,5,67,84,0.0524,0.0673,1,0.4113,44.83,1.168
05-11-2022,USA,North America,Omicron BA.2,52,0,,555,1092,0.0763,0.0351,5,0.92,33.4,
03-03-2021,South Africa,Africa,Alpha,1,0,0,17,4,0.2575,0.1526,0,0.0332,55.98,0.586
15-05-2022,Pakistan,Asia,Omicron BA.2,2,0,1,30,8,0.2311,0.0779,0,,30.32,2.53
28-08-2020,Brazil,South America,Original,16,0,15,224,160,0.0918,0.1574,,0,60.37,0.4
24-12-2022,Brazil,South America,Omicron BA.2,29,0,,414,232,0.1356,0.0454,4,0.6444,6.04,2.493
18-08-2020,Brazil,South America,Original,3,0,2,50,18,0.1625,0.1874,,0,60.78,0.491
14-05-2022,Pakistan,Asia,Omicron BA.2,27,0,26,481,108,0.2646,0.0434,3,,33,1.924
10-11-2021,France,Europe,Delta,3,0,2,45,60,0.0361,0.0873,1,0.4502,59.53,0.575
22-08-2022,Indonesia,Asia,Omicron BA.2,8,0,,140,24,0.3289,0.0803,2,0.3019,7.52,1.837
16-12-2021,USA,North America,Omicron,28,0,25,276,588,0.0458,0.0633,3,0.4728,57.05,0.956
19-02-2021,Spain,Europe,Alpha,1,0,0,14,16,0.0686,0.1404,0,,65.09,0.485
04-07-2020,Spain,Europe,Original,1,0,0,14,24,0.0476,,0,0,59.42,0.505
14-03-2020,France,Europe,Original,39,0,37,395,702,0.0478,,7,0,85.8,0.4
07-05-2021,Pakistan,Asia,Delta,3,0,2,46,12,0.2465,0.2397,3,0.0568,82.03,0.4
24-09-2021,Colombia,South America,Delta,1,0,0,10,6,0.1644,0.1394,0,0.2296,44.07,0.695
30-05-2020,USA,North America,Original,36,0,33,428,756,0.0534,0.1306,14,0,65.68,0.4
28-04-2022,UK,Europe,Omicron BA.2,8,0,7,121,96,0.0735,0.0313,0,0.6738,13.61,1.36
29-01-2022,Italy,Europe,Omicron,1,0,0,14,14,0.0873,0.0469,0,0.5413,38.59,1.2
10-12-2021,Pakistan,Asia,Omicron,7,0,6,119,21,0.3346,0.0931,2,,51.81,1.359
29-03-2021,Russia,Europe,Delta,720,15,681,9900,4320,0.1586,0.1215,322,0.0733,81.36,0.4
28-11-2020,Canada,North America,Alpha,3,0,2,41,69,0.0424,0.2143,1,0,45.99,0.793
08-12-2021,Canada,North America,Omicron,88,0,81,1329,1672,0.0429,0.0406,15,0.4585,,1.714
22-12-2021,South Africa,Africa,Omicron,21,0,19,371,84,0.2493,0.1047,,,20.79,2.317
05-04-2022,Spain,Europe,Omicron BA.2,1,0,0,12,17,0.0761,0.0616,0,0.6273,24.77,2.046
28-10-2021,Russia,Europe,Delta,19,0,17,286,171,0.1262,0.1267,8,0.2715,37.88,1.316
09-09-2022,Mexico,North America,Omicron BA.2,7,0,,77,42,0.1892,0.0335,,0.555,16.32,2.434
10-09-2022,Turkey,Asia,Omicron BA.2,7,0,,85,70,0.1086,0.0647,1,0.5262,38.19,1.531
17-10-2021,South Korea,Asia,Omicron,1,0,0,15,15,0.0721,0.0676,0,0.3824,65.81,0.831
23-05-2021,India,Asia,Delta,36,0,34,640,216,0.1732,0.2134,,0.1159,75.84,0.465
27-09-2021,Spain,Europe,Delta,1,0,0,15,21,0.0622,,0,0.3629,62.48,0.732
29-04-2021,UK,Europe,Delta,1,0,0,17,20,0.0445,0.2184,0,0.1751,67.32,0.622
24-01-2021,South Korea,Asia,Alpha,1,0,0,16,19,0.0642,0.1303,0,0.0222,68.39,0.445
26-12-2020,Colombia,South America,Alpha,4,0,3,43,24,0.1626,0.1428,1,0,51.1,0.796
09-09-2020,France,Europe,Original,13,0,12,191,247,0.0415,0.2097,6,,48.95,
02-03-2021,Canada,North America,Alpha,56,1,53,803,1008,0.0597,0.2094,35,0.0838,,0.72
28-03-2022,Brazil,South America,Omicron BA.2,14,0,13,220,98,0.1227,0.0433,1,0.4076,32.45,2.197
25-08-2021,Turkey,Asia,Delta,1,0,0,12,6,0.1644,0.2082,0,0.2144,52.83,0.986
17-09-2022,Germany,Europe,Omicron BA.2,35,0,,531,420,0.082,,4,0.8697,,1.787
15-11-2021,Indonesia,Asia,Omicron,86,1,81,890,258,0.3351,0.0557,,0.1699,43.07,1.284
01-06-2021,Brazil,South America,Delta,2,0,1,21,22,0.0703,,,0.1264,71.79,0.506
15-05-2020,Argentina,South America,Original,2,0,1,33,,,0.1462,1,0,52.06,0.649
14-07-2020,India,Asia,Original,233,3,219,2526,1631,0.1548,0.1039,71,0,53.39,0.58
23-10-2021,Argentina,South America,Delta,4,0,3,56,32,0.1098,0.1207,,0.2614,55.13,0.81
13-08-2021,USA,North America,Delta,3,0,2,34,39,0.0655,0.1496,1,0.3064,44.41,0.754
07-03-2022,South Korea,Asia,Omicron,111,0,,1342,1665,0.0662,,16,0.5812,41.54,
15-08-2020,Indonesia,Asia,Original,93,2,87,1566,279,0.3377,0.1168,,,56.19,0.456
26-01-2021,Colombia,South America,Alpha,1,0,0,15,11,0.0862,,0,,70.08,0.417
03-01-2022,Colombia,South America,Omicron,6,0,5,81,54,0.1035,0.0436,,0.3411,30.17,1.051
21-11-2020,UK,Europe,Alpha,1,0,0,10,17,0.0454,,0,0,36.92,1.062
26-08-2021,Turkey,Asia,Delta,1,0,0,16,9,0.1046,0.1341,0,0.2205,52.26,0.626
27-10-2020,Spain,Europe,Original,2,0,1,23,38,0.0397,,1,,49.23,0.432
05-12-2021,USA,North America,Omicron,68,0,65,1226,816,0.0914,0.064,23,0.4658,26.74,1.437
02-09-2021,South Korea,Asia,Delta,2,0,1,19,42,0.0638,,0,0.3448,62.23,0.756
05-12-2021,Indonesia,Asia,Omicron,2,0,1,31,6,0.3389,0.094,0,0.1559,48.52,1.524
12-04-2022,Germany,Europe,Omicron BA.2,7,0,6,109,168,0.0376,0.0433,1,0.632,13.32,2.422
13-08-2022,Germany,Europe,Omicron BA.2,8,0,,136,104,0.088,0.0434,1,0.828,37.77,1.397
16-08-2020,Pakistan,Asia,Original,38,1,35,467,114,0.3359,0.1029,,,50.66,0.638
13-08-2020,France,Europe,Original,5,0,4,72,100,0.061,0.133,1,0,,0.4
04-07-2020,Japan,Asia,Original,16,0,15,195,336,0.0569,0.094,2,0,59.65,0.4
17-11-2022,Pakistan,Asia,Omicron BA.2,4,0,,63,20,0.2118,0.0643,0,0.3524,,2.017
24-01-2021,UK,Europe,Alpha,1,0,0,14,15,0.0731,0.2188,0,0.0163,72.59,0.4
03-03-2020,Mexico,North America,Original,10,0,8,139,70,0.1538,0.1357,5,0,64.83,0.42
22-08-2022,Russia,Europe,Omicron BA.2,156,1,,2661,1092,0.1486,0.0647,43,0.5149,30.93,
17-06-2021,Brazil,South America,Delta,1,0,0,12,11,0.1208,0.2267,,0.14,80.61,0.412
10-05-2022,Canada,North America,Omicron BA.2,6,0,5,99,102,0.0613,0.0436,0,0.6746,34.59,1.536
23-12-2021,Colombia,South America,Omicron,106,1,99,1526,1166,0.0928,0.0657,,0.3265,42.6,1.397
09-11-2021,France,Europe,Delta,1,0,0,17,13,0.0822,0.144,0,0.4276,68.36,0.463
21-04-2021,Mexico,North America,Delta,97,5,89,1234,776,0.1157,0.1847,67,0.0924,76.56,
09-04-2022,France,Europe,Omicron BA.2,1,0,,10,21,0.0305,0.0361,0,0.6301,35.26,1.514
21-12-2020,Pakistan,Asia,Alpha,16,0,15,188,48,0.3265,,,,49.39,0.559
14-04-2020,Colombia,South America,Original,3,0,2,41,21,0.1426,0.1541,,,86.72,
26-12-2021,France,Europe,Omicron,6,0,5,103,120,0.0527,0.0748,1,0.5008,44.65,1.421
11-07-2021,USA,North America,Delta,12,0,11,156,168,0.0927,,7,0.2757,78.61,0.441
30-03-2022,Brazil,South America,Omicron BA.2,4,0,3,53,28,0.1594,0.0395,0,0.4033,30.3,1.444
26-09-2021,South Africa,Africa,Delta,19,1,17,202,95,0.2081,0.107,,,66.75,0.629
16-09-2021,Italy,Europe,Delta,1,0,0,17,15,0.065,0.1631,0,0.3406,36.69,0.688
30-01-2022,Brazil,South America,Omicron,1,0,0,10,8,0.1378,0.0732,0,0.3397,46.5,1.394
27-01-2021,UK,Europe,Alpha,1,0,0,14,20,0.0391,,0,0.026,81.77,0.4
25-12-2021,France,Europe,Omicron,18,0,16,280,396,0.0608,0.0416,3,0.5009,41.4,1.39
21-09-2022,Pakistan,Asia,Omicron BA.2,99,1,94,1072,297,0.3463,0.0689,,0.3159,33.78,1.809
07-12-2021,Colombia,South America,Omicron,1,0,0,11,11,0.0899,0.0835,0,0.2977,39.83,1.815
08-07-2022,South Africa,Africa,Omicron BA.2,145,1,,2157,580,0.2389,,24,0.2688,26.97,2.287
04-11-2021,Canada,North America,Delta,4,0,3,56,56,0.0648,0.1156,1,0.4213,43.69,0.997
10-12-2020,Canada,North America,Alpha,1,0,0,11,16,0.0565,0.1101,0,0,64.39,0.493
28-06-2021,Argentina,South America,Delta,1,0,0,12,10,0.1006,0.1966,,0.1663,61.9,0.541
03-12-2021,India,Asia,Omicron,26,0,24,359,208,0.1409,0.0845,7,0.3007,59.28,1.018
28-01-2021,Canada,North America,Alpha,2,0,1,24,24,0.083,,1,0.0485,61.74,0.654
01-01-2021,Germany,Europe,Alpha,3,0,2,46,57,0.0518,0.206,1,0,61.87,0.51
26-03-2022,Germany,Europe,Omicron BA.2,34,0,32,377,578,0.052,0.0537,3,0.6121,34.73,
04-09-2020,India,Asia,Original,153,2,144,1552,1683,0.0968,0.1767,,0,58.41,
02-06-2020,Russia,Europe,Original,3,0,2,48,24,0.1276,0.1276,1,,48.59,0.681
15-10-2021,Turkey,Asia,Omicron,97,0,91,1757,776,0.1302,0.0504,21,0.2331,67.72,0.97
19-06-2022,Spain,Europe,Omicron BA.2,2,0,1,35,40,0.0346,0.0484,0,0.743,35.06,0.935
19-12-2020,South Africa,Africa,Alpha,7,0,6,85,35,0.2174,0.1139,2,,53.97,0.834
09-01-2021,Argentina,South America,Alpha,1,0,0,17,6,0.171,0.1093,0,,56.7,0.506
07-02-2021,France,Europe,Alpha,3,0,2,35,66,0.0473,0.1202,0,0.0441,64,0.567
02-08-2020,Canada,North America,Original,1,0,0,16,23,0.0377,0.2065,0,0,49.73,0.424
10-07-2021,Brazil,South America,Delta,3,0,2,37,24,0.1376,0.1688,,0.1688,81.24,0.4
05-01-2022,Germany,Europe,Omicron,4,0,3,48,76,0.0556,0.0408,0,0.5145,41.49,1.322
11-09-2022,Germany,Europe,Omicron BA.2,8,0,,121,96,0.0749,0.0441,0,0.8488,32.58,1.101
31-05-2022,South Korea,Asia,Omicron BA.2,1,0,0,13,14,0.0842,0.0503,0,0.7219,40.58,1.104
03-01-2022,India,Asia,Omicron,124,1,115,1274,1240,0.0825,0.0623,,0.3273,51.42,0.736
06-07-2020,Brazil,South America,Original,10,0,9,135,110,0.0812,0.1889,,0,47.96,
17-09-2022,South Africa,Africa,Omicron BA.2,13,0,,186,65,0.2025,0.0866,3,0.322,12.3,2.1
31-10-2021,Italy,Europe,Omicron,111,1,107,1419,1554,0.0687,0.0829,30,0.4327,,0.697
18-03-2020,Italy,Europe,Original,1,0,0,11,23,0.0486,0.1764,0,0,68.95,0.4
11-12-2020,Indonesia,Asia,Alpha,30,1,28,464,150,0.1933,0.23,16,0,53.4,0.737
27-12-2022,UK,Europe,Omicron BA.2,22,0,20,335,264,0.0889,0.0262,1,0.92,31.7,1.164
17-04-2021,Canada,North America,Delta,1,0,0,18,12,0.083,0.2274,0,0.1211,84.84,0.4
18-10-2020,Argentina,South America,Original,1,0,0,17,7,0.1207,0.1418,0,0,51.68,0.4
17-08-2020,UK,Europe,Original,3,0,2,45,60,0.0714,0.1631,1,0,45.26,0.619
28-03-2020,France,Europe,Original,15,0,14,222,270,0.0494,0.1601,7,0,75.91,0.4
18-09-2022,Mexico,North America,Omicron BA.2,126,2,118,1246,1008,0.1421,0.066,,0.5392,26.73,1.298
10-02-2020,Mexico,North America,Original,53,3,47,748,371,0.1437,0.1166,,0,8.15,1.128
29-08-2022,France,Europe,Omicron BA.2,5,0,,50,70,0.0703,0.0372,0,0.8379,22.76,1.59
05-07-2022,Spain,Europe,Omicron BA.2,165,1,156,2858,2145,0.0893,0.0281,13,0.7541,19.41,1.926
04-10-2022,Germany,Europe,Omicron BA.2,1,0,0,15,18,0.0591,0.0314,0,0.8827,8.92,2.125
04-10-2021,Italy,Europe,Omicron,23,0,21,285,483,0.0637,,5,0.3753,38.77,0.985
01-04-2021,France,Europe,Delta,2,0,1,23,32,0.0549,0.1311,0,0.1187,76.58,0.481
02-11-2020,USA,North America,Original,5,0,4,88,60,0.0854,0.1283,2,0,40.27,0.629
06-03-2022,Argentina,South America,Omicron,13,0,12,169,117,0.1142,0.0438,,0.3841,47.07,0.951
28-06-2021,Italy,Europe,Delta,12,0,11,123,216,0.0568,0.1066,2,0.2502,81.54,0.4
12-11-2020,South Korea,Asia,Alpha,1,0,0,12,17,0.068,0.1358,0,,59.99,0.435
13-11-2020,UK,Europe,Alpha,1,0,0,10,17,0.0669,,0,0,39.67,0.818
10-03-2022,Brazil,South America,Omicron,236,2,219,2746,1416,0.1651,0.0606,26,0.3765,39.5,1.103
19-02-2022,Russia,Europe,Omicron,26,0,24,445,260,0.1064,0.0666,7,0.3728,,0.758
29-03-2021,Turkey,Asia,Delta,56,1,53,560,504,0.129,0.2346,37,0.0678,,0.759
21-07-2022,Indonesia,Asia,Omicron BA.2,5,0,,86,20,0.2516,0.0636,1,0.2923,33.24,2.303
19-05-2020,Canada,North America,Original,1,0,0,12,19,0.0462,0.1057,0,,58.08,0.4
06-11-2022,Australia,Oceania,Omicron BA.2,1,0,0,15,18,0.059,,0,0.92,23.36,1.162
05-11-2020,Italy,Europe,Original,12,0,11,151,240,0.0523,0.126,5,0,55.93,0.4
06-06-2020,Japan,Asia,Original,6,0,5,80,144,0.0489,0.0929,2,0,67.6,0.4
27-02-2021,Spain,Europe,Alpha,1,0,0,13,16,0.0661,0.1564,0,,53,0.758
07-08-2022,Pakistan,Asia,Omicron BA.2,33,0,31,521,132,0.2482,0.0899,,0.2817,12.15,3.19
20-09-2022,South Korea,Asia,Omicron BA.2,1,0,,13,20,0.0198,0.0426,0,0.8705,9.62,1.467
02-10-2020,Spain,Europe,Original,1,0,0,10,21,0.0513,0.1116,0,,49.8,0.451
14-02-2020,Colombia,South America,Original,4,0,3,48,,,0.1851,,0,11.48,
13-06-2021,Argentina,South America,Delta,29,1,27,521,203,0.1321,0.1066,,0.1259,53.44,0.723
18-11-2020,USA,North America,Alpha,7,0,6,104,119,0.0613,0.1429,2,0,42.77,0.538
05-08-2021,Indonesia,Asia,Delta,2,0,1,33,6,0.3276,0.2467,1,,44.77,1.004
11-06-2021,Pakistan,Asia,Delta,30,1,27,394,90,0.3221,0.2508,,0.0869,68.72,0.545
04-02-2020,Mexico,North America,Original,8,0,7,112,88,0.1051,0.1474,3,0,8.56,0.825
08-04-2021,USA,North America,Alpha,24,0,23,328,312,0.0752,0.1433,13,0.1175,83.98,0.4
05-04-2022,Mexico,North America,Omicron BA.2,252,4,233,2606,2268,0.0898,0.044,23,0.4055,29.72,1.813
06-04-2020,Brazil,South America,Original,7,0,6,72,77,0.0923,0.1457,2,0,90.38,0.4
24-11-2021,Mexico,North America,Omicron,10,0,9,153,70,0.1597,0.0711,2,0.2924,28.49,1.445
30-09-2020,Argentina,South America,Original,1,0,0,12,6,0.1619,0.165,,0,52.11,0.425
17-08-2021,Brazil,South America,Delta,6,0,5,92,54,0.1226,,,0.1979,41.56,1.184
31-01-2022,India,Asia,Omicron BA.2,25,0,23,399,275,0.0991,0.0832,,0.351,55.37,1.487
11-09-2021,Japan,Asia,Delta,5,0,4,66,115,0.051,0.1641,1,0.3413,64.34,0.586
04-08-2022,South Africa,Africa,Omicron BA.2,44,0,42,514,132,0.3346,0.0529,,0.2907,33.69,1.53
13-08-2021,USA,North America,Delta,30,0,28,388,720,0.0433,0.1008,11,0.3133,64.58,0.534
26-03-2020,India,Asia,Original,109,2,100,1288,763,0.1523,,,0,72.46,0.4
08-04-2022,Russia,Europe,Omicron BA.2,17,0,,303,187,0.0919,0.067,5,0.3997,28.11,
30-08-2020,Mexico,North America,Original,7,0,6,116,56,0.1184,0.1371,3,0,46.78,
24-11-2022,Italy,Europe,Omicron BA.2,12,0,,214,216,0.0468,0.0348,1,0.92,22.83,
31-01-2020,India,Asia,Original,52,1,48,653,468,0.1059,0.1141,13,0,,1.008
25-01-2022,Argentina,South America,Omicron,14,0,13,155,126,0.1167,0.0695,,0.3445,56.03,1.245
28-03-2021,Argentina,South America,Delta,20,0,18,242,160,0.1303,0.2359,13,0.0653,69.61,0.614
23-01-2020,Japan,Asia,Original,1,0,0,15,,,0.1649,0,0,,1.048
07-04-2020,South Africa,Africa,Original,2,0,1,29,6,0.3275,0.0989,,0,,0.4
18-06-2020,USA,North America,Original,9,0,8,138,144,0.0649,0.1305,3,0,75.99,0.4
25-07-2021,Japan,Asia,Delta,104,1,99,1174,1560,0.0659,0.1602,46,0.2742,65.31,0.539
09-05-2021,UK,Europe,Delta,10,0,9,106,150,0.0608,0.1917,3,0.1851,62,0.671
18-07-2022,France,Europe,Omicron BA.2,1,0,,9,23,0.0322,0.0405,0,0.7788,27.03,1.81
16-04-2020,India,Asia,Original,28,0,26,391,,,0.1789,,0,68.46,0.4
20-04-2020,Argentina,South America,Original,1,0,0,17,,,0.1178,0,0,69.17,0.416
14-05-2021,Turkey,Asia,Delta,5,0,4,70,45,0.1133,0.2212,2,0.0985,89.48,0.4
14-05-2021,Argentina,South America,Delta,3,0,2,40,24,0.1171,0.1176,,0.1271,62.36,0.839
17-03-2020,Mexico,North America,Original,12,1,11,150,120,0.0965,0.1441,,0,74.89,0.4
20-06-2020,Mexico,North America,Original,4,0,3,50,24,0.1531,0.1933,,0,67.3,0.4
21-09-2020,South Korea,Asia,Original,13,0,12,209,156,0.0794,0.1656,7,0,49.38,0.506
13-08-2020,Turkey,Asia,Original,14,0,12,195,98,0.1353,0.1358,4,0,49.68,0.4
10-01-2022,UK,Europe,Omicron,14,0,13,245,182,0.0985,0.0687,2,0.5022,28.64,1.397
08-06-2020,Spain,Europe,Original,4,0,3,54,52,0.0804,0.1786,2,0,54.18,0.41
06-02-2020,South Africa,Africa,Original,1,0,0,9,,,0.2076,0,0,11.67,0.846
15-11-2020,France,Europe,Alpha,8,0,7,129,112,0.0654,0.1788,5,0,42.5,
26-05-2020,Argentina,South America,Original,1,0,0,18,9,0.1243,0.1318,0,0,48.88,0.409
16-11-2022,Italy,Europe,Omicron BA.2,1,0,,17,23,0.038,0.0278,0,0.92,18.93,1.629
05-03-2020,UK,Europe,Original,4,0,3,72,,,,2,,80.82,0.4
11-02-2021,UK,Europe,Alpha,1,0,0,14,19,0.0522,0.2189,0,,55.18,0.601
06-04-2022,Russia,Europe,Omicron BA.2,1,0,0,9,6,0.1629,0.0548,,0.4055,13.5,1.874
12-04-2021,Italy,Europe,Alpha,2,0,1,30,34,0.0641,0.1267,0,0.1441,,0.4
10-02-2020,Japan,Asia,Original,1,0,0,11,18,0.0596,,0,,13.69,1.046
25-08-2020,Indonesia,Asia,Original,12,0,10,142,48,0.2515,0.1955,,0,36.76,0.77
13-03-2021,Canada,North America,Alpha,8,0,7,118,136,0.0584,0.1383,3,0.0768,77.76,0.4
25-04-2020,Italy,Europe,Original,1,0,0,14,17,0.0695,0.096,0,0,93.43,0.4
17-03-2021,Germany,Europe,Alpha,3,0,2,35,36,0.0843,,0,0.0773,71.8,0.4
09-09-2022,Brazil,South America,Omicron BA.2,16,0,,256,176,0.0959,0.0565,3,0.5635,48.04,0.855
10-04-2020,UK,Europe,Original,1,0,0,14,24,0.0422,0.135,0,0,87.7,0.4
23-08-2020,Argentina,South America,Original,1,0,0,9,7,0.1481,0.1914,0,0,48.08,0.482
13-10-2022,UK,Europe,Omicron BA.2,3,0,2,50,57,0.0602,0.0303,0,0.9093,16.41,2.028
29-04-2022,Turkey,Asia,Omicron BA.2,2,0,,27,22,0.0877,0.0436,0,0.4254,20.28,2.087
31-03-2020,USA,North America,Original,58,1,53,730,1276,0.0426,0.1834,34,0,94.15,0.4
15-03-2022,South Africa,Africa,Omicron BA.2,6,0,5,87,24,0.2556,0.0918,1,0.2224,46.11,1.885
21-04-2022,Turkey,Asia,Omicron BA.2,1,0,0,17,9,0.1096,0.0508,0,0.4149,35.43,1.647
21-12-2021,Mexico,North America,Omicron,11,0,10,136,121,0.1046,0.0489,,0.3046,27.95,1.197
30-03-2022,Mexico,North America,Omicron BA.2,10,0,9,115,100,0.0793,0.0607,1,0.3971,14.09,1.555
28-11-2022,Germany,Europe,Omicron BA.2,1,0,,9,21,0.0604,0.0321,0,0.92,33.9,1.345
11-04-2021,France,Europe,Alpha,1,0,0,15,14,0.0668,0.1252,0,0.121,63.65,0.427
13-08-2020,Pakistan,Asia,Original,6,0,5,86,30,0.1963,0.1403,3,0,34.27,
22-04-2020,France,Europe,Original,2,0,1,34,32,0.0595,0.1358,0,0,94.38,0.4
26-08-2021,Mexico,North America,Delta,16,1,14,227,128,0.1455,,,0.2114,47.98,1.047
29-01-2020,USA,North America,Original,12,0,11,119,,,0.1857,5,0,10.05,0.991
16-10-2020,Brazil,South America,Original,40,1,36,530,240,0.1777,0.1077,,0,37.78,0.563
07-09-2022,Pakistan,Asia,Omicron BA.2,28,0,25,492,112,0.2555,0.0421,4,0.3027,37.65,1.254
31-05-2021,Russia,Europe,Delta,6,0,5,68,60,0.1012,0.1765,2,0.1353,55.59,0.844
05-01-2022,Turkey,Asia,Omicron,29,0,27,479,319,0.0968,,,0.3381,42.33,1.685
26-07-2020,Indonesia,Asia,Original,7,0,6,99,21,0.3308,0.1582,,,68.5,0.4
20-05-2021,Canada,North America,Delta,1,0,0,12,23,0.0156,0.1317,0,0.1972,71.8,0.4
14-06-2021,Pakistan,Asia,Delta,58,1,53,1024,290,0.1899,0.1124,,0.0814,89.41,0.4
28-03-2021,Canada,North America,Delta,31,0,29,426,744,0.0511,0.1674,12,0.1123,73.16,0.4
05-10-2020,Japan,Asia,Original,2,0,1,29,28,0.0739,0.1594,0,0,49.22,0.526
02-02-2021,France,Europe,Alpha,1,0,0,11,16,0.0617,0.1417,0,0.0507,63.17,0.587
09-12-2021,Brazil,South America,Omicron,7,0,6,81,56,0.1256,,,0.3132,42.75,1.645
18-03-2022,Mexico,North America,Omicron BA.2,156,3,,1587,1716,0.0871,0.0604,22,0.3814,17.84,2.136
20-06-2021,Indonesia,Asia,Delta,172,9,157,2170,860,0.2106,0.2509,119,0.0881,61.08,0.859
27-06-2021,Australia,Oceania,Delta,7,0,6,113,133,0.0752,0.146,3,0.2411,71.42,0.542
24-12-2022,UK,Europe,Omicron BA.2,2,0,1,20,40,0.0511,0.0303,0,0.92,,2.25
21-05-2022,Germany,Europe,Omicron BA.2,28,0,26,277,476,0.0695,0.039,2,0.6982,28.27,1.569
06-10-2021,South Africa,Africa,Omicron,1,0,0,12,4,0.2495,0.0709,0,0.139,49.27,0.954
18-07-2020,USA,North America,Original,42,1,39,540,672,0.0671,0.0934,10,,62.3,0.4
28-07-2020,Pakistan,Asia,Original,3,0,2,41,15,0.1947,0.1037,1,,50.35,0.486
24-05-2020,India,Asia,Original,42,1,38,587,294,0.141,0.1831,31,0,64.04,0.482
14-07-2020,South Africa,Africa,Original,1,0,0,14,4,0.2619,0.1656,0,0,57.83,0.4
20-12-2020,Mexico,North America,Alpha,6,0,5,97,54,0.0992,0.2168,5,,66.56,0.476
03-02-2020,Turkey,Asia,Original,63,1,60,885,693,0.0892,0.0985,,0,12.99,
18-07-2022,UK,Europe,Omicron BA.2,13,0,,159,312,0.0232,0.0261,0,0.7806,11.88,1.292
03-04-2020,South Korea,Asia,Original,5,0,4,72,,,0.1992,2,0,79.99,0.4
06-09-2020,USA,North America,Original,55,1,50,734,880,0.0623,0.1895,41,,62.33,0.461
28-10-2020,France,Europe,Alpha,3,0,2,42,60,0.0661,,0,0,41.32,
09-07-2021,Mexico,North America,Delta,4,0,3,52,28,0.1402,0.1786,1,0.1801,61.16,0.455
07-02-2020,Pakistan,Asia,Original,2,0,1,35,6,0.326,0.2088,1,0,,0.58
06-06-2021,Australia,Oceania,Delta,2,0,1,20,48,0.0442,0.1759,0,0.2243,84.62,0.4
16-06-2022,Argentina,South America,Omicron BA.2,1,0,0,10,7,0.1439,0.0514,0,0.4755,17.07,2.416
06-12-2022,Colombia,South America,Omicron BA.2,7,0,,72,63,0.1154,0.0297,0,0.6189,18.29,1.712
17-09-2021,Germany,Europe,Delta,2,0,1,35,40,0.0344,,0,0.3778,55.14,0.744
22-06-2021,Australia,Oceania,Delta,1,0,0,11,16,0.0542,0.1112,0,0.221,57.67,0.872
23-05-2021,Indonesia,Asia,Delta,27,1,24,307,108,0.2496,0.1571,,0.0733,73.21,0.6
18-06-2021,Russia,Europe,Delta,20,1,18,213,160,0.1312,0.2054,,0.1444,71.39,
21-03-2021,UK,Europe,Delta,1,0,0,13,15,0.0559,0.225,0,0.0976,62.58,0.554
20-08-2020,Brazil,South America,Original,6,0,5,87,42,0.1373,0.1691,3,0,51.43,0.431
28-08-2020,Brazil,South America,Original,16,0,15,224,160,0.0918,0.1574,,0,60.37,0.4
11-04-2020,USA,North America,Original,20,0,19,299,320,0.0547,0.1388,9,0,90.18,0.4
07-10-2022,Indonesia,Asia,Omicron BA.2,53,1,50,669,265,0.1898,0.0712,9,0.3108,6.6,2.896
03-03-2021,Turkey,Asia,Alpha,12,0,11,168,120,0.1022,0.1009,,0.0466,59.44,0.4
27-05-2021,USA,North America,Delta,102,1,98,1309,2040,0.0509,0.2233,80,0.2068,75.53,0.4
31-01-2021,Colombia,South America,Alpha,1,0,0,12,9,0.1107,0.1229,,0.0333,64.74,0.482
21-02-2021,UK,Europe,Alpha,1,0,0,13,24,0.0413,0.0978,0,0.0664,48.54,0.633
22-09-2020,Argentina,South America,Original,2,0,1,35,20,0.1075,0.1754,1,,,0.725
07-06-2022,Russia,Europe,Omicron BA.2,41,0,,659,328,0.1241,0.0379,7,0.4777,16.83,2.348
23-02-2020,Canada,North America,Original,1,0,0,17,,,0.1497,0,,88.05,0.4
04-04-2020,Turkey,Asia,Original,20,0,18,216,,,0.2015,8,,78.43,0.4
24-04-2022,France,Europe,Omicron BA.2,15,0,14,163,270,0.0398,0.0589,2,0.6554,18.62,2.225
17-04-2020,Mexico,North America,Original,5,0,4,78,55,0.0775,0.154,2,,79.8,0.4
19-04-2022,Australia,Oceania,Omicron BA.2,1,0,,15,17,0.0468,0.0555,0,0.664,27.25,1.924
02-06-2020,Pakistan,Asia,Original,15,0,14,256,60,0.2519,0.1648,,,55.3,0.519
02-04-2021,Russia,Europe,Alpha,30,1,27,479,210,0.1314,0.1653,14,0.0783,74.19,0.4
27-12-2022,Indonesia,Asia,Omicron BA.2,12,0,,204,60,0.1811,0.0549,2,0.3537,33.97,1.76
27-04-2020,South Korea,Asia,Original,1,0,0,12,,,0.1509,0,0,82.44,
10-08-2020,Germany,Europe,Original,19,0,17,208,323,0.066,0.1864,11,0,54.06,0.642
10-07-2022,Germany,Europe,Omicron BA.2,3,0,,33,42,0.0801,0.0291,0,0.7639,,1.429
18-07-2022,Russia,Europe,Omicron BA.2,8,0,7,105,56,0.139,0.039,,0.5025,21.47,2.398
04-02-2022,Italy,Europe,Omicron,5,0,4,49,105,0.032,0.051,0,0.5456,43.69,0.961
04-06-2021,South Korea,Asia,Delta,5,0,4,70,110,0.0433,0.2258,3,0.2108,73.67,0.429
30-09-2020,Turkey,Asia,Original,1,0,0,14,6,0.1721,0.1298,,,52.73,0.544
23-09-2020,UK,Europe,Original,1,0,0,10,17,0.0624,0.1888,0,0,56.79,0.465
03-03-2020,Spain,Europe,Original,16,0,14,180,224,0.0726,0.1075,3,0,84.91,0.4
03-04-2021,Argentina,South America,Alpha,2,0,1,23,12,0.1489,0.1553,,0.1007,59.21,0.687
27-05-2021,USA,North America,Delta,32,1,30,410,384,0.0913,0.1917,18,0.2097,62.11,0.524
09-09-2022,UK,Europe,Omicron BA.2,16,0,14,206,224,0.0831,0.0289,1,0.8652,15.8,
12-09-2021,Mexico,North America,Delta,2,0,1,21,14,0.1302,,,0.2241,62.37,0.531
14-09-2021,UK,Europe,Delta,1,0,0,10,12,0.1016,,0,0.3571,47.79,1.096
20-02-2022,UK,Europe,Omicron BA.2,1,0,0,9,12,0.0881,0.0395,0,0.5825,29.84,1.675
01-04-2021,South Africa,Africa,Delta,12,0,11,198,48,0.2315,0.2324,12,,82.06,0.4
13-06-2022,Italy,Europe,Omicron BA.2,8,0,7,126,112,0.0416,,0,0.7176,18.23,1.591
29-08-2021,Brazil,South America,Delta,152,6,140,2440,1520,0.0886,0.0995,70,0.2339,52.91,0.693
02-12-2021,South Korea,Asia,Omicron,3,0,2,41,48,0.0673,0.0681,0,0.4721,22.94,1.824
31-08-2022,Turkey,Asia,Omicron BA.2,1,0,0,11,6,0.1771,0.0473,,0.5479,35.46,
11-03-2020,Mexico,North America,Original,7,0,6,98,56,0.1171,0.0929,,0,79.05,0.4
12-01-2022,UK,Europe,Omicron,1,0,0,14,14,0.0775,0.0442,0,0.5191,25.83,1.312
02-10-2022,Colombia,South America,Omicron BA.2,10,0,9,116,100,0.0961,0.066,2,0.5796,15.3,2.61
03-08-2021,Colombia,South America,Delta,9,0,8,109,99,0.1012,0.1016,2,0.189,86.63,
05-11-2020,Russia,Europe,Alpha,8,0,7,125,72,0.1067,0.16,,0,48.61,
15-08-2020,Russia,Europe,Original,6,0,5,95,48,0.1305,0.1871,4,,57.02,0.418
28-09-2022,Russia,Europe,Omicron BA.2,1,0,0,10,10,0.0989,0.0384,,0.5622,38.55,1.485
18-10-2022,Colombia,South America,Omicron BA.2,59,0,,612,354,0.1736,,8,0.5697,46.95,0.926
07-12-2022,Australia,Oceania,Omicron BA.2,6,0,5,75,90,0.0692,0.0232,0,0.92,16,1.333
06-02-2021,Japan,Asia,Alpha,3,0,2,33,36,0.0584,0.169,1,0.0568,56.14,0.47
19-11-2020,Colombia,South America,Alpha,2,0,1,24,18,0.1179,0.2112,1,,47.97,0.655
26-12-2020,France,Europe,Alpha,47,1,43,532,799,0.0584,0.2257,32,0,61.28,0.458
09-07-2021,South Korea,Asia,Delta,14,0,13,150,266,0.0371,0.118,3,0.2468,74.47,0.409
08-12-2022,Indonesia,Asia,Omicron BA.2,96,2,92,1152,288,0.3383,0.0605,19,0.3338,24.37,1.766
07-06-2021,South Korea,Asia,Delta,1,0,0,18,14,0.0755,0.1578,0,0.2192,84.07,0.4
06-03-2020,Italy,Europe,Original,6,0,5,84,,,0.1286,1,0,83.36,0.4
04-11-2020,Argentina,South America,Original,17,0,15,295,170,0.1078,0.0962,6,,56.09,0.418
10-12-2022,Pakistan,Asia,Omicron BA.2,45,0,41,805,135,0.3295,,14,0.3516,10.2,2.478
29-09-2021,South Africa,Africa,Delta,1,0,0,11,3,0.3065,0.1858,0,0.1281,40.85,0.901
17-04-2021,Mexico,North America,Delta,70,4,62,1168,420,0.1729,0.2321,48,0.0973,74.87,0.548
15-09-2020,Japan,Asia,Original,1,0,0,12,24,0.0399,0.1185,0,,,0.462
04-05-2020,Russia,Europe,Original,1,0,0,13,,,0.1762,,,71.47,0.4
25-12-2021,Indonesia,Asia,Omicron,18,0,16,235,54,0.3035,,2,,23.42,1.446
14-03-2021,Spain,Europe,Alpha,1,0,0,12,14,0.0703,0.1631,0,0.1035,59.77,0.491
14-11-2022,Russia,Europe,Omicron BA.2,10,0,9,101,100,0.0851,0.0488,1,0.6061,34.9,1.642
30-10-2022,Russia,Europe,Omicron BA.2,15,0,14,206,120,0.1324,0.0601,2,0.6025,43.3,1.164
08-04-2022,Indonesia,Asia,Omicron BA.2,22,0,,223,110,0.1909,0.0793,,0.2203,25.41,1.884
21-06-2020,Canada,North America,Original,3,0,2,52,45,0.0675,0.1169,1,0,45.6,0.747
23-06-2020,South Africa,Africa,Original,1,0,0,17,5,0.1951,0.1584,,0,61.36,0.454
05-05-2021,Argentina,South America,Delta,1,0,0,14,11,0.0931,0.211,0,0.1075,69.07,0.443
07-03-2020,Argentina,South America,Original,3,0,2,53,24,0.1136,0.1615,,0,85.43,0.4
02-04-2020,France,Europe,Original,3,0,2,46,,,0.1503,2,,77.11,0.4
04-05-2021,Australia,Oceania,Delta,1,0,0,16,21,0.0631,0.235,0,0.1788,75.55,0.4
29-10-2020,Brazil,South America,Alpha,5,0,4,54,40,0.1302,0.12,,0,55.48,0.758
30-09-2021,Russia,Europe,Delta,5,0,4,58,30,0.1654,0.1837,2,0.2405,38.8,0.744
30-07-2020,Spain,Europe,Original,3,0,2,45,36,0.0939,0.1709,1,0,67.33,0.4
23-05-2021,Brazil,South America,Delta,72,2,65,1059,504,0.1578,0.2071,63,0.1296,82.78,0.4
23-06-2022,Indonesia,Asia,Omicron BA.2,10,0,,156,50,0.1951,0.043,,0.2772,,
11-06-2022,Colombia,South America,Omicron BA.2,3,0,2,31,24,0.1007,,0,0.4517,15.73,2.794
17-04-2022,Turkey,Asia,Omicron BA.2,10,0,,150,110,0.0896,0.0365,,0.433,27.71,1.735
20-02-2022,Spain,Europe,Omicron,3,0,2,51,39,0.0761,0.0366,0,0.5745,31.03,1.557
27-10-2022,South Africa,Africa,Omicron BA.2,2,0,,20,10,0.1972,0.0626,,0.3234,27.25,2.067
30-09-2022,Spain,Europe,Omicron BA.2,1,0,0,15,18,0.0525,0.0243,0,0.9015,36.28,0.837
28-02-2022,Spain,Europe,Omicron,1,0,0,12,23,0.0329,0.0402,0,0.587,45.27,1.273
08-08-2020,Pakistan,Asia,Original,90,3,81,943,360,0.2478,0.1289,26,0,50.92,0.401
26-11-2022,Colombia,South America,Omicron BA.2,3,0,2,44,24,0.1179,0.0373,,0.6354,19.91,1.776
07-02-2022,Colombia,South America,Omicron,1,0,0,11,9,0.0933,,,0.3656,41.65,1.666
18-12-2020,Pakistan,Asia,Alpha,37,1,35,496,148,0.2419,0.1219,12,,58.28,0.645
02-08-2022,Turkey,Asia,Omicron BA.2,82,0,77,1421,656,0.1231,0.0313,10,0.5189,15.66,1.583
24-03-2022,Japan,Asia,Omicron BA.2,8,0,,132,144,0.0535,0.0534,1,0.6181,17.42,1.787
24-02-2021,India,Asia,Alpha,407,6,375,5525,4070,0.0947,0.1738,183,0.0312,51.06,0.761
17-06-2021,Australia,Oceania,Delta,1,0,0,18,14,0.0815,0.2085,0,0.2371,,0.546
19-10-2020,Germany,Europe,Original,24,0,23,253,432,0.0462,,7,0,40.9,0.427
07-06-2022,South Korea,Asia,Omicron BA.2,1,0,,17,13,0.0562,0.0309,0,0.7178,11.58,2.13
11-10-2021,UK,Europe,Delta,1,0,0,14,12,0.0884,0.1479,0,0.4061,61.56,0.665
13-03-2022,France,Europe,Omicron BA.2,2,0,1,28,30,0.0776,,0,0.604,17.24,1.397
22-09-2022,Indonesia,Asia,Omicron BA.2,38,1,,444,114,0.3412,0.0439,4,0.3044,33.6,2.296
09-04-2021,USA,North America,Delta,3,0,2,34,45,0.0667,,2,0.1026,,0.724
26-01-2022,Turkey,Asia,Omicron,8,0,7,103,80,0.0872,0.0522,1,0.3651,,1.377
25-12-2021,USA,North America,Omicron,35,0,33,444,770,0.0483,0.076,6,0.4939,37.24,
11-04-2021,Turkey,Asia,Delta,1,0,0,15,9,0.1074,0.2106,0,0.0861,73.6,0.471
17-05-2020,Italy,Europe,Original,1,0,0,15,21,0.0699,0.1638,0,0,54.79,0.481
13-04-2022,Spain,Europe,Omicron BA.2,1,0,,10,20,0.0479,,0,0.6459,25.7,2.083
04-10-2020,USA,North America,Original,5,0,4,54,95,0.0533,,1,0,50.34,0.45
08-04-2022,Russia,Europe,Omicron BA.2,29,0,27,305,174,0.1503,0.0459,2,0.4121,16.51,2.117
25-10-2022,Pakistan,Asia,Omicron BA.2,79,1,75,840,395,0.2084,0.0829,,0.3288,33.62,
25-02-2020,Russia,Europe,Original,1,0,0,13,,,0.1906,,0,88.27,0.4
29-03-2021,Brazil,South America,Delta,255,7,242,3057,1785,0.1379,0.2021,139,0.0808,67.19,
09-10-2020,South Korea,Asia,Original,17,0,15,179,391,0.0338,0.1576,6,,45.75,0.675
19-02-2020,Mexico,North America,Original,13,1,12,225,117,0.0999,0.1277,7,,5.6,0.84
28-05-2021,Indonesia,Asia,Delta,20,1,18,262,80,0.2402,0.1527,,0.08,72.86,0.46
18-02-2022,Spain,Europe,Omicron,25,0,23,346,475,0.0501,0.0439,4,0.549,37.88,0.829
07-11-2022,France,Europe,Omicron BA.2,15,0,14,228,255,0.0747,0.0311,1,0.92,25.59,1.079
23-08-2020,Spain,Europe,Original,2,0,1,34,40,0.0633,0.1431,1,0,33.42,0.625
26-04-2022,Pakistan,Asia,Omicron BA.2,37,0,34,646,148,0.2604,0.077,,0.2411,12.26,2.427
03-04-2021,Russia,Europe,Delta,59,1,54,844,590,0.1027,0.2395,34,0.0739,82.04,0.4
26-06-2021,Australia,Oceania,Delta,4,0,3,61,60,0.0555,0.1766,3,0.24,,0.4
01-09-2020,Brazil,South America,Original,1,0,0,11,11,0.0732,0.1584,0,0,56.71,0.4
01-05-2020,Spain,Europe,Original,2,0,1,23,32,0.0409,0.1848,0,0,47.48,0.725
12-03-2021,Germany,Europe,Alpha,1,0,0,18,24,0.0556,,0,0.0962,73.72,0.4
18-04-2020,USA,North America,Original,68,1,64,743,1088,0.0568,,31,,87.24,0.4
25-12-2021,Japan,Asia,Omicron,117,0,111,2032,1638,0.0597,0.065,39,0.5002,42.69,0.891
13-11-2022,Indonesia,Asia,Omicron BA.2,138,2,126,2426,552,0.2397,0.0866,54,,21.55,2.118
21-02-2022,Argentina,South America,Omicron,2,0,1,26,16,0.1257,0.0895,,0.3691,46.01,1.503
13-05-2020,Pakistan,Asia,Original,66,2,63,688,198,0.3315,,,,,0.568
25-01-2021,USA,North America,Alpha,6,0,5,103,138,0.0266,0.18,3,0.0313,67.51,0.4
08-03-2022,Japan,Asia,Omicron,137,0,130,2300,3014,0.0332,0.0517,23,0.5865,49.65,0.8
03-08-2022,Mexico,North America,Omicron BA.2,2,0,,22,14,0.1511,0.0344,0,0.5186,35.23,2.07
17-10-2021,Canada,North America,Omicron,22,0,21,391,308,0.076,0.0769,6,0.3912,56.88,0.915
02-11-2020,Italy,Europe,Original,8,0,7,130,184,0.0341,0.1181,4,0,49.93,
24-02-2022,Japan,Asia,Omicron,42,0,39,678,924,0.0573,0.0445,8,0.593,41.43,1.09
26-12-2020,Pakistan,Asia,Alpha,24,1,22,289,120,0.2046,0.1221,5,0,69.75,0.4
06-02-2022,India,Asia,Omicron,16,0,14,237,176,0.1094,0.0658,2,0.3576,48.88,1.455
25-02-2021,Turkey,Asia,Alpha,3,0,2,41,30,0.0868,0.121,,,62.82,
06-06-2021,India,Asia,Delta,177,2,167,1856,1593,0.1197,0.1267,43,0.1359,75.19,0.502
12-01-2022,India,Asia,Omicron,1039,5,1000,18840,8312,0.1187,0.0924,,0.3143,39.2,
05-04-2022,USA,North America,Omicron BA.2,55,0,52,725,1320,0.0412,0.0361,7,0.6247,34.6,1.288
03-07-2020,Japan,Asia,Original,18,0,17,207,396,0.0425,0.1148,3,0,60.54,0.528
08-10-2021,Spain,Europe,Omicron,15,0,14,165,210,0.0885,0.0891,3,0.373,45.7,1.578
04-12-2022,Japan,Asia,Omicron BA.2,1,0,0,16,22,0.0357,0.0237,0,0.92,17.63,1.379
20-04-2022,Turkey,Asia,Omicron BA.2,11,0,,130,99,0.1003,0.0604,2,0.4154,19.24,1.951
09-05-2021,Germany,Europe,Delta,14,0,13,240,308,0.0395,0.1769,7,0.1868,,0.4
17-05-2021,South Africa,Africa,Delta,1,0,0,12,4,0.2601,0.2104,0,0.0625,76.16,
30-04-2021,Pakistan,Asia,Delta,3,0,2,53,12,0.2494,0.2366,3,0.0545,62,0.864
12-09-2022,UK,Europe,Omicron BA.2,16,0,14,278,368,0.039,0.0409,2,0.855,14.78,1.228
16-11-2021,Argentina,South America,Omicron,1,0,0,16,9,0.1123,0.0461,,0.2704,30.37,2.047
11-09-2021,Canada,North America,Delta,1,0,0,12,19,0.0544,0.1465,0,0.3456,52.79,0.628
23-08-2022,Japan,Asia,Omicron BA.2,53,0,50,605,636,0.0764,0.0248,2,0.8295,20.06,1.655
04-06-2020,Canada,North America,Original,2,0,1,25,42,0.0346,0.1939,0,0,,0.405
04-05-2020,Colombia,South America,Original,3,0,2,29,30,0.1221,0.161,1,0,65.48,0.4
17-04-2021,Turkey,Asia,Delta,16,0,15,261,176,0.0949,,,0.0789,79.55,0.423
10-06-2020,Germany,Europe,Original,4,0,3,69,72,0.0588,0.1798,2,,52.06,0.423
18-11-2022,Japan,Asia,Omicron BA.2,5,0,,86,70,0.0713,0.0245,0,0.92,19.96,1.853
23-07-2020,South Africa,Africa,Original,1,0,0,16,5,0.2114,0.105,0,0,,0.4
21-06-2021,South Korea,Asia,Delta,1,0,0,13,19,0.0471,0.1096,0,0.2349,82.37,0.4
03-06-2022,Germany,Europe,Omicron BA.2,3,0,2,43,51,0.0434,0.0494,0,0.7207,21,2.056
13-04-2020,Canada,North America,Original,2,0,1,30,,,0.1397,1,0,88.13,0.4
14-03-2020,UK,Europe,Original,6,0,5,63,,,0.1226,2,,81.89,0.4
28-03-2021,Japan,Asia,Delta,2,0,1,33,36,0.0517,0.235,1,0.1261,60.71,0.61
09-08-2021,UK,Europe,Delta,2,0,1,29,44,0.0348,0.1372,0,0.2818,48.16,
25-04-2022,Australia,Oceania,Omicron BA.2,7,0,,115,147,0.0453,0.0498,1,0.667,28.13,1.806
08-10-2020,Mexico,North America,Original,7,1,6,89,49,0.1427,0.1018,2,,46.42,0.662
08-03-2022,Italy,Europe,Omicron,1,0,0,16,12,0.0732,0.0456,0,0.5969,43.3,1.342
14-12-2022,Argentina,South America,Omicron BA.2,9,0,8,115,54,0.1891,0.0547,1,0.6463,23.71,1.776
21-04-2021,Argentina,South America,Delta,1,0,0,16,6,0.1651,0.1177,0,0.0861,,0.739
29-06-2021,Russia,Europe,Delta,1,0,0,10,9,0.1222,0.1864,0,0.1571,68.97,0.566
20-03-2022,Japan,Asia,Omicron BA.2,25,0,24,247,475,0.0714,0.0376,2,0.6178,42.23,0.887
29-01-2022,Argentina,South America,Omicron,2,0,1,35,14,0.1457,0.085,0,0.3603,29.76,1.54
19-06-2022,Mexico,North America,Omicron BA.2,14,0,,159,84,0.1769,0.0661,2,0.4674,27.68,1.75
02-04-2022,Japan,Asia,Omicron BA.2,8,0,7,79,176,0.0395,0.055,0,0.6196,35.94,1.023
24-03-2021,Colombia,South America,Delta,1,0,0,13,9,0.1139,0.2411,,0.0673,87.86,0.4
11-03-2021,Japan,Asia,Alpha,9,0,8,91,198,0.0493,0.1625,3,0.0875,76.16,0.4
09-11-2020,USA,North America,Alpha,42,0,39,430,672,0.057,0.2048,23,0,43.47,0.721
17-09-2022,South Korea,Asia,Omicron BA.2,5,0,,59,65,0.0859,0.0374,0,0.8606,28.56,
21-07-2020,India,Asia,Original,114,2,109,1577,1254,0.0716,0.155,62,0,68.36,0.426
16-04-2022,Mexico,North America,Omicron BA.2,27,1,,342,270,0.1118,0.0426,4,0.4125,38.88,1.203
25-06-2020,South Korea,Asia,Original,13,0,12,167,286,0.0476,0.0944,4,,56.67,0.586
14-02-2020,Colombia,South America,Original,3,0,2,48,27,0.1285,0.1543,1,0,16.57,0.661
27-09-2020,UK,Europe,Original,1,0,0,13,17,0.0641,0.1894,0,,37.75,0.438
25-09-2020,Mexico,North America,Original,15,1,13,221,120,0.1228,,9,,47.09,0.454
23-09-2021,France,Europe,Delta,4,0,3,51,80,0.0503,0.1257,1,0.361,58.39,0.679
24-05-2021,Australia,Oceania,Delta,1,0,0,13,23,0.0396,0.1838,0,0.2057,71.74,0.4
19-08-2021,Russia,Europe,Delta,14,0,12,181,84,0.1487,0.2266,8,0.2045,50.6,1.113
22-01-2021,Spain,Europe,Alpha,1,0,0,10,23,0.0516,0.18,0,,61.18,0.577
29-03-2021,Argentina,South America,Alpha,2,0,1,24,18,0.1032,0.1561,,0.0638,75,0.43
02-05-2021,India,Asia,Delta,920,10,855,13254,6440,0.1412,0.2024,,0.1007,77.24,0.476
27-07-2022,Australia,Oceania,Omicron BA.2,1,0,0,14,14,0.0664,0.0384,0,0.7812,23.62,1.954
03-06-2022,Canada,North America,Omicron BA.2,11,0,,168,209,0.0564,0.0506,2,0.7211,26.98,
24-09-2022,France,Europe,Omicron BA.2,7,0,6,107,168,0.0417,0.027,0,0.88,36.28,1.5
27-03-2022,Germany,Europe,Omicron BA.2,6,0,5,74,90,0.0636,0.0496,0,0.6166,9.63,2.086
24-07-2021,Spain,Europe,Delta,6,0,5,62,126,0.0265,0.176,1,0.2787,68.38,0.592
12-01-2021,Japan,Asia,Alpha,4,0,3,58,52,0.0808,0.176,1,0.0165,52.5,0.624
05-06-2020,India,Asia,Original,72,1,66,756,576,0.1242,0.1878,,,58.43,0.529
23-11-2022,Colombia,South America,Omicron BA.2,1,0,0,16,10,0.1074,0.0312,0,0.6239,31.97,1.941
17-10-2020,Colombia,South America,Original,43,1,39,761,301,0.1382,0.1896,33,,54.06,0.55
24-11-2021,Spain,Europe,Omicron,5,0,4,57,115,0.03,,0,0.4497,37.46,1.59
25-11-2022,Brazil,South America,Omicron BA.2,31,0,,514,310,0.0724,0.0371,4,0.6115,27.52,1.126
02-02-2020,Turkey,Asia,Original,1,0,0,13,8,0.1379,0.1178,0,0,16.18,1.051
14-11-2021,UK,Europe,Omicron,1,0,0,15,14,0.0578,0.0407,0,0.4183,47.77,1.315
05-06-2020,Turkey,Asia,Original,15,0,14,181,105,0.137,0.166,6,0,72.4,
06-03-2021,Argentina,South America,Alpha,1,0,0,17,10,0.1075,0.1758,0,0.0417,59.09,0.549
02-05-2021,UK,Europe,Delta,11,0,10,144,198,0.0548,0.1494,5,0.1597,67.31,0.752
19-03-2021,USA,North America,Alpha,53,0,49,923,954,0.0579,0.1175,27,0.1057,61.2,0.519
22-10-2022,UK,Europe,Omicron BA.2,1,0,,17,13,0.0766,0.0331,0,0.9169,33.82,1.439
21-04-2021,UK,Europe,Delta,26,0,25,397,598,0.0488,,13,0.1415,59.24,0.762
31-01-2022,India,Asia,Omicron BA.2,136,1,127,2052,1224,0.1068,0.0617,,0.3412,52.79,0.942
28-05-2021,Pakistan,Asia,Delta,6,0,5,107,24,0.239,0.2005,,,84.18,0.4
17-12-2021,Japan,Asia,Omicron,45,0,42,728,945,0.0625,0.0631,12,0.4927,38.67,0.939
01-09-2022,Mexico,North America,Omicron BA.2,12,0,11,170,120,0.1069,,,0.5472,8.08,2.592
05-11-2022,Japan,Asia,Omicron BA.2,10,0,,163,120,0.0827,,0,0.92,28.74,1.658
25-01-2021,Italy,Europe,Alpha,6,0,5,108,78,0.0482,0.1361,4,0.037,51.67,0.539
02-11-2020,South Korea,Asia,Original,1,0,0,15,22,0.0469,0.1645,0,0,46.12,0.554
08-06-2020,Indonesia,Asia,Original,54,2,49,965,270,0.211,0.106,,0,46.31,0.709
11-02-2022,Colombia,South America,Omicron BA.2,1,0,0,10,7,0.1368,0.0669,,0.3557,33.66,1.475
08-12-2020,South Africa,Africa,Alpha,1,0,0,9,5,0.1977,0.2145,0,0,48.33,0.867
06-07-2020,USA,North America,Original,155,1,142,2256,1860,0.0697,,105,,57.37,0.4
27-06-2020,Turkey,Asia,Original,1,0,0,10,6,0.1691,0.2023,0,0,66.47,0.4
04-02-2020,France,Europe,Original,2,0,1,23,,,0.1714,0,0,19.39,0.986
06-12-2020,Brazil,South America,Alpha,8,0,7,83,88,0.0895,0.1243,1,,53.54,0.751
17-02-2021,USA,North America,Alpha,4,0,3,53,56,0.068,0.2075,2,0.0502,,0.477
06-07-2022,Germany,Europe,Omicron BA.2,15,0,14,198,240,0.0648,,0,0.7618,10.5,1.753
03-02-2021,India,Asia,Alpha,874,19,806,10789,8740,0.1048,0.163,296,0.0268,64.6,0.414
27-12-2022,India,Asia,Omicron BA.2,305,1,293,3034,1830,0.1663,0.0289,,0.6575,13.39,
19-11-2020,Russia,Europe,Alpha,9,0,8,154,90,0.0903,0.1593,6,0,37.97,0.874
15-03-2021,Pakistan,Asia,Alpha,87,2,81,894,348,0.259,0.2067,31,0.0552,59.2,0.422
26-02-2020,India,Asia,Original,12,0,11,123,108,0.1127,0.1517,4,0,73.02,0.4
04-06-2020,France,Europe,Original,86,2,79,1257,1032,0.0813,0.1715,51,0,61.14,0.4
08-12-2020,Pakistan,Asia,Alpha,2,0,1,23,10,0.204,0.0998,0,,73.24,0.4
12-07-2022,South Africa,Africa,Omicron BA.2,4,0,3,56,16,0.2544,0.0654,0,0.281,40.16,1.25
20-01-2022,India,Asia,Omicron,199,1,191,2841,1393,0.1423,,,0.3595,46.11,1.211
08-09-2022,Mexico,North America,Omicron BA.2,9,0,8,148,63,0.1545,0.0649,1,0.5472,23.5,2.287
21-07-2020,UK,Europe,Original,3,0,2,43,69,0.0435,,1,0,64.62,0.4
30-04-2021,Indonesia,Asia,Delta,50,1,47,492,200,0.2633,0.1169,9,0.0382,80.62,0.4
16-02-2020,UK,Europe,Original,2,0,1,31,44,0.0397,,1,0,7.56,0.876
28-08-2020,Mexico,North America,Original,53,2,48,575,530,0.0996,0.1307,12,0,55.91,0.479
27-03-2022,Turkey,Asia,Omicron BA.2,34,0,,430,306,0.149,0.0555,5,0.3932,16.3,1.654
21-02-2021,Indonesia,Asia,Alpha,49,2,44,637,147,0.3428,0.1482,17,,65.69,0.5
08-06-2022,France,Europe,Omicron BA.2,16,0,,210,208,0.0725,0.0375,1,0.7286,39.64,
18-01-2022,UK,Europe,Omicron,7,0,6,125,154,0.0436,0.0617,1,0.5051,41.81,
31-01-2021,South Africa,Africa,Alpha,5,0,4,61,25,0.1848,0.0985,,0.0201,64.96,
01-09-2022,Spain,Europe,Omicron BA.2,2,0,1,22,26,0.0806,0.0391,0,0.8544,27.39,1.35
08-07-2020,Turkey,Asia,Original,4,0,3,48,24,0.1641,0.2037,1,0,69.74,0.4
11-06-2021,Japan,Asia,Delta,105,1,100,1073,2205,0.0428,0.158,28,0.2202,54.32,0.748
11-03-2021,USA,North America,Alpha,46,0,42,676,966,0.0493,0.2109,23,0.0973,66.56,0.477
29-06-2021,UK,Europe,Delta,1,0,0,16,20,0.0636,0.1935,0,0.2391,61.94,0.642
16-04-2020,South Korea,Asia,Original,1,0,0,13,22,0.0605,0.1234,0,,65.19,0.4
08-03-2021,Japan,Asia,Alpha,9,0,8,158,198,0.0288,0.1873,5,0.0922,79.8,0.4
06-01-2021,Australia,Oceania,Alpha,1,0,0,16,15,0.0561,0.1434,0,0.0111,59.04,0.705
02-11-2022,Germany,Europe,Omicron BA.2,69,0,,1000,1587,0.0434,0.0198,5,0.92,20.79,1.596
29-10-2021,South Korea,Asia,Delta,1,0,0,17,23,0.0377,,0,0.426,74.46,0.435
12-08-2021,South Korea,Asia,Delta,4,0,3,71,72,0.037,0.1802,3,0.3113,,0.51
05-06-2020,Mexico,North America,Original,2,0,1,34,12,0.1706,0.1484,,0,69.14,0.4
23-02-2020,UK,Europe,Original,3,0,2,45,57,0.0454,0.1179,1,0,68.58,0.4
25-09-2021,Brazil,South America,Delta,25,1,22,441,225,0.1064,0.168,,0.2419,53.63,0.603
07-08-2022,Australia,Oceania,Omicron BA.2,2,0,1,28,30,0.0565,0.0378,0,0.8058,36.18,1.417
09-07-2021,Mexico,North America,Delta,8,1,7,101,48,0.1525,0.2305,4,0.1656,64.94,0.543
12-12-2021,Pakistan,Asia,Omicron,24,0,22,430,72,0.3361,,11,0.1728,51.6,0.979
14-08-2020,Brazil,South America,Original,1,0,0,14,11,0.0995,0.1675,0,0,,0.4
21-08-2021,Germany,Europe,Delta,55,0,50,994,825,0.0698,,31,0.3108,56.92,0.531
12-03-2020,India,Asia,Original,73,1,67,840,,,,23,,74.32,0.4
07-08-2022,Canada,North America,Omicron BA.2,2,0,,34,36,0.056,0.0328,0,0.8238,32.11,1.675
31-03-2022,Australia,Oceania,Omicron BA.2,9,0,,148,108,0.0738,0.033,1,0.6155,34.27,1.994
15-10-2021,South Korea,Asia,Delta,4,0,3,50,84,0.0352,0.1264,1,0.3839,63.59,0.432
09-09-2020,Italy,Europe,Original,6,0,5,74,84,0.0605,0.1128,2,0,56.82,0.4
08-12-2020,South Africa,Africa,Alpha,8,0,7,124,24,0.3393,,3,0,51.69,0.548
15-08-2022,Russia,Europe,Omicron BA.2,509,4,476,7959,3563,0.1398,0.0445,90,0.5368,37.86,1.179
02-09-2021,UK,Europe,Delta,24,0,23,275,456,0.0674,0.1445,9,0.3352,37.96,0.866
18-12-2021,Brazil,South America,Omicron,6,0,5,60,42,0.1417,0.0684,,0.2943,52.44,
20-05-2022,Canada,North America,Omicron BA.2,1,0,,11,22,0.0357,,0,0.6954,25,
23-10-2020,Pakistan,Asia,Original,4,0,3,69,20,0.1954,0.1481,2,0,55.91,0.568
17-03-2021,Mexico,North America,Alpha,36,2,32,564,252,0.1431,0.1118,10,0.0586,71.99,
17-08-2021,India,Asia,Delta,493,9,458,6373,2958,0.1569,0.1217,182,0.1887,69.92,0.4
13-03-2021,Brazil,South America,Alpha,29,1,26,408,290,0.0991,0.15,10,0.0761,49.09,0.622
24-06-2022,Mexico,North America,Omicron BA.2,11,0,,119,66,0.1713,0.0366,0,0.4592,15.03,2.342
31-05-2021,Germany,Europe,Delta,23,0,22,387,414,0.0532,0.1231,11,0.2238,69.39,0.661
11-09-2021,Japan,Asia,Delta,13,0,12,225,156,0.0739,0.1827,11,0.3469,52.91,0.801
23-04-2020,USA,North America,Original,8,0,7,144,,,0.147,5,,70.41,0.4
10-04-2020,Turkey,Asia,Original,3,0,2,39,24,0.1391,0.1719,1,0,82.06,0.4
14-05-2021,Pakistan,Asia,Delta,66,1,61,754,330,0.198,0.157,,0.0624,79.57,0.4
20-05-2022,Russia,Europe,Omicron BA.2,5,0,,73,45,0.125,0.0727,1,0.4518,28.19,1.71
28-04-2021,Australia,Oceania,Delta,6,0,5,86,138,0.0486,,2,0.1676,78.16,0.424
28-12-2021,Spain,Europe,Omicron,1,0,0,18,24,0.0366,0.0749,0,0.4962,44.29,0.819
11-09-2020,Brazil,South America,Original,10,0,9,111,90,0.1112,0.16,,0,46.55,0.593
06-05-2022,USA,North America,Omicron BA.2,37,0,35,626,888,0.068,0.0541,5,0.6916,35.66,1.161
06-09-2021,Italy,Europe,Delta,5,0,4,65,80,0.0563,0.2044,2,0.3224,62.86,0.794
05-12-2021,India,Asia,Omicron,172,1,163,2381,1548,0.1047,,,0.3069,38.53,1.352
06-07-2021,Italy,Europe,Delta,5,0,4,79,120,0.0407,,3,0.2491,64.33,0.579
24-04-2022,Argentina,South America,Omicron BA.2,1,0,0,12,9,0.1197,0.0569,,0.4358,38.14,1.446
10-05-2021,Germany,Europe,Delta,2,0,1,26,26,0.0877,0.2229,0,0.1542,76.59,0.4
03-04-2020,Brazil,South America,Original,8,0,7,133,48,0.1606,,,0,95.33,0.4
01-05-2020,Spain,Europe,Original,1,0,0,14,,,0.1434,0,,69.05,0.4
08-06-2021,Germany,Europe,Delta,3,0,2,31,57,0.0525,0.1509,1,0.2053,78.63,0.4
23-11-2022,Argentina,South America,Omicron BA.2,14,0,,196,112,0.1118,0.0639,1,0.607,,2.163
08-06-2021,Mexico,North America,Delta,2,0,1,20,20,0.0917,0.1282,0,0.1438,76.3,0.445
20-05-2020,Spain,Europe,Original,20,1,18,320,320,0.0704,0.1247,7,0,60.45,0.553
03-08-2021,Canada,North America,Delta,1,0,0,12,16,0.0597,0.2121,0,0.2917,60.97,0.564
11-09-2021,France,Europe,Delta,8,0,7,79,96,0.0747,,1,0.3615,39.65,0.954
30-05-2020,Canada,North America,Original,1,0,0,15,14,0.0683,,0,0,49.83,0.517
12-04-2022,USA,North America,Omicron BA.2,8,0,7,113,120,0.0563,0.0384,0,0.6324,18.59,1.407
18-04-2021,Indonesia,Asia,Delta,11,0,10,122,44,0.2536,0.1347,,0.0487,79.92,0.481
25-02-2021,USA,North America,Alpha,69,1,66,1106,828,0.0933,0.1376,33,0.0637,70.77,0.4
02-06-2022,Italy,Europe,Omicron BA.2,11,0,,114,143,0.072,0.0301,0,0.7002,,1.753
01-07-2022,Brazil,South America,Omicron BA.2,15,0,13,256,165,0.0963,0.0693,3,0.4857,27.36,2.25
11-10-2020,Mexico,North America,Original,33,2,29,334,264,0.1234,0.1737,14,,41.81,0.663
16-06-2021,Italy,Europe,Delta,7,0,6,81,112,0.0729,0.1918,2,0.2302,66.47,0.64
21-04-2020,Canada,North America,Original,10,0,9,116,,,0.1353,3,0,68.67,0.406
02-07-2021,Canada,North America,Delta,21,0,19,284,399,0.0302,0.1492,10,0.2302,,0.4
15-09-2021,South Korea,Asia,Delta,1,0,0,18,20,0.0365,0.0979,0,0.3663,61.14,0.639
17-05-2021,Brazil,South America,Delta,9,0,8,126,72,0.1263,0.1886,5,0.1085,57.95,0.808
28-04-2021,Japan,Asia,Delta,94,0,90,1158,2068,0.0375,0.1891,65,0.1434,64.05,0.547
23-11-2021,Indonesia,Asia,Omicron,25,1,22,347,75,0.3225,0.0619,3,0.16,36.85,1.706
25-01-2022,South Korea,Asia,Omicron,2,0,1,20,46,0.0464,0.0614,0,0.5605,,1.398
23-11-2022,Australia,Oceania,Omicron BA.2,1,0,0,17,23,0.0591,0.0216,0,0.92,30,1.04
01-09-2021,Pakistan,Asia,Delta,6,0,5,107,24,0.2554,0.1359,,0.1048,49.36,0.808
06-07-2021,Spain,Europe,Delta,13,0,12,200,208,0.0658,0.1937,10,0.2388,,0.431
18-05-2020,Japan,Asia,Original,19,0,17,320,437,0.0498,,5,,75.54,
13-12-2021,Argentina,South America,Omicron,17,0,16,283,119,0.1385,0.0849,6,0.3119,39.9,1.334
16-05-2021,Colombia,South America,Delta,2,0,1,27,16,0.1411,0.1605,,0.1059,64.79,0.731
22-06-2021,Japan,Asia,Delta,4,0,3,62,72,0.0677,0.1034,1,0.2448,78.81,0.405
10-05-2022,Colombia,South America,Omicron BA.2,4,0,,40,24,0.1653,0.0571,0,0.4521,12.34,2.405
16-10-2021,Russia,Europe,Delta,5,0,4,50,30,0.1657,0.1881,,0.2576,58.86,0.663
05-08-2022,Colombia,South America,Omicron BA.2,4,0,3,52,40,0.1088,0.0677,0,0.5299,13.22,2.508
28-06-2022,Indonesia,Asia,Omicron BA.2,89,1,83,903,356,0.2549,0.0918,16,,15.87,2.985
17-10-2020,UK,Europe,Original,2,0,1,30,26,0.0774,0.1777,0,0,,0.616
27-01-2020,Canada,North America,Original,4,0,3,69,60,0.0673,0.1873,2,,10.85,0.701
08-12-2021,Argentina,South America,Omicron,8,0,7,86,64,0.1259,0.077,1,0.2816,41.18,1.447
04-10-2020,South Korea,Asia,Original,3,0,2,45,72,0.0354,0.1231,1,,61.12,0.401
09-09-2021,Italy,Europe,Delta,3,0,2,40,57,0.0544,0.1798,1,0.3469,60.99,0.563
07-03-2021,Australia,Oceania,Alpha,1,0,0,12,24,0.0286,0.2052,0,0.0873,78.87,0.4
25-06-2020,UK,Europe,Original,14,0,13,209,266,0.0465,0.2093,9,0,72.75,0.4
10-12-2022,Turkey,Asia,Omicron BA.2,3,0,,53,24,0.1205,0.0378,0,0.6412,,1.652
31-10-2022,South Africa,Africa,Omicron BA.2,3,0,,31,15,0.216,0.0656,,0.3275,30.48,2.465
18-08-2022,Italy,Europe,Omicron BA.2,1,0,,14,19,0.0579,0.0367,0,0.8344,15.53,1.634
11-10-2020,France,Europe,Original,1,0,0,13,15,0.0576,0.1353,0,0,60.07,0.4
03-11-2022,France,Europe,Omicron BA.2,11,0,,143,187,0.0692,,0,0.92,,1.013
29-09-2020,South Africa,Africa,Original,3,0,2,31,9,0.336,0.151,0,,47.16,0.479
05-06-2022,India,Asia,Omicron BA.2,125,1,,1487,1125,0.108,0.0628,19,0.4725,24.77,2.356
23-10-2022,South Korea,Asia,Omicron BA.2,2,0,1,22,30,0.0717,0.0259,0,0.9159,14.42,1.341
31-01-2021,Brazil,South America,Alpha,3,0,2,50,24,0.1231,0.2145,2,0.0123,68.33,0.4
18-02-2022,Canada,North America,Omicron,11,0,10,146,176,0.062,0.0538,2,0.5597,29.78,1.61
12-09-2021,Turkey,Asia,Delta,6,0,5,95,36,0.1704,0.1488,,0.2312,,0.519
22-06-2022,Russia,Europe,Omicron BA.2,4,0,,60,44,0.0912,0.0435,0,0.4777,35.78,1.085
18-06-2021,Spain,Europe,Delta,6,0,5,77,90,0.0774,,2,0.2268,50.16,0.889
04-05-2021,USA,North America,Delta,29,1,27,421,435,0.0753,0.2108,22,0.1763,67.61,0.665
13-09-2020,Pakistan,Asia,Original,17,0,16,203,85,0.2138,0.1278,7,0,,0.422
10-09-2022,Pakistan,Asia,Omicron BA.2,37,0,35,666,148,0.2448,,11,0.3021,5.72,1.871
05-10-2021,Italy,Europe,Omicron,18,0,16,190,396,0.0421,,3,0.3858,51.24,1.038
31-03-2021,Japan,Asia,Alpha,89,1,83,1429,1246,0.0624,0.177,55,0.1288,64.48,0.508
18-11-2022,Colombia,South America,Omicron BA.2,1,0,,16,11,0.0791,0.0502,0,0.6066,10.36,2.422
26-01-2020,Argentina,South America,Original,4,0,3,48,40,0.0913,0.1202,1,0,18.09,
21-08-2021,France,Europe,Delta,35,1,32,384,770,0.0562,,11,0.3288,64.18,0.559
24-03-2021,Japan,Asia,Alpha,3,0,2,33,45,0.0659,0.0985,0,0.0955,72.65,0.4
05-03-2022,Indonesia,Asia,Omicron,13,0,12,162,65,0.1937,0.0621,1,0.2194,46.86,1.156
06-02-2020,South Africa,Africa,Original,1,0,0,12,4,0.2475,0.1872,0,0,10.57,1.077
12-03-2022,Brazil,South America,Omicron BA.2,18,0,,315,108,0.16,0.0464,3,0.3853,33.53,1.855
30-08-2020,South Africa,Africa,Original,23,1,20,373,69,0.3306,0.1691,11,0,41.81,0.587
11-12-2020,USA,North America,Alpha,628,7,580,10069,11932,0.0435,0.1916,482,0,50.59,0.756
12-05-2022,UK,Europe,Omicron BA.2,2,0,1,29,44,0.0636,,0,0.681,31.9,1.173
23-01-2022,Turkey,Asia,Omicron,1,0,0,16,7,0.1452,0.0405,0,0.365,31,1.698
03-12-2022,Russia,Europe,Omicron BA.2,3,0,2,32,21,0.1215,0.058,,0.6368,7.9,1.818
22-02-2021,South Africa,Africa,Alpha,1,0,0,12,4,0.2433,0.1726,,0.0207,76.03,0.4
29-10-2021,India,Asia,Omicron,193,1,187,2782,1930,0.1025,,,0.27,49.01,1.331
07-08-2021,Argentina,South America,Delta,1,0,0,10,6,0.1691,0.2023,0,0.1826,45.35,0.765
04-12-2022,Australia,Oceania,Omicron BA.2,1,0,0,16,17,0.068,0.0217,0,0.92,17.74,1.973
31-12-2021,India,Asia,Omicron,339,2,326,4628,2373,0.131,0.0642,,0.3172,26.03,1.858
19-06-2020,Germany,Europe,Original,6,0,5,104,132,0.0425,0.2015,6,0,67.37,0.4
01-01-2022,Colombia,South America,Omicron,15,0,14,148,105,0.1427,0.0448,1,0.3274,32.74,1.397
27-09-2021,Italy,Europe,Delta,5,0,4,53,60,0.0891,0.1361,1,0.3557,43.68,1.06
12-02-2022,Canada,North America,Omicron BA.2,1,0,0,14,15,0.0628,0.059,0,0.5834,28.6,
24-05-2022,South Africa,Africa,Omicron BA.2,16,0,,284,80,0.2041,0.0821,,0.2509,15.08,2.729
25-04-2022,UK,Europe,Omicron BA.2,4,0,,63,52,0.0815,0.0424,0,0.6841,35.33,0.95
12-09-2021,Italy,Europe,Delta,1,0,0,16,24,0.0585,0.1871,0,0.3673,58.78,0.611
18-10-2020,Italy,Europe,Original,14,0,13,204,294,0.0539,0.1988,12,0,42.71,0.485
20-11-2020,Japan,Asia,Alpha,5,0,4,58,75,0.0784,0.1763,2,0,40.64,0.989
23-07-2021,Brazil,South America,Delta,2,0,1,31,12,0.1766,0.1977,,0.181,53.16,1.025
29-11-2021,Spain,Europe,Omicron,2,0,1,25,46,0.0342,,0,0.459,24.76,1.486
08-08-2021,Pakistan,Asia,Delta,40,1,37,726,160,0.25,0.2125,,0.1062,59.23,0.799
03-03-2022,Germany,Europe,Omicron BA.2,13,0,12,142,273,0.0423,0.0304,1,0.5806,24.89,2.274
15-06-2022,UK,Europe,Omicron BA.2,8,0,7,104,176,0.0453,0.0338,0,0.7185,39.52,0.904
08-12-2022,Germany,Europe,Omicron BA.2,16,0,,259,256,0.0822,0.0201,0,0.92,21.98,1.577
16-03-2022,India,Asia,Omicron BA.2,44,0,,613,440,0.0992,0.0355,,0.4141,24.18,
30-07-2022,Japan,Asia,Omicron BA.2,1,0,,10,22,0.0494,,0,0.8011,35.63,1.57
03-04-2020,Italy,Europe,Original,11,0,9,117,132,0.0888,,2,0,65.17,0.4
05-08-2020,South Africa,Africa,Original,1,0,0,12,3,0.3528,0.0969,,,55.56,0.593
30-10-2020,India,Asia,Original,73,1,69,1109,511,0.1374,0.1063,,0,49.07,0.597
04-09-2021,Pakistan,Asia,Delta,8,0,7,139,24,0.3137,0.2233,7,0.1226,56.98,0.887
06-06-2020,Indonesia,Asia,Original,10,0,9,109,30,0.344,0.1487,4,,57.63,0.4
27-11-2020,Germany,Europe,Alpha,16,0,15,209,272,0.0626,0.2026,10,0,49.09,0.683
18-12-2020,Mexico,North America,Alpha,105,7,94,1359,630,0.154,,58,0,48.02,0.64
20-02-2022,Indonesia,Asia,Omicron,171,2,163,2619,513,0.3353,0.0805,52,,23.44,1.392
01-02-2021,Germany,Europe,Alpha,1,0,0,12,21,0.0555,0.1131,0,0.0384,61.5,
20-12-2022,Turkey,Asia,Omicron BA.2,4,0,3,68,24,0.1607,0.0508,,0.6495,8.52,1.673
06-11-2020,USA,North America,Alpha,11,0,10,157,187,0.0795,,8,,51.28,0.812
30-11-2020,UK,Europe,Alpha,3,0,2,36,60,0.054,0.1044,0,0,59.33,0.436
26-05-2020,Italy,Europe,Original,3,0,2,45,,,0.1635,1,0,70.35,0.4
26-01-2022,USA,North America,Omicron,18,0,17,303,360,0.0472,0.075,5,0.5484,28.28,1.118
24-11-2021,South Africa,Africa,Omicron,3,0,2,35,12,0.264,0.0569,0,0.1617,23.44,
23-11-2021,Germany,Europe,Omicron,1,0,0,17,18,0.0564,0.0425,0,0.4408,34.99,1.585
02-06-2020,Argentina,South America,Original,55,1,50,711,385,0.1589,0.1184,15,0,68.09,0.4
24-03-2020,Indonesia,Asia,Original,14,1,12,235,42,0.331,0.2077,7,,83.06,0.4
07-06-2021,Japan,Asia,Delta,39,0,36,425,780,0.0542,0.1468,11,0.2204,80.67,0.4
20-09-2020,Brazil,South America,Original,11,0,10,129,121,0.0988,0.1872,3,0,39.14,0.822
22-07-2021,UK,Europe,Delta,24,0,22,365,432,0.0573,0.1186,6,0.2734,79.08,0.4
04-04-2022,Spain,Europe,Omicron BA.2,13,0,,176,182,0.0594,0.0369,1,0.6306,33.87,1.248
13-10-2022,Canada,North America,Omicron BA.2,7,0,,71,91,0.0682,0.037,0,0.9037,,0.931
03-03-2021,South Africa,Africa,Alpha,11,0,9,113,55,0.2003,0.1362,,0.0278,71.92,0.441
25-08-2020,Italy,Europe,Original,2,0,1,21,30,0.0628,0.1372,0,0,48.39,
04-04-2020,Germany,Europe,Original,36,0,34,481,648,0.0603,0.1462,20,0,76.9,0.4
15-03-2021,Italy,Europe,Alpha,2,0,1,24,32,0.0514,0.2124,1,0.0871,62.89,0.403
28-12-2021,Australia,Oceania,Omicron,6,0,5,81,72,0.0934,0.0551,0,0.5064,27.38,1.88
12-02-2020,France,Europe,Original,1,0,0,13,,,0.1068,0,,,1.195
17-04-2021,Spain,Europe,Delta,1,0,0,17,21,0.0622,0.2094,1,0.1309,63.81,0.451
15-02-2022,Australia,Oceania,Omicron BA.2,16,0,15,270,320,0.0578,0.0333,2,0.5792,51.55,1.081
07-08-2022,Canada,North America,Omicron BA.2,1,0,,13,22,0.0355,0.0212,0,0.8148,42.33,1.391
04-10-2022,Argentina,South America,Omicron BA.2,1,0,,15,11,0.0795,0.0542,0,0.5809,16,2.115
11-07-2020,Mexico,North America,Original,4,0,3,60,44,0.0993,0.1656,2,0,55.81,0.435
22-10-2020,Brazil,South America,Original,26,1,23,429,208,0.1171,0.1079,10,,,0.572
05-02-2020,Indonesia,Asia,Original,6,0,5,69,24,0.249,0.1504,,,15.87,0.692
26-11-2020,Spain,Europe,Alpha,1,0,0,17,22,0.0502,,0,0,51.63,0.477
29-07-2022,Mexico,North America,Omicron BA.2,13,0,,222,104,0.1245,0.0718,3,0.5205,34.31,1.061
18-04-2020,Germany,Europe,Original,3,0,2,51,,,0.1241,1,0,71.57,0.4
07-08-2021,Mexico,North America,Delta,1,0,0,10,7,0.128,0.1535,0,0.1745,63.05,0.576
11-08-2021,South Korea,Asia,Delta,6,0,5,97,144,0.0421,0.162,3,0.3058,55.13,0.844
27-08-2022,Italy,Europe,Omicron BA.2,3,0,2,53,60,0.072,0.0395,0,0.8311,,1.885
01-07-2020,India,Asia,Original,23,0,21,365,230,0.087,0.2044,12,0,64.79,0.459
18-10-2020,Japan,Asia,Original,2,0,1,24,28,0.0545,0.0966,0,,54.13,0.579
24-06-2021,Spain,Europe,Delta,2,0,1,22,26,0.0841,0.1866,1,0.2412,,0.4
21-04-2021,South Korea,Asia,Delta,1,0,0,17,12,0.0876,0.191,0,0.1512,56.55,0.836
04-05-2022,Australia,Oceania,Omicron BA.2,2,0,,29,28,0.0625,0.0503,0,0.691,22.38,1.5
20-09-2020,USA,North America,Original,76,1,69,1327,1064,0.0695,0.2079,52,,50.19,0.579
04-09-2021,Canada,North America,Delta,7,0,6,69,84,0.0856,0.1305,2,0.3092,60.74,0.548
01-08-2020,France,Europe,Original,2,0,1,29,48,0.0437,0.1401,0,0,57.29,0.456
09-07-2021,Brazil,South America,Delta,27,1,25,420,270,0.1228,0.1667,,0.1657,66.41,0.751
24-09-2022,South Africa,Africa,Omicron BA.2,5,0,4,89,25,0.212,0.0789,1,0.3004,22.69,
03-07-2021,Turkey,Asia,Delta,1,0,0,16,8,0.119,0.1213,0,0.1473,58.3,0.88
20-05-2020,India,Asia,Original,7,0,6,103,,,0.1711,3,0,65.76,0.4
30-07-2022,USA,North America,Omicron BA.2,11,0,10,158,220,0.0447,0.0418,1,0.8001,14.45,2.098
02-07-2022,Canada,North America,Omicron BA.2,1,0,0,13,12,0.0739,0.0481,0,0.7498,14.76,2.125
18-04-2020,Canada,North America,Original,7,0,6,77,,,,1,0,86.64,
09-08-2022,South Korea,Asia,Omicron BA.2,2,0,,23,24,0.0838,0.0393,0,0.7974,30.3,1.092
20-11-2021,Argentina,South America,Omicron,15,0,14,202,150,0.1109,0.0487,1,0.2913,31.44,1.573
14-03-2020,Japan,Asia,Original,2,0,1,33,48,0.0422,0.1716,1,0,91.09,0.4
07-03-2020,Australia,Oceania,Original,1,0,0,18,14,0.0531,0.1102,0,0,85.5,
27-06-2020,Mexico,North America,Original,12,1,10,213,96,0.1052,0.2058,,0,45.8,0.531
24-04-2020,Japan,Asia,Original,1,0,0,17,,,0.1504,0,0,69.91,0.4
30-12-2020,UK,Europe,Alpha,8,0,7,99,192,0.0151,,2,0,65.65,0.4
06-03-2021,Italy,Europe,Alpha,5,0,4,66,90,0.0714,0.21,3,0.0727,60.21,0.461
14-06-2020,South Korea,Asia,Original,1,0,0,12,15,0.0828,0.1505,0,0,70.48,0.4
09-09-2020,Italy,Europe,Original,5,0,4,78,90,0.0682,0.1062,1,,46.8,0.668
29-04-2020,India,Asia,Original,178,2,172,2491,1780,0.082,0.1791,77,0,,0.4
25-06-2020,Italy,Europe,Original,1,0,0,15,13,0.0788,0.1757,0,0,72.49,0.4
06-08-2021,Mexico,North America,Delta,6,0,5,91,60,0.0905,0.1301,,0.1798,48.28,1.151
11-05-2020,Russia,Europe,Original,1,0,0,11,,,0.1739,0,0,48.15,0.61
05-11-2020,Mexico,North America,Alpha,17,1,15,208,187,0.0994,0.2063,10,0,38.58,0.822
06-10-2021,France,Europe,Delta,3,0,2,34,54,0.0645,0.1031,0,0.3934,63.77,0.689
02-06-2021,Italy,Europe,Delta,27,1,25,416,594,0.0436,0.183,16,0.2034,80,
12-05-2020,Brazil,South America,Original,12,0,11,199,108,0.1037,0.1289,,0,47.72,0.603
14-07-2021,Mexico,North America,Delta,6,0,5,73,60,0.0903,0.1216,2,0.1705,79.19,0.4
18-11-2021,USA,North America,Omicron,15,0,14,155,180,0.071,,2,0.458,22.95,1.333
11-07-2022,Russia,Europe,Omicron BA.2,12,0,11,148,108,0.1243,0.0663,,0.498,40.85,1.647
08-07-2021,Germany,Europe,Delta,15,0,13,241,240,0.063,0.1685,7,0.2381,70.84,0.442
13-09-2020,USA,North America,Original,1,0,0,16,12,0.0847,0.1356,0,0,36.34,0.447
06-09-2021,Russia,Europe,Delta,2,0,1,26,16,0.1347,0.2247,,0.2223,55.61,0.833
03-06-2021,South Korea,Asia,Delta,2,0,1,35,46,0.046,0.1529,1,0.208,,0.413
24-02-2022,Spain,Europe,Omicron BA.2,2,0,1,35,44,0.0497,0.0505,0,0.5739,41.37,1.134
17-02-2020,Japan,Asia,Original,21,0,19,318,,,0.1591,14,0,,1.178
24-07-2021,Mexico,North America,Delta,6,0,5,106,48,0.1415,0.213,4,0.1845,66.71,
05-12-2022,Turkey,Asia,Omicron BA.2,2,0,1,31,22,0.0776,0.0326,0,0.6325,29.42,1.678
14-12-2022,Turkey,Asia,Omicron BA.2,2,0,1,21,20,0.112,0.0373,0,0.628,41.74,1.121
04-11-2021,USA,North America,Omicron,53,0,50,747,742,0.064,0.061,12,0.4368,48.52,1.412
21-02-2022,Turkey,Asia,Omicron BA.2,15,0,14,222,135,0.1177,0.0477,,0.3561,45.1,1.288
28-06-2021,USA,North America,Delta,95,1,89,1641,1330,0.0717,0.1263,61,0.2589,54.73,0.764
18-10-2021,Australia,Oceania,Omicron,1,0,0,13,24,0.0219,0.0601,0,0.4045,,0.696
19-05-2022,Colombia,South America,Omicron BA.2,1,0,0,17,10,0.0997,0.0578,0,0.45,39.23,1.036
27-04-2021,Canada,North America,Delta,1,0,0,11,18,0.0509,0.1508,0,0.1535,79,0.428
10-09-2022,South Africa,Africa,Omicron BA.2,27,0,,288,81,0.3153,0.089,5,0.2952,22.58,1.548
01-12-2021,UK,Europe,Omicron,9,0,8,94,198,0.0483,0.05,1,0.4607,26.96,1.668
11-04-2020,India,Asia,Original,17,0,15,301,170,0.1008,0.1392,11,,96.96,0.4
19-05-2022,France,Europe,Omicron BA.2,9,0,,145,198,0.0425,,0,0.7141,28.95,1.598
24-05-2021,Argentina,South America,Delta,1,0,0,11,9,0.1139,0.2407,,0.1102,78.47,0.471
07-02-2020,Japan,Asia,Original,1,0,0,15,21,0.0532,0.1497,0,0,9.07,1.147
26-01-2022,South Africa,Africa,Omicron,8,0,7,104,40,0.1849,,1,0.183,57.6,1.23
11-04-2022,South Africa,Africa,Omicron BA.2,8,0,7,130,40,0.2142,0.0803,,,25.95,2.128
30-10-2021,Argentina,South America,Omicron,6,0,5,75,36,0.1569,,1,0.2661,64.26,0.982
11-07-2021,France,Europe,Delta,7,0,6,72,98,0.0729,0.2007,2,0.2603,52.98,0.699
17-07-2020,Brazil,South America,Original,2,0,1,27,12,0.1553,0.1199,,0,46.47,0.521
07-01-2022,Japan,Asia,Omicron,57,0,52,626,855,0.0549,,12,0.5085,49.58,1.032
25-03-2022,India,Asia,Omicron BA.2,100,0,,1666,900,0.1245,0.0411,11,0.4036,25.38,2.33
19-09-2020,UK,Europe,Original,1,0,0,14,19,0.0352,0.1027,0,0,38.52,0.574
20-08-2021,Spain,Europe,Delta,3,0,2,46,63,0.0454,0.1159,1,0.3239,42.64,0.642
02-05-2020,South Africa,Africa,Original,7,0,6,111,21,0.3516,0.0905,2,0,59.84,0.4
23-03-2021,Canada,North America,Delta,9,0,8,138,153,0.0635,0.1322,2,0.1094,53.55,0.623
08-12-2022,Japan,Asia,Omicron BA.2,2,0,,26,46,0.0477,0.0211,0,0.92,22.11,1.668
31-08-2021,Australia,Oceania,Delta,26,0,24,405,546,0.03,0.0994,10,0.3285,70.97,
18-04-2020,Argentina,South America,Original,1,0,0,17,,,0.1656,,0,85.92,0.4
11-05-2022,South Africa,Africa,Omicron BA.2,1,0,,17,5,0.2061,,0,0.2391,26.34,2.284
12-12-2021,Argentina,South America,Omicron,3,0,2,42,27,0.1106,0.0688,,0.3105,30.7,1.582
12-07-2022,Australia,Oceania,Omicron BA.2,6,0,,78,120,0.0461,0.0443,0,0.7606,22,1.368
14-09-2020,Australia,Oceania,Original,1,0,0,15,19,0.0545,0.2066,0,0,,0.566
06-11-2020,South Africa,Africa,Alpha,5,0,4,86,20,0.2438,,1,0,49.22,0.698
27-04-2020,France,Europe,Original,42,1,38,650,504,0.0719,0.1903,34,0,73.1,0.4
22-05-2022,South Korea,Asia,Omicron BA.2,5,0,,71,80,0.07,0.0362,0,0.6909,14.2,1.597
16-12-2022,South Africa,Africa,Omicron BA.2,3,0,,49,9,0.3398,0.0459,,,29.68,2.352
22-10-2021,Indonesia,Asia,Delta,15,0,14,215,75,0.211,,9,,50.23,0.731
18-08-2021,UK,Europe,Delta,8,0,7,109,136,0.0598,0.2001,6,0.306,,0.86
03-08-2021,Argentina,South America,Delta,1,0,0,15,8,0.1053,0.1266,,0.1789,68.33,0.485
24-08-2021,Pakistan,Asia,Delta,40,1,37,587,120,0.3314,0.1172,,0.1212,68.52,0.634
13-06-2022,UK,Europe,Omicron BA.2,7,0,6,69,84,0.093,0.0538,0,0.7249,,1.16
26-03-2021,Colombia,South America,Delta,1,0,0,11,11,0.1021,0.2386,0,0.0608,68.89,0.713
14-08-2022,Russia,Europe,Omicron BA.2,17,0,,273,187,0.0693,0.0458,,0.5223,16.64,1.779
24-12-2020,Argentina,South America,Alpha,2,0,1,31,20,0.1048,0.1377,0,0,49.73,
18-03-2022,Italy,Europe,Omicron BA.2,1,0,,12,24,0.0238,0.0339,0,0.6097,30.39,1.594
15-04-2022,Pakistan,Asia,Omicron BA.2,112,1,,1158,336,0.339,0.0458,10,0.2262,15.43,2.457
23-08-2020,Argentina,South America,Original,7,0,6,120,63,0.1142,0.0943,,0,34.98,0.632
27-02-2021,Pakistan,Asia,Alpha,1,0,0,11,3,0.3482,0.1299,,0.0078,64.07,
12-03-2022,Indonesia,Asia,Omicron BA.2,40,0,38,691,120,0.3229,0.0548,6,,28.64,1.888
11-04-2022,Canada,North America,Omicron BA.2,3,0,,38,57,0.0556,0.0355,0,0.6521,26.53,1.907
01-07-2020,Canada,North America,Original,1,0,0,16,23,0.0489,0.1276,0,,78.61,0.4
16-05-2020,France,Europe,Original,1,0,0,13,,,0.1493,0,0,68.17,0.4
09-09-2022,Turkey,Asia,Omicron BA.2,7,0,,107,42,0.173,0.0414,0,0.5369,29.26,1.657
22-07-2022,USA,North America,Omicron BA.2,37,0,,576,814,0.058,0.0445,5,0.7766,24.48,
22-07-2022,Australia,Oceania,Omicron BA.2,23,0,21,284,391,0.0656,0.0266,1,0.7949,21.96,2.004
23-10-2021,South Africa,Africa,Omicron,70,1,66,1018,350,0.1781,0.0768,18,,60.43,
25-10-2022,Mexico,North America,Omicron BA.2,7,0,6,69,70,0.1031,0.0407,,0.6023,26.14,1.467
10-01-2022,France,Europe,Omicron,1,0,0,10,20,0.0568,0.0475,0,0.5317,29.4,1.011
12-04-2021,Argentina,South America,Alpha,1,0,0,13,7,0.1471,0.2129,0,0.0929,78.01,0.4
23-04-2022,Germany,Europe,Omicron BA.2,1,0,,9,12,0.0791,0.0421,0,0.6623,32.53,1.756
17-12-2020,Australia,Oceania,Alpha,2,0,1,33,24,0.0645,0.1331,0,0,77.66,0.403
11-09-2021,Japan,Asia,Delta,11,0,10,195,187,0.0648,0.1329,4,0.3357,51.19,0.85
28-09-2022,UK,Europe,Omicron BA.2,24,0,,372,312,0.1006,0.0234,1,0.8678,27.99,1.33
07-11-2020,South Africa,Africa,Original,1,0,0,12,5,0.1998,0.1535,0,0,56.47,0.4
25-06-2021,Colombia,South America,Delta,4,0,3,57,40,0.1022,0.2364,2,0.1646,84.6,0.4
09-04-2020,South Korea,Asia,Original,3,0,2,41,,,0.1601,1,0,67.18,
21-08-2020,Argentina,South America,Original,14,0,12,157,126,0.0907,0.1801,,0,40.78,0.579
08-08-2022,Italy,Europe,Omicron BA.2,8,0,,80,96,0.0767,0.0275,0,0.8258,15.63,2.009
05-01-2022,Spain,Europe,Omicron,3,0,2,46,42,0.0739,0.045,0,0.5009,36.88,0.928
27-06-2020,Argentina,South America,Original,1,0,0,10,11,0.0866,0.0928,0,,,
04-05-2020,UK,Europe,Original,42,1,39,725,,,0.1266,14,,63.01,0.433
14-09-2020,Turkey,Asia,Original,10,0,9,125,110,0.0739,0.19,3,0,53.88,
31-10-2020,Argentina,South America,Alpha,1,0,0,17,8,0.1283,0.1665,0,,48.44,0.622
07-09-2020,India,Asia,Original,169,2,156,1883,1352,0.1241,,,0,51.19,0.626
17-03-2020,USA,North America,Original,320,0,19,262,,,0.1917,13,,82.46,0.4
23-08-2022,Italy,Europe,Omicron BA.2,17,0,16,176,323,0.0555,0.0364,1,0.8365,19.24,1.658
22-08-2020,Russia,Europe,Original,1,0,0,10,10,0.0994,,0,,46.69,0.531
31-01-2022,Australia,Oceania,Omicron,1,0,0,11,21,0.0398,0.0415,0,0.5546,,1.329
16-08-2020,Spain,Europe,Original,1,0,0,10,15,0.072,0.0995,0,,55.77,0.404
21-05-2021,South Korea,Asia,Delta,4,0,3,48,52,0.081,,2,0.1953,69.84,0.4
26-04-2021,Indonesia,Asia,Delta,21,1,18,218,63,0.3391,0.13,,,57.5,0.578
31-10-2022,Russia,Europe,Omicron BA.2,3,0,,31,30,0.0895,0.0443,0,0.595,18.97,1.314
01-10-2022,USA,North America,Omicron BA.2,17,0,16,172,289,0.0605,0.021,0,0.8946,37.33,0.889
19-05-2020,South Korea,Asia,Original,3,0,2,31,,,,1,0,69.21,0.4
15-01-2021,Mexico,North America,Alpha,5,0,4,66,50,0.1038,0.1542,1,0.018,62.58,0.667
08-04-2021,Brazil,South America,Alpha,59,2,53,1026,472,0.1224,0.1857,34,0.08,75.51,
06-04-2020,South Africa,Africa,Original,1,0,0,12,3,0.3339,0.1799,0,0,87.24,0.4
03-01-2021,South Africa,Africa,Alpha,3,0,2,48,12,0.2654,,1,0,55.15,0.676
23-12-2022,Indonesia,Asia,Omicron BA.2,35,1,33,360,105,0.3451,0.0438,2,0.363,19.64,2.727
05-06-2021,Argentina,South America,Delta,1,0,0,12,11,0.1013,0.1915,0,0.1423,,0.4
20-02-2020,France,Europe,Original,2,0,1,34,,,0.1171,0,0,,1.022
07-05-2022,Japan,Asia,Omicron BA.2,1,0,0,13,15,0.0672,0.031,0,0.6689,27.27,1.106
26-02-2022,Indonesia,Asia,Omicron BA.2,58,1,53,710,174,0.3392,,10,0.2136,44.37,1.093
13-09-2022,Argentina,South America,Omicron BA.2,1,0,0,16,6,0.1808,0.0533,0,0.5542,39.57,1.825
02-03-2021,UK,Europe,Alpha,10,0,9,134,210,0.058,0.2116,5,0.064,,0.569
29-07-2021,Italy,Europe,Delta,1,0,0,10,14,0.0614,0.2106,0,0.2918,55.18,0.553
05-11-2022,Turkey,Asia,Omicron BA.2,17,0,,284,119,0.137,0.0466,2,0.5989,21.1,1.841
03-04-2020,Mexico,North America,Original,4,0,3,49,,,0.1928,,0,65.79,0.4
09-08-2022,Mexico,North America,Omicron BA.2,10,0,9,120,70,0.1546,0.0673,,0.5323,37.82,1.333
25-12-2021,Argentina,South America,Omicron,9,0,8,159,90,0.1195,0.0512,,0.3026,45.92,
28-06-2020,Germany,Europe,Original,1,0,0,15,18,0.0708,0.1359,0,,68.98,
21-05-2020,South Africa,Africa,Original,9,0,8,145,45,0.2056,,6,0,75.85,0.4
20-01-2021,Australia,Oceania,Alpha,1,0,0,10,24,0.0434,0.0989,0,0.018,55.27,0.559
16-06-2020,Germany,Europe,Original,19,0,17,255,456,0.0433,0.1515,7,0,58.78,0.433
06-07-2022,UK,Europe,Omicron BA.2,6,0,5,75,108,0.0376,0.0451,0,0.7739,23.76,
23-08-2020,India,Asia,Original,15,0,14,230,150,0.0906,0.1235,4,0,32.99,0.613
11-04-2021,Australia,Oceania,Delta,1,0,0,13,22,0.0553,0.1554,0,0.1361,71.44,0.4
31-05-2021,UK,Europe,Delta,4,0,3,54,64,0.0571,0.1455,2,0.2018,,0.969
25-01-2020,Japan,Asia,Original,54,1,51,977,1134,0.0506,0.2003,50,0,14.85,0.999
14-08-2021,Spain,Europe,Delta,4,0,3,53,92,0.0315,0.1759,1,0.2968,53.47,0.965
27-09-2021,Italy,Europe,Delta,1,0,0,11,17,0.0626,0.1573,0,0.3579,40.3,0.929
25-06-2021,Russia,Europe,Delta,14,0,12,205,154,0.1128,0.2155,7,0.169,69.53,0.553
01-11-2020,USA,North America,Original,2,0,1,31,48,0.0605,0.1727,1,0,51.12,0.4
18-06-2021,France,Europe,Delta,6,0,5,91,72,0.0699,0.2282,3,0.2171,73.61,0.525
20-03-2022,Brazil,South America,Omicron BA.2,12,0,,205,72,0.1635,0.081,2,0.4113,36.53,1.987
22-09-2022,Argentina,South America,Omicron BA.2,4,0,,55,40,0.1124,0.0376,0,0.5606,,1.061
17-05-2022,Italy,Europe,Omicron BA.2,1,0,,15,17,0.0401,0.0306,0,0.6816,38.38,1.431
06-04-2021,South Korea,Asia,Delta,1,0,0,17,12,0.081,0.1531,0,0.1414,69.32,0.404
19-06-2020,South Korea,Asia,Original,1,0,0,14,16,0.0552,0.1075,0,0,71.98,0.4
18-12-2021,Canada,North America,Omicron,10,0,9,180,240,0.0339,0.0723,2,0.4871,28.69,1.34
17-06-2021,Brazil,South America,Delta,1,0,0,13,10,0.0995,0.2106,,0.1379,77.86,
16-01-2022,Argentina,South America,Omicron,1,0,0,10,11,0.0977,0.0844,0,0.3632,27.19,1.379
21-03-2021,France,Europe,Delta,8,0,7,138,120,0.0574,0.2498,8,0.0952,75.31,
16-02-2022,Italy,Europe,Omicron BA.2,3,0,2,36,36,0.0938,0.0613,0,0.5552,40.56,1.71
25-10-2020,France,Europe,Original,1,0,0,10,21,0.0657,0.1662,0,0,52.34,0.516
11-05-2022,Russia,Europe,Omicron BA.2,65,1,62,955,715,0.0826,0.0439,10,0.4292,27.68,1.659
19-09-2020,Japan,Asia,Original,56,1,52,1003,1120,0.048,0.123,34,0,39.89,0.438
07-12-2020,Canada,North America,Alpha,2,0,1,22,46,0.0567,0.1146,0,,62.8,0.4
13-03-2022,Italy,Europe,Omicron BA.2,7,0,,113,105,0.0639,0.0496,1,0.6124,21.78,2.334
29-10-2020,South Korea,Asia,Alpha,2,0,1,24,46,0.0498,0.1802,0,0,46.46,0.55
02-07-2020,Italy,Europe,Original,1,0,0,15,13,0.0776,0.1361,0,0,71.74,0.4
17-02-2021,Brazil,South America,Alpha,28,1,25,471,252,0.1054,,,0.0356,59.46,0.476
17-10-2022,Turkey,Asia,Omicron BA.2,17,0,16,269,187,0.1011,0.0557,,0.5814,23.24,1.8
03-05-2022,Australia,Oceania,Omicron BA.2,8,0,,126,176,0.0699,0.0438,1,0.6632,17.37,1.742
22-07-2020,Canada,North America,Original,1,0,0,16,20,0.047,0.1706,0,0,54.86,0.4
19-10-2020,Spain,Europe,Original,1,0,0,15,22,0.0473,0.1295,0,0,43.45,0.595
18-07-2022,Indonesia,Asia,Omicron BA.2,30,1,28,513,90,0.3598,0.0732,,0.2936,32.8,2.229
04-12-2021,India,Asia,Omicron,371,2,346,3862,4081,0.909307677,0.0949,,0.2939,38.18,1.381
11-05-2021,UK,Europe,Delta,1,0,0,11,22,0.0297,0.1851,0,0.1579,76.02,0.4
06-07-2022,South Korea,Asia,Omicron BA.2,1,0,0,16,21,0.0566,0.0354,0,0.7755,30.89,1.492
07-11-2022,Argentina,South America,Omicron BA.2,5,0,,65,55,0.1076,0.0391,,0.6207,30.17,1.661
30-10-2020,USA,North America,Alpha,7,0,6,90,147,0.0439,0.1646,2,,37.4,0.596
06-05-2022,Italy,Europe,Omicron BA.2,1,0,0,12,14,0.0742,0.0358,0,0.6808,17.29,1.654
04-01-2021,Mexico,North America,Alpha,3,0,2,36,24,0.1265,0.2021,,0,67.1,0.543
28-03-2022,Turkey,Asia,Omicron BA.2,156,0,144,2433,936,0.156,0.0401,24,0.407,19.26,1.991
11-08-2022,Indonesia,Asia,Omicron BA.2,13,0,12,227,52,0.2531,0.0577,3,0.2949,12.84,2.759
29-09-2021,Pakistan,Asia,Delta,12,0,10,174,36,0.3382,0.1682,8,0.1221,40.6,1.231
08-04-2020,France,Europe,Original,1,0,0,10,23,0.0616,0.1685,0,0,89.86,
02-05-2020,Germany,Europe,Original,2,0,1,28,,,0.1039,0,,,0.4
08-10-2020,Pakistan,Asia,Original,2,0,1,32,8,0.2526,0.1836,1,,55.29,0.486
28-08-2020,South Korea,Asia,Original,1,0,0,14,13,0.0747,0.1914,0,0,56.31,0.4
09-05-2021,South Africa,Africa,Delta,4,0,3,60,20,0.1965,0.1922,,,90.16,0.4
13-05-2022,Germany,Europe,Omicron BA.2,1,0,,15,14,0.0685,0.0412,0,0.6822,18.15,1.693
29-11-2022,Australia,Oceania,Omicron BA.2,28,0,27,355,392,0.0819,,1,0.92,28.83,1.315
07-07-2021,Italy,Europe,Delta,11,0,10,126,143,0.0667,0.2219,6,0.255,75.97,0.533
29-11-2022,Australia,Oceania,Omicron BA.2,1,0,0,11,23,0.0445,0.0283,0,0.92,37.47,1.052
09-11-2020,Germany,Europe,Alpha,3,0,2,39,66,0.0354,0.1739,1,0,53.97,0.79
18-10-2020,India,Asia,Original,31,0,29,407,217,0.1378,0.1593,,,46.01,0.643
16-03-2022,South Korea,Asia,Omicron BA.2,1,0,0,14,20,0.0565,,0,0.5939,36.3,1.769
07-02-2020,Spain,Europe,Original,16,0,15,177,224,0.0776,0.1887,5,0,21.64,0.585
05-08-2021,Spain,Europe,Delta,12,0,11,154,216,0.056,0.192,4,0.3038,36.66,0.862
21-05-2020,Italy,Europe,Original,6,0,5,59,,,0.1699,2,0,66.34,0.4
15-07-2022,France,Europe,Omicron BA.2,2,0,,21,30,0.0739,0.0296,0,0.7665,31.64,
23-09-2021,Argentina,South America,Delta,3,0,2,50,27,0.1072,0.1391,1,0.2329,56.93,0.714
04-09-2020,France,Europe,Original,2,0,1,33,36,0.0554,0.1526,1,,,0.53
25-07-2022,Colombia,South America,Omicron BA.2,11,0,,130,121,0.0872,0.0711,2,0.5051,,1.56
06-12-2020,India,Asia,Alpha,130,2,119,1690,1170,0.0855,0.1566,47,0,53.32,0.794
05-07-2020,Mexico,North America,Original,5,0,4,77,30,0.1651,0.1876,3,0,65.88,0.425
25-03-2022,Canada,North America,Omicron BA.2,8,0,7,123,168,0.0668,0.053,1,0.6236,41.05,1.336
09-07-2020,UK,Europe,Original,1,0,0,17,23,0.022,0.1184,0,,59.72,0.4
19-02-2020,South Korea,Asia,Original,1,0,0,13,,,0.1612,0,0,15.83,1.013
09-03-2021,France,Europe,Alpha,1,0,0,15,23,0.0338,0.1723,0,0.0908,54.67,0.499
21-12-2022,Germany,Europe,Omicron BA.2,4,0,3,46,56,0.0553,0.0242,0,0.92,12.57,1.977
31-01-2021,Mexico,North America,Alpha,2,0,1,36,18,0.1082,0.1157,1,,,0.603
26-10-2020,South Korea,Asia,Original,5,0,4,87,90,0.0477,0.1063,1,0,54.8,0.4
02-05-2021,Indonesia,Asia,Delta,38,2,34,442,190,0.203,0.1223,,0.048,68.45,0.695
11-12-2020,Mexico,North America,Alpha,4,0,3,58,44,0.0892,0.2234,,0,81.86,0.4
27-10-2022,Turkey,Asia,Omicron BA.2,40,0,37,721,320,0.1186,0.0492,6,0.5676,14.7,1.911
31-07-2021,Colombia,South America,Delta,3,0,2,43,18,0.1647,0.1618,1,0.1692,76.35,0.523
28-01-2022,Colombia,South America,Omicron,2,0,1,25,20,0.1168,0.0837,0,0.3614,51.36,
28-11-2021,India,Asia,Omicron,301,1,285,3648,2107,0.1518,0.0881,58,0.2877,41,1.563
12-12-2020,South Korea,Asia,Alpha,5,0,4,72,105,0.0459,,3,0,49.18,0.716
05-02-2021,Australia,Oceania,Alpha,7,0,6,124,133,0.0444,0.1586,4,0.0266,66.37,0.4
13-02-2022,UK,Europe,Omicron,1,0,0,17,13,0.0933,0.0724,0,0.5562,44.47,
03-04-2022,South Africa,Africa,Omicron BA.2,15,0,,181,60,0.2422,0.0535,2,,6.75,2.106
09-06-2021,Canada,North America,Delta,4,0,3,72,52,0.0853,0.179,2,0.2195,,0.597
25-01-2021,Canada,North America,Alpha,1,0,0,12,13,0.0741,0.1598,0,0.0171,70.53,0.4
28-09-2021,Germany,Europe,Delta,19,0,18,330,266,0.0784,0.1895,12,0.3692,61.4,0.681
23-05-2022,Italy,Europe,Omicron BA.2,5,0,4,69,75,0.0683,0.0532,0,0.6973,28.53,1.75
03-01-2022,South Korea,Asia,Omicron,32,0,31,440,448,0.0588,,5,0.5169,32.75,1.74
03-05-2021,Turkey,Asia,Delta,5,0,4,81,30,0.1905,0.1865,,0.1058,74.01,0.532
16-03-2021,Italy,Europe,Alpha,1,0,0,14,21,0.0527,0.2004,0,0.0972,61.73,0.644
01-07-2020,South Korea,Asia,Original,1,0,0,17,21,0.0329,0.1783,0,0,,0.4
15-11-2020,Italy,Europe,Original,4,0,3,46,68,0.0686,0.1889,1,,53.22,0.454
20-07-2022,Pakistan,Asia,Omicron BA.2,81,1,,1370,324,0.2577,0.0633,22,0.2737,13.5,2.111
25-09-2022,South Korea,Asia,Omicron BA.2,1,0,0,14,13,0.078,,0,0.8656,26.27,1.092
08-12-2020,France,Europe,Alpha,7,0,6,105,161,0.0359,0.137,2,0,70.55,0.4
13-09-2021,Pakistan,Asia,Delta,56,1,51,613,280,0.2023,0.1935,,0.1437,61.89,
13-03-2022,Pakistan,Asia,Omicron BA.2,12,0,11,197,60,0.1921,0.0489,2,,41.24,
14-05-2020,Russia,Europe,Original,2,0,1,22,20,0.1094,0.1259,0,0,73.7,0.4
08-04-2022,South Africa,Africa,Omicron BA.2,2,0,1,33,6,0.3253,0.0811,,0.2269,18.59,2.038
21-02-2020,USA,North America,Original,8,0,7,92,,,,2,0,80.08,0.4
17-08-2020,Russia,Europe,Original,22,1,20,240,198,0.1002,0.1071,,0,37.97,0.709
01-07-2022,Japan,Asia,Omicron BA.2,17,0,16,183,357,0.0423,0.0386,1,0.7555,6.53,1.978
16-07-2020,Pakistan,Asia,Original,1,0,0,10,5,0.2056,,,,43,0.519
23-01-2020,India,Asia,Original,34,1,32,458,204,0.1754,0.1903,,,5.96,0.779
20-05-2020,USA,North America,Original,19,0,17,208,304,0.0554,0.1125,3,,69.44,0.4
22-01-2022,Pakistan,Asia,Omicron,17,0,15,293,85,0.2044,,6,,18.51,1.733
11-05-2022,Russia,Europe,Omicron BA.2,45,0,,510,315,0.1286,0.078,6,0.4465,10.67,
04-04-2021,Turkey,Asia,Alpha,1,0,0,13,9,0.107,0.1893,0,0.0881,53.76,0.441
24-07-2022,USA,North America,Omicron BA.2,3,0,2,38,54,0.0639,0.048,0,0.7892,20.47,1.635
21-12-2022,France,Europe,Omicron BA.2,3,0,2,32,60,0.052,0.0316,0,0.92,15.99,1.976
29-09-2022,Japan,Asia,Omicron BA.2,2,0,1,27,28,0.081,0.0371,0,0.886,32.98,0.856
15-10-2020,South Africa,Africa,Original,1,0,0,10,4,0.2585,0.1503,0,,45.56,0.658
29-10-2020,Colombia,South America,Alpha,7,0,6,89,49,0.139,0.2051,,0,57.58,
13-04-2021,Colombia,South America,Delta,2,0,1,27,16,0.114,0.167,0,0.0901,65.28,0.572
27-10-2022,UK,Europe,Omicron BA.2,6,0,,105,114,0.0583,0.0182,0,0.92,31.42,1.533
01-04-2022,Germany,Europe,Omicron BA.2,15,0,,165,315,0.0318,0.0353,1,0.6497,29.15,
16-03-2021,Germany,Europe,Alpha,8,0,7,117,176,0.0465,0.1452,3,0.1021,61.48,0.478
10-08-2022,India,Asia,Omicron BA.2,233,1,,3052,1631,0.1534,,34,0.5177,14.01,2.354
29-04-2022,Australia,Oceania,Omicron BA.2,2,0,1,27,40,0.0582,0.0549,0,0.6695,30.41,1.782
18-07-2020,UK,Europe,Original,1,0,0,13,21,0.0667,0.1017,0,0,68.49,0.4
22-10-2021,South Korea,Asia,Delta,5,0,4,49,95,0.0491,0.102,1,0.4141,67.06,0.4
08-01-2021,Italy,Europe,Alpha,11,0,10,198,242,0.0277,0.1791,5,0,54.69,0.563
26-10-2022,France,Europe,Omicron BA.2,4,0,3,62,92,0.0316,0.0248,0,0.9176,26.32,1.805
30-06-2020,Australia,Oceania,Original,6,0,5,105,114,0.0588,0.1221,2,,53.29,0.599
26-08-2022,Italy,Europe,Omicron BA.2,1,0,,15,21,0.0534,0.0441,0,0.8307,20.61,2.021
23-02-2021,South Korea,Asia,Alpha,10,0,9,169,160,0.0664,0.1186,4,0.0773,,0.721
09-10-2022,Brazil,South America,Omicron BA.2,22,0,20,248,176,0.1137,0.0293,1,0.5808,14.67,1.739
11-12-2021,South Korea,Asia,Omicron,1,0,0,15,12,0.1058,0.0691,0,0.4794,,
27-04-2020,Russia,Europe,Original,6,0,5,83,48,0.1176,0.1311,,0,66.96,0.4
17-03-2020,Turkey,Asia,Original,1,0,0,16,9,0.1221,0.1438,0,,83.8,0.4
19-10-2022,Canada,North America,Omicron BA.2,13,0,,234,299,0.0313,,1,0.9123,20.9,1.158
25-11-2020,UK,Europe,Alpha,5,0,4,89,75,0.0655,,3,0,41.3,0.925
05-12-2021,India,Asia,Omicron,2088,10,1938,27835,20880,0.1105,0.0481,372,0.2901,48.23,1.394
16-07-2021,USA,North America,Delta,129,2,120,2295,1806,0.0866,0.1995,113,0.2672,80.22,0.4
13-06-2020,India,Asia,Original,203,3,186,2163,1624,0.1208,0.1874,95,0,53.27,0.597
15-02-2020,South Africa,Africa,Original,4,0,3,62,12,0.3353,0.1571,1,0,,0.947
11-09-2022,Indonesia,Asia,Omicron BA.2,17,0,15,292,51,0.3303,0.0445,,0.3005,13.65,1.73
29-10-2020,Brazil,South America,Original,7,0,6,92,49,0.1441,0.187,3,0,46.58,0.604
25-10-2021,Italy,Europe,Omicron,1,0,0,10,18,0.0628,0.0591,0,0.4297,40.57,0.848
12-09-2021,South Africa,Africa,Delta,5,0,4,73,15,0.3404,0.2107,,0.1169,46.46,1.269
13-08-2022,Canada,North America,Omicron BA.2,5,0,,83,115,0.046,0.0257,0,0.8152,35.49,1.636
09-01-2021,Spain,Europe,Alpha,1,0,0,11,13,0.0758,0.1218,0,,62.31,0.566
28-04-2020,UK,Europe,Original,2,0,1,25,42,0.0407,0.1489,1,,71.51,0.4
24-11-2022,Japan,Asia,Omicron BA.2,2,0,1,23,32,0.0637,0.0286,0,0.92,10.7,2.101
27-09-2021,Indonesia,Asia,Delta,1,0,0,17,5,0.2049,,0,0.1171,,1.077
25-10-2022,Pakistan,Asia,Omicron BA.2,8,0,,83,40,0.188,0.0796,,,40.06,1.285
05-01-2022,India,Asia,Omicron,246,1,234,3358,1476,0.1619,0.0837,75,0.3193,,1.846
23-01-2022,USA,North America,Omicron,296,1,285,4421,6808,0.0403,0.057,72,0.5241,50.63,1.245
17-06-2022,India,Asia,Omicron BA.2,7,0,6,95,49,0.1364,0.0427,,0.4508,,1.946
10-07-2020,Argentina,South America,Original,2,0,1,35,12,0.1678,0.1377,1,,50.54,0.422
25-07-2022,Germany,Europe,Omicron BA.2,3,0,2,34,42,0.063,0.027,0,0.7767,40.33,0.941
22-03-2022,Japan,Asia,Omicron BA.2,2,0,,33,26,0.0889,0.0428,0,0.63,,1.229
07-11-2020,Germany,Europe,Alpha,2,0,1,29,38,0.0596,0.223,1,0,55.67,0.736
27-05-2020,Mexico,North America,Original,5,0,4,65,,,,,0,50.1,0.694
30-10-2022,Brazil,South America,Omicron BA.2,199,1,,3567,1393,0.1365,0.0471,49,0.5906,14.52,1.534
11-09-2022,Pakistan,Asia,Omicron BA.2,4,0,,41,12,0.3361,0.0413,0,0.3106,28.97,
02-01-2021,Turkey,Asia,Alpha,15,0,14,227,120,0.1185,0.1018,3,,76.46,0.4
30-08-2020,Italy,Europe,Original,1,0,0,17,23,0.033,0.1944,0,0,55.37,0.4
02-10-2020,Colombia,South America,Original,1,0,0,14,6,0.1564,0.1932,,0,45.63,0.479
02-11-2021,South Korea,Asia,Omicron,1,0,0,11,13,0.0691,0.084,0,0.4077,61.08,0.823
01-06-2020,Brazil,South America,Original,19,1,17,262,190,0.0956,0.1588,,0,,0.61
02-06-2020,Mexico,North America,Original,1,0,0,9,6,0.187,0.184,,0,70.95,0.404
25-03-2021,Turkey,Asia,Alpha,3,0,2,51,27,0.1244,0.2104,,0.0753,63.09,0.609
19-08-2022,South Korea,Asia,Omicron BA.2,7,0,,111,154,0.0467,0.0293,0,0.8106,19.4,1.738
19-04-2022,Turkey,Asia,Omicron BA.2,18,0,,202,198,0.0685,0.0484,1,0.422,34.53,1.499
06-09-2022,Canada,North America,Omicron BA.2,20,0,18,266,480,0.0382,,3,0.8502,30.45,1.337
15-03-2021,South Africa,Africa,Alpha,1,0,0,11,5,0.2089,0.1047,,,,0.503
14-11-2021,South Africa,Africa,Omicron,10,0,9,181,50,0.1956,0.0532,2,0.1729,19.89,1.758
22-03-2022,Turkey,Asia,Omicron BA.2,7,0,,113,63,0.0983,0.0632,,0.4058,26.79,2.049
26-05-2020,Mexico,North America,Original,2,0,1,21,22,0.1054,0.1107,,0,69.35,0.4
10-02-2020,Colombia,South America,Original,1,0,0,15,,,0.1225,,0,15.89,
06-10-2021,India,Asia,Omicron,53,0,50,555,583,0.0964,0.0545,4,0.2446,68.98,0.83
12-05-2021,India,Asia,Delta,118,2,111,1331,944,0.1292,0.157,51,0.1156,73.95,0.4
06-03-2021,Germany,Europe,Alpha,4,0,3,61,96,0.0382,0.1728,2,0.0954,69.87,0.52
11-09-2021,Pakistan,Asia,Delta,33,1,31,564,165,0.1995,0.2184,32,0.133,51.16,0.849
12-06-2021,Argentina,South America,Delta,2,0,1,19,16,0.1161,0.1121,,0.1469,67.59,
03-10-2021,Italy,Europe,Delta,8,0,7,106,192,0.0424,0.1416,4,0.363,50.87,0.614
13-02-2021,India,Asia,Alpha,124,1,117,1396,1364,0.1006,0.1034,,0.035,62.73,0.506
27-03-2021,Canada,North America,Alpha,9,0,8,125,108,0.073,0.1335,2,0.1147,56.12,
25-11-2022,South Korea,Asia,Omicron BA.2,3,0,2,39,72,0.0365,0.0204,0,0.92,30.9,0.859
09-08-2022,Colombia,South America,Omicron BA.2,2,0,1,30,12,0.1584,0.0588,0,0.5154,11.39,2.052
03-03-2021,Pakistan,Asia,Alpha,11,0,10,160,44,0.2417,0.2055,,,62.49,0.67
16-07-2021,Japan,Asia,Delta,17,0,16,172,323,0.0538,0.1749,7,0.2692,68.35,0.544
08-02-2020,UK,Europe,Original,7,0,6,123,105,0.0779,0.1764,3,0,16.14,0.613
07-10-2021,Italy,Europe,Delta,1,0,0,18,21,0.0495,0.1981,0,0.3787,60.98,0.71
15-08-2021,UK,Europe,Delta,13,0,12,173,182,0.0757,0.1491,6,0.3032,66.36,0.604
05-01-2021,India,Asia,Alpha,172,2,158,1712,1032,0.1674,,86,0,72.43,0.472
16-06-2020,USA,North America,Original,53,1,49,573,795,0.0582,0.1496,22,,58.15,0.495
05-04-2020,Brazil,South America,Original,6,0,5,107,36,0.155,,3,0,68.36,0.4
27-11-2020,France,Europe,Alpha,1,0,0,11,17,0.0635,0.1866,0,0,43.93,0.543
28-05-2020,Spain,Europe,Original,2,0,1,25,36,0.0759,0.1377,0,0,57.34,0.4
01-10-2022,India,Asia,Omicron BA.2,18,0,,270,198,0.96834377,0.0613,4,0.5594,21.7,1.379
09-12-2021,Australia,Oceania,Omicron,1,0,0,11,19,0.0495,,0,0.4793,37.37,0.888
02-02-2020,Argentina,South America,Original,2,0,1,22,12,0.1546,0.1991,,,10.59,1.021
04-10-2021,Argentina,South America,Omicron,1,0,0,10,10,0.1015,0.0484,,0.2397,73.09,0.48
17-10-2020,Australia,Oceania,Original,3,0,2,49,60,0.0533,0.1367,1,0,39.24,0.766
30-04-2022,Japan,Asia,Omicron BA.2,3,0,2,44,60,0.0465,0.0546,0,0.6641,26.55,
11-10-2021,Spain,Europe,Omicron,2,0,1,24,38,0.0612,0.0737,0,0.4006,61.21,0.84
01-02-2021,South Africa,Africa,Alpha,1,0,0,16,3,0.3281,0.2036,0,,72.06,0.4
10-02-2020,Germany,Europe,Original,7,0,6,73,91,0.0743,0.2025,2,0,15.97,1.111
01-08-2022,Brazil,South America,Omicron BA.2,4,0,3,49,36,0.1123,0.0535,0,0.521,23.4,
12-04-2020,India,Asia,Original,46,1,44,525,322,0.1264,0.1342,,,75.75,0.4
30-04-2020,South Africa,Africa,Original,10,0,9,160,,,0.1419,6,0,74.09,0.4
22-11-2022,Japan,Asia,Omicron BA.2,38,0,,382,608,0.0566,0.0246,1,0.92,22.56,1.343
22-01-2021,Japan,Asia,Alpha,1,0,0,10,16,0.038,0.1195,0,0.0184,62.72,0.4
13-07-2022,Spain,Europe,Omicron BA.2,25,0,23,309,400,0.0555,0.0279,2,0.7653,26.09,1.241
17-09-2020,Russia,Europe,Original,37,1,33,394,222,0.1812,0.1049,,,37.69,0.479
22-09-2021,South Africa,Africa,Delta,6,0,5,64,18,0.3363,,,0.1478,62.58,0.763
01-02-2020,Colombia,South America,Original,3,0,2,34,,,0.1388,1,0,6.59,1.008
26-03-2021,France,Europe,Alpha,1,0,0,12,17,0.0781,0.1619,0,0.1231,82.15,0.4
01-06-2020,Colombia,South America,Original,11,0,10,196,110,0.101,0.2015,,0,60.13,
03-12-2021,India,Asia,Omicron,74,0,72,1099,518,0.146,0.0954,22,0.307,50.83,0.843
27-12-2022,Colombia,South America,Omicron BA.2,12,0,11,128,72,0.1661,0.0454,,0.653,24.62,2.065
23-04-2022,Turkey,Asia,Omicron BA.2,14,0,13,246,126,0.1199,0.0386,,0.4239,26.07,2.289
16-05-2020,France,Europe,Original,19,0,17,306,228,0.1058,0.14,8,0,71.54,0.4
21-06-2022,Canada,North America,Omicron BA.2,1,0,,10,16,0.055,0.0483,0,0.7413,16.52,1.697
14-09-2021,South Africa,Africa,Delta,3,0,2,34,15,0.1786,0.1254,0,0.1243,56.62,0.557
04-08-2021,Russia,Europe,Delta,7,0,6,103,42,0.1694,0.1656,2,0.1914,70.45,0.603
11-08-2021,Russia,Europe,Delta,20,1,18,237,220,0.0844,0.1504,7,0.1704,45.55,1.113
25-09-2021,Australia,Oceania,Delta,1,0,0,13,24,0.0548,,0,0.3738,44.28,0.825
30-06-2020,India,Asia,Original,265,5,243,3971,1855,0.1421,0.1914,194,0,76.77,0.4
07-06-2021,Italy,Europe,Delta,1,0,0,10,15,0.0832,0.2233,0,0.2042,60.94,0.776
28-03-2020,South Korea,Asia,Original,27,0,25,382,,,,15,0,75.37,0.4
27-08-2021,Brazil,South America,Delta,23,1,21,349,207,0.0963,0.1832,14,0.2027,47.4,0.923
25-12-2020,Brazil,South America,Alpha,34,1,31,543,374,0.0839,0.1677,,0,51.72,0.684
13-10-2021,Japan,Asia,Omicron,16,0,15,245,352,0.0305,0.0592,2,0.3968,52.45,0.724
12-05-2020,Germany,Europe,Original,2,0,1,33,,,,1,,62.31,0.498
23-06-2020,France,Europe,Original,1,0,0,16,23,0.0471,0.1441,0,0,42.77,0.797
26-08-2020,Spain,Europe,Original,1,0,0,10,20,0.0333,,0,0,47.94,0.461
20-10-2022,Spain,Europe,Omicron BA.2,4,0,3,72,56,0.0726,,0,0.92,27.47,0.99
05-05-2022,Italy,Europe,Omicron BA.2,1,0,0,12,22,0.0334,0.0359,0,0.683,38.03,1.391
30-08-2020,Australia,Oceania,Original,2,0,1,34,40,0.0456,0.0965,0,0,61.93,
30-01-2022,Russia,Europe,Omicron,9,0,8,122,90,0.1073,0.0942,,0.3489,29.92,1.46
04-08-2020,Brazil,South America,Original,17,0,15,249,153,0.1218,0.1962,,0,56.33,0.4
02-10-2021,Spain,Europe,Delta,12,0,11,143,264,0.0218,0.1604,3,0.3754,56.17,0.573
13-02-2020,Canada,North America,Original,1,0,0,13,,,0.1434,0,0,7.17,0.867
18-08-2022,Germany,Europe,Omicron BA.2,5,0,,90,70,0.0647,0.022,0,0.8044,28.71,1.574
30-11-2022,France,Europe,Omicron BA.2,11,0,10,115,231,0.0529,0.0327,0,0.92,24.76,1.572
07-07-2021,France,Europe,Delta,3,0,2,37,63,0.0646,0.1252,1,0.2561,67.62,0.442
01-07-2022,Indonesia,Asia,Omicron BA.2,22,0,21,395,110,0.1966,0.0416,3,,27.67,2.474
14-03-2020,Germany,Europe,Original,1,0,0,14,16,0.0557,0.1761,0,0,90.97,0.4
28-12-2020,South Africa,Africa,Alpha,1,0,0,15,3,0.3422,,0,0,64.5,0.539
10-03-2021,Italy,Europe,Alpha,2,0,1,24,24,0.0836,0.1197,0,0.0706,,0.502
02-11-2021,Turkey,Asia,Delta,36,0,34,594,288,0.1168,0.0968,,0.2714,55.52,0.7
25-03-2020,South Africa,Africa,Original,4,0,3,55,20,0.1984,0.1907,2,0,71.08,0.4
09-07-2020,Mexico,North America,Original,12,1,11,189,120,0.0899,0.1271,,0,67.65,0.4
12-01-2021,Spain,Europe,Alpha,1,0,0,12,14,0.0732,,0,0.0051,71.12,0.4
27-05-2022,Colombia,South America,Omicron BA.2,10,0,,129,60,0.1673,0.0617,1,0.4649,20.13,1.395
15-09-2021,Russia,Europe,Delta,252,0,13,248,126,0.1147,0.1407,9,0.2248,44.58,0.777
09-03-2021,India,Asia,Alpha,15,0,13,173,90,0.157,0.1471,,0.0779,67.16,0.456
03-07-2022,Japan,Asia,Omicron BA.2,108,0,102,1662,1836,0.0472,0.0258,9,0.7735,34.17,1.614
29-12-2022,Brazil,South America,Omicron BA.2,2,0,,23,14,0.1428,0.0517,0,0.6454,20.69,1.94
13-04-2020,Mexico,North America,Original,9,0,8,122,72,0.123,0.1149,3,0,70.2,0.4
28-02-2021,Germany,Europe,Alpha,-1,0,0,16,24,0.058,0.2008,0,0.0656,82.39,0.4
11-10-2020,South Africa,Africa,Original,3,0,2,38,15,0.1835,,,,47.81,0.456
07-03-2020,Colombia,South America,Original,1,0,0,17,,,0.1092,0,0,62.6,0.4
05-04-2020,Italy,Europe,Original,1,0,0,14,18,0.0502,0.0995,0,0,92.6,0.4
20-12-2020,Japan,Asia,Alpha,11,0,10,154,176,0.0515,0.1503,5,0,74.68,0.4
25-06-2020,South Africa,Africa,Original,1,0,0,16,4,0.2455,0.1696,,0,63.75,0.4
07-12-2021,Turkey,Asia,Omicron,377,1,365,5146,2639,0.1371,0.0762,103,0.3016,25.85,1.265
10-06-2020,Japan,Asia,Original,26,0,24,390,338,0.0728,0.1507,11,0,48.5,0.645
19-08-2020,Colombia,South America,Original,23,1,21,387,161,0.1311,0.1904,,0,49.47,0.525
28-10-2021,Spain,Europe,Omicron,7,0,6,104,161,0.0618,0.0524,1,0.4213,66.17,0.598
22-01-2021,USA,North America,Alpha,80,1,76,906,1680,0.0306,0.1547,25,0.014,70.26,0.4
16-07-2020,UK,Europe,Original,2,0,1,23,26,0.0771,0.1718,0,,50.31,0.455
06-02-2020,Italy,Europe,Original,7,0,6,118,,,,4,0,15.74,1.075
27-03-2022,France,Europe,Omicron BA.2,81,0,,1237,1863,0.0532,0.0428,10,0.6184,23.4,1.729
27-02-2021,Germany,Europe,Alpha,3,0,2,53,66,0.0331,0.1838,2,,56.43,0.46
30-10-2020,Pakistan,Asia,Alpha,2,0,1,20,10,0.2017,0.2078,0,,56.56,0.439
05-09-2021,Argentina,South America,Delta,8,0,7,129,72,0.1054,0.1226,2,0.2043,62.7,0.833
02-11-2020,Pakistan,Asia,Alpha,6,0,5,98,18,0.3436,0.1456,4,,56.06,0.512
03-05-2022,Colombia,South America,Omicron BA.2,49,1,,860,539,0.0894,0.0413,,0.4353,16.28,1.715
14-04-2022,USA,North America,Omicron BA.2,14,0,,168,238,0.0681,,2,0.651,21.59,1.499
09-12-2020,Germany,Europe,Alpha,1,0,0,11,17,0.0505,,0,,60.65,0.483
21-04-2021,Brazil,South America,Delta,3,0,2,44,30,0.0963,,1,0.099,61.03,0.628
07-06-2020,Argentina,South America,Original,49,2,46,697,392,0.1159,0.1168,18,0,,
26-11-2020,India,Asia,Alpha,383,6,361,6384,3447,0.123,0.165,,,56.4,0.465
04-02-2020,Turkey,Asia,Original,1,0,0,12,,,0.1818,,0,10.17,1.056
04-07-2022,Canada,North America,Omicron BA.2,6,0,5,108,72,0.0878,,1,0.7619,17.69,1.4
07-02-2020,South Africa,Africa,Original,18,1,16,198,,,0.2052,,,12.29,1.156
20-06-2022,France,Europe,Omicron BA.2,32,0,30,323,416,0.0885,,3,0.7374,,1.57
01-08-2020,Pakistan,Asia,Original,41,1,37,579,205,0.2196,0.183,,0,73.7,0.4
20-12-2021,Turkey,Asia,Omicron,5,0,4,50,35,0.134,0.0479,,0.3165,48.17,1.062
02-02-2020,Germany,Europe,Original,11,0,10,185,,,0.0978,4,0,4.16,0.693
01-08-2020,France,Europe,Original,11,0,10,115,242,0.0561,0.1477,4,0,41.89,
30-06-2022,UK,Europe,Omicron BA.2,6,0,5,86,114,0.0493,0.0377,0,0.769,23.74,2.025
10-11-2020,South Korea,Asia,Original,4,0,3,45,84,0.0406,0.203,2,0,55.11,0.544
17-10-2021,Colombia,South America,Omicron,3,0,2,33,24,0.1293,0.1008,0,0.2585,69.6,0.597
28-01-2021,Mexico,North America,Alpha,92,4,82,1148,1012,0.0918,0.2044,65,0.0032,70.65,0.449
16-07-2022,UK,Europe,Omicron BA.2,1,0,0,17,24,0.0362,0.0408,0,0.7905,33.36,1.567
09-04-2020,Canada,North America,Original,6,0,5,102,120,0.0668,0.1132,2,0,72.28,0.4
18-12-2021,Indonesia,Asia,Omicron,109,2,101,1589,327,0.3353,0.0696,,0.1696,30.2,2.248
06-02-2021,Indonesia,Asia,Alpha,34,1,31,525,170,0.1845,0.1319,,,59.55,0.4
19-07-2022,Canada,North America,Omicron BA.2,3,0,2,53,57,0.0557,0.0513,0,0.7448,23.45,1.705
16-01-2022,Germany,Europe,Omicron,8,0,7,90,136,0.0467,0.0643,1,0.5254,50.85,1
22-01-2021,South Korea,Asia,Alpha,9,0,8,146,144,0.0519,0.1886,7,0.0033,59.15,0.728
04-12-2022,France,Europe,Omicron BA.2,1,0,0,11,18,0.062,0.0189,0,0.92,35.21,1.484
06-11-2020,Mexico,North America,Alpha,15,1,13,232,105,0.14,,12,0,31.96,
02-05-2021,Turkey,Asia,Delta,2,0,1,23,16,0.1394,0.2238,,0.1314,78.01,0.4
12-05-2020,Canada,North America,Original,6,0,5,72,,,0.1911,3,0,70.05,0.4
19-06-2020,Turkey,Asia,Original,1,0,0,14,6,0.1702,0.1098,0,0,67.89,0.4
29-12-2021,South Africa,Africa,Omicron,6,0,5,59,30,0.2176,,0,0.1714,36.69,1.378
19-11-2022,South Africa,Africa,Omicron BA.2,13,0,12,188,52,0.2591,,1,0.3495,21.19,2.009
31-03-2021,Germany,Europe,Delta,2,0,1,29,40,0.0565,0.1266,0,0.1169,67.21,0.728
28-12-2022,Japan,Asia,Omicron BA.2,13,0,,146,247,0.0409,0.0333,0,0.92,18.23,1.322
12-11-2020,Italy,Europe,Alpha,1,0,0,16,21,0.0495,0.1145,0,0,56.19,
08-02-2020,Japan,Asia,Original,2,0,1,24,,,0.1742,0,,11.41,0.872
26-12-2021,Canada,North America,Omicron,5,0,4,88,100,0.0519,0.0657,1,0.494,,1.654
27-07-2020,France,Europe,Original,14,0,13,191,252,0.056,,8,0,75,0.4
30-09-2022,Spain,Europe,Omicron BA.2,12,0,11,180,156,0.0849,0.0325,1,0.8886,17.12,1.85
05-11-2020,Japan,Asia,Alpha,88,1,83,1176,1320,0.0557,0.2148,73,0,42.33,0.974
15-06-2020,Pakistan,Asia,Original,11,0,10,178,44,0.2527,0.1269,5,,70.76,0.4
25-10-2021,Japan,Asia,Delta,1,0,0,9,13,0.085,0.1527,0,0.4157,50.78,0.74
23-12-2021,Canada,North America,Omicron,3,0,2,36,39,0.0858,0.0648,0,0.4904,31.87,1.364
31-12-2022,South Korea,Asia,Omicron BA.2,1,0,,15,12,0.0934,0.0302,0,0.92,37.39,1.045
21-04-2021,Germany,Europe,Delta,10,0,9,149,180,0.0433,0.1761,7,0.1481,54.22,0.95
13-04-2022,Germany,Europe,Omicron BA.2,17,0,16,178,255,0.0962,0.0433,1,0.6555,34.95,1.493
30-05-2020,Pakistan,Asia,Original,2,0,1,27,6,0.3273,0.1491,,,51.99,0.452
24-11-2021,Argentina,South America,Omicron,7,0,6,102,70,0.0857,,,0.289,41.45,1.574
26-06-2020,Canada,North America,Original,1,0,0,12,24,0.0297,0.1796,0,,,0.4
02-12-2021,Argentina,South America,Omicron,15,0,14,185,120,0.0927,0.0933,2,0.3029,26.37,1.322
26-05-2021,Mexico,North America,Delta,2,0,1,29,18,0.1056,0.1767,,0.1144,69.21,0.504
31-12-2021,UK,Europe,Omicron,11,0,10,120,264,0.0341,0.0677,1,0.5051,,1.476
23-01-2021,South Korea,Asia,Alpha,1,0,0,12,20,0.0601,0.1691,0,0.0336,73.33,0.4
17-03-2022,Russia,Europe,Omicron BA.2,2,0,1,27,20,0.1024,0.0842,,0.3726,13.26,2.219
14-12-2020,Italy,Europe,Alpha,1,0,0,15,16,0.0574,0.1988,0,0,60.13,0.721
16-10-2020,Mexico,North America,Original,5,0,4,72,55,0.1006,0.1738,1,0,61.87,0.486
10-12-2021,Germany,Europe,Omicron,41,0,39,632,697,0.0424,0.0489,6,0.4613,51.19,0.724
25-10-2021,Mexico,North America,Delta,11,1,10,148,110,0.0933,0.1022,4,0.253,69.76,0.554
05-10-2022,Germany,Europe,Omicron BA.2,25,0,23,292,400,0.0373,0.036,2,0.8944,24.18,1.648
05-12-2020,Germany,Europe,Alpha,17,0,15,246,374,0.0607,0.1851,10,0,47.31,0.758
13-11-2021,South Africa,Africa,Omicron,121,1,116,1412,484,0.2472,0.0901,,,25.57,2.23
26-05-2022,Canada,North America,Omicron BA.2,17,0,16,183,340,0.0302,0.0397,1,0.6993,26.24,1.584
12-09-2021,Canada,North America,Delta,8,0,7,130,184,0.0673,0.1033,3,0.3504,55.86,0.851
15-10-2022,Brazil,South America,Omicron BA.2,213,2,196,3020,2343,0.0984,0.0435,36,0.5854,7.28,2.214
09-10-2021,Indonesia,Asia,Delta,10,0,9,134,30,0.3285,0.133,2,,53.55,0.581
12-07-2022,UK,Europe,Omicron BA.2,2,0,1,27,32,0.0552,0.0327,0,0.7755,31.85,1.143
21-05-2021,UK,Europe,Delta,2,0,1,34,42,0.0573,0.2226,2,0.1893,81.12,0.4
19-07-2021,India,Asia,Delta,231,4,218,3870,1617,0.1377,0.143,95,0.1924,66.48,0.471
25-09-2022,Indonesia,Asia,Omicron BA.2,40,1,36,615,120,0.3463,0.0497,,0.322,32.57,2.147
03-10-2022,Turkey,Asia,Omicron BA.2,1,0,0,12,7,0.1389,0.0331,,0.5712,35.96,1.806
14-08-2020,Italy,Europe,Original,3,0,2,33,54,0.0459,0.1805,1,0,36.27,
17-02-2021,Canada,North America,Alpha,2,0,1,34,28,0.0897,0.1557,1,0.0529,60.6,0.683
23-12-2021,France,Europe,Omicron,1,0,0,10,18,0.0541,,0,0.4914,33.04,1.688
15-07-2022,South Africa,Africa,Omicron BA.2,9,0,8,105,27,0.3352,0.0559,,,33.64,2.108
11-03-2022,Japan,Asia,Omicron,1,0,,18,21,0.0455,0.0432,0,0.6086,42.07,0.966
10-09-2021,Australia,Oceania,Delta,8,0,7,138,144,0.0656,0.1954,7,0.3307,53.06,0.724
21-02-2020,France,Europe,Original,1,0,0,17,,,0.1127,0,0,90.39,0.4
12-06-2020,Argentina,South America,Original,1,0,0,13,9,0.0965,0.1081,0,0,56.72,0.4
05-09-2022,Italy,Europe,Omicron BA.2,23,0,,353,391,0.0776,,1,0.8595,25.34,1.366
17-02-2022,France,Europe,Omicron,56,0,52,575,1064,0.0563,0.0466,7,0.5864,41.15,0.776
11-06-2022,Italy,Europe,Omicron BA.2,4,0,3,51,88,0.0362,0.0329,0,0.7285,10.94,2.507
25-10-2021,Pakistan,Asia,Delta,4,0,3,55,12,0.3435,,2,0.1518,65.25,0.462
12-10-2021,Italy,Europe,Omicron,9,0,8,119,153,0.0597,0.0519,1,0.3882,59.44,0.642
13-03-2021,France,Europe,Alpha,7,0,6,111,126,0.061,0.1062,3,0.0865,64.85,0.4
11-01-2021,Pakistan,Asia,Alpha,83,3,78,983,332,0.2423,,,0,53.66,0.647
23-12-2020,Pakistan,Asia,Alpha,12,0,11,172,60,0.2017,0.214,10,0,65.56,0.426
15-07-2020,Brazil,South America,Original,37,1,35,369,370,0.104,0.0969,,0,52,0.4
24-10-2021,Brazil,South America,Omicron,50,1,46,895,450,0.0926,0.0955,17,0.2629,44.99,1.348
12-03-2022,Indonesia,Asia,Omicron BA.2,20,0,,331,60,0.3391,0.0534,,0.2125,29.25,1.785
23-11-2022,Brazil,South America,Omicron BA.2,6,0,,106,36,0.1605,0.0547,,0.6372,11.7,1.386
06-12-2022,Brazil,South America,Omicron BA.2,18,0,,226,180,0.1095,0.0362,,0.6335,10.25,2.104
09-05-2022,Brazil,South America,Omicron BA.2,9,0,8,160,99,0.0856,0.0367,1,0.4356,28.43,2.088
25-08-2021,South Africa,Africa,Delta,4,0,3,66,16,0.2349,0.1212,,0.1132,44.96,1.23
18-09-2020,Colombia,South America,Original,1,0,0,15,7,0.1618,0.1393,,0,39.48,0.823
01-10-2020,Spain,Europe,Original,8,0,7,127,192,0.0473,0.1245,4,0,49.58,0.4
29-03-2020,Spain,Europe,Original,4,0,3,46,,,0.1238,1,0,77.37,0.4
04-03-2020,Indonesia,Asia,Original,71,3,65,858,213,0.339,0.1268,28,,86.92,0.4
11-11-2022,Colombia,South America,Omicron BA.2,13,0,12,158,78,0.1737,0.0403,1,0.6182,37,1.549
21-07-2022,Brazil,South America,Omicron BA.2,7,0,,73,63,0.1323,,,0.4973,12.38,2.592
28-01-2020,Indonesia,Asia,Original,131,4,119,2160,524,0.234,0.1111,,,10.21,1.247
05-09-2022,Colombia,South America,Omicron BA.2,9,0,8,136,63,0.1408,0.0429,1,0.5467,20.91,1.351
03-07-2022,Colombia,South America,Omicron BA.2,6,0,,66,48,0.0989,0.0529,0,0.4884,13.44,1.571
21-05-2020,Brazil,South America,Original,48,2,45,531,,,0.1072,10,,50.71,0.591
12-12-2020,USA,North America,Alpha,24,0,22,371,480,0.046,0.1073,8,0,66.76,0.4
16-05-2022,Mexico,North America,Omicron BA.2,39,1,,668,390,0.1062,0.068,,0.4385,21.59,2.078
14-02-2020,Pakistan,Asia,Original,4,0,3,43,,,0.138,,0,6.96,0.784
02-02-2022,Colombia,South America,Omicron BA.2,16,0,14,179,112,0.1329,0.0692,2,0.357,42.15,1.183
18-11-2022,Germany,Europe,Omicron BA.2,2,0,,30,40,0.0509,0.0209,0,0.92,19.38,1.337
29-01-2022,South Africa,Africa,Omicron,17,0,16,302,51,0.3158,0.0835,4,0.1704,,1.04
08-02-2020,Russia,Europe,Original,41,1,39,695,410,0.1267,0.1518,,0,5.79,0.917
17-06-2022,Italy,Europe,Omicron BA.2,4,0,3,56,52,0.0802,0.0296,0,0.7477,11.51,2.074
22-11-2020,Japan,Asia,Alpha,12,0,11,188,204,0.0567,0.1669,6,0,46.93,0.931
30-03-2020,Brazil,South America,Original,39,1,35,620,,,0.1163,,,86.32,0.4
10-09-2022,Japan,Asia,Omicron BA.2,31,0,,371,682,0.0243,,2,0.8574,16.27,1.236
02-02-2022,India,Asia,Omicron,106,1,102,1113,636,0.1706,,18,0.34,46.26,0.933
21-11-2021,Japan,Asia,Omicron,12,0,11,132,180,0.084,0.0561,1,0.4395,48.13,1.262
29-08-2020,India,Asia,Original,69,1,65,849,483,0.1297,0.1757,,0,37.99,
03-03-2021,Japan,Asia,Alpha,20,0,18,340,320,0.0618,0.1727,9,0.0759,58.81,0.413
22-11-2022,Brazil,South America,Omicron BA.2,57,1,52,943,627,0.0663,0.0601,15,0.614,22.86,1.669
18-10-2020,Mexico,North America,Original,211,10,190,3350,2321,0.0931,0.1157,106,,53.52,0.62
29-07-2022,South Korea,Asia,Omicron BA.2,5,0,4,79,65,0.077,,0,0.7995,32.99,1.223
12-02-2022,UK,Europe,Omicron,1,0,0,16,20,0.0478,0.0482,0,0.5609,49.29,0.792
06-10-2021,Brazil,South America,Delta,4,0,3,70,32,0.1297,0.2277,2,0.2163,47.84,0.693
30-07-2022,South Korea,Asia,Omicron BA.2,1,0,0,12,19,0.0669,0.0301,0,0.7858,31.41,1.701
13-06-2022,Mexico,North America,Omicron BA.2,6,0,5,96,60,0.1012,,0,0.4713,10.7,2.203
26-09-2021,South Korea,Asia,Delta,1,0,0,14,16,0.0804,0.0954,0,0.3726,63.29,0.677
19-03-2020,Canada,North America,Original,2,0,1,32,,,0.1068,0,0,75.27,
08-05-2020,Russia,Europe,Original,1,0,0,11,,,0.1395,0,0,58.71,0.433
23-08-2020,Russia,Europe,Original,9,0,8,121,63,0.1452,0.1135,,,36.34,0.709
27-12-2022,South Korea,Asia,Omicron BA.2,4,0,,60,68,0.0603,0.0242,0,0.92,38.47,1.437
17-06-2022,Japan,Asia,Omicron BA.2,31,0,,540,589,0.052,0.0357,4,0.7291,16.68,2.003
09-08-2021,Indonesia,Asia,Delta,171,6,156,2161,684,0.2535,0.2122,92,0.0931,58.63,0.764
13-06-2021,Turkey,Asia,Delta,88,1,82,1573,968,0.0814,0.2137,68,0.1342,61.39,
03-06-2020,Mexico,North America,Original,14,1,12,149,112,0.128,0.097,4,0,58.51,0.545
09-01-2022,Turkey,Asia,Omicron,1,0,0,10,9,0.1114,0.0614,,0.3432,35.41,1.669
09-05-2022,USA,North America,Omicron BA.2,31,0,,559,496,0.0631,,4,0.6719,20.01,2.247
17-06-2020,Germany,Europe,Original,1,0,0,10,24,0.034,0.1675,0,0,66.06,0.4
27-04-2021,Germany,Europe,Delta,13,0,12,173,247,0.0574,0.1163,4,0.145,,
23-04-2020,UK,Europe,Original,19,0,17,261,456,0.0418,0.2063,15,0,89.07,0.4
19-09-2020,France,Europe,Original,7,0,6,89,119,0.0575,,5,0,55.7,0.498
23-02-2020,Argentina,South America,Original,1,0,0,16,8,0.1078,0.1696,0,0,97.74,0.4
09-10-2022,Argentina,South America,Omicron BA.2,12,0,11,216,108,0.1035,0.0326,1,0.5798,,
17-04-2020,Indonesia,Asia,Original,4,0,3,50,16,0.2274,0.1139,1,0,90.08,0.4
28-09-2022,Japan,Asia,Omicron BA.2,4,0,,45,76,0.0739,0.0265,0,0.8875,24.73,1.191
19-10-2022,South Korea,Asia,Omicron BA.2,2,0,1,29,42,0.0494,0.0185,0,0.92,19.85,1.106
30-11-2022,Turkey,Asia,Omicron BA.2,9,0,,106,72,0.1238,0.0418,,0.6306,36.48,1.469
03-12-2020,Russia,Europe,Alpha,14,0,13,178,112,0.1247,0.2054,8,0,40.66,0.859
24-12-2021,Brazil,South America,Omicron,2,0,1,35,20,0.0907,0.0644,,0.3111,32.51,1.957
11-03-2021,Germany,Europe,Alpha,14,0,12,149,182,0.0754,0.1717,4,0.0966,73.65,0.4
15-11-2022,South Korea,Asia,Omicron BA.2,2,0,,28,40,0.054,0.0352,0,0.92,25.23,1.599
06-04-2021,South Africa,Africa,Alpha,2,0,1,20,6,0.3406,0.1988,0,0.0486,61.03,0.546
29-08-2021,Canada,North America,Delta,6,0,5,106,90,0.0563,,2,0.3133,60.03,0.59
13-02-2022,Russia,Europe,Omicron BA.2,5,0,4,89,40,0.1303,0.0393,0,0.3736,42.56,1.393
07-11-2020,Canada,North America,Original,3,0,2,34,72,0.0262,0.105,0,0,41.45,0.552
23-12-2021,Italy,Europe,Omicron,130,1,121,1711,1690,0.0906,0.0491,23,0.4787,23.2,1.538
26-04-2021,Italy,Europe,Delta,3,0,2,54,54,0.0481,0.1715,2,0.1488,78.46,0.503
04-11-2022,India,Asia,Omicron BA.2,30,0,28,385,300,0.1092,0.0534,4,0.5899,16.56,2.411
16-07-2020,UK,Europe,Original,1,0,0,13,22,0.0463,0.0995,0,,55.4,0.435
13-07-2020,Mexico,North America,Original,3,0,2,34,27,0.1125,0.1841,1,,58.23,0.4
20-10-2021,Brazil,South America,Omicron,1,0,0,10,10,0.097,,,0.2316,48.41,1.519
28-04-2020,Russia,Europe,Original,1,0,0,10,7,0.1334,,0,0,80.29,0.4
05-05-2022,Turkey,Asia,Omicron BA.2,51,0,47,504,510,0.105,0.0548,7,0.4213,39.46,
17-05-2020,Russia,Europe,Original,3,0,2,30,33,0.09,0.1426,1,0,44.85,0.649
24-11-2021,Russia,Europe,Omicron,101,1,96,1773,606,0.1418,0.0615,21,0.296,47.9,1.293
02-08-2021,USA,North America,Delta,1,0,0,10,16,0.0605,0.1126,0,0.2862,55.89,0.67
15-05-2022,Italy,Europe,Omicron BA.2,6,0,5,90,84,0.0771,0.0467,0,0.6975,14.74,
14-08-2021,France,Europe,Delta,14,0,13,147,336,0.0385,,2,0.3177,62.4,0.698
16-08-2022,Pakistan,Asia,Omicron BA.2,65,1,62,1039,325,0.2152,0.063,13,0.2902,37.26,1.297
19-07-2020,India,Asia,Original,224,2,206,3101,1344,0.1613,0.107,,0,61.08,0.4
12-05-2020,Mexico,North America,Original,10,0,9,147,80,0.1196,0.1679,,0,43.29,0.654
07-03-2020,Colombia,South America,Original,5,0,4,66,,,0.159,1,,63.74,0.446
01-10-2022,USA,North America,Omicron BA.2,1,0,,13,18,0.0549,0.0259,0,0.9004,5.12,1.612
12-01-2021,Spain,Europe,Alpha,2,0,1,35,36,0.0503,,1,0,82.48,0.4
10-03-2021,India,Asia,Alpha,24,0,23,260,216,0.1132,0.1239,6,0.0731,67.76,0.4
20-02-2020,France,Europe,Original,1,0,0,10,14,0.06,0.1668,0,0,12.04,0.851
28-07-2020,Mexico,North America,Original,2,0,1,31,16,0.1149,,0,0,54.36,0.55
13-11-2021,Italy,Europe,Omicron,24,0,22,380,312,0.0796,0.0781,5,0.4237,48.56,
28-08-2022,Argentina,South America,Omicron BA.2,15,0,,238,90,0.1661,0.0458,,0.5298,11.08,1.86
21-02-2020,South Korea,Asia,Original,1,0,0,16,,,0.1214,0,0,,0.4
05-08-2020,Australia,Oceania,Original,5,0,4,61,85,0.055,0.1279,1,0,,0.44
03-06-2022,Turkey,Asia,Omicron BA.2,9,0,8,105,54,0.1541,0.0498,1,0.4569,29.24,1.373
10-05-2022,South Africa,Africa,Omicron BA.2,8,0,7,118,32,0.2669,,1,0.2457,37.11,2.249
27-10-2022,Japan,Asia,Omicron BA.2,4,0,,67,92,0.0483,0.038,0,0.9057,39.73,0.849
26-11-2020,Turkey,Asia,Alpha,3,0,2,46,33,0.0923,0.1157,0,0,51.28,0.779
14-08-2020,India,Asia,Original,86,1,83,1146,602,0.1504,0.1264,,0,29.96,0.499
03-02-2020,India,Asia,Original,53,1,50,691,424,0.1325,0.1081,12,,10.51,1.179
23-05-2020,Turkey,Asia,Original,11,0,10,165,77,0.1417,0.1526,,0,62,0.431
14-06-2021,Germany,Europe,Delta,1,0,0,13,18,0.0772,0.1909,0,0.2245,57.99,0.865
15-09-2020,Colombia,South America,Original,1,0,0,11,6,0.1577,0.1651,0,0,45.62,
25-01-2022,Canada,North America,Omicron,5,0,4,89,120,0.0438,0.0606,1,0.5529,31.67,1.427
28-07-2020,Spain,Europe,Original,1,0,0,13,17,0.0569,,0,0,54.47,0.437
17-02-2020,Germany,Europe,Original,2,0,1,30,30,0.0598,0.109,0,,13.1,0.785
13-07-2022,Colombia,South America,Omicron BA.2,2,0,1,23,18,0.1082,0.0657,0,0.5007,21.46,1.763
30-07-2020,Argentina,South America,Original,2,0,1,22,22,0.0905,0.1314,0,,,0.4
21-12-2021,USA,North America,Omicron,99,1,92,1706,1386,0.0671,0.066,31,0.4771,46.02,1.131
11-11-2021,Italy,Europe,Omicron,3,0,2,51,66,0.0394,0.0537,0,0.4232,39.37,1.424
05-08-2021,Mexico,North America,Delta,45,3,41,626,450,0.1,0.1372,14,0.19,50.63,0.886
26-09-2021,Indonesia,Asia,Delta,10,0,9,177,40,0.2358,0.2114,10,,57.17,0.84
12-10-2021,Russia,Europe,Omicron,12,0,11,194,108,0.1169,0.0686,,0.2391,66.36,0.716
12-12-2020,Spain,Europe,Alpha,1,0,0,15,12,0.101,0.1216,0,,70.8,0.472
28-09-2020,India,Asia,Original,70,1,66,839,490,0.1329,,13,0,46.44,0.403
28-12-2020,USA,North America,Alpha,30,0,28,461,660,0.0391,0.1129,11,0,69.85,0.4
10-09-2021,Turkey,Asia,Delta,2,0,1,21,22,0.1061,,,0.2245,44.92,0.956
12-04-2021,Canada,North America,Delta,5,0,4,66,80,0.0678,0.1865,2,0.1334,68.07,
13-03-2021,UK,Europe,Alpha,23,0,22,388,460,0.0222,0.1528,11,0.101,68.29,0.514
12-08-2021,France,Europe,Delta,7,0,6,78,91,0.0661,,3,0.3078,,0.674
11-09-2021,France,Europe,Delta,13,0,12,208,208,0.0741,0.1467,6,0.3487,50.28,0.794
04-12-2022,Spain,Europe,Omicron BA.2,5,0,4,86,105,0.0418,0.0369,0,0.92,28.77,1.35
17-09-2022,Argentina,South America,Omicron BA.2,7,0,6,89,56,0.1284,0.0594,1,0.5586,23.05,1.611
16-04-2022,Australia,Oceania,Omicron BA.2,1,0,,16,19,0.0557,0.0418,0,0.6338,26.54,1.974
06-02-2021,Canada,North America,Alpha,3,0,2,50,69,0.0418,0.168,1,0.0662,49.52,0.672
03-12-2020,UK,Europe,Alpha,4,0,3,66,76,0.0541,0.1475,1,0,58.07,
22-11-2020,Germany,Europe,Alpha,8,0,7,98,192,0.0502,,5,0,50.34,
16-04-2020,Turkey,Asia,Original,10,0,9,160,60,0.17,,,0,62.19,0.525
23-07-2021,Turkey,Asia,Delta,8,0,7,97,56,0.1291,,,0.1789,79.62,0.436
14-08-2020,Argentina,South America,Original,8,0,7,125,72,0.1271,0.1332,,0,,0.721
28-08-2021,Turkey,Asia,Delta,6,0,5,101,54,0.1295,0.1516,,0.223,43.79,0.856
09-12-2020,Australia,Oceania,Alpha,1,0,0,9,16,0.0662,0.1184,0,,63.02,0.432
12-03-2022,Colombia,South America,Omicron,1,0,0,12,11,0.079,0.0715,0,0.3826,,1.938
07-09-2022,South Korea,Asia,Omicron BA.2,10,0,9,121,210,0.0352,0.0278,0,0.8565,21.83,1.477
20-11-2021,USA,North America,Omicron,5,0,4,60,115,0.0486,0.045,0,0.4424,48.09,0.88
23-05-2020,Brazil,South America,Original,5,0,4,83,,,0.1868,4,0,65.7,
17-02-2022,Colombia,South America,Omicron BA.2,3,0,2,44,24,0.1228,0.0847,0,0.3628,46.39,1.672
26-04-2020,Argentina,South America,Original,6,0,5,105,,,,,0,71.18,0.4
17-11-2022,Japan,Asia,Omicron BA.2,78,0,76,1379,1326,0.0455,0.0247,8,0.92,34.94,1.038
04-06-2022,Brazil,South America,Omicron BA.2,43,0,40,655,344,0.1242,0.0475,,0.4649,24.88,
31-10-2020,Indonesia,Asia,Original,1,0,0,11,4,0.2367,0.1289,0,,57.05,0.4
18-12-2021,Japan,Asia,Omicron,4,0,3,42,52,0.0836,0.0596,0,0.4784,27.14,1.172
03-11-2021,South Korea,Asia,Omicron,5,0,4,86,110,0.0442,0.0732,1,0.4165,45.53,0.865
05-02-2021,Argentina,South America,Alpha,1,0,0,15,9,0.1198,0.1646,0,0.0312,73.45,0.467
29-08-2020,Australia,Oceania,Original,22,0,21,279,286,0.072,0.1759,11,,53.52,0.561
19-09-2022,USA,North America,Omicron BA.2,17,0,15,267,272,0.0632,0.0193,0,0.8752,29.91,1.052
07-08-2022,Mexico,North America,Omicron BA.2,10,0,9,168,80,0.1022,0.0387,,0.5085,30.8,1.636
08-06-2022,Colombia,South America,Omicron BA.2,11,0,,136,66,0.1524,0.0568,1,0.4587,6.66,2.346
28-07-2021,South Africa,Africa,Delta,5,0,4,78,15,0.3355,0.2416,,0.1026,53.43,0.672
09-03-2022,France,Europe,Omicron BA.2,9,0,8,127,108,0.0728,0.0334,1,0.6025,38.05,1.764
27-07-2022,Russia,Europe,Omicron BA.2,17,0,16,279,187,0.1006,0.0637,3,0.5076,32,1.549
26-09-2020,France,Europe,Original,16,0,15,273,384,0.0301,0.2047,13,0,43.64,0.761
03-01-2021,Pakistan,Asia,Alpha,8,0,7,137,32,0.2485,0.1701,6,0,64.66,
17-01-2022,Canada,North America,Omicron,16,0,15,212,352,0.0363,0.0494,2,0.5411,33.6,1.392
11-02-2022,South Africa,Africa,Omicron,7,0,6,86,21,0.3369,0.0899,1,0.1875,,1.296
09-11-2021,Russia,Europe,Delta,4,0,3,49,40,0.0838,0.2096,1,0.276,39.38,
05-03-2020,Mexico,North America,Original,6,0,5,59,48,0.1161,0.1378,,0,80.11,0.4
15-09-2021,Australia,Oceania,Delta,1,0,0,13,19,0.0505,0.1112,0,0.3521,60.82,
27-09-2020,Australia,Oceania,Original,2,0,1,25,46,0.0555,0.0915,0,,38.85,0.686
30-06-2021,Australia,Oceania,Delta,1,0,0,17,14,0.0907,0.1963,0,0.2369,69.1,0.579
24-04-2021,Turkey,Asia,Delta,1,0,0,14,11,0.0918,0.1834,,0.0941,68.05,0.433
18-08-2021,Turkey,Asia,Delta,3,0,2,32,33,0.1084,0.1756,,0.1965,44.19,0.875
14-04-2021,Canada,North America,Delta,1,0,0,11,15,0.0774,0.1875,0,0.151,82.98,0.4
06-12-2020,India,Asia,Alpha,8705,101,8126,88742,78345,0.1313,0.1573,3394,,,
27-09-2020,Pakistan,Asia,Original,1,0,0,17,5,0.2107,0.2016,0,0,40.72,0.647
29-06-2020,UK,Europe,Original,3,0,2,50,60,0.0446,0.1969,2,0,76.7,0.4
28-08-2020,Colombia,South America,Original,1,0,0,15,6,0.1579,0.1663,,0,41.95,0.737
21-06-2020,UK,Europe,Original,2,0,1,27,46,0.0672,0.2043,1,,51.26,0.401
18-11-2022,India,Asia,Omicron BA.2,37,0,34,404,259,0.1294,0.0522,5,0.6118,27.26,2.058
21-02-2020,Italy,Europe,Original,1,0,0,14,23,0.0465,0.1132,0,0,84.95,0.4
28-04-2020,Colombia,South America,Original,1,0,0,15,,,0.1706,,0,88.5,0.4
11-03-2022,Mexico,North America,Omicron,9,0,8,104,99,0.0932,0.0846,1,0.3878,44.51,
13-09-2022,Germany,Europe,Omicron BA.2,7,0,,78,154,0.0442,0.0213,0,0.8586,19.57,
26-08-2021,South Korea,Asia,Delta,2,0,1,19,38,0.0609,0.118,0,0.3162,62.03,0.686
05-06-2022,Mexico,North America,Omicron BA.2,3,0,2,52,18,0.1816,0.0695,0,0.4599,36.41,1.533
05-06-2022,Brazil,South America,Omicron BA.2,36,0,,442,324,0.1103,0.0614,5,0.4702,37.08,1.183
29-03-2020,USA,North America,Original,43,0,39,492,1032,0.069,0.1669,13,0,88.56,0.4
11-12-2021,Italy,Europe,Omicron,5,0,4,53,100,0.0597,0.0661,0,0.4772,31.54,1.272
24-09-2021,Germany,Europe,Delta,1,0,0,11,23,0.0374,0.1453,0,0.362,69.8,
22-06-2021,USA,North America,Delta,7,0,6,105,133,0.0574,0.2204,6,0.2632,74.45,0.464
30-06-2020,Japan,Asia,Original,14,0,13,206,322,0.0345,0.1242,6,0,54.95,0.475
17-01-2022,South Korea,Asia,Omicron,1,0,0,13,15,0.0625,0.0446,0,0.5414,37.51,1.162
06-01-2021,USA,North America,Alpha,26,0,24,468,520,0.056,0.1554,16,0,55.24,
18-07-2021,Australia,Oceania,Delta,58,0,55,822,1276,0.0487,0.1151,24,0.2719,58.18,0.481
14-01-2021,India,Asia,Alpha,296,3,286,4537,2072,0.1307,0.1703,171,0.0209,56.82,0.693
01-02-2020,Australia,Oceania,Original,1,0,0,12,,,0.1187,0,0,9.61,1.238
12-11-2020,Colombia,South America,Original,1,0,0,10,7,0.1391,0.1718,0,0,49.68,0.554
21-08-2020,Mexico,North America,Original,3,0,2,33,24,0.1542,0.189,,0,47.71,0.701
16-10-2020,Japan,Asia,Original,11,0,10,154,187,0.0492,0.2056,4,,46.65,0.641
09-08-2020,South Korea,Asia,Original,1,0,0,10,13,0.0913,0.2015,0,,35.26,0.591
14-03-2022,Mexico,North America,Omicron BA.2,5,0,4,79,35,0.1575,,,0.3981,7.8,2.821
24-01-2020,Turkey,Asia,Original,3,0,2,32,,,0.1855,,,19.62,0.806
10-12-2021,Brazil,South America,Omicron,14,0,13,245,154,0.1009,0.0753,,0.3112,46.35,1.345
04-10-2021,Australia,Oceania,Omicron,22,0,21,377,308,0.0568,,7,0.3671,50.14,1.453
01-09-2020,Russia,Europe,Original,6,0,5,77,54,0.1195,0.2034,2,0,52.89,0.542
04-07-2020,Mexico,North America,Original,24,1,21,426,264,0.0876,0.1876,,,46.83,0.64
07-02-2020,UK,Europe,Original,2,0,1,24,30,0.0666,0.2038,1,0,12.77,1.212
15-03-2022,France,Europe,Omicron BA.2,5,0,4,60,85,0.0526,,0,0.6014,31.34,1.507
30-05-2022,Colombia,South America,Omicron BA.2,2,0,,32,16,0.1414,0.0353,0,0.4681,31.16,
20-09-2022,Germany,Europe,Omicron BA.2,2,0,1,26,36,0.0571,0.0229,0,0.8798,21.91,1.626
19-11-2020,Canada,North America,Alpha,21,0,20,274,399,0.0626,0.2084,16,0,42.54,0.712
10-06-2020,Italy,Europe,Original,2,0,1,25,30,0.075,0.2065,1,0,65.34,
09-04-2020,South Africa,Africa,Original,5,0,4,58,25,0.19,,2,,65.23,0.4
07-04-2022,South Korea,Asia,Omicron BA.2,1,0,,12,16,0.0898,0.0426,0,0.6316,11.4,1.616
22-05-2020,India,Asia,Original,346,4,327,6162,3460,0.0978,0.1692,179,,52.99,0.513
25-03-2022,India,Asia,Omicron BA.2,1704,7,,16782,17040,0.0991,0.0533,245,0.3925,27.96,2.289
17-05-2021,USA,North America,Delta,33,0,30,357,561,0.0623,0.1887,14,0.1862,57.62,
22-04-2022,Germany,Europe,Omicron BA.2,2,0,1,32,42,0.0456,0.0348,0,0.6419,36.75,1.75
21-02-2020,Japan,Asia,Original,1,0,0,11,20,0.0413,0.1539,0,,63.42,
17-06-2022,South Africa,Africa,Omicron BA.2,14,0,13,172,70,0.2011,0.0692,3,0.2646,22.66,2.405
28-07-2020,USA,North America,Original,84,1,80,916,1344,0.0841,0.1866,29,0,52.57,0.459
05-08-2021,Pakistan,Asia,Delta,140,4,130,2155,700,0.1999,,81,,,1.073
24-12-2021,Italy,Europe,Omicron,39,0,36,425,780,0.0556,0.0782,6,0.485,37.7,1.625
07-06-2020,Italy,Europe,Original,25,1,23,435,600,0.0367,0.177,12,0,45.3,0.447
29-03-2022,UK,Europe,Omicron BA.2,4,0,,44,76,0.0475,,0,0.6137,34.5,1.046
19-05-2021,Spain,Europe,Delta,9,0,8,163,216,0.0368,0.1458,5,0.1846,58.04,
17-04-2020,Italy,Europe,Original,2,0,1,21,,,0.2098,1,0,94.81,0.4
04-08-2020,South Korea,Asia,Original,11,0,0,15,24,0.0268,0.1385,0,0,46.11,0.466
30-08-2022,Russia,Europe,Omicron BA.2,12,0,11,202,84,0.1434,0.0689,,0.5476,31.31,1.447
13-06-2020,UK,Europe,Original,2,0,1,25,26,0.0766,0.17,0,0,67.83,0.423
03-10-2020,Brazil,South America,Original,6,0,5,96,66,0.0862,0.1272,2,0,47.24,0.627
18-02-2020,India,Asia,Original,81,1,77,864,486,0.1797,0.1363,,0,3.42,1.163
30-12-2021,Germany,Europe,Omicron,1,0,0,13,17,0.0337,0.042,0,0.4867,59.62,0.673
14-08-2021,Germany,Europe,Delta,18,0,16,299,342,0.0688,0.1664,11,0.3048,57.26,0.826
12-09-2021,Argentina,South America,Delta,4,0,3,72,36,0.0818,0.2131,3,0.2265,63.2,0.532
08-03-2022,Germany,Europe,Omicron,4,0,3,39,84,0.0555,0.0373,0,0.5802,42.02,0.785
28-05-2021,Italy,Europe,Delta,26,1,24,257,520,0.0464,0.1392,8,0.2065,66.51,0.497
18-10-2020,USA,North America,Original,21,0,20,291,378,0.0508,0.1578,12,0,45.95,0.426
25-05-2021,Australia,Oceania,Delta,1,0,0,10,18,0.0651,0.2014,0,0.1974,64.39,0.413
07-04-2021,India,Asia,Alpha,232,4,215,3490,2320,0.0843,,,0.0763,59.7,0.431
07-08-2022,UK,Europe,Omicron BA.2,12,0,11,119,240,0.0287,0.0244,0,0.8098,31.52,0.964
26-04-2020,Russia,Europe,Original,7,0,6,90,,,0.1597,2,0,66.62,0.436
25-01-2020,France,Europe,Original,1,0,0,10,20,0.0471,0.1043,0,0,6.97,0.753
02-09-2022,South Africa,Africa,Omicron BA.2,7,0,6,99,21,0.3254,0.0724,2,0.3127,25.1,2.336
05-04-2021,UK,Europe,Alpha,2,0,1,20,38,0.0721,0.0937,0,0.1172,,
20-11-2021,France,Europe,Omicron,1,0,0,16,19,0.0556,0.0797,0,0.4443,26.96,1.355
31-07-2020,South Africa,Africa,Original,5,0,4,63,15,0.3184,0.1304,,0,72.06,0.4
17-08-2020,Japan,Asia,Original,11,0,10,136,209,0.0667,0.177,5,,,0.643
04-09-2022,Canada,North America,Omicron BA.2,1,0,,11,20,0.0619,0.0355,0,0.844,15.94,1.213
10-12-2020,Mexico,North America,Alpha,51,2,46,677,561,0.0879,0.1228,,0,54.55,0.631
03-07-2022,India,Asia,Omicron BA.2,460,2,,5361,4600,0.1152,0.0592,72,0.4816,17.9,1.926
07-10-2020,India,Asia,Original,64,1,59,767,640,0.1018,,,,35.9,
10-12-2022,South Africa,Africa,Omicron BA.2,7,0,6,68,21,0.3391,0.0726,1,0.3377,19.57,2.522
19-01-2021,Japan,Asia,Alpha,6,0,5,92,120,0.0404,0.1382,3,0.0139,47.34,0.744
25-07-2020,UK,Europe,Original,11,0,10,117,231,0.0269,0.1329,3,0,45.26,0.657
10-02-2022,Germany,Europe,Omicron,-5,0,4,66,65,0.0751,,0,0.5456,34.59,1.359
05-02-2020,Japan,Asia,Original,16,0,15,198,,,0.0958,3,0,2.38,0.765
10-02-2021,Spain,Europe,Alpha,4,0,3,62,60,0.0588,0.1267,2,,71.64,0.466
23-02-2022,Mexico,North America,Omicron BA.2,74,1,68,754,666,0.1151,0.0361,4,0.3775,54.99,1.387
24-08-2021,UK,Europe,Delta,36,0,34,502,828,0.0487,0.097,9,0.3353,43.65,1.039
12-03-2020,Argentina,South America,Original,3,0,2,33,27,0.1046,0.1063,1,,72.12,0.4
03-05-2022,Russia,Europe,Omicron BA.2,16,0,,277,160,0.0964,0.0533,4,0.4126,19.5,2.744
13-11-2020,Indonesia,Asia,Original,115,4,108,1968,345,0.3369,0.1317,,0,49.82,0.694
15-07-2020,France,Europe,Original,1,0,0,14,18,0.0563,0.1098,0,0,72.6,0.4
08-08-2021,Italy,Europe,Delta,3,0,2,34,57,0.0807,0.2059,1,0.3014,48.12,0.884
18-02-2022,Japan,Asia,Omicron BA.2,47,0,43,713,752,0.0673,0.0424,8,0.5765,42.62,1.009
19-12-2021,Indonesia,Asia,Omicron,63,1,60,1032,252,0.2551,0.0951,16,0.1645,48.11,1.568
02-11-2021,France,Europe,Delta,9,0,8,111,144,0.0661,0.092,2,0.4132,65.7,0.692
03-02-2020,Turkey,Asia,Original,1,0,0,18,,,0.1505,0,0,21.91,0.58
17-04-2021,India,Asia,Delta,218,4,202,2793,1962,0.117,0.1681,86,0.0913,59.06,0.663
29-10-2022,Russia,Europe,Omicron BA.2,65,0,60,751,585,0.1118,,7,0.5769,23.02,1.239
15-09-2021,Indonesia,Asia,Delta,5,0,4,58,20,0.2377,0.2251,2,0.132,40.66,1.137
02-11-2021,Indonesia,Asia,Delta,35,1,31,578,105,0.3453,0.1841,29,,37.84,1.078
27-10-2022,Australia,Oceania,Omicron BA.2,6,0,,108,126,0.0316,0.0183,0,0.9136,44.63,1.211
11-10-2021,Argentina,South America,Delta,8,0,7,109,64,0.1242,0.2066,5,0.2541,49.24,0.94
25-03-2022,South Africa,Africa,Omicron BA.2,1,0,0,11,3,0.3266,0.0567,,0.2093,17.86,1.738
30-09-2022,Indonesia,Asia,Omicron BA.2,58,1,54,650,174,0.3407,0.0761,11,0.3207,21.33,1.875
10-09-2021,Indonesia,Asia,Delta,89,4,83,1182,267,0.3256,0.1193,,0.1404,42.57,0.928
25-09-2020,Japan,Asia,Original,47,0,44,591,1081,0.0502,0.1825,27,,58.09,
16-08-2022,Canada,North America,Omicron BA.2,1,0,0,17,14,0.0889,0.0335,0,0.8167,38.84,1.074
18-04-2021,Argentina,South America,Delta,4,0,3,63,36,0.11,0.1907,,0.1003,,
25-03-2021,Russia,Europe,Alpha,2,0,1,20,16,0.1221,0.1147,0,0.0666,69.47,0.471
06-04-2020,South Korea,Asia,Original,1,0,0,12,,,0.1331,0,,88.26,0.4
09-10-2022,Japan,Asia,Omicron BA.2,6,0,5,73,102,0.0632,0.0297,0,0.8762,42.34,1.3
20-04-2020,UK,Europe,Original,1,0,0,13,23,0.0505,0.0906,0,0,91.52,0.4
21-02-2021,South Korea,Asia,Alpha,1,0,0,17,16,0.068,,0,0.0559,68.45,0.559
05-02-2022,Brazil,South America,Omicron BA.2,29,0,27,451,261,0.1154,0.038,4,0.356,43.97,1.676
16-01-2021,South Korea,Asia,Alpha,2,0,1,28,32,0.0508,0.1981,1,0.0093,70.11,0.4
11-12-2022,Germany,Europe,Omicron BA.2,2,0,,31,38,0.0634,0.0314,0,0.92,23.89,1.73
15-06-2022,Colombia,South America,Omicron BA.2,14,0,,239,140,0.1064,0.0341,1,0.4765,33.86,1.362
15-12-2022,Canada,North America,Omicron BA.2,1,0,0,17,20,0.0524,0.0252,0,0.92,,
16-04-2021,Australia,Oceania,Alpha,1,0,0,13,14,0.0687,0.0928,0,0.1388,81.85,0.4
18-11-2020,Italy,Europe,Alpha,6,0,5,98,78,0.0877,0.1235,1,0,44.52,0.697
15-03-2021,France,Europe,Alpha,16,0,15,166,320,0.0421,0.14,3,0.0923,60.17,0.465
16-10-2021,Pakistan,Asia,Delta,52,1,47,519,260,0.2051,0.1948,30,,47.52,0.844
17-08-2021,Canada,North America,Delta,13,0,12,192,286,0.0447,0.1385,4,0.3017,63.87,0.576
30-03-2020,Russia,Europe,Original,8,0,7,86,80,0.089,,2,0,84.67,0.4
31-10-2021,Pakistan,Asia,Omicron,19,0,18,307,57,0.3459,0.1007,,0.149,53.83,0.974
10-04-2020,South Africa,Africa,Original,3,0,2,47,12,0.2422,,1,,82.92,0.4
24-01-2021,Pakistan,Asia,Alpha,21,1,19,341,63,0.3508,0.1089,8,0.0021,63.68,0.601
19-10-2022,Argentina,South America,Omicron BA.2,4,0,,53,40,0.1149,0.0608,,0.5865,7.92,2.529
11-12-2021,Russia,Europe,Omicron,7,0,6,111,56,0.1362,0.0448,1,0.3158,56.46,1.227
13-06-2022,South Korea,Asia,Omicron BA.2,8,0,,130,104,0.0731,,0,0.7328,8.09,1.764
07-01-2022,Turkey,Asia,Omicron,48,0,46,853,384,0.1102,0.0768,,0.3266,27.9,1.455
24-08-2021,South Africa,Africa,Delta,5,0,4,70,25,0.204,0.176,,0.1135,60.49,
22-11-2022,Brazil,South America,Omicron BA.2,6,0,,60,60,0.0982,0.053,,0.6258,16.15,2.436
18-09-2021,UK,Europe,Delta,3,0,2,30,54,0.0527,0.1209,0,0.3575,47.06,0.589
01-06-2020,South Korea,Asia,Original,1,0,0,13,20,0.0419,0.1258,0,,61.35,
24-06-2021,Turkey,Asia,Delta,112,0,13,138,98,0.157,0.1755,6,0.1464,84.45,0.4
11-09-2020,Mexico,North America,Original,5,0,4,65,30,0.1757,,2,,39.37,0.549
21-01-2021,UK,Europe,Alpha,4,0,3,47,84,0.0617,0.1221,0,,,0.575
12-12-2020,Indonesia,Asia,Alpha,12,0,11,175,60,0.1957,0.1162,4,,57.25,0.455
23-06-2022,Australia,Oceania,Omicron BA.2,1,0,,17,12,0.078,0.0481,0,0.7315,27.24,1.87
22-05-2021,Argentina,South America,Delta,5,0,4,86,35,0.1375,0.1839,,0.1149,87.49,0.4
15-10-2022,UK,Europe,Omicron BA.2,1,0,,10,14,0.0688,0.0185,0,0.8999,10.56,2.203
08-11-2021,Italy,Europe,Omicron,5,0,4,87,120,0.0549,0.0826,1,0.4278,50.59,1.3
01-12-2020,India,Asia,Alpha,34,0,32,385,340,0.1069,0.2097,21,0,37.95,0.749
23-02-2021,France,Europe,Alpha,1,0,0,11,23,0.0387,0.1402,0,,69.35,0.4
04-10-2021,Canada,North America,Omicron,10,0,9,100,170,0.0637,0.0786,2,0.3681,49.82,1.075
04-05-2021,Canada,North America,Delta,4,0,3,53,52,0.0702,0.1434,1,0.1654,69.26,0.47
05-01-2021,Italy,Europe,Alpha,40,1,37,455,800,0.0432,0.1666,19,0,61.13,0.448
06-11-2020,Brazil,South America,Alpha,8,0,7,84,72,0.0937,0.1206,,0,29.93,0.957
04-07-2022,Italy,Europe,Omicron BA.2,5,0,4,61,115,0.0566,0.0382,0,0.7505,16.29,2.111
19-02-2020,Germany,Europe,Original,11,0,10,134,,,,3,0,,1.057
07-02-2020,Spain,Europe,Original,1,0,0,16,,,0.1816,0,0,2.94,0.833
13-04-2020,Australia,Oceania,Original,1,0,0,15,,,0.1326,0,0,77.92,0.4
27-01-2022,USA,North America,Omicron,2,0,1,30,46,0.0611,,0,0.544,30.55,1.11
16-03-2021,Japan,Asia,Alpha,1,0,0,11,23,0.0348,0.1168,0,0.0966,55.99,0.699
20-02-2022,Canada,North America,Omicron BA.2,1,0,0,10,16,0.052,0.061,0,0.5576,27.34,2.216
14-03-2020,Australia,Oceania,Original,1,0,0,14,,,0.1516,0,0,61.03,0.478
12-11-2020,USA,North America,Alpha,9,0,8,100,189,0.0526,0.1356,2,0,45.16,0.809
06-12-2022,Germany,Europe,Omicron BA.2,2,0,,36,26,0.0796,0.0316,0,0.92,20.25,1.566
16-05-2021,Argentina,South America,Delta,3,0,2,32,24,0.1214,0.1635,0,0.1114,74.72,
03-02-2021,Italy,Europe,Alpha,9,0,8,123,171,0.0647,0.1378,3,0.0332,77.58,0.4
26-03-2021,Germany,Europe,Alpha,1,0,0,10,20,0.045,0.2092,0,0.1101,59.21,0.611
24-05-2022,South Korea,Asia,Omicron BA.2,15,0,14,161,300,0.0379,0.0562,1,0.6987,31.61,1.159
10-04-2022,Turkey,Asia,Omicron BA.2,2,0,,24,22,0.0946,,0,0.3868,36.22,1.856
29-11-2022,Pakistan,Asia,Omicron BA.2,1691,15,,23835,8455,0.2066,0.0584,375,0.3505,27.04,
04-02-2022,South Africa,Africa,Omicron,1,0,0,17,4,0.2533,0.0781,0,0.1923,,1.474
17-06-2020,Brazil,South America,Original,8,0,7,121,88,0.0824,0.2019,,0,50.53,0.513
20-07-2021,Australia,Oceania,Delta,5,0,4,79,120,0.0441,0.1972,2,0.291,65.04,0.481
12-02-2020,Australia,Oceania,Original,1,0,0,18,20,0.047,0.1135,0,,5.19,0.905
05-12-2020,Canada,North America,Alpha,2,0,1,33,42,0.0643,0.1954,1,0,,1.027
18-03-2022,Pakistan,Asia,Omicron BA.2,7,0,,126,35,0.1988,0.0575,1,0.2173,35.82,2.116
19-09-2021,South Africa,Africa,Delta,1,0,0,17,4,0.2491,0.1859,,0.1256,64.74,0.643
24-02-2020,Russia,Europe,Original,2,0,1,26,20,0.0898,0.0961,0,0,77.29,0.4
23-08-2022,France,Europe,Omicron BA.2,21,0,,256,441,0.0465,0.0211,1,0.8341,24.23,1.346
06-05-2020,France,Europe,Original,16,0,15,195,336,0.0339,0.186,7,0,52.08,0.626
29-06-2021,USA,North America,Delta,46,1,42,708,598,0.0953,0.2192,24,0.2393,80.48,0.4
23-03-2022,Colombia,South America,Omicron BA.2,3,0,,51,33,0.0879,,,0.3914,,2.403
25-01-2021,Indonesia,Asia,Alpha,11,0,10,160,55,0.1913,0.1624,4,,72.81,
21-08-2021,USA,North America,Delta,1,0,0,14,24,0.0451,0.1692,0,0.3408,54.67,0.541
17-10-2021,Germany,Europe,Omicron,31,0,29,410,682,0.0364,0.0682,5,0.4055,51.27,0.917
14-01-2021,Russia,Europe,Alpha,8,0,7,124,72,0.1236,0.1434,4,0,,0.574
01-12-2021,Germany,Europe,Omicron,1,0,0,14,20,0.0385,0.0782,0,0.4403,27.3,
09-07-2020,Italy,Europe,Original,5,0,4,75,80,0.0639,0.125,1,0,68.98,0.422
09-01-2022,Argentina,South America,Omicron,1,0,0,13,8,0.1294,0.0767,,0.3319,48.62,0.943
02-05-2021,Italy,Europe,Delta,1,0,0,13,12,0.0824,0.2062,0,0.1742,69.94,0.544
11-05-2020,South Africa,Africa,Original,2,0,1,20,8,0.2559,0.1753,,,68.4,0.4
03-08-2021,Canada,North America,Delta,1,0,0,13,20,0.041,0.1757,0,0.2888,70.42,0.558
13-06-2021,USA,North America,Delta,4,0,3,41,68,0.0663,0.1617,1,0.2286,67.49,0.579
14-04-2021,Pakistan,Asia,Alpha,14,0,13,248,42,0.3486,0.1987,7,0.0727,63.12,0.4
23-11-2020,Canada,North America,Alpha,2,0,1,34,48,0.0559,0.1759,1,0,43.3,0.961
22-06-2022,Brazil,South America,Omicron BA.2,29,0,,454,261,0.1131,0.0608,,0.467,17.98,1.602
29-07-2022,Mexico,North America,Omicron BA.2,33,0,,344,363,0.0906,0.0573,,0.4844,34.35,1.597
27-07-2021,South Africa,Africa,Delta,47,1,44,776,235,0.1811,0.1269,28,0.0973,65.14,0.634
20-04-2021,India,Asia,Delta,34,0,32,510,306,0.1091,,15,0.1041,84.36,
12-12-2022,Germany,Europe,Omicron BA.2,80,0,77,915,1200,0.0478,0.0268,6,0.92,9.01,1.199
26-12-2021,Italy,Europe,Omicron,3,0,2,37,60,0.0573,0.0696,0,0.4694,52.47,0.746
29-04-2022,UK,Europe,Omicron BA.2,1,0,,11,21,0.0655,0.0359,0,0.6499,,1.571
04-04-2021,South Korea,Asia,Alpha,3,0,2,34,60,0.0467,0.1732,1,0.1382,72.74,0.4
01-04-2020,USA,North America,Original,97,1,92,1689,1455,0.0655,,55,0,71.56,0.4
06-02-2022,South Korea,Asia,Omicron,5,0,4,75,90,0.0619,0.0576,1,0.5608,45.48,1.036
13-12-2020,Mexico,North America,Alpha,4,0,3,45,40,0.1118,0.2011,2,0,80.8,0.4
06-02-2020,Germany,Europe,Original,2,0,1,28,,,0.1699,1,0,14.24,1.02
23-08-2021,USA,North America,Delta,13,0,12,151,195,0.0621,0.2009,5,0.3097,57.93,0.557
03-07-2020,Japan,Asia,Original,14,0,13,221,294,0.0606,0.1598,6,0,43.62,0.787
07-03-2022,Germany,Europe,Omicron BA.2,25,0,,403,325,0.0776,0.0564,4,0.5978,,1.426
28-08-2020,Russia,Europe,Original,3,0,2,41,24,0.1343,0.1373,1,0,58.43,0.4
04-02-2020,Turkey,Asia,Original,1,0,0,17,8,0.1254,0.1439,0,0,10.82,0.915
09-12-2022,Germany,Europe,Omicron BA.2,6,0,5,103,138,0.0305,,0,0.92,29.9,
22-07-2022,Turkey,Asia,Omicron BA.2,2,0,,24,18,0.0977,0.0646,,0.5121,25.9,1.667
13-06-2022,Canada,North America,Omicron BA.2,3,0,,49,42,0.0687,0.0499,0,0.7381,28.69,1.004
12-06-2021,France,Europe,Delta,1,0,0,17,17,0.0693,0.1136,0,0.2219,62.77,
04-03-2022,Spain,Europe,Omicron,1,0,0,13,23,0.0548,0.0498,0,0.5685,,1.113
28-06-2020,Germany,Europe,Original,1,0,0,13,20,0.0492,0.1106,0,0,59.05,0.559
29-08-2021,Brazil,South America,Delta,29,1,27,483,174,0.1787,0.1433,,0.2151,38.49,1.33
13-12-2022,Russia,Europe,Omicron BA.2,2,0,,22,18,0.1286,0.0341,,0.6408,18.6,1.219
24-01-2022,Pakistan,Asia,Omicron,2,0,1,22,6,0.337,0.0602,0,0.1947,31.5,2.122
09-07-2021,France,Europe,Delta,32,1,29,330,640,0.0396,0.1567,10,0.2691,58.73,0.552
09-01-2022,Argentina,South America,Omicron,5,0,4,61,30,0.1501,0.0414,,0.3348,47.35,1.152
29-09-2020,USA,North America,Original,34,0,32,440,476,0.0703,,11,,53.23,0.451
16-02-2022,Pakistan,Asia,Omicron,23,0,22,261,69,0.3249,0.1046,,0.2236,32.37,
21-12-2020,Mexico,North America,Alpha,58,3,52,866,348,0.1732,0.1867,43,0,74.75,0.4
16-05-2021,South Korea,Asia,Delta,1,0,0,16,15,0.0678,0.1803,0,0.1813,73,
06-07-2020,Japan,Asia,Original,12,0,11,215,252,0.0357,0.186,11,0,55.47,0.4
24-04-2020,Argentina,South America,Original,4,0,3,41,40,0.104,0.2073,2,0,88.52,0.4
12-04-2020,Spain,Europe,Original,1,0,0,17,,,0.1147,0,0,94.25,0.4
31-07-2020,Indonesia,Asia,Original,18,1,16,234,90,0.1882,,,0,49.52,0.4
03-01-2022,Turkey,Asia,Omicron,2,0,1,33,18,0.1312,0.0902,,0.3385,36.56,1.627
15-08-2020,South Korea,Asia,Original,15,0,14,272,180,0.0782,0.0951,6,,43.54,0.61
29-01-2020,South Africa,Africa,Original,5,0,4,64,25,0.2112,0.2068,3,0,18.42,0.706
06-10-2020,USA,North America,Original,4,0,3,54,48,0.0948,,2,0,50.08,0.528
03-02-2020,UK,Europe,Original,4,0,3,44,88,0.0392,0.1285,0,0,20.55,0.775
02-08-2020,Japan,Asia,Original,6,0,5,93,114,0.0676,0.0916,1,0,45.33,0.409
02-02-2022,Russia,Europe,Omicron,7,0,6,98,49,0.1407,0.0947,2,0.3381,58.59,1.221
18-11-2021,Pakistan,Asia,Omicron,18,0,16,288,54,0.3185,0.049,,0.1641,52.68,1.26
31-05-2021,Germany,Europe,Delta,1,0,0,11,16,0.0798,0.1546,0,0.2072,55.95,0.534
03-05-2022,Spain,Europe,Omicron BA.2,37,0,,441,814,0.0365,,2,0.6697,8.93,1.683
23-12-2021,Australia,Oceania,Omicron,3,0,2,39,69,0.0554,0.036,0,0.494,46.93,1.27
04-02-2020,France,Europe,Original,1,0,0,16,20,0.0598,0.1151,0,,2.7,1.056
03-10-2022,Turkey,Asia,Omicron BA.2,1,0,0,12,7,0.1389,0.0331,,0.5712,35.96,1.806
01-05-2022,Brazil,South America,Omicron BA.2,21,0,,346,147,0.1428,0.0685,5,0.427,29.81,2.371
20-06-2022,South Africa,Africa,Omicron BA.2,23,0,21,242,92,0.259,0.0593,2,0.263,13.75,
26-09-2020,India,Asia,Original,221,2,205,2923,2431,0.0844,0.1144,,0,54.79,0.4
06-12-2021,USA,North America,Omicron,54,0,51,594,1134,0.0479,0.0759,12,0.4728,35.02,1.738
01-12-2020,Spain,Europe,Alpha,1,0,0,16,17,0.081,0.1869,0,,,
12-06-2022,Russia,Europe,Omicron BA.2,71,0,67,910,426,0.1648,0.0648,,0.4746,39.58,
10-08-2022,Pakistan,Asia,Omicron BA.2,72,1,,1205,216,0.3445,0.0642,18,0.2701,31.61,
19-06-2022,Canada,North America,Omicron BA.2,9,0,8,126,171,0.0525,0.028,0,0.7321,18.72,1.411
02-02-2020,South Africa,Africa,Original,3,0,2,50,15,0.1968,0.1424,,0,7.77,0.973
19-12-2021,South Korea,Asia,Omicron,5,0,4,52,70,0.074,,0,0.4926,31.51,1.698
24-10-2022,Russia,Europe,Omicron BA.2,42,0,,557,420,0.0967,0.0633,,0.5843,42.53,1.301
24-06-2022,Pakistan,Asia,Omicron BA.2,79,1,,1101,316,0.2415,0.0461,8,0.2673,34.69,2.305
22-02-2022,Canada,North America,Omicron BA.2,24,0,23,282,384,0.0662,0.0368,2,0.5746,40.11,1.684
10-09-2020,Russia,Europe,Original,2,0,1,28,14,0.1279,0.1775,1,0,59.08,0.4
12-02-2021,France,Europe,Alpha,1,0,0,13,16,0.0562,0.1518,0,0.0383,63.66,0.519
18-11-2022,Brazil,South America,Omicron BA.2,277,2,,2782,2216,0.1224,0.0375,26,0.6089,8.81,2.44
29-10-2021,Australia,Oceania,Delta,1,0,0,15,12,0.0734,0.1478,0,0.411,37.38,1.085
26-08-2020,Indonesia,Asia,Original,8,0,7,143,32,0.2475,0.1061,,0,,0.92
15-09-2022,Pakistan,Asia,Omicron BA.2,10,0,,160,50,0.2037,,1,0.3116,18.13,1.53
22-05-2021,Germany,Europe,Delta,35,0,33,423,665,0.0622,0.2204,25,0.1868,73.78,0.517
26-09-2020,India,Asia,Original,587,9,548,9734,3522,0.1593,0.2072,565,0,51.87,0.4
15-11-2020,Colombia,South America,Original,3,0,2,51,33,0.0821,,1,0,53.57,0.454
14-07-2022,Argentina,South America,Omicron BA.2,1,0,,17,11,0.0953,0.0713,0,0.484,,1.345
10-05-2022,Germany,Europe,Omicron BA.2,6,0,5,76,84,0.0668,0.0441,0,0.6893,18.7,1.519
06-04-2021,UK,Europe,Alpha,1,0,0,14,12,0.0793,0.2004,0,0.1219,57.75,0.595
27-08-2020,Japan,Asia,Original,5,0,4,86,95,0.0524,0.1994,4,0,43.66,0.497
09-10-2020,Japan,Asia,Original,6,0,5,100,120,0.058,0.1063,2,,50.15,0.544
03-05-2022,Indonesia,Asia,Omicron BA.2,14,0,,214,56,0.2571,0.0613,,0.2478,28.24,2.58
29-01-2022,UK,Europe,Omicron,50,0,47,743,1050,0.0614,0.0674,13,0.5524,43.63,
05-02-2022,Brazil,South America,Omicron,66,1,62,661,726,0.0704,0.0893,8,0.3548,,1.409
01-07-2020,South Africa,Africa,Original,1,0,0,17,5,0.1922,0.201,0,,56.93,0.4
25-02-2021,UK,Europe,Alpha,5,0,4,79,75,0.0542,0.1718,3,,61.21,0.515
20-11-2022,Pakistan,Asia,Omicron BA.2,83,1,79,1388,332,0.248,0.0755,,0.3329,31.88,1.692
18-12-2022,Germany,Europe,Omicron BA.2,4,0,3,47,88,0.0576,0.0183,0,0.92,37.08,0.885
05-07-2021,Russia,Europe,Delta,21,1,19,281,147,0.1418,0.2299,18,0.1494,69.51,0.577
15-05-2020,Pakistan,Asia,Original,23,0,21,340,92,0.2616,0.107,5,,66.33,0.463
01-04-2022,Mexico,North America,Omicron BA.2,9,0,8,113,63,0.1466,0.0415,1,0.4059,24.72,1.694
06-06-2021,South Africa,Africa,Delta,4,0,3,44,16,0.2445,0.12,1,0.0707,87.04,0.4
27-02-2021,Brazil,South America,Alpha,10,0,9,145,100,0.1019,0.1112,3,0.0462,56.74,0.589
24-10-2020,France,Europe,Original,34,0,31,486,714,0.0463,0.0906,12,0,43.2,0.44
28-11-2020,Indonesia,Asia,Alpha,13,0,12,158,65,0.2068,0.1847,,0,49.5,0.629
19-03-2022,Russia,Europe,Omicron BA.2,98,1,92,1323,882,0.0966,0.0725,,0.3774,31.3,2.203
16-01-2021,Brazil,South America,Alpha,8,0,7,124,88,0.0892,,4,0,,0.493
11-11-2022,Turkey,Asia,Omicron BA.2,17,0,16,192,102,0.1774,0.0304,1,0.6101,4.63,1.533
11-12-2021,UK,Europe,Omicron,16,0,14,161,336,0.0451,0.0636,2,0.4639,36.28,1.532
25-07-2021,Turkey,Asia,Delta,4,0,3,71,36,0.1104,0.1453,,0.1725,77.28,
24-10-2022,Russia,Europe,Omicron BA.2,3,0,,48,27,0.117,0.0331,,0.5915,,1.241
04-06-2021,Indonesia,Asia,Delta,13,0,12,132,39,0.3183,0.1446,5,0.0684,,0.4
04-08-2022,Colombia,South America,Omicron BA.2,41,0,39,543,287,0.1358,0.0471,,0.5275,11.44,2.115
12-12-2021,Russia,Europe,Omicron,26,0,25,425,234,0.0873,0.0559,,0.319,48.97,1.008
01-08-2020,Canada,North America,Original,1,0,0,11,19,0.0388,0.134,0,0,47.52,0.668
25-05-2020,Brazil,South America,Original,107,3,96,1436,,,,,0,57.23,0.446
14-06-2022,Argentina,South America,Omicron BA.2,12,0,11,119,132,0.0893,0.0753,1,0.4726,18.14,2.051
28-11-2022,Australia,Oceania,Omicron BA.2,5,0,,67,95,0.0391,0.0362,0,0.92,34.21,1.116
18-10-2022,Indonesia,Asia,Omicron BA.2,20,0,19,276,100,0.1858,,5,0.3177,24.59,2.695
16-12-2020,Spain,Europe,Alpha,34,1,31,556,510,0.0445,0.1599,19,0,61.12,0.666
24-12-2022,South Korea,Asia,Omicron BA.2,5,0,4,89,70,0.0849,0.0237,0,0.92,33.13,1.09
03-03-2021,Japan,Asia,Alpha,1,0,0,13,18,0.0629,,0,0.0531,73.82,
12-04-2021,South Korea,Asia,Delta,2,0,1,24,46,0.0372,0.1343,0,0.1444,61.44,0.458
01-06-2022,France,Europe,Omicron BA.2,2,0,,23,40,0.0609,0.0298,0,0.7346,23.91,
17-09-2022,Spain,Europe,Omicron BA.2,2,0,1,28,46,0.0522,,0,0.8693,16.51,1.577
06-07-2022,France,Europe,Omicron BA.2,9,0,,144,189,0.0532,0.0345,1,0.7631,19.69,1.195
11-07-2020,USA,North America,Original,1,0,0,17,21,0.0502,0.0943,0,,74.19,0.4
30-05-2021,Argentina,South America,Delta,5,0,4,67,45,0.1269,0.241,3,0.1191,80.98,0.4
23-03-2022,Colombia,South America,Omicron BA.2,1,0,0,16,6,0.1508,0.0749,,0.3955,40.93,1.709
01-10-2022,Australia,Oceania,Omicron BA.2,23,0,21,323,529,0.035,0.0271,1,0.8961,,1.515
21-12-2021,Italy,Europe,Omicron,5,0,4,64,85,0.0515,0.0448,0,0.4747,56.7,0.931
15-05-2020,Pakistan,Asia,Original,4,0,3,51,16,0.2418,0.128,1,0,50.67,0.563
25-08-2020,Japan,Asia,Original,1,0,0,13,24,0.0428,0.0941,0,,58.19,0.566
24-12-2020,Spain,Europe,Alpha,27,0,25,490,459,0.0612,0.1806,19,0,66.72,
15-10-2021,South Korea,Asia,Delta,1,0,0,14,16,0.0704,,0,0.4016,61.23,0.47
11-02-2021,Argentina,South America,Alpha,1,0,0,13,6,0.1676,0.2093,,0.0624,75.66,0.4
19-10-2020,Pakistan,Asia,Original,83,2,77,1363,415,0.1994,0.1534,39,0,55.54,0.618
10-04-2021,Russia,Europe,Alpha,5,0,4,74,40,0.1162,,3,0.1086,66.02,
11-08-2021,South Korea,Asia,Delta,14,0,13,172,336,0.0275,0.2054,5,0.3031,61.28,0.655
21-04-2020,France,Europe,Original,24,0,22,296,432,0.0669,,11,,86.07,0.4
25-02-2020,Indonesia,Asia,Original,6,0,5,101,30,0.2067,0.1048,2,0,,0.4
23-01-2021,Pakistan,Asia,Alpha,11,0,10,116,44,0.258,0.1751,4,0.0143,74.31,0.456
04-03-2021,USA,North America,Alpha,14,0,13,220,322,0.0438,0.1688,10,0.0935,57.79,0.651
10-05-2021,Turkey,Asia,Delta,5,0,4,62,35,0.1422,0.122,1,0.115,69.78,0.478
10-11-2020,USA,North America,Alpha,86,2,81,868,1204,0.0648,0.2228,52,0,58.67,0.452
29-08-2022,Australia,Oceania,Omicron BA.2,1,0,,14,20,0.05,0.0421,0,0.8387,20.59,1.579
28-06-2021,South Africa,Africa,Delta,5,0,4,54,15,0.3318,0.1506,,0.0722,78.49,0.4
10-04-2020,Turkey,Asia,Original,26,0,24,391,,,0.1692,16,0,91.56,0.4
18-03-2021,Spain,Europe,Alpha,14,0,12,213,294,0.0704,0.2088,9,0.0923,66.38,0.459
09-04-2021,Indonesia,Asia,Delta,17,1,15,259,85,0.212,0.2087,,,54.87,0.87
06-04-2021,UK,Europe,Delta,6,0,5,101,78,0.0875,0.1717,3,0.121,80.56,
21-05-2022,Canada,North America,Omicron BA.2,12,0,,201,264,0.0399,0.0469,2,0.6965,20.5,
11-05-2021,Italy,Europe,Delta,1,0,0,11,15,0.061,0.1418,0,0.175,58.23,0.86
13-08-2021,Pakistan,Asia,Delta,123,3,115,1870,492,0.251,0.1591,57,0.1281,44.15,1.127
02-11-2021,France,Europe,Delta,9,0,8,90,198,0.0468,0.1767,2,0.4196,45.21,0.769
17-11-2020,Pakistan,Asia,Original,15,0,14,200,45,0.3349,0.1077,3,0,52.28,0.4
15-03-2021,Italy,Europe,Alpha,3,0,2,29,72,0.0215,0.2152,1,0.0908,65.65,0.576
31-12-2022,Japan,Asia,Omicron BA.2,19,0,,207,323,0.0372,,0,0.92,8.87,1.985
11-11-2021,South Africa,Africa,Omicron,17,0,15,202,85,0.2096,0.0496,,0.1597,60.69,
09-10-2021,Canada,North America,Omicron,9,0,8,151,216,0.0528,0.0662,2,0.4017,55.79,0.877
01-08-2022,Mexico,North America,Omicron BA.2,34,0,,426,340,0.1135,0.0552,5,0.5028,,1.674
03-04-2022,Mexico,North America,Omicron BA.2,42,0,,419,252,0.1498,0.0362,3,0.3944,16.63,1.569
29-08-2021,Spain,Europe,Delta,2,0,1,29,36,0.0421,0.1337,0,0.3268,55.23,0.68
27-02-2020,Australia,Oceania,Original,1,0,0,11,,,0.1247,0,0,75.81,0.4
19-10-2021,Canada,North America,Omicron,2,0,1,27,26,0.082,0.0887,0,0.4022,36.93,1.331
30-07-2020,Australia,Oceania,Original,1,0,0,16,23,0.0601,0.177,0,0,60.25,0.544
19-04-2021,UK,Europe,Delta,3,0,2,31,42,0.0625,0.1419,1,0.1495,58.46,0.503
11-03-2021,USA,North America,Alpha,171,2,160,2524,3933,0.035,,70,0.1043,54.53,0.707
03-11-2020,Mexico,North America,Alpha,6,0,5,94,48,0.1248,,3,0,33.89,0.626
29-08-2021,Turkey,Asia,Delta,54,0,50,537,486,0.1144,0.1555,20,0.2105,,0.758
31-08-2022,Colombia,South America,Omicron BA.2,4,0,3,44,28,0.1304,0.0345,0,0.5407,11.21,
13-07-2020,Spain,Europe,Original,6,0,5,69,108,0.0591,,3,,65.42,0.4
05-08-2020,Indonesia,Asia,Original,39,2,36,654,195,0.1975,0.2061,,0,45.23,0.557
11-10-2020,South Korea,Asia,Original,3,0,2,34,36,0.0883,0.0999,0,0,54.02,0.632
18-03-2021,Russia,Europe,Alpha,11,0,10,113,121,0.1017,0.1906,,0.0687,70.42,0.515
12-10-2020,Australia,Oceania,Original,1,0,0,14,13,0.0888,0.1915,0,0,35.65,0.675
22-07-2020,Mexico,North America,Original,1,0,0,11,6,0.1667,0.2072,,0,61.68,0.4
27-09-2021,Spain,Europe,Delta,3,0,2,45,60,0.0575,0.1761,1,0.3823,67.79,0.4
06-03-2021,Turkey,Asia,Alpha,7,0,6,108,42,0.1674,0.1076,2,0.0719,,0.4
28-02-2021,Canada,North America,Alpha,1,0,0,15,18,0.0488,0.1448,0,0.0811,52.1,0.782
02-04-2020,Australia,Oceania,Original,2,0,1,28,,,,0,0,76.24,0.4
01-04-2022,Germany,Europe,Omicron BA.2,11,0,10,109,231,0.0496,0.0556,1,0.6123,24.32,1.847
22-10-2020,Canada,North America,Original,1,0,0,12,17,0.0641,0.1414,0,,57,0.444
23-11-2022,Spain,Europe,Omicron BA.2,14,0,13,183,336,0.0424,0.0257,1,0.92,27.73,1.426
29-11-2022,South Africa,Africa,Omicron BA.2,6,0,,82,30,0.1886,0.0807,,0.3437,44.05,1.142
05-10-2021,Australia,Oceania,Omicron,10,0,9,138,180,0.0577,0.0741,1,0.3759,42.81,1.129
14-06-2020,USA,North America,Original,7,0,6,70,126,0.0399,0.0906,1,,68.98,
29-09-2021,France,Europe,Delta,2,0,1,20,34,0.0587,0.119,0,0.3687,69.8,0.589
20-10-2021,Colombia,South America,Delta,7,0,6,76,42,0.1502,0.1722,3,0.2717,70.2,0.43
26-12-2021,Turkey,Asia,Omicron,13,0,12,137,130,0.0944,,2,0.339,,1.948
30-10-2022,USA,North America,Omicron BA.2,60,0,,740,780,0.077,0.032,3,0.9178,30.69,1.089
16-03-2021,Colombia,South America,Alpha,2,0,1,20,18,0.1192,0.1434,0,0.0514,63.27,0.469
16-09-2021,Japan,Asia,Delta,9,0,8,147,117,0.0661,0.1951,5,0.3519,66.48,0.677
22-08-2020,Turkey,Asia,Original,1,0,0,12,11,0.1064,,,0,45.1,0.726
04-06-2021,Canada,North America,Delta,3,0,2,43,60,0.0444,0.1468,1,0.2103,68.41,0.411
30-01-2022,Canada,North America,Omicron,1,0,0,16,17,0.0622,0.0635,0,0.538,48.84,
03-06-2022,Japan,Asia,Omicron BA.2,4,0,3,49,64,0.0552,,0,0.7205,21,1.737
02-02-2020,Canada,North America,Original,4,0,3,57,72,0.0424,0.1798,1,0,16.25,1.033
08-06-2022,USA,North America,Omicron BA.2,30,0,28,488,570,0.0485,0.0503,7,0.7095,,1.215
03-04-2021,Australia,Oceania,Alpha,1,0,0,12,23,0.0404,0.1976,0,0.1079,83.57,0.4
19-10-2022,USA,North America,Omicron BA.2,2,0,,27,48,0.0403,0.0172,0,0.9166,19.47,1.716
08-05-2020,Mexico,North America,Original,2,0,1,24,,,0.1163,0,0,59.04,0.55
01-05-2022,UK,Europe,Omicron BA.2,2,0,,35,40,0.0384,0.0366,0,0.6682,,2.242
04-05-2020,USA,North America,Original,16,0,15,162,336,0.0477,0.1287,3,0,48.25,0.477
22-07-2022,Brazil,South America,Omicron BA.2,2,0,1,23,20,0.1138,0.0491,,0.5119,34.08,1.616
02-03-2020,France,Europe,Original,1,0,0,10,,,0.2043,0,0,69.66,0.4
15-07-2022,Pakistan,Asia,Omicron BA.2,25,0,,399,125,0.1817,0.0532,3,0.2633,30.33,2.19
21-02-2021,USA,North America,Alpha,15,0,14,233,255,0.0629,0.1776,10,0.0673,59.3,0.413
17-05-2020,Canada,North America,Original,1,0,0,13,24,0.0417,0.1579,0,0,61.89,0.4
29-11-2022,Canada,North America,Omicron BA.2,1,0,0,16,16,0.0684,0.0309,0,0.92,29.13,1.504
29-04-2022,Colombia,South America,Omicron BA.2,10,0,,120,90,0.1089,0.0534,1,0.4391,36.82,1.639
05-01-2021,Indonesia,Asia,Alpha,12,0,11,193,60,0.2147,0.1959,8,0,70.33,0.4
05-10-2022,Argentina,South America,Omicron BA.2,3,0,,40,21,0.1228,0.0498,0,0.5894,27.96,1.995
13-04-2020,South Korea,Asia,Original,1,0,0,17,16,0.0607,0.098,0,0,87.19,0.4
19-10-2022,UK,Europe,Omicron BA.2,1,0,,10,18,0.0702,,0,0.902,33.16,1.622
09-02-2020,Turkey,Asia,Original,1,0,0,10,7,0.1501,0.1284,,0,18.54,0.91
12-06-2020,Argentina,South America,Original,15,0,0,10,7,0.1458,0.1563,,0,60.85,0.4
14-07-2020,Japan,Asia,Original,1,0,0,16,12,0.0823,0.1465,0,,57.09,0.511
10-06-2022,Brazil,South America,Omicron BA.2,5,0,,80,40,0.1283,0.0561,0,0.4695,35.19,1.225
05-10-2022,Canada,North America,Omicron BA.2,1,0,0,15,17,0.0575,0.019,0,0.8939,33.5,1.27
30-04-2022,Russia,Europe,Omicron BA.2,19,0,17,219,114,0.1635,0.0595,2,0.4332,11.22,2.099
04-07-2020,Argentina,South America,Original,1,0,0,17,8,0.1321,0.1677,,0,81.23,0.4
31-03-2022,Australia,Oceania,Omicron BA.2,3,0,2,33,60,0.0719,0.0547,0,0.6445,13.66,1.63
21-08-2020,Germany,Europe,Original,3,0,2,30,63,0.0586,0.1465,0,0,,0.636
09-02-2020,South Africa,Africa,Original,1,0,0,16,5,0.1932,,0,0,7.33,0.754
09-03-2020,Argentina,South America,Original,1,0,0,12,9,0.1162,0.1473,0,0,,0.4
17-07-2022,Pakistan,Asia,Omicron BA.2,48,0,,46,9,0.3221,0.0795,0,0.2716,27.55,2.502
10-03-2020,Brazil,South America,Original,39,1,36,610,,,0.1158,10,0,77.94,0.4
22-06-2021,Russia,Europe,Delta,13,0,12,177,91,0.1416,0.1177,,0.1467,67.15,0.576
29-06-2022,Indonesia,Asia,Omicron BA.2,10,0,,175,30,0.3354,0.052,1,,,1.82
16-01-2022,Canada,North America,Omicron,4,0,3,64,76,0.055,0.0342,0,0.5278,44.2,1.2
21-08-2021,Colombia,South America,Delta,1,0,0,17,9,0.1142,,0,0.2039,41.26,1.186
12-07-2021,Germany,Europe,Delta,5,0,4,52,90,0.06,0.1161,0,0.2588,73.02,0.4
13-05-2022,Pakistan,Asia,Omicron BA.2,58,1,55,723,174,0.3291,,19,,19.24,1.876
16-06-2020,UK,Europe,Original,3,0,2,46,63,0.0594,0.1803,2,,72.49,0.4
15-06-2021,France,Europe,Delta,1,0,0,16,24,0.0555,0.186,0,0.2197,71.82,0.433
22-09-2022,Pakistan,Asia,Omicron BA.2,10,0,,123,30,0.3258,0.0705,1,0.3132,22.84,1.585
21-05-2021,Australia,Oceania,Delta,1,0,0,10,15,0.057,0.1071,0,0.2141,,0.57
08-09-2020,South Korea,Asia,Original,2,0,1,25,32,0.0542,0.1087,0,,,0.47
18-04-2021,Pakistan,Asia,Delta,17,1,15,286,85,0.1906,0.2575,,0.0338,71.03,0.466
05-11-2022,UK,Europe,Omicron BA.2,7,0,6,89,133,0.0401,,0,0.92,30.63,1.482
20-06-2022,Russia,Europe,Omicron BA.2,14,0,13,184,140,0.0962,0.0571,,0.4888,14.51,2.53
03-01-2021,Italy,Europe,Alpha,2,0,1,34,38,0.0522,0.1687,0,0,54.36,0.722
07-02-2021,Pakistan,Asia,Alpha,1,0,0,17,3,0.3473,0.16,0,,62.61,0.662
21-09-2020,Canada,North America,Original,10,0,9,133,130,0.0771,0.1685,6,,42.57,0.792
21-01-2021,Japan,Asia,Alpha,2,0,1,34,28,0.0666,0.1426,1,0.0243,73.99,0.418
17-12-2022,India,Asia,Omicron BA.2,459,1,,5692,2754,0.1625,0.0382,,0.6508,32.11,1.944
27-06-2020,Indonesia,Asia,Original,11,0,10,125,44,0.2548,,5,,45.97,0.558
22-12-2022,Spain,Europe,Omicron BA.2,1,0,0,16,16,0.0628,0.0174,0,0.92,40.32,1.078
27-08-2022,South Korea,Asia,Omicron BA.2,37,0,,647,777,0.056,0.0215,3,0.8324,19.57,1.124
17-03-2021,UK,Europe,Delta,17,0,16,209,289,0.07,0.1398,5,0.1045,58.29,
07-09-2021,Germany,Europe,Delta,13,0,12,219,169,0.0928,0.1615,10,0.3347,58.4,0.839
27-06-2020,Mexico,North America,Original,11,1,9,165,121,0.0937,0.1946,,0,46.81,0.4
18-09-2022,Turkey,Asia,Omicron BA.2,25,0,24,280,225,0.1179,0.0318,1,0.5563,35.24,1.427
02-11-2022,South Africa,Africa,Omicron BA.2,4,0,,48,12,0.3177,0.0709,0,,20.8,2.633
02-09-2021,Germany,Europe,Delta,3,0,2,38,54,0.0557,0.1252,1,0.3234,56.27,0.761
10-08-2020,Turkey,Asia,Original,1,0,0,16,8,0.108,0.2006,,0,48.61,0.671
10-09-2021,South Africa,Africa,Delta,11,0,10,134,33,0.3263,0.174,,0.1308,54.79,0.785
11-01-2021,India,Asia,Alpha,311,6,297,3346,2177,0.1433,0.1912,111,0.0089,50.37,0.693
16-06-2022,Russia,Europe,Omicron BA.2,3,0,,39,33,0.09,0.0751,0,0.4708,27.52,1.367
27-02-2020,Argentina,South America,Original,1,0,0,10,6,0.1743,0.1697,0,0,82.67,0.4
06-01-2021,Pakistan,Asia,Alpha,111,4,99,1468,555,0.199,0.1648,,0.0133,67.07,0.453
03-07-2022,Canada,North America,Omicron BA.2,1,0,0,14,15,0.067,0.036,0,0.7522,25.4,1.7
31-07-2021,Pakistan,Asia,Delta,4,0,3,52,20,0.1947,0.2351,,0.1042,55.55,0.992
05-05-2022,Argentina,South America,Omicron BA.2,16,0,,217,176,0.1115,0.0391,,0.444,40.94,1.254
16-04-2020,South Africa,Africa,Original,2,0,1,20,,,,0,0,88.85,0.4
02-09-2021,Brazil,South America,Delta,40,1,36,651,400,0.1117,0.2059,25,0.2184,51.51,0.883
14-08-2021,UK,Europe,Delta,1,0,0,13,17,0.0557,,0,0.3106,54.97,0.953
05-09-2021,Italy,Europe,Delta,1,0,0,10,14,0.0812,,0,0.3493,57.38,0.627
02-11-2020,France,Europe,Original,3,0,2,53,36,0.08,0.1066,0,0,50.65,
08-10-2022,Italy,Europe,Omicron BA.2,3,0,2,43,54,0.0551,0.0407,0,0.8853,30,1.268
19-08-2021,Russia,Europe,Delta,10,0,9,178,110,0.108,,11,0.1979,58.61,0.526
13-03-2022,Mexico,North America,Omicron BA.2,73,1,70,1111,730,0.097,,18,0.389,31.3,1.38
29-10-2021,Germany,Europe,Omicron,4,0,3,42,80,0.0695,,0,0.4043,62.4,0.546
18-09-2021,Canada,North America,Delta,1,0,0,14,17,0.0356,,0,0.3553,,0.603
03-07-2022,Spain,Europe,Omicron BA.2,1,0,0,14,19,0.0346,0.029,0,0.7588,20.29,1.423
17-03-2021,South Africa,Africa,Delta,1,0,0,13,4,0.2577,0.1904,0,0.0417,55.48,0.671
31-01-2022,Indonesia,Asia,Omicron,103,2,97,1226,309,0.3535,0.0758,23,0.1888,28.4,2.173
21-07-2022,Indonesia,Asia,Omicron BA.2,20,0,18,299,100,0.213,0.076,6,0.2866,,1.238
18-06-2022,South Korea,Asia,Omicron BA.2,8,0,7,92,104,0.0806,0.0357,0,0.7418,22.56,
12-03-2022,Turkey,Asia,Omicron BA.2,1,0,0,16,7,0.156,0.0641,0,0.3811,10.86,
06-11-2022,Mexico,North America,Omicron BA.2,7,0,,68,63,0.1013,0.036,0,0.6127,31.94,1.329
13-04-2022,Colombia,South America,Omicron BA.2,1,0,0,14,11,0.0911,0.0756,,0.4228,15.48,1.839
09-06-2020,Germany,Europe,Original,15,0,13,200,270,0.0646,0.1004,4,0,66.83,0.4
02-07-2022,Russia,Europe,Omicron BA.2,4,0,,62,32,0.1232,0.0659,1,0.4823,41.25,1.336
14-11-2021,Germany,Europe,Omicron,8,0,7,125,120,0.0723,0.058,2,0.44,28.09,1.583
10-10-2022,South Korea,Asia,Omicron BA.2,5,0,,54,100,0.0443,,0,0.8885,41.16,1.248
05-08-2022,Colombia,South America,Omicron BA.2,1,0,0,12,8,0.1315,0.0575,,0.5138,,1.514
15-11-2022,Pakistan,Asia,Omicron BA.2,22,0,,281,88,0.2473,,4,0.3293,29.63,1.339
15-06-2021,Colombia,South America,Delta,10,0,9,124,110,0.0635,0.1369,,0.1314,65.63,0.687
19-04-2022,Brazil,South America,Omicron BA.2,25,0,22,445,250,0.0995,0.0351,3,0.4349,,1.235
09-03-2020,Russia,Europe,Original,2,0,1,30,12,0.1605,0.1155,0,0,68.76,0.4
22-05-2022,Colombia,South America,Omicron BA.2,7,0,,123,77,0.0753,0.0736,2,0.4472,22.76,1.52
16-08-2021,USA,North America,Delta,2,0,1,21,32,0.0633,0.103,0,0.3135,,0.753
19-10-2020,Brazil,South America,Original,7,0,6,91,63,0.1163,0.1304,3,0,47.68,0.4
08-04-2021,Colombia,South America,Alpha,4,0,3,40,40,0.1044,0.0941,,0.0737,56.87,0.66
10-01-2022,South Africa,Africa,Omicron,8,0,7,109,24,0.339,0.0909,1,,35.69,1.558
01-07-2020,Russia,Europe,Original,8,0,7,118,72,0.0929,0.166,,0,50,
19-10-2021,Mexico,North America,Omicron,93,2,87,1434,1023,0.925090617,0.0709,,0.2637,49.98,0.915
08-06-2022,Russia,Europe,Omicron BA.2,25,0,23,309,175,0.1355,0.0468,3,0.4784,13.69,2.21
25-04-2021,Brazil,South America,Delta,18,1,16,234,144,0.132,0.1701,10,0.1004,58.19,0.964
26-08-2020,Indonesia,Asia,Original,14,0,12,222,42,0.342,0.1926,12,0,55.76,
14-11-2022,Indonesia,Asia,Omicron BA.2,2,0,,27,10,0.901357494,0.0525,,0.3522,21.01,1.492
16-03-2022,South Korea,Asia,Omicron BA.2,1,0,0,15,22,0.0537,0.0293,0,0.5915,24.31,1.855
29-01-2022,Pakistan,Asia,Omicron,19,0,17,289,76,0.235,0.0481,,,27.5,1.544
28-01-2021,Germany,Europe,Alpha,4,0,3,50,84,0.0322,0.2009,1,0.0517,,0.668
09-01-2021,Pakistan,Asia,Alpha,2,0,1,26,8,0.2377,0.1809,,0.0071,69.12,0.4
30-10-2022,Argentina,South America,Omicron BA.2,3,0,,47,30,0.1048,0.0369,,0.617,21.65,2.122
14-02-2020,Russia,Europe,Original,186,3,176,3197,,,0.1593,,0,,0.837
13-06-2022,Spain,Europe,Omicron BA.2,8,0,7,145,104,0.0858,0.0428,1,0.733,21.47,1.472
19-02-2021,South Korea,Asia,Alpha,17,0,15,246,289,0.0644,0.1796,7,,61.88,0.538
24-07-2021,Pakistan,Asia,Delta,34,1,31,458,136,0.2546,,32,0.0936,61.33,0.879
17-12-2021,Japan,Asia,Omicron,30,0,28,318,450,0.0607,,3,0.488,,1.379
09-11-2022,Indonesia,Asia,Omicron BA.2,93,2,86,1297,465,0.1977,0.0594,,0.3345,34.42,1.77
16-02-2022,Pakistan,Asia,Omicron BA.2,346,4,324,6229,1038,0.3199,0.0657,78,0.1872,26.03,1.613
22-12-2020,Canada,North America,Alpha,3,0,2,53,57,0.0455,0.222,3,0,76.72,0.4
26-11-2022,Colombia,South America,Omicron BA.2,2,0,1,34,22,0.0774,0.0282,,0.633,19.58,2.104
23-02-2021,Australia,Oceania,Alpha,1,0,0,13,21,0.0455,0.1804,0,0.0532,75.39,0.411
08-08-2022,Japan,Asia,Omicron BA.2,4,0,3,47,56,0.0783,0.0316,0,0.8038,24.76,1.213
09-08-2021,Australia,Oceania,Delta,1,0,0,15,16,0.0419,0.1243,0,0.2972,66.03,0.7
21-06-2021,South Korea,Asia,Delta,2,0,1,34,42,0.0683,0.1175,1,0.2286,77.3,0.497
13-02-2020,Italy,Europe,Original,1,0,0,15,13,0.0937,0.1521,0,0,11.31,0.779
25-07-2021,Germany,Europe,Delta,1,0,0,16,13,0.0729,,0,0.2835,,0.4
23-12-2022,Spain,Europe,Omicron BA.2,71,0,69,901,1704,0.038,0.0269,5,0.92,27.03,1.421
15-12-2021,Turkey,Asia,Omicron,5,0,4,73,35,0.1402,0.0843,,0.3132,35.81,1.798
24-04-2021,Colombia,South America,Delta,2,0,1,35,16,0.146,0.2128,1,0.0974,64.19,0.524
14-07-2021,Turkey,Asia,Delta,93,1,87,1642,837,0.0874,0.1739,,0.1653,79.38,0.4
29-05-2021,UK,Europe,Delta,2,0,1,23,32,0.056,0.2076,0,0.2044,54.64,0.887
07-04-2020,Japan,Asia,Original,4,0,3,42,56,0.0732,,1,,75.66,0.4
23-09-2020,Pakistan,Asia,Original,50,1,47,657,250,0.2081,0.169,20,,,0.771
16-09-2020,Mexico,North America,Original,4,0,3,56,40,0.1053,0.0951,,,49.39,0.599
23-10-2020,UK,Europe,Original,2,0,1,25,36,0.0614,0.2048,0,0,53.02,0.4
10-01-2022,South Korea,Asia,Omicron,1,0,0,11,12,0.0648,0.0673,0,0.527,41.96,
26-11-2022,Spain,Europe,Omicron BA.2,6,0,,62,72,0.0962,0.0168,0,0.92,36.66,1.486
27-05-2020,Spain,Europe,Original,1,0,0,14,19,0.0657,0.1923,0,,59.93,0.426
23-08-2021,Indonesia,Asia,Delta,24,1,21,312,72,0.3346,,15,,53.85,1.029
25-10-2022,South Africa,Africa,Omicron BA.2,2,0,,32,8,0.25,0.0386,0,0.323,25.9,2.559
14-10-2022,Italy,Europe,Omicron BA.2,13,0,12,234,169,0.0837,0.039,1,0.905,24.03,1.194
03-04-2022,USA,North America,Omicron BA.2,1,0,,13,21,0.0382,0.0313,0,0.6391,21.18,1.186
03-01-2022,Colombia,South America,Omicron,6,0,5,98,36,0.1724,,,0.3265,26.85,2.178
17-04-2021,Pakistan,Asia,Delta,15,0,13,262,60,0.2399,,9,0.0476,73.89,0.416
02-06-2022,South Africa,Africa,Omicron BA.2,4,0,,71,20,0.1943,0.0884,1,0.2541,25.99,2.609
08-10-2022,Australia,Oceania,Omicron BA.2,1,0,,10,16,0.0542,0.0251,0,0.9038,13.05,1.365
21-05-2021,Japan,Asia,Delta,12,0,11,192,156,0.0797,0.1117,5,0.1851,63.84,
06-10-2020,Colombia,South America,Original,1,0,0,11,11,0.1029,0.1526,0,0,55.88,0.56
12-04-2020,USA,North America,Original,19,0,17,269,,,,7,0,84.51,
24-04-2022,India,Asia,Omicron BA.2,153,0,,2254,1377,0.1286,0.0376,21,0.4296,,2.345
20-12-2020,Spain,Europe,Alpha,36,0,3,57,72,0.0533,0.1261,1,0,55.99,0.472
06-05-2021,India,Asia,Delta,6,0,5,74,42,0.1432,0.1215,2,0.1095,76.47,
28-10-2021,Canada,North America,Delta,1,0,0,16,21,0.0522,0.161,0,0.4249,60.43,0.452
27-03-2021,Turkey,Asia,Delta,8,0,7,100,80,0.0953,,,0.0656,77.07,0.551
02-01-2021,Russia,Europe,Alpha,72,3,66,823,432,0.1682,0.114,,0,57.21,0.751
19-10-2020,France,Europe,Original,5,0,4,51,75,0.052,0.1579,2,0,37.82,0.78
26-05-2022,India,Asia,Omicron BA.2,75,0,70,1080,450,0.1572,0.0625,12,0.4556,27.31,2.108
06-08-2020,USA,North America,Original,1,0,0,17,12,0.0798,0.1276,0,0,52.21,0.428
01-03-2021,Spain,Europe,Alpha,14,0,12,139,238,0.0549,0.1354,3,0.0885,67.23,0.464
29-12-2022,Argentina,South America,Omicron BA.2,4,0,,63,28,0.1463,0.0362,0,0.6627,13.99,2.293
30-10-2020,Argentina,South America,Alpha,2,0,1,21,18,0.106,0.1844,1,0,52.37,0.728
04-07-2022,Japan,Asia,Omicron BA.2,8,0,,126,176,0.0631,0.025,0,0.7566,19.03,1.983
05-02-2022,India,Asia,Omicron BA.2,55,0,51,686,605,0.102,0.049,5,0.3601,25.87,2.432
09-02-2021,South Africa,Africa,Alpha,2,0,1,22,10,0.1976,0.1122,0,0.0004,58.03,0.432
10-03-2020,India,Asia,Original,16,0,15,204,144,0.103,,10,0,95.76,
27-06-2021,Brazil,South America,Delta,112,4,103,1934,896,0.1279,,,0.1422,83.48,0.4
14-12-2020,South Africa,Africa,Alpha,36,1,33,375,180,0.205,0.1645,,0,71.03,0.48
20-01-2022,South Africa,Africa,Omicron,2,0,1,22,6,0.3454,0.0919,0,,,
29-04-2020,Pakistan,Asia,Original,8,0,7,138,,,0.1658,6,0,89.19,
28-12-2022,Germany,Europe,Omicron BA.2,135,0,127,2202,1890,0.0674,0.032,13,0.92,8.39,1.67
18-08-2022,Colombia,South America,Omicron BA.2,2,0,1,22,22,0.0933,0.0475,,0.5443,9.81,1.838
14-11-2020,Brazil,South America,Original,60,2,54,663,540,0.1085,0.1303,,0,50.43,0.4
04-11-2020,Spain,Europe,Alpha,9,0,8,109,117,0.0792,0.2266,5,,64.19,0.581
02-12-2022,Russia,Europe,Omicron BA.2,8,0,7,99,64,0.1337,,0,0.6184,20.59,1.625
21-09-2022,Australia,Oceania,Omicron BA.2,3,0,2,45,66,0.0533,0.0256,0,0.8721,14.05,1.563
03-04-2021,Turkey,Asia,Delta,1,0,0,10,6,0.1784,0.1149,0,0.0792,72.1,0.473
21-08-2022,France,Europe,Omicron BA.2,1,0,,13,19,0.0412,0.0223,0,0.8346,37.05,
27-04-2022,Argentina,South America,Omicron BA.2,15,0,,185,105,0.136,0.0505,2,0.4102,25.6,1.91
21-09-2020,Colombia,South America,Original,2,0,1,22,18,0.1,0.1813,1,0,44.23,0.683
11-06-2020,UK,Europe,Original,9,0,8,141,153,0.0761,0.2083,7,0,45.29,0.429
15-12-2022,Japan,Asia,Omicron BA.2,18,0,,188,270,0.0736,0.0302,1,0.92,25.29,
14-10-2021,Germany,Europe,Delta,35,0,32,553,735,0.0588,0.1857,17,0.3903,58.37,0.755
30-11-2021,South Korea,Asia,Omicron,7,0,6,94,119,0.0713,0.0618,1,0.4543,43.67,0.946
23-03-2022,Argentina,South America,Omicron BA.2,27,0,,387,189,0.1536,,,0.4018,29.33,1.265
11-09-2022,Pakistan,Asia,Omicron BA.2,129,1,125,2117,516,0.234,,20,0.3162,20.16,2.315
12-03-2020,South Africa,Africa,Original,6,0,5,103,,,,3,,71.73,0.4
25-04-2022,Italy,Europe,Omicron BA.2,2,0,1,34,40,0.0456,0.0523,0,0.6664,15.03,1.836
20-01-2021,Turkey,Asia,Alpha,1,0,0,13,10,0.0964,0.1098,,0.0113,67.26,0.47
24-08-2022,Italy,Europe,Omicron BA.2,1,0,0,14,17,0.0631,0.0323,0,0.8275,31.89,1.42
14-03-2022,Japan,Asia,Omicron BA.2,16,0,14,196,352,0.0342,0.039,1,0.605,33.26,1.943
29-11-2021,Japan,Asia,Omicron,22,0,21,364,396,0.0626,0.0618,3,0.466,37.35,
12-12-2021,Indonesia,Asia,Omicron,35,1,32,402,140,0.2506,0.0588,,,55.21,1.42
14-06-2021,Japan,Asia,Delta,15,0,13,200,195,0.0787,0.1714,7,0.219,84.05,0.4
17-12-2022,Germany,Europe,Omicron BA.2,10,0,,115,210,0.046,0.0334,0,0.92,13.98,1.995
13-08-2020,Colombia,South America,Original,1,0,0,11,6,0.1542,0.1937,,0,48.46,0.71
12-04-2020,Japan,Asia,Original,119,1,109,1598,2737,0.0292,0.1249,33,0,67.45,0.4
26-04-2022,UK,Europe,Omicron BA.2,3,0,2,39,63,0.0418,0.0448,0,0.6574,33.5,1.69
17-07-2020,Turkey,Asia,Original,1,0,0,14,8,0.1324,0.2074,,0,,0.527
05-08-2021,Italy,Europe,Delta,8,0,7,102,136,0.0662,0.1667,2,0.3075,41.43,0.863
05-04-2021,France,Europe,Delta,9,0,8,145,126,0.0581,0.1426,5,0.123,78.69,0.4
12-07-2021,UK,Europe,Delta,2,0,1,31,32,0.071,0.1138,0,0.2582,66.21,0.619
20-09-2020,Spain,Europe,Original,31,1,28,339,651,0.056,0.1103,6,0,54.52,0.556
01-02-2020,Mexico,North America,Original,16,1,14,278,,,0.2092,,0,8.97,0.798
16-08-2022,Mexico,North America,Omicron BA.2,40,1,38,484,280,0.1445,0.0569,,0.5091,25.87,1.574
10-06-2022,Argentina,South America,Omicron BA.2,6,0,,103,60,0.0931,0.0401,1,0.4714,27.83,1.959
03-10-2020,South Africa,Africa,Original,15,0,14,151,75,0.2002,0.1599,5,,63.14,0.4
28-09-2022,Turkey,Asia,Omicron BA.2,67,0,63,764,536,0.1266,0.0595,,0.5781,18.55,2.45
20-08-2021,Italy,Europe,Delta,42,1,38,485,504,0.076,0.1554,12,0.3189,56.66,
05-04-2020,Germany,Europe,Original,7,0,6,101,,,0.1955,3,,84.93,0.4
10-12-2022,UK,Europe,Omicron BA.2,2,0,1,30,42,0.0346,0.0273,0,0.92,33.55,1.566
10-05-2020,Mexico,North America,Original,24,1,22,422,,,0.1964,,0,51.6,
10-05-2022,Turkey,Asia,Omicron BA.2,2,0,,24,14,0.1382,0.0757,,0.4408,29.17,2.268
18-06-2022,Japan,Asia,Omicron BA.2,9,0,,119,171,0.048,0.0275,0,0.7245,8.55,1.891
26-02-2020,USA,North America,Original,15,0,14,190,240,0.0627,0.1108,3,,73.21,0.4
10-07-2021,Australia,Oceania,Delta,6,0,5,66,144,0.0579,0.1257,2,0.2616,71.82,
31-03-2022,Japan,Asia,Omicron BA.2,2,0,1,28,40,0.0666,0.0457,0,0.6434,29.27,1.288
07-05-2022,Australia,Oceania,Omicron BA.2,16,0,,203,208,0.0694,0.0478,2,0.6788,42.63,1.558
20-11-2020,South Africa,Africa,Alpha,6,0,5,70,30,0.198,0.154,2,,59.07,0.714
22-10-2020,Pakistan,Asia,Original,42,1,38,617,210,0.2006,0.1557,,0,41.02,0.676
31-12-2022,USA,North America,Omicron BA.2,42,0,41,625,798,0.0589,0.0346,5,0.92,40.28,
02-08-2020,India,Asia,Original,127,1,121,1697,762,0.1681,0.1934,,,51.48,0.4
12-01-2022,Indonesia,Asia,Omicron,10,0,9,98,50,0.1965,0.0967,2,0.1986,,2.072
22-08-2022,Mexico,North America,Omicron BA.2,1,0,0,12,6,0.1724,,,0.5302,33.02,1.694
28-06-2022,Brazil,South America,Omicron BA.2,880,5,,11144,6160,0.1322,0.0638,137,0.4717,27.34,1.834
11-03-2020,India,Asia,Original,74,1,69,899,518,0.1451,0.1773,,0,91.94,0.4
04-09-2020,Mexico,North America,Original,8,0,7,131,72,0.1034,0.1763,5,,40.46,0.472
19-08-2022,Germany,Europe,Omicron BA.2,13,0,12,155,169,0.0607,0.0357,0,0.826,40.56,1.533
06-02-2021,Italy,Europe,Alpha,11,0,10,123,253,0.058,0.2154,5,0.0495,83.24,0.4
18-09-2021,Brazil,South America,Delta,1,0,0,13,10,0.0949,0.1911,0,0.2434,62.66,0.712
13-10-2021,Germany,Europe,Delta,7,0,6,124,91,0.0719,0.1074,2,0.3934,41.22,1.007
31-10-2022,Colombia,South America,Omicron BA.2,5,0,,62,50,0.0941,0.0428,,0.613,31.59,1.164
10-08-2022,Australia,Oceania,Omicron BA.2,1,0,,15,16,0.0651,0.0329,0,0.8161,41.08,0.802
22-05-2021,Brazil,South America,Delta,3,0,2,34,27,0.0884,0.2341,1,0.1281,86.39,0.4
16-10-2022,Indonesia,Asia,Omicron BA.2,83,1,,829,332,0.2401,0.0587,,0.3298,17.34,2.399
15-03-2021,Spain,Europe,Alpha,3,0,2,50,69,0.0496,0.1053,1,0.089,52.81,0.696
25-07-2021,Germany,Europe,Delta,18,0,16,322,324,0.0605,0.1623,8,0.2771,55.86,0.75
24-11-2022,France,Europe,Omicron BA.2,65,0,62,866,1560,0.0409,0.0283,5,0.92,26.32,1.804
07-08-2021,Germany,Europe,Delta,-47,0,45,665,752,0.0661,0.1264,18,0.2979,48.45,
21-05-2020,Japan,Asia,Original,1,0,0,10,15,0.0846,,0,0,50.99,0.459
07-12-2021,Japan,Asia,Omicron,5,0,4,73,90,0.0398,0.0569,0,0.4604,48.48,0.899
30-05-2021,South Africa,Africa,Delta,3,0,2,52,9,0.3132,,1,0.0602,62.42,
06-02-2022,Australia,Oceania,Omicron,5,0,4,88,80,0.0625,0.0446,0,0.5477,28.43,1.029
12-03-2020,India,Asia,Original,14,0,13,227,,,0.1882,11,,81.02,
11-09-2020,Brazil,South America,Original,9,0,8,157,99,0.1,,,0,43.34,0.521
18-06-2021,Mexico,North America,Delta,3,0,2,32,30,0.1031,0.1889,,0.1497,59.81,0.604
19-02-2022,Italy,Europe,Omicron BA.2,4,0,3,51,52,0.0932,0.0403,0,0.584,41.67,0.922
05-11-2020,France,Europe,Alpha,13,0,12,179,195,0.0583,0.2027,6,0,42.56,0.702
12-09-2022,UK,Europe,Omicron BA.2,1,0,0,13,12,0.0797,0.0421,0,0.8683,29.3,1.322
08-02-2021,Italy,Europe,Alpha,10,0,9,145,180,0.0555,0.217,4,,59.79,0.682
17-11-2020,Spain,Europe,Alpha,3,0,2,42,42,0.062,0.2223,1,0,55.88,0.49
15-06-2022,South Africa,Africa,Omicron BA.2,1,0,0,11,3,0.3099,0.0428,,0.2668,31.37,2.489
10-12-2021,UK,Europe,Omicron,8,0,7,127,176,0.0323,,1,0.4792,32.23,1.147
14-05-2022,Turkey,Asia,Omicron BA.2,4,0,3,50,40,0.0985,0.0628,0,0.4491,33.32,
04-12-2021,UK,Europe,Omicron,1,0,0,16,12,0.0898,,0,0.4674,33.12,1.482
25-11-2020,Italy,Europe,Alpha,46,1,41,606,874,0.052,0.1112,16,,54.71,0.612
13-04-2021,Brazil,South America,Delta,14,0,13,234,112,0.1399,0.2021,7,0.0987,71.88,0.501
08-11-2020,South Korea,Asia,Original,3,0,2,32,57,0.04,,0,,,0.488
20-05-2021,South Africa,Africa,Delta,36,1,34,468,144,0.2529,0.142,18,0.0593,62.67,0.543
14-03-2022,USA,North America,Omicron BA.2,137,0,,1447,1644,0.0882,0.0321,13,0.601,,1.648
22-02-2021,Colombia,South America,Alpha,1,0,0,9,10,0.1164,,0,,64.13,0.487
11-10-2020,South Africa,Africa,Original,6,0,5,62,30,0.2146,0.1062,1,0,53.1,0.481
27-06-2022,South Korea,Asia,Omicron BA.2,2,0,,28,46,0.0485,0.0366,0,0.7441,23.95,2.014
01-02-2020,UK,Europe,Original,9,0,8,148,144,0.0853,0.1892,5,0,19.42,0.613
23-04-2021,Turkey,Asia,Delta,4,0,3,55,24,0.865754121,,1,0.0896,80.33,0.462
10-12-2020,USA,North America,Alpha,29,0,27,409,435,0.0686,0.1826,13,0,54.38,0.546
20-08-2020,South Korea,Asia,Original,1,0,0,15,22,0.0494,0.2019,0,0,52.35,0.436
10-11-2021,Spain,Europe,Delta,4,0,3,45,60,0.0727,0.1218,1,0.4455,65.57,0.4
28-06-2020,Japan,Asia,Original,16,0,14,159,208,0.0824,0.1138,4,,59.61,0.413
04-02-2021,UK,Europe,Alpha,1,0,0,14,15,0.0543,0.2197,0,0.04,72.25,
03-12-2022,Pakistan,Asia,Omicron BA.2,28,0,26,334,140,0.2208,0.0517,,,39.11,1.467
05-11-2020,Turkey,Asia,Original,3,0,2,52,21,0.1411,0.1701,2,0,44.99,0.729
25-05-2021,South Korea,Asia,Delta,3,0,2,48,63,0.0367,0.1577,1,0.1902,69.12,0.59
05-09-2020,Pakistan,Asia,Original,43,1,40,779,172,0.2483,,19,0,59.85,0.483
28-06-2021,South Africa,Africa,Delta,7,0,6,74,35,0.1904,0.2128,2,,92.03,0.4
15-08-2022,Japan,Asia,Omicron BA.2,117,0,109,1497,2574,0.0486,0.039,11,0.818,30.39,1.157
24-06-2021,USA,North America,Delta,62,1,59,788,1240,0.0364,0.1528,32,0.2526,66.66,0.4
05-01-2021,Turkey,Asia,Alpha,13,0,12,143,143,0.0985,0.2141,5,,76.29,0.4
12-05-2021,Pakistan,Asia,Delta,83,3,78,1067,249,0.3259,0.2556,,0.0596,72.68,0.62
14-05-2021,South Korea,Asia,Delta,5,0,4,65,85,0.0807,0.136,1,0.1824,77.66,0.4
26-10-2020,Pakistan,Asia,Original,3,0,2,31,12,0.2583,0.0997,0,,57.22,0.479
15-11-2021,Italy,Europe,Omicron,17,0,15,193,255,0.072,,2,0.4257,46.24,1.221
06-09-2021,Germany,Europe,Delta,4,0,3,58,52,0.0677,0.1593,2,0.34,66.08,0.67
22-09-2021,South Korea,Asia,Delta,2,0,1,27,48,0.0305,0.1561,1,0.3686,56.18,0.532
23-12-2021,Japan,Asia,Omicron,54,0,52,552,756,0.061,0.0515,5,0.4873,,1.397
26-10-2022,Indonesia,Asia,Omicron BA.2,23,0,21,358,92,0.2479,0.0522,3,0.3277,31.46,1.867
19-09-2021,Indonesia,Asia,Delta,11,1,10,128,44,0.2361,0.2086,4,0.1401,59.83,0.578
24-04-2020,South Korea,Asia,Original,1,0,0,11,,,0.1675,0,0,87.2,
09-09-2022,Japan,Asia,Omicron BA.2,5,0,4,55,120,0.0434,0.0303,0,0.8578,27.29,1.626
01-09-2020,India,Asia,Original,63,1,59,725,630,0.0946,0.15,31,0,55.02,0.4
12-09-2020,Brazil,South America,Original,7,0,6,100,63,0.1224,0.1816,4,0,56.19,0.4
04-07-2021,Australia,Oceania,Delta,2,0,1,35,40,0.0478,0.2121,1,0.2575,,0.48
28-09-2020,Canada,North America,Original,9,0,8,139,216,0.0635,0.1569,5,0,,0.401
28-06-2022,Turkey,Asia,Omicron BA.2,5,0,4,89,35,0.1284,0.0535,,0.4827,37.72,1.753
03-07-2022,Pakistan,Asia,Omicron BA.2,18,0,17,271,90,0.1779,0.0441,1,0.262,16.9,3
25-12-2020,Turkey,Asia,Alpha,1,0,0,14,6,0.1677,0.1046,0,0,69.7,0.47
17-01-2022,Australia,Oceania,Omicron,1,0,0,9,17,0.0598,0.0419,0,0.5321,52.61,0.825
27-06-2020,South Korea,Asia,Original,4,0,3,71,64,0.0746,0.1837,2,0,47.01,
29-04-2022,Argentina,South America,Omicron BA.2,10,0,9,166,60,0.163,0.0627,,0.4314,29.24,2.189
23-03-2020,USA,North America,Original,23,0,21,387,,,0.1923,19,,77.22,0.4
13-02-2021,Germany,Europe,Alpha,34,0,32,340,646,0.0357,0.1024,6,0.0699,61.44,0.44
17-05-2020,Turkey,Asia,Original,44,0,41,551,,,0.1218,11,0,66.13,0.4
03-03-2020,India,Asia,Original,60,1,56,597,480,0.1369,0.1201,,0,90.53,0.4
15-07-2020,South Africa,Africa,Original,4,0,3,54,12,0.3362,0.1566,,0,70.67,0.4
31-01-2022,Canada,North America,Omicron,2,0,1,32,40,0.0626,,0,0.5618,43.79,1.192
29-12-2021,Spain,Europe,Omicron,9,0,8,99,189,0.0341,0.0369,0,0.4948,40.57,0.856
15-09-2020,Argentina,South America,Original,1,0,0,15,11,0.0944,0.1967,,0,35.78,0.664
19-12-2021,Spain,Europe,Omicron,2,0,1,20,24,0.084,0.0768,0,0.4778,25.88,1.777
07-01-2022,Indonesia,Asia,Omicron,15,0,14,150,75,0.1996,0.0572,2,0.1814,39.38,1.25
01-11-2022,Turkey,Asia,Omicron BA.2,2,0,,20,18,0.0988,0.0461,0,0.5869,36.91,1.212
18-12-2020,India,Asia,Alpha,10,0,9,148,80,0.1175,0.19,,,75.9,0.4
30-01-2022,India,Asia,Omicron,331,2,322,3752,1986,0.1616,,,0.3361,39.9,1.706
13-02-2021,Pakistan,Asia,Alpha,12,0,11,184,36,0.3392,0.2059,9,0.0231,50.57,0.64
28-08-2020,Japan,Asia,Original,9,0,8,133,162,0.0438,0.1472,4,,57.92,0.483
26-03-2021,Argentina,South America,Delta,3,0,2,40,27,0.1107,0.1384,,0.0619,75.36,0.528
03-06-2021,Turkey,Asia,Delta,3,0,2,48,24,0.1285,0.1374,1,0.1437,82.91,0.4
30-06-2020,UK,Europe,Original,74,1,71,882,888,0.0942,0.1656,24,0,63.49,0.476
27-07-2022,Japan,Asia,Omicron BA.2,4,0,3,66,48,0.0708,0.0238,0,0.8008,10.49,2.219
03-06-2021,South Korea,Asia,Delta,8,0,7,131,176,0.0448,0.1019,2,0.2082,78.12,0.4
22-11-2020,Colombia,South America,Alpha,1,0,0,11,8,0.1309,0.2293,0,0,39.4,0.807
07-08-2021,Argentina,South America,Delta,7,0,6,71,56,0.1255,0.1939,3,0.1969,67.39,0.439
17-02-2022,Colombia,South America,Omicron,14,0,12,193,112,0.1393,0.0838,3,0.3683,26.36,1.958
31-07-2020,Italy,Europe,Original,2,0,1,24,24,0.0918,0.2018,0,,62.41,0.4
31-05-2021,Australia,Oceania,Delta,1,0,0,9,13,0.0845,0.1353,0,0.1954,72.36,0.606
26-01-2022,Japan,Asia,Omicron,2,0,1,23,36,0.0532,0.0349,0,0.53,50.68,1.152
10-12-2021,Colombia,South America,Omicron,5,0,4,62,35,0.129,0.0793,0,0.2799,50.31,
25-03-2020,Indonesia,Asia,Original,13,1,11,231,,,0.2039,9,0,75.25,0.4
11-06-2022,Germany,Europe,Omicron BA.2,1,0,,11,12,0.0846,0.0299,0,0.7322,10.45,
26-12-2021,Japan,Asia,Omicron,31,0,30,401,372,0.0802,0.0496,5,0.4912,34.38,1.396
28-01-2021,South Korea,Asia,Alpha,5,0,4,70,95,0.0512,0.1631,2,0.0425,60.04,0.672
10-08-2020,Indonesia,Asia,Original,175,5,159,2964,700,0.247,0.1334,89,0,41.75,0.78
31-05-2021,Brazil,South America,Delta,100,4,90,1676,1100,0.085,0.1566,44,0.1306,72.71,0.554
16-11-2022,Turkey,Asia,Omicron BA.2,31,0,,522,279,0.1086,0.0321,,0.6087,40.07,1.353
04-01-2021,Canada,North America,Alpha,1,0,0,17,19,0.0503,,0,0,57.01,0.447
28-09-2020,Turkey,Asia,Original,10,0,9,124,100,0.1093,0.2063,5,0,54.05,0.431
11-04-2022,Australia,Oceania,Omicron BA.2,1,0,0,13,19,0.0349,0.0387,0,0.6302,23.07,1.231
13-03-2020,India,Asia,Original,21,0,19,246,,,0.1391,,,68.66,0.4
04-08-2020,Australia,Oceania,Original,1,0,0,11,13,0.069,,0,,53.34,
24-02-2021,Australia,Oceania,Alpha,19,0,17,253,323,0.0637,0.2093,10,0.0599,81.79,0.4
02-07-2020,South Africa,Africa,Original,8,0,7,123,40,0.1753,,4,0,,0.523
19-03-2022,Japan,Asia,Omicron BA.2,1,0,0,16,23,0.0515,,0,0.6177,35.58,
02-06-2020,USA,North America,Original,1,0,0,13,23,0.0298,0.1037,0,,56.46,
17-10-2022,Colombia,South America,Omicron BA.2,6,0,,65,36,0.169,0.0412,,0.5829,35.69,1.455
19-05-2021,Pakistan,Asia,Delta,35,1,32,406,140,0.2514,,26,0.0594,64.66,0.796
27-10-2020,South Africa,Africa,Original,57,2,53,808,171,0.3353,0.1087,,,41.16,0.622
17-11-2021,South Africa,Africa,Omicron,20,0,18,290,60,0.318,0.1048,,0.1576,38.49,1.988
28-08-2020,Argentina,South America,Original,4,0,3,41,40,0.1149,0.0955,,0,56.57,0.474
03-02-2020,Colombia,South America,Original,1,0,0,17,11,0.0982,0.196,0,0,17.96,1.141
15-04-2022,Canada,North America,Omicron BA.2,7,0,6,116,105,0.0756,0.0603,1,0.6448,29.59,1.779
22-07-2021,India,Asia,Delta,912,18,873,9947,6384,0.1508,0.1285,302,0.1779,74.54,0.539
18-10-2022,Indonesia,Asia,Omicron BA.2,62,1,,862,248,0.2513,0.0873,20,0.326,40.43,1.402
28-12-2020,Pakistan,Asia,Alpha,30,1,27,473,150,0.2025,0.1615,19,,52.69,0.833
06-11-2022,Indonesia,Asia,Omicron BA.2,100,1,,1817,400,0.2355,0.0651,25,0.3244,,2.766
26-06-2022,Canada,North America,Omicron BA.2,1,0,0,12,13,0.0736,0.0435,0,0.7572,19.79,1.586
22-08-2022,South Korea,Asia,Omicron BA.2,1,0,0,18,20,0.0533,0.0405,0,0.8209,14.18,1.442
02-05-2020,Colombia,South America,Original,1,0,0,17,7,0.1284,0.1495,0,,57.27,0.598
01-12-2020,Mexico,North America,Alpha,6,0,5,96,66,0.1005,0.1915,3,0,53.67,0.497
11-09-2022,South Africa,Africa,Omicron BA.2,6,0,5,97,24,0.2545,0.05,,0.311,22.58,2.468
12-01-2021,Australia,Oceania,Alpha,1,0,0,15,20,0.0452,0.1225,0,,62.09,0.502
05-01-2021,Colombia,South America,Alpha,17,1,15,198,119,0.1468,0.2002,9,0,,0.675
26-09-2021,Argentina,South America,Delta,16,0,15,174,160,0.1059,0.1292,,0.2415,37.48,1.193
04-09-2021,Turkey,Asia,Delta,26,0,24,452,182,0.1411,0.2166,,0.2326,,0.884
07-03-2020,India,Asia,Original,34,0,32,613,272,0.1184,0.1694,17,,,0.4
23-05-2021,India,Asia,Delta,1173,25,1123,13904,9384,0.1288,0.2265,855,0.1199,58.21,0.829
07-02-2022,Turkey,Asia,Omicron BA.2,1,0,0,10,6,0.1599,0.0662,0,0.3773,53.31,
27-10-2022,Colombia,South America,Omicron BA.2,9,0,8,134,81,0.1194,0.0426,,0.5954,28.67,2.033
04-09-2022,Mexico,North America,Omicron BA.2,12,0,11,156,84,0.1388,,1,0.5485,12.39,1.398
28-02-2020,Indonesia,Asia,Original,15,0,13,204,75,0.1903,0.174,7,0,76.21,0.4
18-05-2020,Spain,Europe,Original,2,0,1,36,40,0.0535,0.1218,1,0,66.37,0.405
24-08-2021,Mexico,North America,Delta,3,0,2,41,21,0.1401,0.1015,0,0.1967,50.52,0.957
11-07-2022,South Korea,Asia,Omicron BA.2,7,0,6,113,154,0.0475,,0,0.7764,26.24,1.949
20-01-2022,Argentina,South America,Omicron,30,0,28,543,330,0.1145,0.0557,6,0.3374,44.13,1.44
10-04-2020,Argentina,South America,Original,18,0,16,230,,,0.152,7,0,64.18,0.4
06-07-2021,Argentina,South America,Delta,1,0,0,11,8,0.1142,,,0.1714,63.29,0.553
07-06-2022,Japan,Asia,Omicron BA.2,1,0,0,10,23,0.0481,0.0419,0,0.7361,9.68,2.173
03-03-2022,Canada,North America,Omicron BA.2,1,0,0,13,21,0.0282,0.0451,0,0.5829,50.81,0.921
16-06-2020,Spain,Europe,Original,2,0,1,34,24,0.0752,0.1918,1,,60.56,0.472
15-11-2020,UK,Europe,Alpha,6,0,5,77,84,0.0735,0.1527,1,0,60.07,0.649
22-11-2022,France,Europe,Omicron BA.2,1,0,,9,17,0.0519,0.0224,0,0.92,25.07,0.931
19-02-2020,Australia,Oceania,Original,1,0,0,12,,,0.1502,0,0,,0.722
23-08-2022,Turkey,Asia,Omicron BA.2,84,0,,955,588,0.1339,0.0558,14,0.5383,28.39,2.225
19-02-2022,Russia,Europe,Omicron,22,0,21,243,132,0.1589,0.0729,,0.3691,45.62,1.158
12-08-2021,Mexico,North America,Delta,5,0,4,52,35,0.1394,,,0.1763,65.09,0.477
09-05-2020,Canada,North America,Original,1,0,0,14,,,0.1071,0,0,49.83,0.533
20-03-2020,Japan,Asia,Original,6,0,5,63,144,0.0383,0.1937,3,0,71.04,0.4
29-08-2020,South Korea,Asia,Original,1,0,0,17,15,0.0586,0.0943,0,0,52.54,0.645
22-05-2022,India,Asia,Omicron BA.2,687,4,655,9485,4122,0.166,0.0569,109,0.4527,24.23,1.45
06-03-2020,Colombia,South America,Original,1,0,0,14,11,0.0946,0.1344,,0,69.3,0.404
24-12-2021,Australia,Oceania,Omicron,2,0,1,24,46,0.02,0.0735,0,0.4908,47.66,1.404
24-09-2021,Canada,North America,Delta,1,0,0,15,15,0.0594,0.1058,0,0.3713,45.59,1.032
02-06-2022,South Africa,Africa,Omicron BA.2,1,0,,17,3,0.345,0.0586,,0.2431,12.82,3.014
14-04-2021,India,Asia,Alpha,334,7,314,4784,3006,0.1309,0.1913,193,0.0845,83.13,
17-03-2021,Canada,North America,Alpha,1,0,0,18,20,0.0465,0.0996,0,0.0994,67.84,0.52
24-01-2020,Turkey,Asia,Original,8,0,7,107,72,0.1216,0.2042,5,0,19.47,0.976
24-05-2020,India,Asia,Original,17,0,15,185,102,0.1754,0.1578,7,0,69.04,0.4
14-06-2022,Germany,Europe,Omicron BA.2,21,0,20,245,420,0.0474,0.0434,1,0.7325,31.77,1.639
25-03-2022,India,Asia,Omicron BA.2,1704,7,,16782,17040,0.0991,0.0533,245,0.3925,27.96,2.289
09-05-2020,Spain,Europe,Original,1,0,0,13,,,0.1878,0,,54.75,0.526
23-09-2020,South Korea,Asia,Original,2,0,1,21,40,0.0518,0.1179,0,0,48.28,0.597
26-04-2021,South Africa,Africa,Delta,4,0,3,43,20,0.2039,0.1156,0,,60.56,0.741
03-02-2021,South Africa,Africa,Alpha,1,0,0,11,5,0.1912,0.1575,,,54.94,0.485
16-04-2020,Spain,Europe,Original,4,0,3,66,,,0.2009,2,0,85.06,0.4
20-04-2021,Turkey,Asia,Delta,1,0,0,17,11,0.0763,0.2157,0,0.0933,74.04,0.4
26-03-2021,Germany,Europe,Alpha,3,0,2,49,36,0.0922,0.1371,1,0.0949,65.35,0.49
10-07-2021,USA,North America,Delta,26,0,24,398,312,0.0852,0.1387,14,0.2573,77.06,0.4
08-09-2020,Spain,Europe,Original,2,0,1,22,34,0.053,0.1558,0,,40.04,0.602
21-11-2021,Colombia,South America,Omicron,5,0,4,66,40,0.107,0.0933,,0.2987,50.82,1.457
05-10-2021,Brazil,South America,Delta,4,0,3,39,44,0.0924,0.2055,2,0.2434,58.09,0.616
15-11-2021,Japan,Asia,Omicron,7,0,6,73,91,0.0813,0.0506,0,0.4326,50.99,1.196
16-12-2020,Japan,Asia,Alpha,5,0,4,57,100,0.0603,0.1619,2,0,75.1,0.4
10-03-2022,France,Europe,Omicron,2,0,,29,46,0.0459,0.0606,0,0.6032,39.86,
31-10-2020,Japan,Asia,Original,35,0,33,596,700,0.0376,,19,0,44.89,0.688
11-01-2021,Canada,North America,Alpha,2,0,1,22,40,0.0646,0.1245,0,0,76.48,0.4
23-10-2021,Argentina,South America,Omicron,2,0,1,27,20,0.0961,0.0559,,0.2581,40.94,1.302
13-01-2021,Russia,Europe,Alpha,4,0,3,61,44,0.0888,0.2073,3,0,57.42,0.568
12-06-2021,India,Asia,Delta,2275,43,2168,24325,15925,0.1408,0.1332,,0.1545,84.16,0.4
03-10-2020,Colombia,South America,Original,12,0,11,208,84,0.1517,0.1174,6,,64.06,0.44
16-05-2022,Spain,Europe,Omicron BA.2,2,0,,22,24,0.082,0.0553,0,0.6851,,2.18
18-09-2022,Italy,Europe,Omicron BA.2,8,0,7,80,168,0.048,0.0347,0,0.87,13.64,1.304
12-04-2021,Spain,Europe,Delta,14,0,13,187,294,0.0635,0.2149,11,0.1439,,
08-12-2022,USA,North America,Omicron BA.2,2,0,,24,42,0.0372,0.032,0,0.92,35.16,1.383
24-01-2022,Colombia,South America,Omicron,16,0,14,288,176,0.0934,0.0436,2,0.3614,47.48,0.959
02-01-2022,Pakistan,Asia,Omicron,38,1,36,525,114,0.3361,0.0611,8,,47.01,1.097
27-09-2020,Spain,Europe,Original,1,0,0,10,15,0.0647,0.1734,0,,38.56,0.728
16-09-2022,South Korea,Asia,Omicron BA.2,1,0,,10,14,0.0798,0.0347,0,0.8619,24.74,
10-05-2020,Argentina,South America,Original,1,0,0,12,,,0.2026,,0,61.12,0.404
10-01-2022,Australia,Oceania,Omicron,1,0,0,13,17,0.0519,0.0377,0,0.5186,46.31,1.121
18-01-2021,Canada,North America,Alpha,3,0,2,52,72,0.0427,0.1486,1,0.0079,69.18,0.4
01-01-2021,France,Europe,Alpha,1,0,0,12,20,0.0364,0.2106,0,0,54.96,0.587
16-03-2020,Colombia,South America,Original,1,0,0,16,11,0.0918,0.1144,,0,74.11,0.4
18-03-2021,Germany,Europe,Alpha,2,0,1,35,26,0.0619,,1,0.102,54.55,0.533
30-10-2020,Canada,North America,Original,22,0,21,352,396,0.0292,0.1397,10,0,54.99,
18-08-2021,Germany,Europe,Delta,15,0,14,237,360,0.0451,0.1358,8,0.3165,47.33,0.867
01-11-2022,Mexico,North America,Omicron BA.2,64,1,60,1027,576,0.113,0.0443,13,0.574,25.87,1.902
04-09-2022,Argentina,South America,Omicron BA.2,2,0,,20,16,0.0893,0.0449,,0.5477,31.49,1.782
22-08-2022,UK,Europe,Omicron BA.2,2,0,,27,28,0.0842,0.022,0,0.8254,22.31,1.901
27-11-2020,Argentina,South America,Alpha,3,0,2,35,27,0.1012,0.2006,1,,51.66,0.591
23-02-2021,Argentina,South America,Alpha,1,0,0,12,11,0.104,0.1364,0,0.0518,81.39,0.4
04-12-2020,Italy,Europe,Alpha,1,0,0,14,19,0.063,0.1813,0,0,49.1,
21-03-2022,Indonesia,Asia,Omicron BA.2,88,1,,1412,440,0.1992,0.047,,,18.94,1.779
05-11-2021,Australia,Oceania,Omicron,2,0,1,36,46,0.0296,0.0395,0,0.4243,66.72,0.517
21-05-2020,South Africa,Africa,Original,1,0,0,14,,,,,,53.31,0.55
18-12-2020,France,Europe,Alpha,18,0,17,225,342,0.0382,0.1861,8,0,78.56,0.4
26-06-2021,Indonesia,Asia,Delta,17,1,15,262,85,0.2112,0.1102,5,0.0871,75.79,0.449
05-03-2022,Spain,Europe,Omicron BA.2,1,0,0,14,21,0.0488,0.0643,0,0.5889,49.56,0.932
26-05-2020,Mexico,North America,Original,1,0,0,11,,,0.115,0,,45.91,0.67
12-05-2022,Russia,Europe,Omicron BA.2,1,0,0,13,9,0.1136,,0,0.4402,28.25,1.768
05-04-2021,South Korea,Asia,Delta,143,1,134,1610,2002,0.0706,0.1092,35,0.1159,65.36,0.502
29-01-2022,Spain,Europe,Omicron,1,0,0,12,17,0.0537,0.0413,0,0.5494,34.42,1.08
09-08-2021,Spain,Europe,Delta,17,0,16,304,323,0.0518,0.1819,10,0.2861,37.92,1.118
02-04-2021,Spain,Europe,Alpha,1,0,0,11,22,0.0534,0.1593,0,0.1419,64.47,0.4
24-10-2021,Indonesia,Asia,Delta,126,6,116,1321,378,0.3237,0.2288,72,0.1398,61.7,0.656
21-04-2022,Mexico,North America,Omicron BA.2,50,1,,671,550,0.096,0.0423,,0.4215,17.46,1.451
09-11-2021,France,Europe,Omicron,3,0,2,50,39,0.0881,,0,0.4367,64.03,0.809
04-03-2022,Canada,North America,Omicron BA.2,2,0,,33,44,0.0605,0.0418,0,0.5871,42.92,1.592
07-06-2020,Germany,Europe,Original,6,0,5,68,132,0.0543,0.1058,1,0,46.64,
11-09-2022,India,Asia,Omicron BA.2,20,0,19,256,180,0.0964,0.0308,1,0.5565,28.68,1.354
06-07-2020,Pakistan,Asia,Original,5,0,4,83,20,0.257,0.0971,,0,66.89,0.4
24-07-2021,Russia,Europe,Delta,1,0,0,13,6,0.1788,0.1463,,0.1966,69.75,0.415
10-11-2022,USA,North America,Omicron BA.2,1,0,0,17,21,0.0518,0.0239,0,0.92,28.73,1.28
24-01-2022,South Korea,Asia,Omicron,1,0,0,16,24,0.0333,0.0646,0,0.5356,51.56,0.833
12-11-2020,Colombia,South America,Alpha,2,0,1,34,14,0.1573,0.1824,1,,52,0.68
09-02-2020,India,Asia,Original,211,2,197,3569,2321,0.0766,0.18,160,0,14.18,1.143
21-06-2021,Canada,North America,Delta,81,1,77,1304,1215,0.0611,0.1442,47,0.2535,54.28,0.52
28-06-2022,Russia,Europe,Omicron BA.2,14,0,13,251,84,0.1628,0.0363,,0.4786,5.29,1.608
27-10-2020,UK,Europe,Original,2,0,1,24,24,0.0852,,0,,49.23,0.632
18-05-2020,Pakistan,Asia,Original,7,0,6,87,21,0.3397,0.2058,4,0,54.47,0.414
30-11-2022,France,Europe,Omicron BA.2,1,0,,11,15,0.089,0.0232,0,0.92,28.82,1.381
02-06-2021,Turkey,Asia,Delta,213,2,204,3317,1704,0.1221,0.1156,96,0.1292,63.92,0.687
03-08-2021,USA,North America,Delta,91,1,85,1351,1092,0.0761,0.1844,64,0.3061,69.97,0.614
26-06-2022,USA,North America,Omicron BA.2,18,0,,189,270,0.0693,,0,0.739,29.8,1.901
23-09-2020,Argentina,South America,Original,6,0,5,64,36,0.1582,0.1205,,0,52.32,0.448
28-01-2020,Spain,Europe,Original,22,0,20,285,440,0.0557,0.1942,11,0,9.42,0.725
06-11-2020,Spain,Europe,Alpha,1,0,0,10,23,0.0477,0.2174,0,0,55.15,0.696
12-10-2020,Russia,Europe,Original,1,0,0,10,6,0.1663,,,0,54.16,0.4
09-08-2020,Canada,North America,Original,33,0,30,434,759,0.0262,0.1615,11,0,51.85,0.45
07-02-2022,Spain,Europe,Omicron,1,0,0,14,18,0.0591,0.0721,0,0.5559,36.13,0.845
26-11-2021,South Africa,Africa,Omicron,8,0,7,124,32,0.2464,0.0869,2,,46.97,1.588
07-01-2021,South Korea,Asia,Alpha,2,0,1,25,40,0.0639,,1,0,70.76,0.532
03-02-2021,UK,Europe,Alpha,6,0,5,106,126,0.0434,0.1028,2,0.0392,,0.501
29-10-2020,USA,North America,Alpha,52,0,49,863,1144,0.043,0.1432,22,,50.73,0.888
25-08-2021,Indonesia,Asia,Delta,40,2,36,617,200,0.185,0.1379,,0.1116,66.71,0.47
12-02-2020,India,Asia,Original,117,2,112,1676,936,0.1321,0.1847,,0,15.56,0.954
10-05-2020,South Korea,Asia,Original,2,0,1,33,28,0.0681,0.1272,0,0,52.82,
09-12-2021,Argentina,South America,Omicron,6,0,5,90,48,0.1113,0.0537,,0.2809,39.64,1.741
06-07-2021,Russia,Europe,Delta,2,0,1,29,20,0.0836,0.1771,,0.1629,69.81,
20-08-2022,UK,Europe,Omicron BA.2,6,0,5,69,84,0.0694,0.02,0,0.8379,14.41,1.401
20-07-2021,South Africa,Africa,Delta,8,0,7,99,24,0.3283,0.2064,,0.0979,77.35,0.452
01-05-2022,UK,Europe,Omicron BA.2,11,0,10,183,242,0.0378,0.0535,2,0.6921,21.39,2.1
25-02-2020,Germany,Europe,Original,1,0,0,15,,,0.152,0,0,81.28,0.4
11-03-2020,South Africa,Africa,Original,1,0,0,15,4,0.2322,0.1743,0,0,88.7,0.4
14-12-2021,Pakistan,Asia,Omicron,31,0,29,486,93,0.3242,0.0637,,0.1811,30.33,1.658
25-04-2021,Mexico,North America,Delta,36,2,31,420,252,0.1472,0.1425,9,0.0973,72.13,0.666
26-07-2021,Canada,North America,Delta,1,0,0,17,13,0.0705,0.18,0,0.2828,74.14,0.486
08-05-2022,South Africa,Africa,Omicron BA.2,1,0,,13,4,0.2398,0.0806,,0.2365,19.93,2.438
31-05-2021,France,Europe,Delta,1,0,0,17,19,0.0545,0.2165,0,0.2136,58.45,0.934
29-03-2020,Italy,Europe,Original,1,0,0,15,20,0.0337,0.1302,0,0,80.01,0.4
11-07-2022,Spain,Europe,Omicron BA.2,3,0,2,53,72,0.034,0.0476,0,0.7728,35.21,1.74
01-09-2021,Brazil,South America,Delta,38,1,34,418,418,0.0823,0.1243,13,0.2056,42.72,1.21
06-08-2022,India,Asia,Omicron BA.2,124,0,,1804,992,0.114,0.072,19,0.5143,18.26,1.387
07-02-2021,UK,Europe,Alpha,33,0,31,569,561,0.0611,0.2247,24,0.035,75.46,0.4
23-02-2021,South Korea,Asia,Alpha,1,0,0,15,15,0.0718,0.1307,0,0.0619,59.18,0.422
04-07-2020,Colombia,South America,Original,1,0,0,11,9,0.096,0.098,0,0,57.45,0.439
19-04-2020,Pakistan,Asia,Original,30,1,28,324,150,0.1843,0.113,,0,88.68,0.4
23-11-2020,Russia,Europe,Alpha,1,0,0,15,7,0.1353,0.1089,0,0,51.58,0.802
05-03-2022,Italy,Europe,Omicron,62,0,59,749,1116,0.0512,0.0467,6,0.5915,47.69,0.734
22-10-2020,Russia,Europe,Original,2,0,1,23,22,0.0801,0.1723,1,0,60.89,0.473
26-09-2020,Japan,Asia,Original,1,0,0,11,18,0.0654,0.0949,0,0,55.61,0.494
07-06-2020,Indonesia,Asia,Original,5,0,4,72,20,0.2415,0.2018,,,56.01,0.4
16-03-2022,Spain,Europe,Omicron BA.2,1,0,,14,21,0.049,0.037,0,0.6109,35.68,1.711
07-08-2021,Australia,Oceania,Delta,1,0,0,14,12,0.0836,0.1773,0,0.2951,65.06,0.678
16-10-2020,Russia,Europe,Original,22,1,20,287,154,0.172,0.1113,,0,42.07,0.645
01-08-2021,South Africa,Africa,Delta,5,0,4,59,15,0.324,,3,,68.3,0.606
07-05-2022,Pakistan,Asia,Omicron BA.2,91,1,86,1467,455,0.1992,0.0855,29,0.2376,25.63,1.66
16-10-2021,Russia,Europe,Omicron,18,0,16,245,108,0.1683,0.08,5,0.2431,64.32,
12-07-2021,USA,North America,Delta,236,4,224,3942,5428,0.0382,0.2198,237,0.2534,88.03,0.4
13-01-2021,UK,Europe,Alpha,1,0,0,15,21,0.0477,,0,0.0322,67.11,0.4
06-03-2021,South Korea,Asia,Alpha,8,0,7,112,104,0.0649,0.1178,3,0.0668,76.82,0.4
17-06-2022,Argentina,South America,Omicron BA.2,62,0,59,1050,496,0.1286,0.0551,16,0.4689,23.19,1.605
18-09-2022,Italy,Europe,Omicron BA.2,10,0,,144,160,0.0752,0.0272,0,0.8767,18.18,1.448
26-05-2021,UK,Europe,Delta,6,0,5,104,108,0.0664,0.2059,5,0.1917,79.02,0.4
10-03-2020,Colombia,South America,Original,1,0,0,11,11,0.1079,0.1157,0,,85.5,0.4
03-04-2021,Turkey,Asia,Alpha,1,0,0,15,8,0.1183,0.1949,0,0.0737,63.22,0.422
03-11-2022,France,Europe,Omicron BA.2,12,0,11,124,180,0.0742,0.0236,0,0.92,22.11,1.63
13-07-2020,India,Asia,Original,59,1,56,882,649,0.0862,0.1694,29,0,47.47,0.527
12-02-2020,Pakistan,Asia,Original,3,0,2,39,9,0.3339,0.1661,1,0,7.42,0.745
20-04-2020,Italy,Europe,Original,4,0,3,45,56,0.075,0.1678,1,0,71.61,0.4
04-11-2021,Argentina,South America,Delta,1,0,0,13,6,0.1623,0.2161,0,0.2838,56.22,0.622
25-06-2022,Argentina,South America,Omicron BA.2,12,0,,206,96,0.115,0.0336,1,0.4831,,
28-08-2020,Spain,Europe,Original,4,0,3,50,68,0.0597,0.094,1,,50.31,0.584
04-05-2021,India,Asia,Delta,81,1,74,864,486,0.1588,0.129,,0.1136,65.57,0.681
10-04-2022,Pakistan,Asia,Omicron BA.2,171,1,159,1820,684,0.2432,0.0934,,0.2475,18.7,1.621
12-08-2021,USA,North America,Delta,20,0,18,254,320,0.0682,0.159,8,0.305,49.66,0.832
21-06-2022,Indonesia,Asia,Omicron BA.2,15,0,14,218,60,0.2342,0.0588,3,,33.58,
01-08-2021,Brazil,South America,Delta,12,0,11,136,72,0.1682,0.1044,,0.1652,60.46,0.613
15-06-2020,Colombia,South America,Original,1,0,0,16,10,0.1016,0.1071,,0,54.77,0.601
23-08-2021,Brazil,South America,Delta,17,1,15,296,187,0.1042,0.2217,,0.2131,54.42,0.748
27-01-2021,Mexico,North America,Alpha,2,0,1,24,20,0.0902,0.187,1,,70.07,0.4
30-10-2021,Mexico,North America,Delta,1,0,0,13,6,0.1755,0.1605,0,0.2757,50.15,0.668
05-01-2022,Italy,Europe,Omicron,2,0,1,34,44,0.0521,0.0386,0,0.4905,45.9,0.762
10-03-2022,Canada,North America,Omicron,4,0,3,51,92,0.0448,,0,0.5975,39.07,0.8
12-08-2022,Turkey,Asia,Omicron BA.2,25,0,,353,275,0.0859,0.0654,6,0.5281,18.46,1.936
27-11-2022,South Africa,Africa,Omicron BA.2,1,0,,17,5,0.2024,0.056,0,0.3441,33.07,1.675
29-12-2022,Mexico,North America,Omicron BA.2,30,0,,322,240,0.1127,0.0445,4,0.6427,36.74,1.341
09-02-2021,India,Asia,Alpha,84,1,77,840,588,0.1377,0.1242,,0.0357,63.29,0.482
20-12-2021,South Korea,Asia,Omicron,44,0,41,742,968,0.0408,0.055,6,0.4924,44.92,0.775
08-11-2021,Mexico,North America,Delta,3,0,2,50,30,0.0963,0.107,1,0.2774,50.32,0.939
06-09-2022,Italy,Europe,Omicron BA.2,2,0,1,34,26,0.0694,0.0446,0,0.8493,20.2,1.744
20-08-2021,India,Asia,Delta,173,2,160,2152,1038,0.1678,0.1336,55,0.2104,55.11,
21-02-2020,UK,Europe,Original,64,1,61,1014,1344,0.0466,0.1466,38,0,66.93,0.4
11-04-2022,Colombia,South America,Omicron BA.2,285,3,,4458,3135,0.0938,0.042,55,0.4114,32.94,1.454
22-07-2021,Italy,Europe,Delta,1,0,0,12,12,0.0923,0.1647,0,0.2751,,0.98
10-08-2021,Mexico,North America,Delta,1,0,0,13,7,0.1532,,0,0.1968,54.11,0.859
23-08-2020,Indonesia,Asia,Original,16,0,15,176,80,0.2036,0.147,,0,49.43,0.43
28-06-2022,Colombia,South America,Omicron BA.2,42,0,39,524,378,0.0958,0.0579,6,0.4645,22.13,2.301
25-09-2022,Turkey,Asia,Omicron BA.2,7,0,,127,70,0.1004,0.057,1,0.5657,22.84,2.315
21-10-2021,Pakistan,Asia,Delta,15,0,14,227,75,0.2135,0.202,11,0.1488,65.13,0.789
27-11-2021,Pakistan,Asia,Omicron,29,0,27,419,145,0.2113,0.071,7,0.1628,52.75,1.079
22-01-2020,Spain,Europe,Original,12,0,10,121,204,0.0639,0.2021,5,0,10.92,0.714
22-12-2021,Brazil,South America,Omicron,70,1,67,1088,700,0.1115,0.0515,,0.3001,,2.196
17-02-2020,USA,North America,Original,3,0,2,29,,,0.1135,0,0,11.2,
07-10-2022,Colombia,South America,Omicron BA.2,1,0,0,11,7,0.1353,0.0658,0,0.5931,25.4,1.282
16-07-2022,Argentina,South America,Omicron BA.2,1,0,,11,8,0.1295,,,0.5022,14.14,
21-02-2020,India,Asia,Original,131,2,122,2075,,,0.2045,72,0,63.18,0.4
09-11-2020,Colombia,South America,Original,1,0,0,13,8,0.1292,0.1675,0,0,54.64,0.518
16-07-2022,Russia,Europe,Omicron BA.2,2,0,,32,22,0.092,0.0622,,0.5052,34.77,1.189
15-08-2022,Argentina,South America,Omicron BA.2,1,0,,17,8,0.1534,0.0467,,0.5347,30.1,1.875
28-12-2021,Italy,Europe,Omicron,3,0,2,35,63,0.0547,0.0425,0,0.5035,45.67,0.779
29-06-2020,South Africa,Africa,Original,1,0,0,12,5,0.2009,0.1561,,0,59.62,0.505
07-08-2021,Spain,Europe,Delta,1,0,0,11,14,0.0678,0.1018,0,0.2998,48.08,0.915
18-12-2021,Australia,Oceania,Omicron,1,0,0,17,15,0.0627,0.0483,0,0.4622,,2.014
04-12-2020,India,Asia,Alpha,174,2,162,1933,1740,0.0999,0.2151,110,0,50.47,0.561
03-10-2021,Japan,Asia,Delta,1,0,0,15,15,0.0656,0.1695,0,0.3898,56.43,0.552
25-06-2022,Canada,North America,Omicron BA.2,19,0,,303,323,0.0516,,2,0.7569,25.2,1.952
19-01-2022,France,Europe,Omicron,7,0,6,112,154,0.0332,0.0415,1,0.5177,46.89,0.911
19-03-2021,Brazil,South America,Alpha,66,2,60,654,396,0.1738,0.1008,17,0.0702,60.21,0.655
24-08-2022,Mexico,North America,Omicron BA.2,2,0,1,22,16,0.1378,0.032,0,0.5281,6.78,2.437
05-12-2022,Australia,Oceania,Omicron BA.2,2,0,1,29,30,0.0732,0.0193,0,0.92,21.72,1.028
04-04-2022,Japan,Asia,Omicron BA.2,26,0,,434,338,0.0747,0.0581,6,0.642,26.13,1.19
12-09-2020,South Korea,Asia,Original,1,0,0,14,20,0.0606,,0,,41.11,0.74
10-08-2021,Colombia,South America,Delta,1,0,0,15,9,0.1208,0.2187,0,0.205,45.87,0.862
16-12-2021,Turkey,Asia,Omicron,24,0,22,319,192,0.1295,0.0605,4,0.31,37.75,1.414
30-10-2020,Argentina,South America,Alpha,5,0,4,72,40,0.1499,0.2262,,0,35.91,0.925
06-08-2022,Spain,Europe,Omicron BA.2,4,0,3,42,76,0.0558,0.0429,0,0.8203,34.79,1.473
10-08-2020,USA,North America,Original,-9,0,8,97,207,0.0503,0.0924,2,0,39.67,0.62
19-08-2022,India,Asia,Omicron BA.2,198,1,,3519,1188,0.1795,0.0662,68,0.5169,25.05,1.844
21-05-2020,France,Europe,Original,2,0,1,22,36,0.0617,0.1046,0,0,67.53,0.4
23-05-2020,UK,Europe,Original,1,0,0,12,,,0.1557,0,,61.61,0.494
28-10-2020,UK,Europe,Original,2,0,1,22,34,0.0711,0.2094,1,0,47.11,0.513
05-04-2022,Spain,Europe,Omicron BA.2,5,0,,88,90,0.0497,0.0304,0,0.6378,22.9,2.078
12-03-2020,Mexico,North America,Original,10,0,8,181,100,0.0884,0.107,4,,78.89,0.4
21-01-2022,Colombia,South America,Omicron,7,0,6,106,42,0.1517,0.0452,0,0.3354,22.31,2.295
09-12-2020,Indonesia,Asia,Alpha,8,0,7,132,32,0.2463,0.1991,6,0,56.53,0.456
16-04-2022,Germany,Europe,Omicron BA.2,6,0,5,59,72,0.0898,0.0468,0,0.6596,34.95,1.159
12-05-2021,Canada,North America,Delta,6,0,5,94,114,0.0535,0.1368,2,0.1622,,0.4
27-12-2020,Colombia,South America,Alpha,13,0,12,156,130,0.102,0.1009,2,0,65.65,0.504
19-03-2021,South Korea,Asia,Alpha,3,0,2,48,51,0.0591,0.1021,1,0.1048,67.96,0.436
12-07-2021,Pakistan,Asia,Delta,3,0,2,29,12,0.2423,0.1838,1,0.1051,58.03,0.687
12-08-2022,Russia,Europe,Omicron BA.2,21,0,,281,231,0.0854,0.0393,2,0.5233,15.87,1.938
22-08-2021,South Africa,Africa,Delta,1,0,0,12,4,0.2497,0.1726,,0.1031,65.39,0.681
09-10-2022,France,Europe,Omicron BA.2,11,0,,184,187,0.0525,0.0202,0,0.8976,30.53,1.027
24-09-2020,Spain,Europe,Original,23,0,21,247,529,0.0218,,8,,36.46,0.831
24-10-2021,Turkey,Asia,Delta,2,0,1,35,22,0.088,0.1555,1,0.2587,58.76,0.668
11-07-2022,Indonesia,Asia,Omicron BA.2,1,0,,12,4,0.2521,,0,0.2792,8.23,3.267
15-01-2022,Japan,Asia,Omicron,12,0,11,207,144,0.0694,0.0411,2,0.5222,46.4,1.306
05-07-2022,USA,North America,Omicron BA.2,98,0,94,1621,1862,0.0309,0.0383,11,0.77,40.65,
13-12-2020,Mexico,North America,Alpha,23,1,20,297,207,0.1116,0.1011,,0,75.03,0.4
22-10-2020,Russia,Europe,Original,13,0,12,213,104,0.1335,0.1336,,0,42.13,0.532
03-06-2020,Germany,Europe,Original,6,0,5,65,102,0.0504,0.1043,1,0,69.23,0.4
06-04-2020,South Africa,Africa,Original,6,0,5,81,,,0.1195,1,,,0.4
17-09-2021,UK,Europe,Delta,6,0,5,66,114,0.0343,0.1367,2,0.3464,51.92,0.762
14-09-2020,Brazil,South America,Original,19,0,17,309,133,0.1322,0.0936,7,0,60.71,0.4
08-03-2020,Germany,Europe,Original,30,0,28,322,,,0.1682,14,0,86.99,0.4
22-08-2020,Indonesia,Asia,Original,1,0,0,14,3,0.3313,0.2065,,0,46.48,0.598
16-09-2021,Pakistan,Asia,Delta,9,0,8,110,27,0.3281,0.1665,,0.1374,70.25,
22-03-2022,Australia,Oceania,Omicron BA.2,1,0,0,17,14,0.0761,0.0366,0,0.6216,33.05,1.274
04-08-2020,South Africa,Africa,Original,3,0,2,32,9,0.3344,0.1894,,0,57.1,0.479
09-08-2022,Australia,Oceania,Omicron BA.2,11,0,10,132,220,0.0447,0.0214,0,0.807,30.06,1.751
12-05-2021,South Korea,Asia,Delta,5,0,4,84,65,0.0845,0.1418,2,0.2001,71.69,0.473
04-09-2022,Turkey,Asia,Omicron BA.2,11,0,,166,77,0.144,0.0517,1,0.5497,,2.476
25-03-2021,USA,North America,Delta,214,3,200,2898,4280,0.0552,0.2205,102,0.0961,60.74,
07-05-2022,USA,North America,Omicron BA.2,6,0,5,74,114,0.0762,,0,0.6732,15.86,1.994
28-05-2022,Germany,Europe,Omicron BA.2,5,0,,52,75,0.071,,0,0.7011,20.37,1.837
29-04-2020,USA,North America,Original,10,0,9,180,,,0.1491,7,0,65.28,0.4
05-03-2022,Colombia,South America,Omicron,4,0,,67,40,0.1032,0.0741,,0.3842,53.38,
10-02-2020,Brazil,South America,Original,4,0,3,47,36,0.0886,0.1832,,0,8.74,1.116
13-03-2020,France,Europe,Original,8,0,7,108,96,0.1046,0.1063,3,0,,0.4
08-02-2020,Canada,North America,Original,3,0,2,53,48,0.0535,0.1756,2,0,,0.621
12-05-2022,Canada,North America,Omicron BA.2,1,0,0,10,16,0.0511,0.0382,0,0.6972,39.4,1.605
16-01-2022,Japan,Asia,Omicron,5,0,4,52,60,0.066,0.0679,0,0.5336,25.73,1.375
11-04-2022,Germany,Europe,Omicron BA.2,2,0,1,22,28,0.0721,0.0472,0,0.6444,18.11,2.143
08-12-2022,Brazil,South America,Omicron BA.2,15,0,13,214,90,0.1694,0.0552,2,0.6351,15.02,1.719
29-08-2021,South Korea,Asia,Delta,2,0,1,24,24,0.0942,0.1777,0,0.3367,55.36,
15-01-2021,South Korea,Asia,Alpha,2,0,1,23,30,0.068,,0,0.0079,64.52,0.457
19-09-2022,France,Europe,Omicron BA.2,3,0,2,54,39,0.0804,0.034,0,0.8744,37.93,1.512
03-03-2021,Colombia,South America,Alpha,2,0,1,34,20,0.0977,0.2189,,0.0618,63.77,0.529
22-12-2021,Canada,North America,Omicron,1,0,0,12,15,0.0593,0.0369,0,0.4895,37,1.468
05-02-2022,Turkey,Asia,Omicron BA.2,20,0,19,292,160,0.121,0.0426,2,0.3572,45.81,1.379
18-01-2021,Japan,Asia,Alpha,8,0,7,97,144,0.0676,0.0977,2,0.0266,,
25-07-2021,Russia,Europe,Delta,27,1,24,413,162,0.1729,0.108,,0.1803,77.83,0.4
23-02-2021,South Africa,Africa,Alpha,2,0,1,24,10,0.2024,0.1933,,,76.94,0.4
05-01-2022,UK,Europe,Omicron,1,0,0,17,19,0.0499,,0,0.5053,46.84,0.87
23-07-2020,India,Asia,Original,65,1,60,881,520,0.139,0.1008,,0,52.96,0.527
06-12-2022,UK,Europe,Omicron BA.2,1,0,0,12,17,0.0578,0.0253,0,0.92,14.64,1.58
29-12-2022,France,Europe,Omicron BA.2,3,0,2,49,48,0.0492,0.0377,0,0.92,,1.464
26-10-2021,India,Asia,Delta,231,3,220,3301,1617,0.1556,0.1683,,0.2772,49.44,0.931
16-02-2022,UK,Europe,Omicron BA.2,19,0,17,272,304,0.064,0.055,2,0.576,38.65,1.542
01-01-2022,France,Europe,Omicron,2,0,1,22,46,0.0573,0.0602,0,0.4889,30.98,1.514
23-08-2021,Argentina,South America,Delta,27,1,25,452,270,0.0931,0.1778,22,0.2059,55.26,
08-06-2022,South Africa,Africa,Omicron BA.2,30,1,28,346,90,0.327,0.0657,6,0.2765,,2.03
29-08-2022,South Africa,Africa,Omicron BA.2,8,0,,84,24,0.3177,0.0787,,0.2983,14.65,1.881
07-07-2021,Pakistan,Asia,Delta,4,0,3,47,16,0.2494,,0,0.087,71.8,0.408
09-09-2022,Pakistan,Asia,Omicron BA.2,1,0,,14,5,0.1985,0.0616,,0.3156,15.95,2.219
21-07-2020,Colombia,South America,Original,9,0,8,158,99,0.105,0.1918,,0,66,0.4
26-09-2020,South Africa,Africa,Original,1,0,0,14,4,0.2666,,0,0,47.36,0.554
19-07-2020,Indonesia,Asia,Original,17,0,16,257,51,0.3398,0.2028,11,0,67.98,
15-05-2022,Colombia,South America,Omicron BA.2,44,0,,59,44,0.1031,0.0677,,0.4447,20.78,
27-12-2022,India,Asia,Omicron BA.2,698,2,,12542,6980,0.1048,0.0595,,0.6693,7.01,2.614
08-03-2020,Argentina,South America,Original,1,0,0,14,,,0.2069,0,,,
29-04-2022,USA,North America,Omicron BA.2,70,0,66,1046,1260,0.0589,0.0412,10,0.6546,42.49,1.23
28-01-2020,South Korea,Asia,Original,1,0,0,14,12,0.0806,0.1029,0,0,7.73,1.156
03-10-2020,Russia,Europe,Original,34,1,32,555,306,0.108,0.1059,17,,57.57,0.411
16-03-2022,UK,Europe,Omicron BA.2,12,0,11,118,276,0.0264,0.0464,0,0.6205,16.19,2.008
05-10-2020,Russia,Europe,Original,1,0,0,15,11,0.0936,0.0956,0,0,63,
07-05-2022,Argentina,South America,Omicron BA.2,1,0,0,13,8,0.1494,0.0433,,0.431,35.47,1.269
05-05-2021,South Africa,Africa,Delta,3,0,2,33,12,0.2603,0.2125,,0.0709,86.61,0.4
27-12-2020,Spain,Europe,Alpha,3,0,2,45,72,0.0307,0.2254,2,0,62.35,0.673
01-05-2021,India,Asia,Delta,1117,20,1046,12912,10053,0.1068,0.213,759,0.0797,61.12,0.843
03-07-2020,Italy,Europe,Original,19,0,18,226,456,0.0357,0.1489,8,,74.39,0.4
17-03-2022,Turkey,Asia,Omicron BA.2,2,0,1,19,16,0.1311,0.0691,0,0.393,16.18,2.101
05-07-2021,USA,North America,Delta,12,0,11,133,288,0.0433,0.1438,3,0.2593,61.45,0.475
04-03-2022,Canada,North America,Omicron BA.2,1,0,,13,17,0.0593,0.0422,0,0.5892,37.33,1.671
04-02-2020,Mexico,North America,Original,31,1,27,511,,,,,,0,
11-06-2022,Mexico,North America,Omicron BA.2,6,0,,64,36,0.1641,,,0.4697,,2.042
28-01-2020,France,Europe,Original,1,0,0,17,,,0.1141,0,0,16.66,1.072
26-12-2020,Colombia,South America,Alpha,19,0,18,220,190,0.1145,0.1746,10,,78.72,0.4
14-05-2022,Canada,North America,Omicron BA.2,3,0,2,45,66,0.051,0.0249,0,0.6918,14.89,1.865
11-09-2020,Turkey,Asia,Original,2,0,1,27,14,0.1565,,,0,56.86,0.4
26-03-2022,Indonesia,Asia,Omicron BA.2,55,1,,665,275,0.2029,0.0756,11,0.2221,31.46,2.411
16-02-2021,USA,North America,Alpha,9,0,8,113,207,0.0455,0.1943,4,0.0652,76.68,0.4
17-05-2021,UK,Europe,Delta,1,0,0,15,13,0.0879,0.1718,0,0.1925,81.34,0.4
03-09-2022,Brazil,South America,Omicron BA.2,10,0,9,111,60,0.1681,0.0572,,0.5404,13.64,
30-03-2021,France,Europe,Alpha,4,0,3,45,52,0.0883,0.0932,1,0.1107,73.02,0.4
06-10-2022,Australia,Oceania,Omicron BA.2,9,0,,94,189,0.0479,0.0179,0,0.9049,20.59,1.178
10-05-2022,Australia,Oceania,Omicron BA.2,4,0,3,64,60,0.0459,0.0355,0,0.6869,20.56,1.69
17-09-2022,France,Europe,Omicron BA.2,20,0,19,363,400,0.0377,0.0333,3,0.8766,25.25,1.37
27-03-2021,Mexico,North America,Delta,3,0,2,48,27,0.1096,0.2208,2,0.0811,85.08,0.4
01-07-2022,Turkey,Asia,Omicron BA.2,1,0,,13,11,0.0984,0.0476,,0.4975,18.7,2.48
28-08-2021,Russia,Europe,Delta,15,0,13,150,150,0.0964,0.18,,0.2079,39.61,1.009
31-05-2020,Mexico,North America,Original,1,0,0,11,,,0.156,,,70.14,0.4
20-10-2022,Germany,Europe,Omicron BA.2,25,0,,375,600,0.0472,0.026,2,0.9193,16.17,1.134
26-03-2020,Turkey,Asia,Original,2,0,1,32,,,0.1492,,0,98.09,0.4
09-04-2020,UK,Europe,Original,8,0,7,136,104,0.0623,0.1848,4,0,61.44,0.4
10-04-2021,Russia,Europe,Delta,9,0,8,152,90,0.099,0.2244,8,0.0851,69.67,0.731
03-05-2021,Canada,North America,Delta,19,0,18,233,247,0.0713,,9,0.1701,77.55,0.4
17-12-2020,Spain,Europe,Alpha,18,0,17,219,432,0.0439,0.1457,6,0,58.19,0.674
17-04-2020,Colombia,South America,Original,11,0,10,113,,,0.203,,,67.12,0.435
25-09-2020,Italy,Europe,Original,5,0,4,76,95,0.0528,,1,0,37.41,0.847
24-01-2021,Colombia,South America,Alpha,1,0,0,13,9,0.1024,0.1086,,0.0158,58.71,0.7
28-03-2020,South Korea,Asia,Original,1,0,0,16,,,0.1192,0,,,0.4
27-04-2020,France,Europe,Original,2,0,1,28,,,0.1218,0,,78.75,0.4
30-06-2020,Indonesia,Asia,Original,6,0,5,87,24,0.2426,0.1681,3,0,44.85,0.421
20-09-2022,Mexico,North America,Omicron BA.2,1,0,,13,9,0.0966,0.0671,,0.5466,39.37,1.514
02-01-2022,Italy,Europe,Omicron,5,0,4,59,110,0.0668,0.0453,0,0.4953,40.38,1.621
08-12-2021,Turkey,Asia,Omicron,18,0,17,185,144,0.1216,0.0743,3,0.3169,,1.364
26-11-2021,Mexico,North America,Omicron,24,0,22,321,144,0.1693,0.0744,4,0.3081,,2.005
29-10-2022,Argentina,South America,Omicron BA.2,3,0,2,53,24,0.1102,0.0486,0,0.6084,,1.55
07-08-2020,Mexico,North America,Original,13,1,12,168,78,0.171,0.1761,6,0,72.58,0.4
26-09-2021,Germany,Europe,Delta,1,0,0,13,21,0.0264,0.1835,0,0.3658,50.15,0.657
17-03-2021,Turkey,Asia,Delta,20,0,18,253,120,0.1603,0.1447,,0.0919,75.73,0.4
15-11-2020,Italy,Europe,Original,1,0,0,12,14,0.0837,0.1613,0,0,62.01,0.408
02-09-2020,South Africa,Africa,Original,1,0,0,16,4,0.2492,0.1663,0,0,60.18,0.4
04-10-2021,India,Asia,Delta,7,0,6,99,70,0.0989,0.1416,4,0.257,42.76,0.789
25-04-2020,USA,North America,Original,61,1,56,779,,,0.0964,12,0,80.5,0.4
30-01-2022,India,Asia,Omicron,80,0,75,1411,480,0.1702,,,0.3471,27.58,1.348
03-09-2022,India,Asia,Omicron BA.2,111,0,,1508,666,0.1712,0.0517,21,0.5393,14.84,2.41
27-06-2021,India,Asia,Delta,44,1,42,797,484,0.1012,0.231,,0.1713,70.09,0.403
07-08-2020,Germany,Europe,Original,3,0,2,51,54,0.05,0.1329,1,0,66.73,0.428
30-08-2020,Argentina,South America,Original,39,1,35,462,273,0.1565,0.1389,10,,58.46,0.501
11-06-2022,Indonesia,Asia,Omicron BA.2,23,0,21,255,115,0.203,0.0879,4,0.2568,35.31,2.153
15-02-2020,South Korea,Asia,Original,1,0,0,15,17,0.0478,0.1752,0,0,17.24,0.768
17-04-2021,South Korea,Asia,Delta,1,0,0,14,17,0.0427,0.2412,0,0.1181,76.86,0.4
20-11-2022,Russia,Europe,Omicron BA.2,33,0,31,346,198,0.1604,0.0338,3,0.6049,33.83,1.059
07-04-2021,Pakistan,Asia,Delta,9,0,8,128,45,0.1937,0.1496,,0.0504,73.46,0.436
16-10-2020,Colombia,South America,Original,3,0,2,53,21,0.1547,0.1413,,0,52.48,0.601
27-09-2021,Germany,Europe,Delta,1,0,0,16,18,0.0529,0.17,0,0.3765,42.59,0.832
28-06-2022,UK,Europe,Omicron BA.2,37,0,,623,481,0.0731,0.0356,4,0.7594,22.35,1.129
24-06-2021,Argentina,South America,Delta,2,0,1,30,12,0.1593,0.1556,1,0.1745,66.97,0.415
19-12-2021,UK,Europe,Omicron,10,0,9,155,200,0.0641,0.0536,1,0.4806,43.38,1.54
23-03-2022,Mexico,North America,Omicron BA.2,4,0,3,65,40,0.0932,0.0666,1,0.3979,34.16,1.672
30-05-2022,Russia,Europe,Omicron BA.2,1,0,0,10,11,0.0878,0.0496,0,0.4661,24.04,1.793
06-12-2022,Canada,North America,Omicron BA.2,3,0,,30,63,0.0481,0.0353,0,0.92,29.6,
27-06-2022,Brazil,South America,Omicron BA.2,9,0,,96,54,0.1595,0.0411,0,0.4784,21.46,1.721
26-05-2021,USA,North America,Delta,32,1,29,353,608,0.0605,0.1086,7,0.1935,81.09,0.4
09-09-2021,Turkey,Asia,Delta,5,0,4,78,30,0.1935,0.1875,,0.2102,47.77,0.958
11-09-2020,South Korea,Asia,Original,7,0,6,121,161,0.0407,0.1165,4,0,56.45,0.4
25-05-2022,Brazil,South America,Omicron BA.2,16,0,14,238,128,0.1374,0.0552,1,0.4571,14.04,2.39
10-11-2020,Italy,Europe,Original,4,0,3,61,60,0.0488,0.2072,2,0,52.08,0.452
16-08-2020,Germany,Europe,Original,10,0,9,153,180,0.048,0.1227,5,0,39.4,0.503
19-04-2022,Indonesia,Asia,Omicron BA.2,49,1,,506,147,0.3265,0.0617,6,,18.99,1.879
11-06-2020,Mexico,North America,Original,7,0,6,76,49,0.1473,0.1507,2,0,60.49,0.427
13-05-2021,Indonesia,Asia,Delta,6,0,5,102,30,0.1943,0.2108,,0.0572,68.62,0.767
28-12-2022,South Africa,Africa,Omicron BA.2,1,0,0,17,5,0.1884,0.0698,0,,9.6,2.48
18-08-2021,South Korea,Asia,Delta,22,0,21,243,484,0.0439,0.1553,7,0.3046,59.7,0.505
01-03-2022,South Korea,Asia,Omicron,31,0,30,343,620,0.0378,0.0637,4,0.5973,42.5,1.186
09-10-2021,South Korea,Asia,Omicron,28,0,26,431,392,0.0748,0.0624,6,0.3937,71.24,0.446
30-06-2020,Brazil,South America,Original,17,0,16,270,102,0.161,0.2095,13,0,66.58,0.4
08-03-2020,Australia,Oceania,Original,1,0,0,17,15,0.0867,0.1847,0,0,94.18,0.4
15-11-2022,France,Europe,Omicron BA.2,10,0,,114,200,0.051,0.0198,0,0.92,22.11,1.153
21-08-2021,UK,Europe,Delta,6,0,5,75,114,0.0666,0.2031,2,0.3295,57.06,
24-01-2020,Japan,Asia,Original,3,0,2,31,,,0.0922,0,0,14,1.067
19-08-2020,Australia,Oceania,Original,1,0,0,14,22,0.0468,0.1214,0,,38,
26-01-2021,UK,Europe,Alpha,2,0,1,20,36,0.0547,,0,0.0375,82.35,0.4
30-01-2022,Russia,Europe,Omicron,3,0,2,42,18,0.1678,0.0918,,0.3646,25.15,1.303
03-01-2021,USA,North America,Alpha,20,0,19,250,420,0.0573,0.142,9,0,59.62,0.716
10-08-2022,Russia,Europe,Omicron BA.2,44,0,40,477,352,0.1419,0.0687,9,0.5325,39.08,1.047
31-12-2020,South Africa,Africa,Alpha,27,1,24,361,81,0.3293,0.1472,,,64.57,
31-07-2021,Spain,Europe,Delta,1,0,0,15,24,0.0298,0.1582,0,0.3052,63.54,0.575
29-01-2021,Brazil,South America,Alpha,4,0,3,59,24,0.1863,0.1623,2,,62.33,0.554
16-01-2021,UK,Europe,Alpha,9,0,8,119,144,0.0582,0.1748,5,,78.72,0.4
06-07-2022,Italy,Europe,Omicron BA.2,27,0,25,307,324,0.0869,0.0238,1,0.7729,18.34,1.825
06-11-2022,USA,North America,Omicron BA.2,24,0,,244,504,0.0493,0.0184,1,0.92,12.76,1.922
23-11-2020,Turkey,Asia,Alpha,28,0,27,341,168,0.1668,0.198,,0,43.97,0.925
20-08-2022,Colombia,South America,Omicron BA.2,4,0,,43,32,0.137,0.0353,,0.5469,26.31,1.469
09-08-2021,Turkey,Asia,Delta,20,0,18,258,120,0.1629,0.1548,,0.2029,45.53,1.228
23-01-2021,Argentina,South America,Alpha,47,1,43,849,282,0.177,0.2022,49,0.0257,61.14,0.4
07-08-2021,Canada,North America,Delta,13,0,12,176,156,0.0858,0.1565,6,0.2836,43.59,1.172
29-12-2020,UK,Europe,Alpha,9,0,8,121,207,0.0547,0.1094,3,0,64.98,0.4
06-05-2020,Spain,Europe,Original,7,0,6,99,,,0.0975,2,0,70.15,0.4
23-04-2022,Japan,Asia,Omicron BA.2,8,0,7,102,160,0.0324,,0,0.6532,23.65,1.362
20-05-2022,France,Europe,Omicron BA.2,13,0,,210,221,0.0734,0.024,1,0.7145,7.34,2.407
26-11-2022,France,Europe,Omicron BA.2,14,0,,241,252,0.928090958,0.0235,1,0.92,9.38,1.351
07-07-2022,France,Europe,Omicron BA.2,1,0,0,10,17,0.0651,0.0474,0,0.7542,10.92,2.064
05-03-2022,Germany,Europe,Omicron BA.2,8,0,7,114,152,0.0393,0.0582,1,0.5893,49.56,1.285
11-03-2021,Spain,Europe,Alpha,1,0,0,10,17,0.0534,0.1889,0,0.105,47.1,0.917
24-07-2022,Russia,Europe,Omicron BA.2,28,0,,488,280,0.0933,,2,0.4983,,2.244
13-05-2022,Indonesia,Asia,Omicron BA.2,16,0,15,205,48,0.3359,0.0624,3,0.2432,15.99,2.283
12-04-2021,Italy,Europe,Alpha,1,0,0,14,22,0.0452,0.1719,0,0.1407,71.55,0.4
14-05-2022,USA,North America,Omicron BA.2,30,0,,387,720,0.053,0.0506,5,0.7113,18.43,1.68
26-03-2022,South Africa,Africa,Omicron BA.2,1,0,,16,4,0.2613,,0,0.2181,30.78,2.62
26-03-2021,Italy,Europe,Delta,2,0,1,31,46,0.0387,0.2233,2,0.1225,70.46,0.415
10-02-2022,France,Europe,Omicron BA.2,15,0,13,245,210,0.0527,0.064,2,0.5748,37.33,
30-06-2020,Turkey,Asia,Original,10,0,9,132,110,0.0987,0.1972,,0,69.97,0.4
03-05-2020,Pakistan,Asia,Original,11,0,10,113,,,0.0931,,0,48.94,
04-03-2021,France,Europe,Alpha,4,0,3,66,72,0.0596,0.1611,2,0.1024,69.77,0.4
15-07-2022,Germany,Europe,Omicron BA.2,2,0,,23,32,0.0537,0.0356,0,0.778,38.61,1.473
02-05-2020,Russia,Europe,Original,1,0,0,18,10,0.0791,0.1738,,0,47.54,
02-07-2021,Spain,Europe,Delta,5,0,4,51,65,0.0862,0.1484,1,0.2463,68.77,0.502
25-11-2022,Mexico,North America,Omicron BA.2,14,0,13,246,126,0.117,0.0454,2,0.6224,14.46,1.875
31-05-2021,Turkey,Asia,Delta,13,0,0,9,9,0.1108,0.1683,,0.1401,56.88,0.983
13-03-2022,Canada,North America,Omicron BA.2,1,0,0,11,14,0.0778,0.0352,0,0.6013,14.89,1.641
25-12-2022,UK,Europe,Omicron BA.2,8,0,,101,152,0.0649,0.0236,0,0.92,36.07,1.372
20-10-2020,South Africa,Africa,Original,1,0,0,14,3,0.3419,0.1411,0,0,48.63,0.508
06-09-2021,India,Asia,Delta,44,1,41,434,352,0.1419,0.1245,15,0.2046,37.03,1.068
04-09-2020,Italy,Europe,Original,2,0,1,30,44,0.044,0.1108,0,0,,0.562
23-10-2020,Argentina,South America,Original,1,0,0,12,6,0.1557,0.1987,0,,49.9,0.534
11-02-2022,Argentina,South America,Omicron,7,0,6,125,70,0.1058,0.0586,1,0.3544,41.92,1.674
05-12-2020,France,Europe,Alpha,43,1,39,480,946,0.036,0.1276,13,,44.73,0.714
09-06-2022,Mexico,North America,Omicron BA.2,25,1,,401,150,0.1553,,,0.4558,36.01,1.847
09-10-2020,Colombia,South America,Original,5,0,4,54,35,0.1452,0.1536,,0,36.58,0.884
21-09-2021,Australia,Oceania,Delta,1,0,0,17,24,0.0505,0.1673,0,0.3636,55.72,0.93
21-01-2022,India,Asia,Omicron,98,1,94,1084,686,0.1355,0.054,12,0.3641,34.16,1.199
22-11-2021,UK,Europe,Omicron,1,0,0,10,24,0.0445,0.0505,0,0.4518,39.15,1.678
24-03-2020,Germany,Europe,Original,13,0,12,132,,,0.1326,4,0,,0.4
09-02-2022,UK,Europe,Omicron BA.2,7,0,6,79,84,0.0727,0.0331,0,0.5558,37.51,1.517
15-02-2022,South Korea,Asia,Omicron BA.2,7,0,6,113,140,0.0435,0.0432,1,0.571,39.3,1.137
17-09-2021,USA,North America,Delta,50,1,47,576,950,0.0521,0.135,16,0.3539,54.48,0.582
15-07-2020,Russia,Europe,Original,1,0,0,10,9,0.0792,0.1406,,0,54.49,0.496
24-11-2021,Mexico,North America,Omicron,103,3,96,1195,824,0.1022,0.0528,9,0.2975,48.1,1.062
22-12-2022,South Africa,Africa,Omicron BA.2,5,0,4,50,25,0.2014,0.0483,,0.3506,22.96,
13-07-2022,Colombia,South America,Omicron BA.2,3,0,2,48,33,0.0878,0.0494,0,0.499,26.14,1.632
03-09-2020,India,Asia,Original,374,5,359,4150,3740,0.1127,0.1572,,0,44.07,0.5
05-09-2021,Pakistan,Asia,Delta,20,0,18,219,60,0.3401,0.1986,7,0.1314,69.61,0.467
02-11-2020,South Korea,Asia,Original,1,0,0,13,15,0.0744,0.1902,0,,36.94,0.5
02-08-2020,Brazil,South America,Original,42,2,38,742,336,0.1378,0.1802,27,0,49.55,0.404
19-07-2021,USA,North America,Delta,22,0,21,317,264,0.0625,,8,0.2717,77.46,0.4
15-07-2022,India,Asia,Omicron BA.2,27,0,25,297,243,0.0979,0.0443,2,0.5017,27.15,1.193
17-03-2021,Pakistan,Asia,Alpha,36,1,33,605,180,0.1956,0.1056,,0.0403,81.45,0.4
05-12-2022,South Korea,Asia,Omicron BA.2,1,0,0,10,23,0.022,0.0367,0,0.92,11.77,2.06
22-09-2020,Indonesia,Asia,Original,2,0,1,28,6,0.3263,0.1988,1,0,56.65,0.575
11-02-2021,India,Asia,Alpha,493,9,460,5876,5423,0.0805,0.1974,328,0.0306,70.69,0.4
24-07-2021,Indonesia,Asia,Delta,8,0,7,102,32,0.2575,0.2294,,,78.08,0.4
29-02-2020,India,Asia,Original,2041,33,1959,27879,,,0.16,823,0,84.24,0.4
04-04-2022,Pakistan,Asia,Omicron BA.2,7,0,,100,35,0.2019,0.0786,1,0.2281,33.42,1.974
02-06-2020,USA,North America,Original,110,2,106,1410,2090,0.0436,0.1288,40,0,47.54,0.409
23-07-2022,Germany,Europe,Omicron BA.2,7,0,6,74,105,0.0655,0.048,0,0.7889,12.61,1.961
27-05-2022,Turkey,Asia,Omicron BA.2,4,0,,69,44,0.1005,0.0762,0,0.4693,31.73,1.412
31-12-2020,Canada,North America,Alpha,1,0,0,14,16,0.0557,0.21,0,,60.55,0.593
24-03-2020,Spain,Europe,Original,6,0,5,81,90,0.0583,0.1345,2,,86.31,0.4
05-01-2021,Argentina,South America,Alpha,2,0,1,30,22,0.0959,0.2157,1,0,63.16,0.453
16-05-2022,Germany,Europe,Omicron BA.2,12,0,,144,144,0.0691,0.0254,0,0.6912,13.87,
19-10-2022,Australia,Oceania,Omicron BA.2,1,0,0,12,15,0.0543,0.0376,0,0.891,,1.164
08-04-2021,Colombia,South America,Delta,1,0,0,14,8,0.1292,0.2431,,0.0847,61.39,0.857
12-09-2022,Japan,Asia,Omicron BA.2,13,0,12,146,273,0.059,,1,0.8649,28.55,1.069
06-01-2021,UK,Europe,Alpha,3,0,2,44,72,0.0438,0.1597,1,0,74.12,0.4
19-10-2022,France,Europe,Omicron BA.2,2,0,,29,30,0.0659,0.0385,0,0.9064,18.95,1.38
24-07-2021,Mexico,North America,Delta,18,1,16,231,108,0.1662,0.1922,11,0.1828,,0.445
10-07-2022,Germany,Europe,Omicron BA.2,5,0,,66,70,0.0593,0.0425,0,0.7711,17.51,1.9
10-03-2022,UK,Europe,Omicron BA.2,322,1,307,5803,4508,0.0742,0.058,75,0.5989,36.14,1.545
18-12-2021,Brazil,South America,Omicron,6,0,5,60,42,0.1417,0.0684,,0.2943,52.44,
26-02-2021,USA,North America,Alpha,22,0,20,262,330,0.0776,0.1173,6,0.0932,67.61,0.423
10-12-2020,UK,Europe,Alpha,1,0,0,9,18,0.0552,0.2023,0,,63.07,
20-07-2022,South Africa,Africa,Omicron BA.2,13,0,12,163,52,0.2547,0.0773,2,0.2726,31.75,1.518
10-08-2021,Indonesia,Asia,Delta,25,1,22,316,100,0.25,0.1759,10,0.1072,49.25,
26-10-2022,Argentina,South America,Omicron BA.2,8,0,,82,80,0.089,,0,0.5817,,1.684
03-04-2022,Argentina,South America,Omicron BA.2,81,1,77,954,567,0.1382,0.0569,10,0.3972,32.46,2.091
12-09-2020,USA,North America,Original,32,0,29,385,672,0.0429,0.1467,13,0,41.09,0.775
01-07-2020,France,Europe,Original,1,0,0,10,21,0.929106521,0.1528,0,,49.02,0.463
31-12-2020,Pakistan,Asia,Alpha,3,0,2,37,15,0.1903,0.1264,1,,76.74,0.412
19-07-2021,Argentina,South America,Delta,1,0,0,12,7,0.1689,,,0.1569,56.21,0.643
04-09-2021,Mexico,North America,Delta,4,0,3,65,32,0.1147,,,0.2088,46.95,0.609
09-10-2022,Argentina,South America,Omicron BA.2,14,0,,149,154,0.1036,,,0.5693,22.38,1.574
28-06-2022,Russia,Europe,Omicron BA.2,2,0,,32,18,0.0999,0.0725,,0.491,38.06,
23-11-2021,UK,Europe,Omicron,30,0,28,323,690,0.0374,0.0689,5,0.4601,45.38,0.882
22-03-2020,Germany,Europe,Original,10,0,9,158,,,0.1772,4,0,81.72,0.4
26-07-2021,Pakistan,Asia,Delta,34,1,32,505,136,0.2482,0.2084,28,0.0962,,0.587
28-07-2022,Spain,Europe,Omicron BA.2,10,0,9,152,140,0.0523,0.0479,1,0.7848,8.4,2.332
01-11-2022,Japan,Asia,Omicron BA.2,32,0,30,516,416,0.08,0.0288,2,0.92,39.75,0.832
07-07-2022,South Africa,Africa,Omicron BA.2,3,0,2,45,15,0.1825,,0,0.2778,34.73,1.706
28-11-2020,Spain,Europe,Alpha,1,0,0,14,19,0.0364,,0,0,48.41,0.784
26-04-2021,Russia,Europe,Delta,12,0,11,175,120,0.1034,0.1353,4,0.1233,80.43,0.4
29-10-2020,South Africa,Africa,Alpha,3,0,2,51,15,0.2027,0.2228,,,55.12,0.641
22-11-2020,Pakistan,Asia,Alpha,6,0,5,91,18,0.335,0.1347,,,,
12-11-2021,South Africa,Africa,Delta,2,0,1,21,10,0.2034,0.2236,,,33.43,1.167
15-01-2022,Brazil,South America,Omicron,79,1,74,1233,711,0.1124,0.0793,26,0.3352,30.29,1.744
24-08-2020,Indonesia,Asia,Original,3,0,2,34,9,0.3126,0.1678,,,39.07,0.624
08-05-2021,Indonesia,Asia,Delta,4,0,3,60,16,0.2565,0.117,1,0.0463,62.29,0.846
09-08-2020,India,Asia,Original,12,0,11,119,132,0.0939,0.1735,6,0,,0.516
04-06-2022,Pakistan,Asia,Omicron BA.2,19,0,,271,57,0.3461,0.0822,4,0.2754,17.73,1.719
11-02-2022,Turkey,Asia,Omicron,1,0,0,14,11,0.101,0.0847,0,0.3679,26.54,2.03
26-03-2020,Japan,Asia,Original,15,0,13,169,,,,4,0,75.19,0.4
13-09-2020,Brazil,South America,Original,20,0,18,344,120,0.1729,0.1356,,,47.45,0.414
13-06-2020,Germany,Europe,Original,9,0,8,100,117,0.085,0.1017,2,0,70.33,
25-01-2020,Indonesia,Asia,Original,2,0,1,30,8,0.2513,0.1819,0,0,9.82,1.091
14-07-2021,USA,North America,Delta,14,0,13,179,308,0.0451,0.1357,4,0.2756,52.34,0.691
02-07-2022,UK,Europe,Omicron BA.2,10,0,9,158,210,0.0557,0.0334,1,0.7648,40.17,1.339
02-08-2022,Pakistan,Asia,Omicron BA.2,123,1,,1836,615,0.2131,0.0446,20,,26.89,1.632
14-03-2022,Italy,Europe,Omicron BA.2,16,0,15,231,368,0.0369,0.0301,1,0.5922,20.3,2.38
19-08-2021,France,Europe,Delta,3,0,2,35,54,0.0513,0.1141,1,0.3208,45.28,0.803
03-10-2021,India,Asia,Delta,65,1,59,700,390,0.1795,0.1825,,0.2424,60.7,0.523
18-06-2020,Japan,Asia,Original,4,0,3,47,56,0.0679,0.1586,1,0,59.55,0.465
03-12-2021,Italy,Europe,Omicron,3,0,2,52,60,0.0501,0.0519,0,0.4594,32.59,1.158
28-12-2022,France,Europe,Omicron BA.2,2,0,1,28,40,0.0542,,0,0.92,22.25,1.796
09-11-2022,Australia,Oceania,Omicron BA.2,1,0,,13,12,0.0835,0.0277,0,0.92,19.52,1.728
25-06-2021,Argentina,South America,Delta,6,0,5,91,48,0.1297,0.2211,4,0.1564,56.88,0.954
10-06-2021,Canada,North America,Delta,4,0,3,40,88,0.0436,0.1062,1,0.2199,67.44,0.4
15-11-2022,Mexico,North America,Omicron BA.2,10,0,,139,70,0.1361,0.0448,1,0.587,30.56,1.153
25-07-2020,Argentina,South America,Original,1,0,0,14,8,0.1286,0.1164,,,68.93,0.4
31-01-2022,Turkey,Asia,Omicron,31,0,28,328,248,0.1313,,4,0.3401,,1.073
14-03-2020,India,Asia,Original,60,1,55,957,660,0.0687,,44,0,71.64,0.4
29-06-2020,Japan,Asia,Original,3,0,2,31,57,0.0828,0.1807,1,0,70.18,0.4
21-07-2022,Japan,Asia,Omicron BA.2,30,0,29,484,720,0.0446,0.0345,4,0.7759,22.92,1.259
26-06-2021,South Africa,Africa,Delta,4,0,3,44,16,0.2361,0.1937,1,,79.68,0.426
11-10-2021,Brazil,South America,Delta,41,1,37,517,410,0.1035,0.1034,13,0.2475,61.9,
29-09-2020,Germany,Europe,Original,4,0,3,57,96,0.0473,0.1216,1,0,52.06,0.493
29-03-2020,Spain,Europe,Original,1,0,0,10,15,0.0689,0.1877,0,,92.08,
12-05-2020,South Africa,Africa,Original,7,0,6,90,,,0.1643,,,62.66,0.4
06-11-2020,USA,North America,Original,16,0,14,182,192,0.0809,0.1285,6,0,,0.442
21-03-2020,Turkey,Asia,Original,14,0,13,238,154,0.0924,0.1724,6,0,69.15,0.4
30-11-2022,Japan,Asia,Omicron BA.2,10,0,,98,170,0.0619,0.0375,0,0.92,26.86,1.453
26-07-2020,South Korea,Asia,Original,1,0,0,12,12,0.0755,0.1585,0,0,68.4,0.4
14-07-2020,Japan,Asia,Original,6,0,5,98,84,0.0728,0.134,3,0,53,0.617
27-07-2020,USA,North America,Original,17,0,16,258,289,0.0764,0.1326,5,0,73.62,0.4
26-09-2022,South Africa,Africa,Omicron BA.2,8,0,,80,24,0.3366,0.0723,,0.2943,21.28,1.533
13-10-2021,South Korea,Asia,Omicron,12,0,11,178,204,0.0746,0.0752,2,0.3914,65.84,0.962
05-06-2022,South Africa,Africa,Omicron BA.2,4,0,3,39,12,0.3407,0.0805,0,,,1.381
09-10-2020,USA,North America,Original,17,0,16,206,323,0.0776,,11,,38.77,0.591
15-01-2022,France,Europe,Omicron,6,0,5,76,72,0.076,0.0673,1,0.5225,29.33,1.277
29-12-2020,UK,Europe,Alpha,1,0,0,12,22,0.0571,0.1283,0,,65.34,0.624
24-02-2022,South Africa,Africa,Omicron,7,0,6,122,35,0.1891,0.0581,1,0.2102,33.44,1.464
13-11-2022,Germany,Europe,Omicron BA.2,6,0,5,62,114,0.0301,,0,0.92,7.84,2.067
10-03-2021,India,Asia,Alpha,626,7,580,9923,5008,0.1392,0.1321,292,0.0478,62.02,0.565
26-03-2020,Brazil,South America,Original,5,0,4,74,50,0.1026,,,0,81.98,0.4
30-10-2022,USA,North America,Omicron BA.2,122,0,,1391,2196,0.0685,0.0245,7,0.92,22.4,1.595
15-02-2020,Colombia,South America,Original,2,0,1,29,20,0.0791,0.1357,,0,11.24,1.237
16-07-2022,India,Asia,Omicron BA.2,118,0,,1669,944,0.1302,,,0.5016,17.73,2.27
12-11-2020,UK,Europe,Original,1,0,0,13,23,0.0557,0.1042,0,0,50.17,0.594
19-07-2022,Russia,Europe,Omicron BA.2,2,0,,30,18,0.1125,0.0679,0,0.5035,20.1,
11-07-2022,South Korea,Asia,Omicron BA.2,1,0,0,15,22,0.0431,0.0372,0,0.7766,,1.905
08-08-2022,Japan,Asia,Omicron BA.2,10,0,9,139,180,0.0566,0.0365,0,0.7997,28.15,1.45
20-11-2020,Russia,Europe,Alpha,27,1,24,392,216,0.1374,0.1116,,,42.02,0.628
06-11-2022,Turkey,Asia,Omicron BA.2,10,0,9,118,80,0.1396,0.0281,0,0.6185,20.89,2.393
18-08-2022,Indonesia,Asia,Omicron BA.2,12,0,11,137,48,0.2486,0.0619,,0.2894,27.06,1.385
21-04-2020,Germany,Europe,Original,2,0,1,23,48,0.0531,,0,,72.28,0.4
19-11-2021,Canada,North America,Omicron,1,0,0,17,12,0.0799,0.0733,0,0.4137,32.44,1.916
25-05-2022,South Africa,Africa,Omicron BA.2,3,0,,53,15,0.2055,0.084,1,,29.64,
15-07-2021,France,Europe,Delta,20,0,18,306,300,0.0525,,12,0.2734,57.6,
29-09-2022,Spain,Europe,Omicron BA.2,2,0,,30,30,0.0548,0.026,0,0.8999,33.95,1.175
25-11-2022,Indonesia,Asia,Omicron BA.2,93,2,85,1509,465,0.1851,0.0393,,0.3531,29.59,2.478
13-01-2021,South Korea,Asia,Alpha,25,0,24,354,575,0.042,0.1252,13,,73.22,
26-02-2022,India,Asia,Omicron BA.2,676,4,649,10872,6084,0.1255,0.0435,,0.3811,38.51,1.346
21-01-2021,Canada,North America,Alpha,11,0,10,114,253,0.0369,0.1139,2,0.0308,63.42,
01-11-2022,USA,North America,Omicron BA.2,197,0,,3513,4531,0.0284,0.0172,17,0.92,37.98,1.03
04-02-2020,Russia,Europe,Original,17,1,15,248,,,0.1889,7,0,16.14,0.919
04-05-2022,Japan,Asia,Omicron BA.2,7,0,6,95,84,0.096,0.0508,1,0.6826,18.33,1.623
13-11-2020,UK,Europe,Alpha,13,0,12,155,273,0.0414,0.1431,4,0,45.7,
14-06-2021,Australia,Oceania,Delta,13,0,0,10,12,0.086,0.158,0,0.2117,61.53,0.443
17-12-2021,South Korea,Asia,Omicron,3,0,2,51,51,0.0597,0.039,0,0.4876,54.31,1.141
13-04-2021,Brazil,South America,Alpha,2,0,1,30,22,0.097,0.1312,0,0.091,60.25,0.673
17-07-2021,Spain,Europe,Delta,1,0,0,10,12,0.097,0.1698,0,0.2544,,0.734
05-01-2021,South Africa,Africa,Alpha,2,0,1,25,10,0.2111,0.201,1,0,72.43,
24-04-2020,UK,Europe,Original,4,0,3,43,84,0.0362,,2,,76.93,0.4
26-01-2022,Mexico,North America,Omicron,7,0,6,94,63,0.1233,,,0.3325,44.43,1.265
07-10-2022,Brazil,South America,Omicron BA.2,167,1,159,1703,1837,0.099,0.0639,24,0.5543,33.71,1.2
06-02-2020,Italy,Europe,Original,4,0,3,67,,,,3,0,5.55,0.71
23-11-2020,South Korea,Asia,Alpha,2,0,1,21,42,0.0788,0.1268,0,0,53.27,
01-04-2021,Spain,Europe,Delta,18,0,16,178,216,0.0751,0.1319,4,0.1114,75.07,
22-12-2020,Russia,Europe,Alpha,1,0,0,14,10,0.1024,0.1603,0,0,74.48,0.459
26-06-2020,Australia,Oceania,Original,1,0,0,14,13,0.0834,0.1684,0,0,67.19,0.4
17-12-2020,Germany,Europe,Alpha,1,0,0,15,20,0.0631,0.1868,0,,65.33,0.498
27-11-2021,UK,Europe,Omicron,17,0,16,248,221,0.0742,0.0697,4,0.4748,47.47,1.304
16-05-2022,Spain,Europe,Omicron BA.2,9,0,8,160,144,0.0501,0.054,2,0.6901,26.08,
24-02-2022,Mexico,North America,Omicron,46,1,42,638,276,0.1632,,7,0.385,53.08,0.815
07-10-2020,USA,North America,Original,1,0,0,12,19,0.0496,0.0936,0,0,47.76,0.474
06-03-2021,Argentina,South America,Alpha,4,0,3,40,36,0.1235,0.1689,,0.045,63.34,
28-05-2021,India,Asia,Delta,18,0,16,284,180,0.0955,0.2029,16,0.1296,62.72,
29-10-2020,Turkey,Asia,Alpha,2,0,1,33,20,0.1063,0.1578,1,0,46.35,0.71
19-12-2022,Germany,Europe,Omicron BA.2,13,0,,180,260,0.0402,0.0314,1,0.92,33.4,
27-12-2021,Russia,Europe,Omicron,67,0,62,1196,603,0.1242,0.0833,23,0.3173,39.47,1.255
18-10-2020,South Korea,Asia,Original,2,0,1,21,24,0.0655,0.1683,0,0,54.85,0.467
14-03-2020,Germany,Europe,Original,1,0,0,10,23,0.0532,0.1227,0,0,71.53,
10-10-2020,South Africa,Africa,Original,1,0,0,9,5,0.2176,0.1919,0,,42.03,0.606
09-09-2022,Pakistan,Asia,Omicron BA.2,70,1,65,699,210,0.3429,0.0469,,0.2992,37.33,1.287
07-07-2020,South Africa,Africa,Original,1,0,0,13,3,0.3398,0.173,,,59.83,0.4
12-05-2022,UK,Europe,Omicron BA.2,41,0,,614,697,0.055,0.0413,5,0.6934,4.92,1.913
31-03-2021,Canada,North America,Delta,13,0,12,203,312,0.034,0.1731,9,0.1229,87.01,0.4
26-12-2021,Argentina,South America,Omicron,1,0,0,15,7,0.1472,0.0496,0,0.3065,30.43,1.788
17-11-2022,Italy,Europe,Omicron BA.2,21,0,19,231,315,0.0596,,0,0.92,36.35,1.15
02-10-2020,Japan,Asia,Original,2,0,1,20,30,0.0595,0.1367,0,,43.81,0.721
17-07-2022,Turkey,Asia,Omicron BA.2,19,0,18,337,209,0.0962,0.0612,5,0.4988,32.31,1.413
13-03-2022,India,Asia,Omicron BA.2,2193,8,2118,24364,17544,0.1059,,317,0.3807,21.32,2.63
18-03-2022,UK,Europe,Omicron BA.2,5,0,,83,105,0.0537,0.0466,0,0.612,20.49,1.956
07-09-2022,Australia,Oceania,Omicron BA.2,1,0,,17,13,0.0659,0.0218,0,0.8534,20.54,1.267
12-09-2022,Brazil,South America,Omicron BA.2,28,0,26,458,224,0.115,0.0467,3,0.5449,29.53,1.674
06-06-2021,Italy,Europe,Delta,7,0,6,86,126,0.0526,0.1881,3,0.1975,55.66,0.698
29-08-2020,UK,Europe,Original,8,0,7,93,184,0.0433,0.1041,2,,47.78,0.423
20-02-2020,Italy,Europe,Original,22,0,20,325,264,0.0778,0.1685,14,0,12.03,
05-03-2020,Spain,Europe,Original,16,0,15,162,,,0.1421,3,,84.7,
23-02-2020,Brazil,South America,Original,4,0,3,57,36,0.1077,0.1468,,,91.11,
28-01-2021,Pakistan,Asia,Alpha,9,0,8,106,27,0.3365,0.1491,,,53.39,0.717
24-11-2020,Argentina,South America,Alpha,3,0,2,32,21,0.1513,0.1096,0,,54.27,0.63
25-10-2020,Canada,North America,Original,2,0,1,24,46,0.0348,0.1539,0,0,45.42,0.495
24-04-2020,Brazil,South America,Original,31,1,28,478,,,0.0911,,0,91.23,0.4
11-03-2022,South Africa,Africa,Omicron,1,0,0,16,3,0.332,0.0971,,0.2222,37.52,1.217
08-03-2022,Colombia,South America,Omicron BA.2,15,0,14,210,135,0.1139,0.0808,,0.3648,42.67,1.606
11-10-2022,Turkey,Asia,Omicron BA.2,3,0,,51,27,0.1149,0.0499,,0.5839,18.46,1.698
23-04-2022,Colombia,South America,Omicron BA.2,6,0,,78,54,0.1113,0.0676,1,0.4187,37.37,
30-07-2021,UK,Europe,Delta,5,0,4,56,90,0.0359,0.1407,1,0.2976,78.15,0.434
26-03-2020,South Korea,Asia,Original,2,0,1,33,,,0.1479,1,0,93.49,0.4
20-02-2021,Russia,Europe,Alpha,36,1,33,522,288,0.1228,0.222,33,0.036,68.52,0.505
08-12-2021,Brazil,South America,Omicron,39,1,37,490,312,0.1248,0.0628,6,0.3077,39.86,1.037
01-01-2022,Japan,Asia,Omicron,3,0,2,48,51,0.0599,0.0354,0,0.501,39.68,1.336
01-01-2022,France,Europe,Omicron,4,0,3,67,92,0.0259,,0,0.4848,32.02,1.637
22-09-2022,Canada,North America,Omicron BA.2,1,0,0,14,23,0.0387,0.0258,0,0.8738,25.62,1.484
20-07-2022,Russia,Europe,Omicron BA.2,25,0,23,385,200,0.142,0.054,,0.5162,20,1.46
21-12-2021,Brazil,South America,Omicron,3,0,2,46,18,0.1659,0.0611,,0.3004,34.25,1.677
16-07-2020,Brazil,South America,Original,1,0,0,16,7,0.1313,0.1161,0,0,73.01,0.4
10-10-2022,USA,North America,Omicron BA.2,44,0,41,748,704,0.0638,0.0374,8,0.9093,6.69,1.408
11-07-2022,Turkey,Asia,Omicron BA.2,1,0,,13,11,0.0857,0.0441,0,0.5008,34.71,1.308
05-03-2022,UK,Europe,Omicron BA.2,6,0,5,86,114,0.941843916,,1,0.5935,43.18,1.724
08-08-2022,Mexico,North America,Omicron BA.2,66,1,62,839,594,0.105,0.0358,9,0.5143,34.89,1.322
22-10-2022,Japan,Asia,Omicron BA.2,3,0,2,30,48,0.0799,,0,0.9163,8.1,1.759
17-01-2022,Colombia,South America,Omicron,1,0,0,16,10,0.0857,0.0902,,0.3546,51.38,1.282
03-05-2022,India,Asia,Omicron BA.2,93,0,87,1203,930,0.1173,0.0571,,0.4274,28.63,1.475
21-03-2022,India,Asia,Omicron BA.2,272,1,,2985,2448,0.1036,0.0559,,0.41,,2.809
15-02-2020,Brazil,South America,Original,1,0,0,10,7,0.1599,,0,0,20.5,0.753
23-12-2022,Canada,North America,Omicron BA.2,1,0,0,15,14,0.0624,0.0384,0,0.92,25.07,0.937
08-09-2022,Brazil,South America,Omicron BA.2,16,0,15,271,112,0.1364,0.0524,2,0.5189,19.73,2.564
05-11-2020,Russia,Europe,Alpha,6,0,5,77,48,0.1295,0.1534,2,,52.46,0.587
05-10-2021,Russia,Europe,Omicron,2,0,1,34,22,0.0696,0.0708,,0.2649,64.28,0.639
16-09-2021,USA,North America,Delta,26,0,25,381,338,0.0788,0.0966,8,0.3516,44.32,0.813
12-03-2022,Australia,Oceania,Omicron BA.2,1,0,0,15,18,0.0641,0.0629,0,0.5954,35.78,1.78
04-09-2020,Brazil,South America,Original,14,0,13,153,154,0.0796,0.1396,4,0,48.62,0.525
07-05-2020,Indonesia,Asia,Original,28,1,25,483,84,0.3338,0.1428,17,0,54.62,0.414
18-08-2021,Japan,Asia,Delta,16,0,15,189,384,0.0539,0.1166,4,0.2954,53.7,0.891
23-04-2020,Canada,North America,Original,1,0,0,10,18,0.0503,0.144,0,,83.64,0.4
13-04-2020,Pakistan,Asia,Original,48,1,45,867,,,0.1635,29,0,77.98,0.4
16-10-2022,Canada,North America,Omicron BA.2,6,0,,75,78,0.078,0.0391,0,0.9113,15.74,1.059
18-07-2021,USA,North America,Delta,8,0,7,130,192,0.0341,0.2208,8,0.2523,78.59,0.447
27-03-2021,Italy,Europe,Delta,46,1,42,559,1104,0.0235,0.1888,27,0.1098,80.31,0.4
20-09-2020,Indonesia,Asia,Original,1,0,0,15,3,0.3508,,0,0,43.47,0.483
27-07-2020,Russia,Europe,Original,21,0,19,229,126,0.1614,0.1932,8,,59.98,
24-03-2022,Brazil,South America,Omicron BA.2,34,0,31,481,340,0.0947,0.0406,,0.3919,27.25,1.848
15-09-2020,Spain,Europe,Original,1,0,0,12,17,0.0735,0.1892,0,0,57.36,0.4
07-01-2021,France,Europe,Alpha,8,0,7,104,96,0.0769,0.1774,4,0,49.29,0.707
06-12-2021,Spain,Europe,Omicron,3,0,2,51,63,0.0547,0.0424,0,0.467,,1.308
07-10-2020,Spain,Europe,Original,4,0,3,68,52,0.0722,0.1983,2,,,0.512
17-06-2021,Japan,Asia,Delta,4,0,3,72,96,0.0265,,4,0.2191,65.44,0.54
18-09-2020,France,Europe,Original,4,0,3,62,64,0.0475,0.1821,2,0,38.23,0.519
25-02-2021,Japan,Asia,Alpha,1,0,0,16,14,0.0769,0.1249,0,0.0817,50.61,0.542
05-09-2020,South Africa,Africa,Original,2,0,1,32,10,0.2187,0.1388,,0,31.39,0.753
07-03-2021,India,Asia,Alpha,36,0,33,479,288,0.1219,0.1646,,0.0665,76.82,0.4
12-09-2020,France,Europe,Original,3,0,2,45,69,0.0582,,1,0,57.31,0.4
25-06-2022,Japan,Asia,Omicron BA.2,12,0,,149,192,0.069,0.0403,1,0.7516,25.16,1.627
15-01-2021,Mexico,North America,Alpha,15,1,13,216,105,0.1375,0.1668,,0.0169,68.07,0.472
04-05-2021,Brazil,South America,Delta,10,0,9,180,70,0.1452,0.1225,,0.093,79.86,0.411
18-06-2021,Spain,Europe,Delta,1,0,0,13,17,0.0636,0.1528,0,0.2225,71.92,0.43
27-06-2022,Russia,Europe,Omicron BA.2,13,0,,161,78,0.171,0.0664,1,0.4931,19.55,1.648
26-07-2021,UK,Europe,Delta,13,0,12,162,182,0.0807,0.1025,2,0.2818,69.71,0.481
11-11-2021,USA,North America,Omicron,65,0,61,653,975,0.0639,0.0605,9,0.4406,56.54,
09-03-2020,Argentina,South America,Original,2,0,1,29,,,,,0,68.27,0.4
24-04-2022,Pakistan,Asia,Omicron BA.2,113,1,,1706,565,0.197,0.0581,,0.2224,,1.668
16-04-2021,Colombia,South America,Alpha,11,0,9,175,77,0.135,0.1407,,0.1152,66.41,0.404
28-10-2021,USA,North America,Omicron,10,0,9,135,240,0.0332,0.0619,2,0.4184,47.73,1.202
22-04-2022,Canada,North America,Omicron BA.2,50,0,,808,1000,0.0603,0.0374,4,0.6689,22.2,1.25
05-02-2020,Germany,Europe,Original,3,0,2,39,,,0.2007,1,0,17.04,1.126
31-12-2021,Russia,Europe,Omicron,27,0,25,300,162,0.1971,0.0657,4,0.3173,30.81,1.309
01-04-2022,Argentina,South America,Omicron BA.2,20,0,19,211,220,0.0968,,,0.3993,,1.752
15-02-2022,Spain,Europe,Omicron,6,0,5,100,72,0.0851,0.0611,1,0.5756,57.79,0.766
27-10-2020,Canada,North America,Original,1,0,0,11,13,0.0702,0.1006,0,0,38.65,0.584
10-03-2021,Turkey,Asia,Alpha,1,0,0,15,9,0.1201,0.1698,0,0.0597,67.61,0.4
29-06-2021,Turkey,Asia,Delta,4,0,3,55,24,0.1608,0.1683,,0.1698,70.47,0.4
24-06-2020,Brazil,South America,Original,1,0,0,11,11,0.0969,0.1289,,0,52.96,0.496
01-07-2022,Pakistan,Asia,Omicron BA.2,22,0,,389,110,0.2042,,,0.2666,42.78,
16-02-2021,South Africa,Africa,Alpha,4,0,3,55,16,0.2607,,1,0.0321,66.94,0.414
08-03-2022,Australia,Oceania,Omicron BA.2,13,0,12,202,169,0.0696,0.0369,1,0.6156,32.95,
08-07-2022,Turkey,Asia,Omicron BA.2,1,0,,15,11,0.0854,0.0387,,0.4989,30.35,1.726
28-04-2020,Spain,Europe,Original,1,0,0,11,20,0.0507,0.096,0,0,61.91,0.4
09-02-2021,Japan,Asia,Alpha,17,0,16,239,272,0.0485,0.1464,8,,57.33,0.66
31-01-2020,Russia,Europe,Original,7,0,6,89,,,0.0959,1,,17.5,0.937
28-03-2021,Turkey,Asia,Alpha,3,0,2,53,33,0.0934,0.197,2,0.077,62.18,0.629
04-07-2020,Argentina,South America,Original,1,0,0,12,9,0.1078,0.1592,0,0,44.67,0.737
30-06-2021,France,Europe,Delta,22,0,20,355,308,0.0532,0.1716,9,0.2446,66.54,
01-07-2020,Australia,Oceania,Original,12,0,11,170,204,0.0598,0.1393,5,0,56.45,0.492
18-07-2021,Brazil,South America,Delta,12,0,11,178,84,0.1461,0.1035,4,0.1677,75.98,0.4
15-10-2020,Canada,North America,Original,25,0,23,427,575,0.0383,0.2084,14,0,38.23,0.532
03-11-2021,Australia,Oceania,Delta,2,0,1,35,36,0.0727,0.1054,0,0.4197,58.06,
07-03-2020,South Korea,Asia,Original,2,0,1,22,,,0.1809,1,,78.82,0.4
13-04-2022,Pakistan,Asia,Omicron BA.2,10,0,9,106,50,0.1817,0.0493,1,0.2314,34.39,1.56
05-06-2021,Indonesia,Asia,Delta,117,5,108,1934,468,0.2463,0.146,56,0.0808,80.98,0.4
26-11-2021,Mexico,North America,Omicron,4,0,3,68,44,0.0827,0.0479,0,0.2808,52.11,1.297
14-05-2022,Turkey,Asia,Omicron BA.2,12,0,11,191,96,0.123,0.0447,1,0.4472,27.58,1.449
19-10-2022,Argentina,South America,Omicron BA.2,4,0,,49,36,0.1205,0.0365,0,0.5813,22.41,2.383
15-04-2021,Japan,Asia,Delta,45,0,43,493,1080,0.0402,0.2453,31,0.1187,81.11,0.4
29-07-2022,Russia,Europe,Omicron BA.2,62,0,,954,558,0.1195,0.0505,,0.5189,36.94,1.739
12-04-2020,France,Europe,Original,20,0,18,290,280,0.0772,0.1635,11,0,74.35,0.4
30-01-2021,Italy,Europe,Alpha,3,0,2,35,72,0.0516,0.1527,1,0.0298,54.72,0.426
07-02-2021,Japan,Asia,Alpha,3,0,2,43,72,0.0413,0.1646,1,0.0517,54.34,0.508
20-09-2021,Italy,Europe,Delta,3,0,2,31,54,0.05,0.1477,1,0.3554,64.42,0.4
07-03-2022,Russia,Europe,Omicron,4,0,3,48,44,0.0969,0.0726,,0.3738,54.72,0.845
24-11-2020,Colombia,South America,Alpha,16,1,15,230,128,0.1502,0.1463,,0,40.21,
31-05-2022,Turkey,Asia,Omicron BA.2,15,0,,269,105,0.1223,0.048,2,0.4632,38.77,1.827
08-10-2021,Russia,Europe,Delta,8,0,7,145,64,0.1307,0.162,6,0.2672,51,1.064
19-02-2022,Indonesia,Asia,Omicron,3,0,2,36,12,0.2429,0.1067,,0.2029,,1.474
04-05-2021,Spain,Europe,Delta,1,0,0,14,13,0.0564,0.1895,0,0.1667,60.44,0.755
06-12-2022,USA,North America,Omicron BA.2,36,0,,569,792,0.0435,,4,0.92,,1.233
10-07-2021,Mexico,North America,Delta,33,2,30,371,297,0.1035,0.1165,,0.1528,59.62,0.65
14-09-2022,South Korea,Asia,Omicron BA.2,1,0,0,11,17,0.0378,0.03,0,0.8743,27.5,1.362
10-05-2020,Argentina,South America,Original,7,0,6,123,70,0.1,0.0974,3,0,67.5,0.4
22-03-2020,Turkey,Asia,Original,1,0,0,17,,,0.1737,0,0,90.07,0.4
28-04-2022,France,Europe,Omicron BA.2,1,0,,12,12,0.0819,0.0392,0,0.6822,34.3,1.437
05-03-2020,UK,Europe,Original,2,0,1,27,,,0.1017,0,0,63.58,0.4
24-06-2021,Argentina,South America,Delta,13,0,12,203,78,0.1743,0.2121,9,0.1449,60.29,
04-03-2021,Argentina,South America,Alpha,2,0,1,31,16,0.1327,0.1955,1,0.0459,72.75,0.425
08-11-2020,UK,Europe,Original,5,0,4,66,85,0.0714,0.1426,2,,46.05,0.751
07-05-2021,Colombia,South America,Delta,11,0,10,136,77,0.1321,0.1733,6,0.1002,61.81,0.57
04-08-2020,Mexico,North America,Original,12,1,10,141,132,0.0822,0.1471,,0,63.88,0.4
04-01-2021,Indonesia,Asia,Alpha,23,1,21,346,69,0.3413,0.2163,,0,80.75,0.4
30-07-2020,South Africa,Africa,Original,1,0,0,13,4,0.2521,,0,,54.5,
27-05-2022,Russia,Europe,Omicron BA.2,6,0,5,85,66,0.0873,0.0743,,0.4677,15.48,2.526
21-02-2022,Canada,North America,Omicron BA.2,1,0,0,17,12,0.1037,0.0309,0,0.5909,57.19,0.779
07-08-2022,Mexico,North America,Omicron BA.2,446,7,411,6896,3122,0.1334,0.0327,34,0.525,38.37,1.899
19-11-2022,USA,North America,Omicron BA.2,3,0,2,45,48,0.0679,0.026,0,0.92,32.22,1.484
28-11-2022,Italy,Europe,Omicron BA.2,1,0,0,15,14,0.0634,0.0267,0,0.92,36.66,0.872
27-09-2021,India,Asia,Delta,405,6,374,6227,2430,0.1572,0.2226,272,0.2508,,0.825
09-12-2021,Brazil,South America,Omicron,255,3,239,3606,1530,0.1689,0.0807,,0.3102,28.79,1.971
19-12-2022,South Korea,Asia,Omicron BA.2,1,0,,10,18,0.0442,0.0372,0,0.92,21.65,1.223
28-01-2022,Argentina,South America,Omicron,12,0,11,168,108,0.1075,0.0772,,0.3604,27.94,
04-08-2022,France,Europe,Omicron BA.2,3,0,2,34,51,0.0518,0.046,0,0.8074,,1.816
20-09-2021,Germany,Europe,Delta,1,0,0,12,22,0.0434,0.2012,0,0.3443,54.38,0.487
05-06-2021,Spain,Europe,Delta,2,0,1,22,24,0.0751,0.2024,1,0.2112,78.26,0.4
28-10-2022,UK,Europe,Omicron BA.2,2,0,1,27,32,0.0439,0.0349,0,0.92,34.63,
07-11-2022,Indonesia,Asia,Omicron BA.2,16,0,15,245,64,0.242,0.0868,5,0.3423,18.75,2.677
09-04-2020,Germany,Europe,Original,1,0,0,12,23,0.0392,0.1202,0,0,93.91,0.4
29-12-2022,France,Europe,Omicron BA.2,1,0,,17,15,0.0708,0.0196,0,0.92,21.38,1.529
23-05-2020,India,Asia,Original,296,3,283,4898,,,0.1659,141,0,42.41,0.611
10-04-2022,Russia,Europe,Omicron BA.2,7,0,6,102,49,0.1472,0.0399,1,0.3902,20.27,2.704
22-05-2022,Australia,Oceania,Omicron BA.2,1,0,,13,14,0.0784,0.0298,0,0.7049,25.23,1.786
17-09-2022,Colombia,South America,Omicron BA.2,5,0,,86,45,0.1149,,1,0.5462,31.4,1.421
14-10-2020,Australia,Oceania,Original,1,0,0,11,13,0.0766,0.1469,0,0,51.82,0.457
07-02-2020,Argentina,South America,Original,1,0,0,14,11,0.0939,0.1403,,0,16.31,1.048
17-04-2021,Pakistan,Asia,Delta,34,1,32,548,136,0.2476,0.2027,32,0.0551,56.14,1.016
28-07-2020,Spain,Europe,Original,1,0,0,18,17,0.0689,0.1926,0,,57.7,0.4
05-10-2020,Germany,Europe,Original,6,0,5,65,144,0.0402,0.157,2,0,57.96,
29-10-2020,South Korea,Asia,Alpha,2,0,1,29,30,0.0677,0.1458,1,,40.52,1.001
16-11-2021,South Africa,Africa,Omicron,34,1,31,545,170,0.203,0.0794,7,0.1605,57.98,0.687
15-10-2022,Mexico,North America,Omicron BA.2,8,0,7,81,48,0.1778,0.0505,,0.5826,26.53,1.883
24-12-2022,Indonesia,Asia,Omicron BA.2,8,0,,78,40,0.1898,0.0617,,0.3559,,2.311
29-03-2021,Italy,Europe,Delta,6,0,5,69,126,0.0504,0.2277,4,0.1106,81.38,
01-05-2021,USA,North America,Delta,20,0,19,302,340,0.0608,0.1645,9,0.1571,76.71,0.422
10-09-2021,South Africa,Africa,Delta,3,0,2,32,15,0.1969,0.1862,1,0.1091,49.67,0.926
31-07-2022,Indonesia,Asia,Omicron BA.2,37,0,,371,185,0.1952,0.0606,4,0.2849,43.03,1.552
30-06-2021,Brazil,South America,Delta,9,0,8,137,90,0.1014,0.1381,3,0.1731,61.26,0.507
18-12-2021,Spain,Europe,Omicron,1,0,0,9,19,0.0696,,0,0.4915,39.54,
17-03-2020,Mexico,North America,Original,9,1,7,112,,,0.1389,,0,63.75,0.452
10-05-2021,USA,North America,Delta,52,1,48,617,1196,0.039,0.1469,14,0.1768,77.46,0.518
03-12-2022,Colombia,South America,Omicron BA.2,1,0,,13,6,0.1735,0.0486,,0.6126,24.08,2.301
18-08-2020,France,Europe,Original,1,0,0,13,13,0.0789,0.2082,0,0,45.37,0.618
14-04-2020,South Africa,Africa,Original,1,0,0,15,3,0.3382,0.1444,0,,74.2,0.4
12-02-2022,Turkey,Asia,Omicron,5,0,4,75,45,0.1151,0.0695,1,0.3754,,1.789
09-05-2020,Australia,Oceania,Original,1,0,0,15,,,0.177,0,0,75.05,0.4
05-03-2020,Italy,Europe,Original,3,0,2,51,,,,1,0,68.05,0.4
03-09-2022,UK,Europe,Omicron BA.2,2,0,1,28,40,0.0425,0.0394,0,0.842,15.84,1.89
20-09-2021,South Africa,Africa,Delta,3,0,2,49,9,0.3306,0.1377,1,0.1428,68.96,0.57
24-04-2021,Japan,Asia,Delta,15,0,14,260,315,0.0562,0.2035,13,0.14,69.04,0.4
18-03-2022,France,Europe,Omicron BA.2,1,0,0,12,14,0.0873,0.036,0,0.6268,8.73,1.823
03-07-2021,Colombia,South America,Delta,1,0,0,10,11,0.0862,0.1193,,0.1733,62.02,0.47
08-08-2020,UK,Europe,Original,1,0,0,11,15,0.0772,0.1593,0,0,58.16,0.433
21-03-2021,Argentina,South America,Alpha,16,0,14,218,144,0.1046,0.1771,9,0.0761,68.29,0.537
15-03-2022,USA,North America,Omicron BA.2,34,0,33,560,782,0.0415,0.0488,6,0.5961,8.85,2.141
23-09-2020,South Africa,Africa,Original,2,0,1,25,8,0.2619,0.1553,1,0,42.29,0.7
24-03-2021,South Africa,Africa,Alpha,4,0,3,47,12,0.3343,,,0.0178,69.01,0.4
12-03-2022,USA,North America,Omicron,72,0,68,963,1224,0.0487,0.0647,14,0.6003,22.66,1.687
20-03-2022,Australia,Oceania,Omicron BA.2,2,0,,33,46,0.0374,0.0409,0,0.6217,25.72,1.673
10-02-2022,Japan,Asia,Omicron,6,0,5,82,102,0.0513,0.0358,0,0.5662,34.37,0.858
11-12-2021,Spain,Europe,Omicron,4,0,3,60,52,0.083,0.0719,1,0.486,,1.307
13-05-2021,Australia,Oceania,Delta,3,0,2,40,72,0.0521,0.1252,1,0.1661,69.8,0.614
30-03-2021,France,Europe,Alpha,20,0,19,345,320,0.067,0.0974,8,0.1348,85.2,0.4
28-07-2020,Russia,Europe,Original,1,0,0,11,9,0.1046,0.149,0,0,57.55,0.528
28-08-2020,UK,Europe,Original,2,0,1,29,46,0.0563,0.1402,0,,42.54,0.713
27-03-2022,Colombia,South America,Omicron BA.2,2,0,1,23,14,0.1483,,,0.3858,32.92,1.514
28-03-2020,Pakistan,Asia,Original,36,1,32,631,,,0.2056,35,0,67.84,0.4
23-06-2020,Brazil,South America,Original,9,0,8,158,81,0.1234,,5,,60.89,0.517
24-03-2021,South Korea,Asia,Alpha,3,0,2,36,69,0.984497822,0.156,1,0.1048,60.14,0.43
22-03-2020,India,Asia,Original,44,1,41,727,,,0.1936,40,0,72.94,0.4
28-09-2022,Russia,Europe,Omicron BA.2,16,0,15,269,96,0.1629,0.0551,3,0.5614,26.71,1.594
05-08-2022,Australia,Oceania,Omicron BA.2,1,0,,10,15,0.072,0.0421,0,0.8107,14.77,2.253
28-07-2022,Australia,Oceania,Omicron BA.2,2,0,,33,40,0.0661,0.0445,0,0.8048,27.01,1.23
13-12-2020,Turkey,Asia,Alpha,3,0,2,42,33,0.0743,0.1058,1,0,52.6,0.765
03-05-2021,Mexico,North America,Delta,21,1,19,295,147,0.144,,13,0.1004,66.48,0.468
23-01-2022,Spain,Europe,Omicron,1,0,0,12,18,0.0573,0.039,0,0.5431,38.51,1.075
10-04-2021,Brazil,South America,Delta,1,0,0,14,10,0.1062,0.145,0,0.1048,68.1,0.62
11-06-2020,South Africa,Africa,Original,23,0,21,413,69,0.3495,0.1573,18,0,47.05,0.621
22-12-2022,Turkey,Asia,Omicron BA.2,8,0,7,81,72,0.108,0.0294,0,0.6576,38.44,
30-06-2022,Japan,Asia,Omicron BA.2,50,0,,561,950,0.0398,0.0398,5,0.7574,,1.476
16-06-2020,Pakistan,Asia,Original,3,0,2,34,15,0.193,0.1528,,0,51.17,0.639
08-12-2021,Italy,Europe,Omicron,5,0,4,53,65,0.0689,0.0486,0,0.4756,45.43,1.403
24-03-2020,India,Asia,Original,25,0,23,276,200,0.879599494,0.1511,,,,0.4
18-07-2022,Russia,Europe,Omicron BA.2,10,0,,165,110,0.085,0.0441,,0.5114,27.53,2.278
19-03-2020,Turkey,Asia,Original,18,0,17,322,162,0.1116,0.1034,8,0,69.82,0.4
02-06-2021,Italy,Europe,Delta,4,0,3,62,56,0.0709,0.1821,2,0.2075,70.28,0.501
03-02-2020,Germany,Europe,Original,6,0,5,79,78,0.085,0.1952,2,,10.83,0.926
04-11-2021,Turkey,Asia,Delta,6,0,5,101,66,0.0978,0.1274,,0.2853,53.03,0.808
13-11-2022,UK,Europe,Omicron BA.2,1,0,0,17,23,0.0326,0.0318,0,0.92,34.78,1.415
20-12-2022,India,Asia,Omicron BA.2,106,0,101,1322,636,0.1793,0.0382,7,0.639,15.29,2.073
23-02-2022,South Africa,Africa,Omicron,1,0,0,11,5,0.2109,,0,0.2153,46.96,
04-02-2020,Brazil,South America,Original,2,0,1,20,20,0.0814,0.1046,0,0,19.62,0.935
11-08-2020,Italy,Europe,Original,1,0,0,11,12,0.0782,0.1811,0,,61.47,0.4
21-08-2020,South Korea,Asia,Original,7,0,6,104,91,0.0641,0.1741,3,0,39.27,
17-07-2021,UK,Europe,Delta,4,0,3,43,64,0.0739,0.1025,0,0.2711,76.47,0.4
04-08-2021,India,Asia,Delta,2,0,1,30,12,0.1695,,0,0.1822,63.16,
15-06-2021,Argentina,South America,Delta,28,1,26,326,308,0.0847,0.2043,,0.1489,61.11,0.472
20-06-2021,Japan,Asia,Delta,2,0,1,21,44,0.045,0.1484,0,0.2361,56.04,0.762
05-02-2022,Indonesia,Asia,Omicron,53,1,49,852,265,0.1834,0.0594,,0.1987,43.22,1.23
04-09-2021,Russia,Europe,Delta,5,0,4,80,45,0.0952,0.2103,,0.1996,62.65,0.666
22-01-2022,Canada,North America,Omicron,3,0,2,37,72,0.0297,0.0443,0,0.5323,35.02,1.263
09-11-2020,Colombia,South America,Alpha,11,0,10,142,110,0.1028,0.1084,3,0,52.15,0.803
14-01-2021,Spain,Europe,Alpha,1,0,0,14,22,0.052,0.1073,0,0,64.98,0.4
15-01-2022,Indonesia,Asia,Omicron,3,0,2,38,9,0.3267,0.0862,0,0.1867,41.95,1.37
11-08-2021,Turkey,Asia,Delta,14,0,13,141,98,0.1483,0.1073,2,0.1869,43.87,0.886
01-10-2021,South Africa,Africa,Delta,16,1,14,225,64,0.2668,0.2116,,0.1198,42.38,1.16
13-05-2020,Spain,Europe,Original,1,0,0,10,21,0.0472,0.134,0,,70.1,0.4
24-10-2021,Brazil,South America,Delta,3,0,2,42,18,0.1712,0.1158,1,0.2519,63.7,0.41
15-09-2021,Argentina,South America,Delta,7,0,6,75,63,0.1195,0.2217,,0.2476,44.51,
29-11-2021,India,Asia,Omicron,478,3,457,5388,3346,0.1367,,,0.2897,29.41,1.327
02-05-2021,Spain,Europe,Delta,1,0,0,14,15,0.0627,0.1371,0,0.1481,83.21,
17-03-2021,South Africa,Africa,Alpha,14,0,12,177,70,0.2008,,5,0.03,61.66,0.561
06-01-2022,Colombia,South America,Omicron,7,0,6,111,42,0.1712,0.0499,1,0.3251,48.9,0.925
26-09-2020,Mexico,North America,Original,1,0,0,11,11,0.0893,0.0939,0,0,44.3,0.406
12-09-2020,Turkey,Asia,Original,2,0,1,29,22,0.0934,0.1206,,,49.45,0.4
03-11-2022,Germany,Europe,Omicron BA.2,1,0,,13,15,0.0765,0.0389,0,0.9195,16.15,1.994
16-06-2020,Japan,Asia,Original,2,0,1,21,30,0.0715,0.1776,1,0,47.06,0.477
21-06-2022,India,Asia,Omicron BA.2,316,1,,4692,1896,0.1681,0.04,,0.4715,36.43,1.645
15-05-2022,Japan,Asia,Omicron BA.2,14,0,,228,210,0.0637,0.0442,1,0.6786,24.64,
01-01-2021,Indonesia,Asia,Alpha,1,0,0,15,5,0.1941,0.1148,0,,51.07,
31-08-2020,Argentina,South America,Original,25,0,23,381,225,0.1082,0.1089,,0,46.05,
22-06-2021,Argentina,South America,Delta,2,0,1,31,22,0.0839,0.2306,1,0.1507,74.74,0.498
16-08-2021,Germany,Europe,Delta,12,0,11,203,264,0.0384,0.1265,6,0.3205,62.63,0.593
02-09-2022,Australia,Oceania,Omicron BA.2,4,0,,50,76,0.0551,0.0324,0,0.8333,20.4,1.689
29-05-2021,Australia,Oceania,Delta,1,0,0,14,19,0.0508,0.1522,0,0.2004,62.9,0.71
19-01-2021,Canada,North America,Alpha,1,0,0,10,13,0.0664,0.1354,0,0.0379,62.64,
11-02-2021,Canada,North America,Alpha,1,0,0,14,18,0.0322,0.1348,0,0.0435,82.44,0.4
20-04-2021,Germany,Europe,Delta,2,0,1,30,30,0.0622,0.1459,0,0.1283,64.63,0.692
11-02-2022,Colombia,South America,Omicron,1,0,0,17,10,0.0948,0.0423,,0.3722,38.39,0.948
28-05-2021,South Korea,Asia,Delta,32,0,30,514,576,0.0542,0.1136,16,0.2042,69.67,
10-08-2022,UK,Europe,Omicron BA.2,37,0,,502,592,0.064,0.0407,3,0.814,37.3,0.995
17-08-2020,South Africa,Africa,Original,2,0,1,26,6,0.3325,,,0,41.15,0.551
29-04-2021,France,Europe,Delta,13,0,12,196,247,0.0312,0.2312,12,0.1724,,0.4
05-12-2020,Russia,Europe,Alpha,9,0,8,111,81,0.1103,0.1698,,0,46.65,0.662
22-08-2022,UK,Europe,Omicron BA.2,160,0,,1934,2400,0.0623,0.0306,17,0.8334,31.99,
26-04-2020,Japan,Asia,Original,1,0,0,17,16,0.0571,0.1204,0,0,75.53,0.4
10-02-2022,UK,Europe,Omicron,9,0,8,128,144,0.0735,0.0588,2,0.5802,37.02,
20-12-2021,Germany,Europe,Omicron,16,0,14,167,320,0.0499,0.0599,2,0.4819,38.24,1.389
30-07-2022,Spain,Europe,Omicron BA.2,19,0,,205,285,0.0652,0.0251,1,0.7807,17.88,1.398
02-10-2021,USA,North America,Delta,4,0,3,65,68,0.0532,0.1552,2,0.3864,46.92,
07-04-2022,Germany,Europe,Omicron BA.2,4,0,,45,72,0.0753,0.0602,0,0.6466,20.73,1.455
24-10-2020,South Africa,Africa,Original,8,0,7,89,24,0.3358,0.0913,,,31.95,0.936
06-06-2020,Italy,Europe,Original,1,0,0,10,19,0.0481,0.1088,0,,49.43,0.4
25-06-2021,UK,Europe,Delta,24,0,23,353,504,0.047,0.1486,9,0.2184,78.43,0.431
03-10-2021,Pakistan,Asia,Omicron,12,0,11,180,60,0.1969,0.0639,,0.1238,60.04,0.828
13-03-2022,South Africa,Africa,Omicron BA.2,1,0,0,14,4,0.2323,0.0748,0,0.2223,15.33,
17-11-2021,France,Europe,Omicron,2,0,1,27,44,0.0488,,0,0.4327,37.95,1.626
08-02-2020,France,Europe,Original,3,0,2,54,,,0.1551,2,0,11.5,1.176
15-08-2022,USA,North America,Omicron BA.2,1,0,0,13,20,0.053,0.041,0,0.8259,29.02,1.393
10-06-2022,France,Europe,Omicron BA.2,65,0,,1086,780,0.0668,0.0526,14,0.7279,31.86,1.417
23-04-2022,South Africa,Africa,Omicron BA.2,12,0,11,139,60,0.2235,0.0531,,0.2234,28.44,1.65
03-09-2021,France,Europe,Delta,1,0,0,16,18,0.0346,0.102,0,0.3146,52.17,0.574
21-01-2021,Colombia,South America,Alpha,1,0,0,16,7,0.1605,0.1868,0,0.014,79.95,
09-08-2021,Russia,Europe,Delta,1,0,0,9,6,0.1508,0.2087,,0.2081,48.43,0.673
20-03-2022,Germany,Europe,Omicron BA.2,180,0,,203,345,0.0534,0.0638,2,0.5976,,1.305
20-01-2021,Pakistan,Asia,Alpha,46,2,42,759,230,0.2122,0.1891,29,,55.96,
22-02-2020,Brazil,South America,Original,3,0,2,44,,,,0,0,73.02,0.4
20-02-2020,USA,North America,Original,4,0,3,66,,,0.1849,2,0,13.57,1.129
03-07-2021,Australia,Oceania,Delta,3,0,2,39,60,0.0532,0.2243,2,0.2308,83.16,0.4
24-05-2022,France,Europe,Omicron BA.2,20,0,18,261,240,0.0606,0.057,4,0.7025,40.58,1.057
28-05-2022,Canada,North America,Omicron BA.2,6,0,,87,114,0.0681,0.0353,0,0.7076,18.37,1.854
11-09-2022,Russia,Europe,Omicron BA.2,44,0,,464,308,0.1496,0.0494,,0.555,20.31,2.065
12-07-2020,Canada,North America,Original,1,0,0,16,18,0.0769,0.2021,0,0,,0.479
25-02-2021,Spain,Europe,Alpha,3,0,2,37,60,0.0583,0.1435,1,0.0797,66.99,0.4
12-05-2021,South Africa,Africa,Delta,10,0,9,163,30,0.3485,,,0.0444,55.12,0.785
19-06-2022,Mexico,North America,Omicron BA.2,4,0,3,41,32,0.139,0.0334,0,0.473,22.07,2.393
28-07-2021,India,Asia,Delta,146,2,139,1497,1314,0.118,0.1888,50,0.191,66.57,0.733
20-08-2020,Argentina,South America,Original,4,0,3,60,36,0.119,0.1642,2,,43.65,0.606
15-06-2021,Japan,Asia,Delta,4,0,3,59,68,0.0449,0.2081,2,0.2287,90.16,0.4
23-10-2021,Indonesia,Asia,Omicron,8,0,7,99,40,0.1834,0.0996,1,0.1574,69.22,0.692
09-10-2021,Canada,North America,Delta,4,0,3,64,76,0.0625,0.1796,2,0.3652,51.38,0.692
18-09-2022,Indonesia,Asia,Omicron BA.2,40,0,37,494,160,0.2685,0.0859,8,0.3107,42.13,1.501
18-12-2021,Germany,Europe,Omicron,15,0,14,192,180,0.0848,0.0693,2,0.4887,52.89,0.67
07-10-2021,Pakistan,Asia,Omicron,12,0,11,145,48,0.2749,0.1053,4,,,1.332
08-12-2022,Colombia,South America,Omicron BA.2,4,0,,47,24,0.1832,0.0277,,0.6302,19.43,1.411
05-01-2021,Colombia,South America,Alpha,1,0,0,16,6,0.1688,0.1501,0,0,,0.5
10-04-2021,Indonesia,Asia,Delta,26,1,23,470,78,0.3394,0.1708,15,0.0496,80.02,0.4
01-08-2022,India,Asia,Omicron BA.2,35,0,,366,350,0.0987,0.0704,5,0.5101,26.24,2.327
19-03-2020,Turkey,Asia,Original,3,0,2,40,,,0.139,1,0,66.45,0.4
16-06-2021,Italy,Europe,Delta,1,0,0,14,19,0.0558,0.1689,0,0.2039,60.74,0.461
13-04-2021,South Africa,Africa,Alpha,-6,0,5,104,30,0.2194,0.1952,4,0.046,85.53,0.4
03-03-2022,France,Europe,Omicron,39,0,37,660,663,0.0534,0.0478,5,0.5688,47.15,1.018
25-11-2020,Argentina,South America,Alpha,1,0,0,16,7,0.1363,0.1453,,0,58.09,0.641
10-05-2022,USA,North America,Omicron BA.2,8,0,,125,136,0.0695,,0,0.6868,12.27,1.338
22-01-2022,Canada,North America,Omicron,1,0,0,15,14,0.0828,0.0482,0,0.5309,33.73,
10-03-2022,India,Asia,Omicron BA.2,81,0,76,1472,891,0.0879,0.0493,12,0.3887,35.41,1.238
01-04-2021,Canada,North America,Delta,1,0,0,15,18,0.0432,0.1741,0,0.1198,59.06,0.816
28-04-2020,UK,Europe,Original,2,0,1,24,38,0.0466,0.0976,0,0,87.5,0.4
06-07-2021,Germany,Europe,Delta,3,0,2,37,72,0.0383,0.2144,2,0.2666,65.34,0.717
21-08-2022,Pakistan,Asia,Omicron BA.2,8,0,,117,24,0.3399,0.0448,1,0.2788,17.58,1.773
16-12-2021,Pakistan,Asia,Omicron,35,0,33,511,140,0.2433,0.0862,9,0.1625,37.88,1.582
11-07-2020,Argentina,South America,Original,1,0,0,15,11,0.949138178,,0,,57.45,0.534
07-02-2021,Japan,Asia,Alpha,7,0,6,95,140,0.0476,0.1779,4,,69.42,
10-04-2022,UK,Europe,Omicron BA.2,1,0,0,10,12,0.0824,0.0403,0,0.6406,34.29,
13-11-2020,Colombia,South America,Original,1,0,0,12,9,0.1164,0.1434,,,52.54,0.4
01-03-2021,France,Europe,Alpha,1,0,0,10,19,0.0491,0.1873,0,0.0717,49.93,
29-12-2021,Russia,Europe,Omicron,20,0,18,353,200,0.0888,0.0821,7,0.3186,49.11,1.32
13-01-2022,UK,Europe,Omicron,40,0,37,642,800,0.0334,0.0539,5,0.5169,,1.333
19-11-2022,Indonesia,Asia,Omicron BA.2,498,5,467,5819,1992,0.257,0.0675,116,0.3422,31.28,2.376
15-10-2022,Turkey,Asia,Omicron BA.2,18,0,17,193,144,0.1276,,1,0.5893,,1.799
15-06-2021,Argentina,South America,Delta,24,1,22,386,168,0.1451,0.1424,11,0.1489,78.43,0.4
25-03-2020,Mexico,North America,Original,15,0,13,185,,,0.1458,7,0,84.39,0.4
16-11-2020,Russia,Europe,Alpha,11,0,10,146,66,0.1562,0.1576,,0,44.68,0.845
27-01-2020,Pakistan,Asia,Original,2,0,1,22,10,0.2078,0.202,1,,11.23,0.948
28-09-2021,Argentina,South America,Delta,1,0,0,14,8,0.1111,0.1834,0,0.2525,34.46,1.151
18-10-2021,Pakistan,Asia,Delta,47,1,42,586,188,0.2524,0.1716,17,0.1533,51.09,0.914
14-12-2020,Russia,Europe,Alpha,17,0,16,205,136,0.1235,0.1573,,0,72.66,0.46
09-08-2021,USA,North America,Delta,3,0,2,44,51,0.0629,0.1487,1,0.2991,62.78,0.457
21-07-2021,USA,North America,Delta,10,0,9,119,180,0.052,0.2003,3,0.287,87.28,0.4
05-09-2020,Argentina,South America,Original,1,0,0,11,7,0.1361,0.1422,0,,45.96,0.585
11-02-2022,Indonesia,Asia,Omicron BA.2,20,0,19,358,80,0.232,0.0457,,0.1811,48.69,
24-02-2020,Germany,Europe,Original,1,0,0,13,21,0.0391,0.1536,0,,86.5,0.4
27-09-2022,India,Asia,Omicron BA.2,940,4,,16462,5640,0.174,,124,0.5675,22.98,1.492
09-05-2021,Canada,North America,Delta,1,0,0,11,14,0.0816,0.2149,0,0.1837,68.75,0.498
24-07-2020,South Korea,Asia,Original,1,0,0,15,21,0.0366,0.1906,0,0,51.67,0.57
18-07-2022,Japan,Asia,Omicron BA.2,7,0,,105,105,0.0554,0.0367,0,0.7626,,1.434
30-04-2022,Turkey,Asia,Omicron BA.2,12,0,,158,132,0.0815,0.0547,2,0.433,16.6,1.998
24-05-2022,UK,Europe,Omicron BA.2,2,0,1,34,28,0.0637,0.0312,0,0.6964,37.18,1.458
22-08-2020,Indonesia,Asia,Original,5,0,4,74,25,0.199,0.1799,,0,49.44,
15-02-2021,South Africa,Africa,Alpha,1,0,0,13,3,0.3483,0.1997,0,0.0167,,0.478
18-03-2022,Turkey,Asia,Omicron BA.2,13,0,,129,143,0.0906,0.0361,0,0.4016,33.06,1.888
01-07-2022,Turkey,Asia,Omicron BA.2,2,0,,31,18,0.1163,0.0399,,0.4766,23.56,1.667
22-02-2021,USA,North America,Alpha,136,3,128,2133,1632,0.0911,0.2119,111,0.0729,60.97,0.609
28-10-2020,South Korea,Asia,Original,11,0,10,132,198,0.0366,0.1515,3,0,50.11,0.475
05-12-2022,Colombia,South America,Omicron BA.2,4,0,,60,40,0.1019,,,0.6128,32.84,1.882
03-06-2022,Brazil,South America,Omicron BA.2,13,0,,206,117,0.1008,0.0643,3,0.4741,19.78,2.613
26-09-2021,France,Europe,Delta,4,0,3,59,64,0.0568,0.15,1,0.3657,59.92,0.504
19-06-2022,Canada,North America,Omicron BA.2,14,0,,204,266,0.038,0.0555,1,0.7186,33.6,1.122
06-07-2020,France,Europe,Original,1,0,0,9,13,0.0917,0.1224,0,0,48.2,0.562
24-11-2020,Indonesia,Asia,Alpha,12,0,10,218,36,0.3459,0.1721,,,55.65,0.51
31-07-2020,Turkey,Asia,Original,3,0,2,50,24,0.1115,,1,0,,0.4
08-09-2020,Brazil,South America,Original,47,1,42,616,517,0.088,0.1238,,,37.25,0.864
05-12-2021,Indonesia,Asia,Omicron,11,0,10,183,33,0.3312,0.0839,,0.1526,33.43,1.217
11-06-2022,UK,Europe,Omicron BA.2,4,0,,52,80,0.0497,0.0357,0,0.7246,27.28,1.625
19-12-2020,Canada,North America,Alpha,15,0,14,195,240,0.0571,0.1689,8,,62.86,0.432
22-03-2021,Argentina,South America,Alpha,2,0,1,29,16,0.1227,0.171,0,0.0695,70.88,0.455
05-05-2021,Spain,Europe,Delta,14,0,13,196,266,0.0408,0.1608,8,0.166,80.24,0.4
05-04-2021,Russia,Europe,Alpha,51,1,48,787,408,0.1214,0.163,31,0.0903,60.63,0.446
16-06-2022,Turkey,Asia,Omicron BA.2,1,0,,12,9,0.1241,0.0702,0,0.4711,31,2.025
16-08-2022,Italy,Europe,Omicron BA.2,1,0,0,17,17,0.0535,0.0207,0,0.8216,26.3,1.725
09-01-2022,South Korea,Asia,Omicron,1,0,0,9,13,0.0548,0.0492,0,0.521,40.89,1.105
17-06-2021,Italy,Europe,Delta,7,0,6,102,98,0.0774,0.2058,3,0.2301,79.59,0.4
23-03-2020,India,Asia,Original,61,1,57,757,671,0.0941,0.0938,19,0,67.06,
30-06-2020,Indonesia,Asia,Original,1,0,0,15,5,0.1859,0.2092,0,,52.65,0.558
22-09-2021,South Korea,Asia,Delta,1,0,0,14,12,0.0981,0.1105,0,0.3482,58.12,0.853
03-06-2020,Australia,Oceania,Original,1,0,0,11,24,0.052,0.2066,0,,58.39,0.4
10-06-2021,France,Europe,Delta,21,0,20,294,294,0.0742,0.2052,17,0.2202,63.84,0.467
02-02-2022,Italy,Europe,Omicron BA.2,2,0,1,27,48,0.0471,0.0329,0,0.5474,48.23,1.125
29-04-2022,Germany,Europe,Omicron BA.2,1,0,0,16,15,0.0726,0.0467,0,0.6605,41.62,
18-06-2021,Argentina,South America,Delta,1,0,0,17,9,0.1114,,0,0.1511,74.37,0.432
27-03-2022,Brazil,South America,Omicron BA.2,31,0,28,324,217,0.128,0.0478,2,0.3888,15.91,2.023
22-05-2020,India,Asia,Original,346,4,327,6162,3460,0.0978,0.1692,179,,52.99,0.513
02-11-2021,Mexico,North America,Delta,6,0,5,69,54,0.1098,0.1115,2,0.2574,44.15,0.936
13-03-2022,India,Asia,Omicron BA.2,225,1,,3887,2025,0.1049,0.0579,56,0.4067,7.58,1.857
06-08-2022,South Africa,Africa,Omicron BA.2,35,0,,475,140,0.2454,0.0798,11,0.2874,23.88,1.79
04-10-2021,Canada,North America,Delta,1,0,0,11,22,0.0523,0.1731,0,0.3713,66.84,0.4
13-04-2020,India,Asia,Original,98,1,91,1271,784,0.1341,0.0937,,0,81.02,0.4
24-02-2022,Russia,Europe,Omicron,4,0,3,42,40,0.1193,0.0721,0,0.3808,,0.843
29-10-2021,South Korea,Asia,Delta,1,0,0,12,20,0.0527,,0,0.425,66.74,
05-05-2020,USA,North America,Original,120,1,113,1355,2160,0.0478,0.1517,40,0,54.26,0.627
11-01-2022,Italy,Europe,Omicron,54,0,51,592,1026,0.0776,0.0751,12,0.5277,,0.863
23-06-2022,Pakistan,Asia,Omicron BA.2,11,0,,135,44,0.248,,,0.2663,41.45,1.82
26-07-2021,Brazil,South America,Delta,101,3,92,1203,808,0.1299,0.2182,74,0.172,86.13,0.4
14-06-2022,Spain,Europe,Omicron BA.2,5,0,4,64,120,0.0423,0.0353,0,0.7394,32.6,1.753
04-03-2020,Argentina,South America,Original,2,0,1,30,14,0.1444,0.1407,1,0,71.79,0.4
21-11-2022,Argentina,South America,Omicron BA.2,1,0,0,13,10,0.1043,0.0554,,0.6219,19.63,1.458
24-10-2022,Brazil,South America,Omicron BA.2,7,0,,104,56,0.1018,,1,0.5969,10.07,1.581
15-04-2022,Italy,Europe,Omicron BA.2,7,0,6,90,126,0.0618,0.0468,1,0.6646,16.87,1.404
22-07-2021,Japan,Asia,Delta,9,0,8,139,117,0.0779,,3,0.2768,70.69,0.567
29-07-2020,Turkey,Asia,Original,3,0,2,32,18,0.1675,,0,,65.93,0.429
22-07-2022,Colombia,South America,Omicron BA.2,17,0,,303,119,0.1407,0.0406,,0.4934,34.32,1.369
14-04-2020,Japan,Asia,Original,6,0,5,66,,,0.1415,1,0,74.67,0.4
08-04-2020,South Korea,Asia,Original,2,0,1,35,38,0.0621,,0,0,77.32,0.4
04-08-2020,South Korea,Asia,Original,3,0,2,39,45,0.0611,0.1244,1,0,61,
18-09-2020,Colombia,South America,Original,2,0,1,31,22,0.1025,0.1458,,0,37.06,0.451
24-06-2021,Pakistan,Asia,Delta,448,1,25,314,112,0.2361,0.2084,16,0.0792,68.83,0.721
15-01-2022,Italy,Europe,Omicron,52,0,49,929,832,0.0578,0.0539,11,0.5264,45.65,1.341
31-12-2022,Colombia,South America,Omicron BA.2,2,0,1,24,12,0.1743,0.0412,0,0.6725,38.54,1.412
11-11-2021,Germany,Europe,Delta,6,0,5,73,72,0.0819,0.0964,1,0.4417,55.46,0.624
15-05-2020,France,Europe,Original,1,0,0,16,16,0.047,0.1323,0,0,50.63,0.457
21-09-2022,Japan,Asia,Omicron BA.2,2,0,1,36,44,0.0506,0.0295,0,0.8703,23.2,
02-02-2021,Spain,Europe,Alpha,1,0,0,14,16,0.0555,0.1118,0,0.0218,79.12,0.4
08-04-2020,Turkey,Asia,Original,1,0,0,13,7,0.1441,0.1733,,0,84.3,0.4
02-05-2021,Mexico,North America,Delta,8,1,7,104,72,0.1187,0.1689,4,0.1134,57.67,0.601
04-12-2022,Germany,Europe,Omicron BA.2,1,0,,16,24,0.0325,0.0329,0,0.92,29.45,1.522
23-04-2022,France,Europe,Omicron BA.2,2,0,,29,48,0.021,0.0271,0,0.6731,36.81,1.042
09-11-2020,UK,Europe,Original,3,0,2,49,39,0.0787,0.1203,0,0,58.63,0.514
16-09-2020,Pakistan,Asia,Original,1,0,0,14,5,0.1839,0.1968,0,0,55.34,0.4
30-04-2021,Russia,Europe,Delta,30,1,28,389,210,0.1431,0.1513,13,0.1086,69.8,0.462
05-07-2021,South Korea,Asia,Delta,4,0,3,45,48,0.0781,0.1137,1,0.2613,70.59,0.551
19-12-2020,Germany,Europe,Alpha,48,0,45,538,912,0.0561,0.1868,16,0,52.06,0.729
07-11-2021,Russia,Europe,Omicron,17,0,16,281,102,0.1562,0.0893,,0.2697,55.06,1.109
11-02-2021,Mexico,North America,Alpha,10,1,9,170,80,0.1409,0.1614,7,0.0345,47.75,0.53
07-06-2021,Turkey,Asia,Delta,57,1,54,926,627,0.1081,0.1823,26,0.1306,73.15,0.611
19-09-2022,Turkey,Asia,Omicron BA.2,6,0,5,105,66,0.0834,0.0461,0,0.564,24.17,1.245
15-01-2022,Japan,Asia,Omicron,27,0,25,264,648,0.0401,0.0725,4,0.507,,1.172
31-10-2022,Brazil,South America,Omicron BA.2,30,0,,499,210,0.1324,0.0397,,0.5912,38.73,1.5
01-05-2021,India,Asia,Delta,236,5,226,4040,1888,0.1182,0.2359,,0.0966,84.7,0.4
02-12-2020,UK,Europe,Alpha,1,0,0,14,17,0.0609,0.1477,0,,56.66,0.437
26-02-2022,Argentina,South America,Omicron BA.2,2,0,1,27,20,0.0889,,,0.3625,,1.928
01-10-2022,Turkey,Asia,Omicron BA.2,8,0,7,133,48,0.1556,0.0592,,0.5577,32.41,1.485
20-01-2021,Japan,Asia,Alpha,29,0,28,501,638,0.0394,0.1055,9,0.0156,,0.4
26-06-2022,Japan,Asia,Omicron BA.2,18,0,17,261,288,0.0571,0.0299,1,0.7424,42,1.009
19-08-2022,Argentina,South America,Omicron BA.2,9,0,8,93,90,0.0866,0.0509,0,0.5411,7.47,2.303
07-10-2020,Canada,North America,Original,6,0,5,79,138,0.0333,,2,,45.82,0.439
12-03-2022,USA,North America,Omicron,27,0,,325,513,0.0513,,2,0.6027,20.98,1.731
12-05-2022,Canada,North America,Omicron BA.2,3,0,,43,51,0.0782,0.049,0,0.6749,9.73,2.146
08-11-2022,Italy,Europe,Omicron BA.2,1,0,,11,13,0.0768,,0,0.92,20.35,1.286
21-09-2020,Turkey,Asia,Original,1,0,0,14,9,0.0993,0.1932,,,44.63,0.512
06-09-2021,Brazil,South America,Delta,97,4,88,1712,776,0.1309,,107,0.2033,39.43,1.236
07-10-2022,India,Asia,Omicron BA.2,57,0,54,574,456,0.1225,0.045,,0.576,35.45,1.393
20-11-2022,Russia,Europe,Omicron BA.2,12,0,,142,108,0.1083,0.0458,1,0.6204,25.76,1.151
15-03-2021,Russia,Europe,Alpha,2,0,1,32,14,0.1527,0.1136,,0.0567,69.31,0.4
14-04-2020,Canada,North America,Original,1,0,0,16,13,0.0672,,0,0,64.59,
01-04-2022,France,Europe,Omicron BA.2,8,0,7,94,192,0.0465,0.0612,1,0.6334,28.38,1.728
20-03-2022,France,Europe,Omicron BA.2,2,0,1,34,40,0.0618,0.0596,0,0.6185,30.58,1.904
21-04-2022,Mexico,North America,Omicron BA.2,2,0,,24,18,0.0854,0.0746,0,0.4393,31.01,1.833
14-12-2021,Japan,Asia,Omicron,1,0,0,13,12,0.0645,0.0389,0,0.476,46.99,0.744
08-08-2021,Spain,Europe,Delta,1,0,0,12,23,0.0439,0.1773,0,0.3051,60.18,
10-05-2022,Australia,Oceania,Omicron BA.2,1,0,0,17,13,0.0675,0.047,0,0.6727,39.17,1.402
08-01-2022,France,Europe,Omicron,3,0,2,47,42,0.0766,0.05,0,0.5083,43.42,0.946
15-10-2020,Argentina,South America,Original,4,0,3,54,24,0.1757,0.1668,1,0,49.61,
30-10-2022,Germany,Europe,Omicron BA.2,1,0,0,15,13,0.0816,0.024,0,0.9135,39.76,0.915
18-12-2022,Italy,Europe,Omicron BA.2,7,0,6,89,84,0.0617,0.0325,0,0.92,,
15-11-2021,Spain,Europe,Omicron,1,0,0,11,14,0.0786,0.0802,0,0.4475,45.57,0.88
28-01-2022,South Korea,Asia,Omicron,1,0,0,16,19,0.0394,0.0611,0,0.5495,33.06,1.176
09-04-2020,Turkey,Asia,Original,6,0,5,78,60,0.0936,0.1779,,,69.81,0.41
26-01-2020,Mexico,North America,Original,13,0,11,155,78,0.1568,0.1019,,0,11.35,0.642
30-04-2020,Pakistan,Asia,Original,1,0,0,15,3,0.3197,0.0989,0,0,92.05,0.4
05-07-2022,USA,North America,Omicron BA.2,1,0,0,10,21,0.0526,0.0308,0,0.7523,16.05,2.205
18-05-2022,Pakistan,Asia,Omicron BA.2,2,0,,26,6,0.333,,,0.2633,,1.949
30-07-2020,Indonesia,Asia,Original,1,0,0,9,4,0.2471,0.1498,,,50.52,0.4
23-05-2022,USA,North America,Omicron BA.2,23,0,22,236,506,0.0517,0.0345,1,0.7143,19.73,2.166
09-08-2021,Pakistan,Asia,Delta,5,0,4,84,15,0.3598,0.1995,4,0.1026,60.34,0.506
19-07-2020,Mexico,North America,Original,17,1,15,177,102,0.1804,0.154,,0,51.53,0.562
25-01-2021,USA,North America,Alpha,15,0,13,249,210,0.0757,0.1855,10,0.024,77.38,0.4
11-06-2022,France,Europe,Omicron BA.2,13,0,,194,169,0.0797,0.0316,1,0.7275,31.79,1.293
08-12-2022,Mexico,North America,Omicron BA.2,12,0,11,117,72,0.1815,0.0352,,0.6207,24.73,1.823
05-09-2021,Turkey,Asia,Delta,7,0,6,109,63,0.1082,0.1276,,0.2113,43.19,1.238
23-12-2020,UK,Europe,Alpha,7,0,6,104,147,0.0404,0.1818,3,0,52.97,0.455
01-08-2020,Colombia,South America,Original,1,0,0,15,9,0.1253,0.1925,,0,55.39,0.544
24-04-2022,Brazil,South America,Omicron BA.2,46,0,,700,276,0.1671,0.0778,,0.4299,19.53,2.65
18-07-2021,Argentina,South America,Delta,13,0,12,183,104,0.1358,0.1636,6,0.1774,58.84,0.946
15-02-2021,Italy,Europe,Alpha,3,0,2,30,54,0.0662,0.1822,1,0.0557,63.65,0.556
23-06-2020,Turkey,Asia,Original,5,0,4,61,50,0.092,0.1386,2,0,,0.4
03-07-2020,Spain,Europe,Original,1,0,0,14,18,0.0421,0.1746,0,0,61.09,0.496
13-08-2020,Russia,Europe,Original,8,0,7,139,56,0.1389,0.0912,2,,41.06,0.758
01-04-2022,Italy,Europe,Omicron BA.2,1,0,0,12,17,0.059,0.039,0,0.6341,33.75,1.587
07-08-2021,South Africa,Africa,Delta,8,0,7,114,40,0.213,0.2534,8,0.0937,40.8,1.326
16-11-2022,France,Europe,Omicron BA.2,32,0,,393,448,0.0673,0.0282,1,0.92,,1.073
28-06-2022,Turkey,Asia,Omicron BA.2,15,0,,259,120,0.1256,0.0359,1,0.4838,21.97,2.092
10-05-2022,Colombia,South America,Omicron BA.2,2,0,1,36,20,0.0832,0.0429,0,0.4618,20.24,1.393
08-10-2021,Mexico,North America,Delta,23,1,21,351,184,0.1338,0.104,5,0.2494,58.61,0.556
12-10-2022,South Africa,Africa,Omicron BA.2,2,0,,32,6,0.324,0.046,,0.3209,25.29,1.418
24-07-2020,Russia,Europe,Original,10,0,9,108,90,0.1075,0.1224,,0,68.89,0.4
04-07-2022,South Africa,Africa,Omicron BA.2,5,0,,69,25,0.1839,0.0662,,0.2811,34.78,1.79
13-08-2021,UK,Europe,Delta,3,0,2,43,72,0.0287,0.1563,1,0.315,68.32,0.653
09-05-2020,Pakistan,Asia,Original,6,0,5,77,24,0.2396,0.1125,2,0,72.67,0.4
28-06-2020,Indonesia,Asia,Original,13,1,12,175,52,0.2392,0.1454,6,0,75.16,0.4
05-04-2021,Australia,Oceania,Delta,1,0,0,13,14,0.0889,0.2071,0,0.1011,64.72,0.698
18-07-2022,Italy,Europe,Omicron BA.2,10,0,,118,220,0.0597,0.0404,0,0.81,33.11,0.924
21-02-2021,France,Europe,Alpha,3,0,2,38,39,0.1,,0,0.069,48.05,
08-09-2020,Canada,North America,Original,1,0,0,14,15,0.0603,0.1023,0,,50.13,0.598
02-04-2021,Mexico,North America,Delta,2,0,1,20,20,0.0965,0.1632,0,0.0736,63.94,0.742
23-07-2021,Russia,Europe,Delta,34,1,31,363,272,0.1191,,8,0.1916,76,0.485
14-08-2020,Germany,Europe,Original,2,0,1,23,46,0.0517,0.1822,1,0,40.42,0.46
28-08-2020,Mexico,North America,Original,7,0,6,110,56,0.127,0.2021,,,55.66,0.416
27-10-2020,Spain,Europe,Original,1,0,0,17,20,0.0562,0.2057,0,0,42.8,0.643
14-06-2020,Canada,North America,Original,5,0,4,85,115,0.0455,0.1782,3,0,73.74,0.4
08-04-2020,Italy,Europe,Original,17,0,16,257,408,0.044,0.1922,11,0,88.09,0.4
19-06-2022,Canada,North America,Omicron BA.2,1,0,,17,24,0.0606,0.0312,0,0.7451,16.94,1.822
04-09-2022,France,Europe,Omicron BA.2,1,0,0,17,23,0.0476,0.04,0,0.8451,25.72,1.641
18-08-2021,Indonesia,Asia,Delta,10,0,9,176,30,0.3298,,5,0.1044,68.42,0.742
06-10-2022,South Korea,Asia,Omicron BA.2,14,0,13,154,196,0.0835,0.0297,1,0.8814,25.34,1.411
20-05-2020,South Korea,Asia,Original,1,0,0,11,21,0.0549,0.1924,0,0,42.57,0.577
24-07-2022,Indonesia,Asia,Omicron BA.2,10,0,,126,50,0.2052,,,,37.17,1.435
16-10-2022,France,Europe,Omicron BA.2,2,0,,24,48,0.038,0.0267,0,0.92,11.9,1.436
14-07-2021,South Africa,Africa,Delta,1,0,0,15,5,0.193,0.1292,0,0.0881,61.98,0.875
21-07-2020,Australia,Oceania,Original,1,0,0,11,19,0.0329,0.1956,0,0,49.7,0.529
28-09-2020,Argentina,South America,Original,1,0,0,14,7,0.1708,0.2034,,,52.92,0.472
08-12-2021,Spain,Europe,Omicron,1,0,0,10,15,0.0668,,0,0.4684,,1.542
11-08-2021,Russia,Europe,Delta,18,1,16,201,198,0.0948,,,0.1846,54.92,0.949
09-06-2020,Indonesia,Asia,Original,105,3,95,1722,315,0.3169,0.1548,75,0,74.23,0.4
06-03-2020,India,Asia,Original,77,1,73,754,,,0.1659,29,,72.4,0.4
21-11-2021,Russia,Europe,Omicron,1,0,0,10,6,0.1699,0.0945,0,0.281,58.51,0.874
06-12-2021,Brazil,South America,Omicron,2,0,1,25,18,0.118,0.0862,,0.2782,54.02,0.776
12-11-2020,Canada,North America,Original,12,0,11,215,288,0.0405,0.1061,6,0,52.59,0.427
03-06-2021,Argentina,South America,Delta,3,0,2,39,24,0.1394,,1,0.1231,67.95,0.4
13-05-2020,Brazil,South America,Original,10,0,9,174,,,0.1129,3,0,51.86,0.444
10-08-2021,France,Europe,Delta,4,0,3,68,52,0.0825,0.1218,2,0.31,72.15,0.576
25-08-2021,USA,North America,Delta,7,0,6,107,91,0.0628,,4,0.3315,72.21,0.446
12-11-2020,South Africa,Africa,Alpha,2,0,1,26,10,0.1971,0.1201,,0,50.44,0.519
03-07-2020,Spain,Europe,Original,1,0,0,15,16,0.0681,0.1669,0,0,58.25,0.574
18-12-2020,Brazil,South America,Alpha,58,1,54,584,522,0.1109,0.1446,25,0,71.75,0.4
27-05-2022,Italy,Europe,Omicron BA.2,1,0,,13,12,0.0765,0.0412,0,0.7207,34.67,1.413
11-11-2022,USA,North America,Omicron BA.2,3,0,,29,69,0.0585,0.0282,0,0.92,32.27,1.315
11-04-2020,France,Europe,Original,1,0,0,11,,,0.1169,0,,66.36,0.4
24-12-2022,France,Europe,Omicron BA.2,9,0,8,97,216,0.0275,0.0201,0,0.92,17.87,1.077
22-03-2021,South Korea,Asia,Alpha,15,0,14,241,345,0.0439,0.1805,7,0.1095,83.06,0.4
14-12-2021,Australia,Oceania,Omicron,1,0,0,13,20,0.0443,0.0563,0,0.4823,,1.165
10-12-2020,Japan,Asia,Alpha,3,0,2,29,63,0.0364,0.1452,1,0,50.7,0.801
15-10-2020,UK,Europe,Original,10,0,9,166,160,0.0612,0.1301,3,,53.96,
02-06-2020,South Korea,Asia,Original,1,0,0,9,13,0.0719,,0,0,61.38,0.4
02-08-2021,Australia,Oceania,Delta,2,0,1,22,28,0.0539,0.1376,0,0.3031,72.97,0.4
23-08-2022,Japan,Asia,Omicron BA.2,5,0,,58,115,0.0408,0.0456,0,0.8303,31.43,1.551
30-09-2021,Colombia,South America,Delta,9,0,8,137,72,0.1264,0.2067,7,0.2411,47.33,0.707
06-10-2021,India,Asia,Delta,261,5,244,3159,2871,0.0832,0.1605,91,0.2444,46.64,0.798
26-08-2020,Spain,Europe,Original,14,0,13,145,210,0.0511,0.1629,4,0,54.11,0.436
26-01-2020,Japan,Asia,Original,4,0,3,61,76,0.0561,0.1472,2,0,8.44,0.819
30-07-2022,Indonesia,Asia,Omicron BA.2,547,9,501,7846,2735,0.2068,0.0759,95,,12.57,1.926
14-05-2020,South Africa,Africa,Original,2,0,1,36,10,0.1907,0.1437,1,0,71.41,
06-08-2020,France,Europe,Original,2,0,1,27,42,0.0507,0.1379,1,0,50.64,0.511
07-08-2020,Colombia,South America,Original,4,0,3,53,24,0.1611,0.1306,,,61.37,0.514
18-05-2022,Japan,Asia,Omicron BA.2,1,0,0,11,12,0.0795,0.0296,0,0.7049,29.54,1.846
11-06-2021,Russia,Europe,Delta,57,1,53,921,570,0.0906,0.1603,43,0.1384,80.32,0.4
28-10-2022,Russia,Europe,Omicron BA.2,9,0,,114,54,0.1594,0.0325,0,0.604,44.7,1.217
06-11-2022,Russia,Europe,Omicron BA.2,57,0,55,937,627,0.0896,0.0405,,0.5765,16.55,1.498
25-10-2022,France,Europe,Omicron BA.2,2,0,1,27,44,0.0449,0.0337,0,0.92,11.84,1.647
15-03-2022,South Korea,Asia,Omicron BA.2,10,0,,108,120,0.08,0.0389,0,0.6032,17.24,1.805
30-11-2021,Germany,Europe,Omicron,1,0,0,10,19,0.0516,0.0757,0,0.464,50.46,0.83
06-11-2020,Colombia,South America,Original,1,0,0,11,8,0.1217,0.1026,,0,44.99,
17-06-2021,Italy,Europe,Delta,34,1,31,386,714,0.0273,0.1808,12,0.2315,72,0.4
01-08-2020,Turkey,Asia,Original,1,0,0,15,9,0.1182,0.1223,,0,47.43,0.595
05-06-2022,South Africa,Africa,Omicron BA.2,2,0,,23,10,0.2063,0.0676,0,0.2679,13.46,1.725
25-01-2022,Turkey,Asia,Omicron,7,0,6,117,70,0.1143,0.0721,,0.3295,39.8,1.068
31-03-2020,South Korea,Asia,Original,1,0,0,9,20,0.0237,0.1992,0,0,84.73,0.4
19-02-2022,Italy,Europe,Omicron BA.2,1,0,0,14,18,0.0521,0.031,0,0.5872,43.93,1.538
04-08-2020,Indonesia,Asia,Original,5,0,4,74,15,0.3447,0.1798,,,59.73,0.543
23-09-2022,Italy,Europe,Omicron BA.2,9,0,8,98,135,0.0832,0.0413,1,0.8779,38.56,1.214
23-08-2020,South Africa,Africa,Original,12,0,11,121,60,0.2103,0.1048,,0,55.08,0.4
13-11-2022,UK,Europe,Omicron BA.2,1,0,,17,17,0.0702,0.0249,0,0.92,39.31,0.819
21-06-2020,South Korea,Asia,Original,4,0,3,56,48,0.0898,0.1551,2,,68.08,0.4
01-01-2021,Japan,Asia,Alpha,8,0,7,108,120,0.0762,0.2175,4,,51.98,0.675
09-04-2021,UK,Europe,Alpha,4,0,3,48,52,0.0981,0.1317,1,0.109,60.89,0.588
03-06-2020,Brazil,South America,Original,27,1,25,481,216,0.1423,0.1018,,0,46.94,0.4
20-06-2020,South Korea,Asia,Original,1,0,0,9,13,0.0743,0.094,0,0,64.73,0.449
13-10-2022,Colombia,South America,Omicron BA.2,4,0,3,70,32,0.1357,,0,0.5721,26.42,2.186
20-09-2020,USA,North America,Original,6,0,5,103,114,0.0654,0.1269,2,0,43.07,0.466
17-10-2022,Germany,Europe,Omicron BA.2,4,0,,39,88,0.0584,0.0195,0,0.8931,34.71,1
23-02-2020,France,Europe,Original,4,0,3,71,,,0.109,1,,72.13,0.4
22-02-2021,UK,Europe,Alpha,1,0,0,18,15,0.0778,0.1195,0,0.0639,56.23,0.677
10-09-2020,Canada,North America,Original,2,0,1,31,38,0.0553,0.1117,0,0,46.73,0.632
26-01-2022,South Korea,Asia,Omicron,21,0,19,234,399,0.0666,0.0597,3,0.5439,39.31,1.206
17-06-2021,Japan,Asia,Delta,37,0,34,506,555,0.0513,0.1737,21,0.2431,71.67,0.481
13-03-2021,Australia,Oceania,Alpha,1,0,0,18,24,0.0326,0.1597,0,0.0607,53.9,0.454
04-11-2022,Argentina,South America,Omicron BA.2,2,0,,21,20,0.0956,,0,0.6066,38.48,1.147
09-06-2021,Pakistan,Asia,Delta,25,1,22,289,125,0.2123,,12,0.0812,81.13,0.4
22-08-2022,Indonesia,Asia,Omicron BA.2,9,0,8,135,36,0.2512,0.087,2,0.2827,33.09,2.182
19-07-2021,Argentina,South America,Delta,46,1,43,788,460,0.1173,0.1614,,0.1905,,0.4
01-05-2022,Indonesia,Asia,Omicron BA.2,80,1,,1279,320,0.2491,,20,0.2551,14.68,2.371
14-07-2020,Canada,North America,Original,1,0,0,11,18,0.0543,,0,0,53.47,0.4
23-09-2020,Spain,Europe,Original,4,0,3,55,68,0.0568,0.1354,1,0,39.27,0.813
04-07-2021,Mexico,North America,Delta,55,2,50,754,440,0.137,,,0.1505,77.01,0.52
04-03-2021,Germany,Europe,Alpha,47,0,45,605,1034,0.0498,0.1619,26,0.0622,46.5,0.522
07-12-2022,Indonesia,Asia,Omicron BA.2,71,1,,936,284,0.2549,0.0871,21,0.3344,8.75,
26-02-2022,Indonesia,Asia,Omicron BA.2,195,4,179,2719,780,0.2495,0.089,43,0.2326,42.67,
24-03-2022,Spain,Europe,Omicron BA.2,18,0,,239,378,0.05,0.0315,1,0.6048,34.1,1.737
28-10-2020,India,Asia,Alpha,68,1,64,780,544,0.126,0.1384,26,0,25.73,0.871
07-05-2020,Pakistan,Asia,Original,4,0,3,47,,,,,0,47.39,0.681
20-02-2022,Turkey,Asia,Omicron BA.2,12,0,11,119,108,0.132,0.0372,1,0.3621,,
05-06-2022,Spain,Europe,Omicron BA.2,1,0,,17,13,0.996957558,0.0434,0,0.7294,24.25,1.157
29-05-2020,Italy,Europe,Original,1,0,0,16,18,0.0556,0.2076,0,,61.07,0.4
27-04-2022,Argentina,South America,Omicron BA.2,4,0,3,49,24,0.161,0.0428,,0.4311,35.05,1.586
11-10-2020,USA,North America,Original,12,0,11,160,216,0.0428,0.2064,9,0,40.57,0.527
08-09-2021,Turkey,Asia,Delta,5,0,4,56,55,0.0963,0.1719,1,0.2316,65.16,0.461
21-01-2022,Australia,Oceania,Omicron,3,0,2,30,69,0.0504,0.057,0,0.5307,52.64,1.142
06-08-2020,Mexico,North America,Original,3,0,2,33,18,0.1738,,0,,69.43,0.4
14-01-2021,Indonesia,Asia,Alpha,19,1,17,293,57,0.3384,0.166,13,,59.23,0.429
23-08-2020,India,Asia,Original,69,1,63,695,621,0.1111,0.0963,,0,50.83,0.591
07-05-2021,Canada,North America,Delta,6,0,5,86,90,0.0521,0.2182,4,0.1616,87.55,0.4
12-12-2022,Germany,Europe,Omicron BA.2,12,0,11,128,252,0.0656,0.0315,0,0.92,25.31,1.036
07-07-2021,Canada,North America,Delta,1,0,0,14,13,0.0549,0.1303,0,0.241,81.9,
01-09-2020,Germany,Europe,Original,1,0,0,13,14,0.0768,,0,0,59.49,0.455
11-07-2020,Brazil,South America,Original,17,0,15,291,119,0.1574,0.1456,9,0,48.19,0.4
16-08-2021,Japan,Asia,Delta,7,0,6,97,91,0.0917,0.1059,2,0.3115,56,0.485
19-10-2022,Canada,North America,Omicron BA.2,13,0,,234,299,0.0313,,1,0.9123,20.9,1.158
10-03-2022,Argentina,South America,Omicron BA.2,106,1,101,1413,742,0.1336,0.0656,27,0.3839,,1.489
02-09-2022,Australia,Oceania,Omicron BA.2,1,0,0,15,21,0.0496,,0,0.8305,31.62,1.704
21-08-2020,Australia,Oceania,Original,8,0,7,143,184,0.0375,0.1299,5,0,59.57,0.4
25-08-2022,Japan,Asia,Omicron BA.2,59,0,57,600,708,0.0746,0.0321,4,0.8533,38.41,1.522
07-11-2022,Spain,Europe,Omicron BA.2,1,0,0,14,13,0.0698,0.0267,0,0.92,20.89,1.196
15-06-2021,Italy,Europe,Delta,9,0,8,99,198,0.0382,0.1456,2,0.2383,,0.5
07-01-2021,Australia,Oceania,Alpha,8,0,7,131,136,0.0535,0.1355,2,0.014,,
15-12-2020,Pakistan,Asia,Alpha,3,0,2,51,12,0.2466,,2,0,74.43,0.463
04-03-2021,Mexico,North America,Alpha,1,0,0,16,9,0.116,0.1296,0,0.0615,64.72,0.4
28-03-2022,Mexico,North America,Omicron BA.2,18,0,17,315,144,0.1337,0.0753,,0.3931,,2.599
06-10-2020,Argentina,South America,Original,1,0,0,13,11,0.0839,0.1878,,0,39.91,0.495
17-04-2020,Russia,Europe,Original,55,1,52,949,330,0.18,0.1651,35,0,,0.4
19-03-2022,Turkey,Asia,Omicron BA.2,6,0,5,74,48,0.1127,0.0507,0,0.3844,24.93,1.793
02-08-2021,Mexico,North America,Delta,10,1,9,174,90,0.1086,0.1591,7,0.1731,79.53,
01-12-2021,Japan,Asia,Omicron,7,0,6,88,147,0.055,0.0725,1,0.4629,37.14,1.718
11-04-2020,UK,Europe,Original,8,0,7,122,168,0.0503,0.1679,5,0,74.97,0.4
25-06-2022,Japan,Asia,Omicron BA.2,6,0,,74,84,0.0815,0.0328,0,0.7707,,1.306
23-07-2022,Italy,Europe,Omicron BA.2,8,0,7,139,152,0.0452,0.0447,1,0.7858,,
01-03-2021,Italy,Europe,Alpha,1,0,0,15,20,0.0473,0.1994,0,0.0585,73.86,0.4
29-05-2021,Pakistan,Asia,Delta,6,0,5,85,30,0.1996,0.2115,,0.0807,72.3,
05-07-2022,Russia,Europe,Omicron BA.2,4,0,,72,32,0.1273,0.0685,,0.4987,33.93,1.52
02-09-2021,UK,Europe,Delta,2,0,1,29,42,0.0512,0.182,1,0.3387,45.6,0.792
17-08-2021,Turkey,Asia,Delta,1,0,0,12,7,0.151,0.1134,0,0.2118,61.21,0.609
10-04-2020,Mexico,North America,Original,6,0,5,67,48,0.0987,0.2003,2,0,83.77,0.4
05-05-2020,Pakistan,Asia,Original,2,0,1,27,,,0.1334,,0,64.81,0.4
18-03-2021,UK,Europe,Delta,1,0,0,18,23,0.0443,0.1799,0,0.1031,73.06,0.616
18-04-2021,Japan,Asia,Delta,1,0,0,15,13,0.0892,0.2342,0,0.1349,,0.4
01-12-2020,Australia,Oceania,Alpha,7,0,6,102,147,0.0521,,4,0,62.06,0.624
27-11-2021,Australia,Oceania,Omicron,3,0,2,34,72,0.0425,0.0486,0,0.4505,31.72,1.611
13-11-2020,Argentina,South America,Original,2,0,1,32,18,0.1072,0.1829,,,56.98,0.434
13-03-2021,Brazil,South America,Alpha,2,0,1,25,14,0.1467,0.1252,0,0.0578,53.61,0.716
29-03-2021,Spain,Europe,Alpha,1,0,0,14,19,0.0524,0.1758,0,0.1062,56.21,0.605
08-12-2022,Russia,Europe,Omicron BA.2,4,0,,67,32,0.1178,0.0442,,0.6413,36.26,1.771
26-08-2021,France,Europe,Delta,1,0,0,11,13,0.0901,,0,0.3392,43.78,1.093
22-12-2021,India,Asia,Omicron,75,0,72,810,450,0.1672,0.0563,,0.3095,56.04,1.316
20-09-2020,Turkey,Asia,Original,8,0,7,122,88,0.0969,0.204,5,0,47.7,0.4
03-02-2021,Canada,North America,Alpha,1,0,0,17,16,0.0566,0.1583,0,0.0212,52.32,0.83
22-04-2020,Colombia,South America,Original,4,0,3,64,36,0.1143,0.1378,,0,68.42,0.4
01-04-2022,South Africa,Africa,Omicron BA.2,16,0,,219,80,0.1977,0.0679,3,0.2271,39.21,1.54
01-05-2022,Australia,Oceania,Omicron BA.2,10,0,,135,120,0.072,0.0526,1,0.6642,33.44,1.958
07-12-2022,Indonesia,Asia,Omicron BA.2,87,1,,1005,435,0.2108,0.0685,,0.3575,33.83,2.305
19-12-2021,Turkey,Asia,Omicron,21,0,19,209,210,0.1006,,,0.3195,49.82,
28-08-2020,Russia,Europe,Original,1,0,0,10,7,0.159,0.1191,0,,,0.4
24-02-2020,Indonesia,Asia,Original,9,0,8,88,36,0.2549,0.1995,4,0,,0.4
06-08-2022,Argentina,South America,Omicron BA.2,19,0,,204,190,0.1087,,1,0.5341,14.96,2.353
19-05-2021,Argentina,South America,Delta,1,0,0,13,9,0.1078,0.1702,,0.115,87.85,0.4
13-04-2022,Spain,Europe,Omicron BA.2,7,0,,108,91,0.0735,0.0337,0,0.6364,21.57,1.778
03-11-2020,Mexico,North America,Alpha,33,2,30,467,330,0.1154,0.2281,23,0,,0.492
21-07-2022,Colombia,South America,Omicron BA.2,2,0,1,26,12,0.1688,0.0473,,0.5174,15.42,
10-03-2020,Indonesia,Asia,Original,111,3,102,1973,333,0.3373,0.1398,72,,87.57,0.4
10-12-2021,Brazil,South America,Omicron,77,1,70,1068,693,0.1093,0.08,13,0.294,,1.696
08-06-2020,Turkey,Asia,Original,1,0,0,16,9,0.1091,0.1527,,,66.62,0.4
03-11-2022,Pakistan,Asia,Omicron BA.2,74,0,71,745,296,0.242,0.0796,13,0.3381,29.33,1.699
25-05-2020,Japan,Asia,Original,1,0,0,13,14,0.0712,0.1324,0,0,70.02,0.416
05-02-2022,South Africa,Africa,Omicron,1,0,0,17,4,0.2448,0.0658,0,0.1983,41.03,1.16
18-06-2020,Argentina,South America,Original,4,0,3,52,44,0.1042,0.1832,,,72.98,0.4
22-07-2020,France,Europe,Original,1,0,0,11,15,0.0569,0.2092,0,0,53.06,0.585
03-11-2022,France,Europe,Omicron BA.2,6,0,5,99,84,0.0651,0.0321,0,0.92,26.46,1.789
13-05-2021,Canada,North America,Delta,2,0,1,22,46,0.0436,0.2287,1,0.1643,80.13,0.4
04-11-2022,Australia,Oceania,Omicron BA.2,1,0,0,14,19,0.0625,0.0295,0,0.92,40.29,0.838
26-01-2020,Italy,Europe,Original,1,0,0,10,,,0.1993,0,0,19.37,0.621
19-09-2020,Japan,Asia,Original,9,0,8,122,162,0.0481,0.1192,2,,50.95,0.43
17-03-2021,South Korea,Asia,Alpha,27,0,26,314,324,0.0738,,5,0.1105,74.04,0.439
14-07-2021,South Africa,Africa,Delta,1,0,0,15,5,0.193,0.1292,0,0.0881,61.98,0.875
02-12-2021,South Korea,Asia,Omicron,34,0,32,427,714,0.0484,0.055,6,0.4678,38.82,1.21
31-01-2021,South Africa,Africa,Alpha,44,2,40,504,132,0.3324,0.2055,,0.013,65.1,0.4
18-12-2021,Italy,Europe,Omicron,2,0,1,29,30,0.0678,,0,0.492,32.93,1.421
03-06-2021,South Africa,Africa,Delta,3,0,2,40,15,0.2044,0.1586,1,0.0838,73.09,0.578
20-04-2020,Canada,North America,Original,5,0,4,62,,,,1,0,66.87,0.442
08-08-2022,Mexico,North America,Omicron BA.2,47,1,44,828,329,0.1269,0.058,12,0.5091,25.09,2.098
06-07-2022,Italy,Europe,Omicron BA.2,26,0,,449,390,0.0638,0.0347,3,0.7652,21.65,1.187
19-12-2022,Russia,Europe,Omicron BA.2,36,0,34,416,360,0.1021,0.051,4,0.6247,24.67,
01-06-2022,Mexico,North America,Omicron BA.2,83,1,77,1073,830,0.1102,0.0355,,0.4712,16.98,2.508
07-12-2021,France,Europe,Omicron,10,0,9,111,200,0.04,0.0635,1,0.4716,43.55,1.401
07-11-2021,Germany,Europe,Delta,4,0,3,54,80,0.047,0.13,1,0.4329,49.81,0.913
20-06-2020,Russia,Europe,Original,1,0,0,12,7,0.1416,0.1446,0,0,45.78,0.62
27-07-2021,South Korea,Asia,Delta,3,0,2,36,48,0.0635,0.1149,0,0.2827,,0.931
14-09-2020,USA,North America,Original,7,0,6,114,119,0.067,0.158,3,0,44.22,0.586
29-01-2020,Italy,Europe,Original,1,0,0,17,16,0.0605,0.1394,0,0,12.1,1.001
05-07-2021,Mexico,North America,Delta,1,0,0,18,9,0.0951,,,0.1581,82.89,0.4
12-09-2022,France,Europe,Omicron BA.2,1,0,0,14,22,0.052,0.0238,0,0.8739,22.94,
06-04-2021,Indonesia,Asia,Delta,25,1,23,274,100,0.2409,0.1371,9,0.037,69.41,0.663
23-01-2020,UK,Europe,Original,45,0,43,741,765,0.0599,0.1091,14,0,20.79,
26-07-2020,Canada,North America,Original,8,0,7,118,128,0.0661,0.1878,6,0,57.01,0.478
23-07-2020,UK,Europe,Original,5,0,4,50,115,0.0472,,2,0,72.12,0.4
06-02-2021,Pakistan,Asia,Alpha,108,4,99,1675,540,0.1931,0.1909,49,0.0068,82.07,0.4
11-06-2021,Spain,Europe,Delta,1,0,0,18,12,0.0709,0.1645,0,0.2253,,0.404
23-09-2021,Argentina,South America,Delta,1,0,0,15,10,0.0938,0.1206,0,0.2082,51.91,1.068
27-07-2020,France,Europe,Original,1,0,0,16,18,0.0567,0.205,0,0,59.6,0.508
27-02-2022,Russia,Europe,Omicron BA.2,17,0,16,184,187,0.0845,0.0814,3,0.3858,36.23,1.899
28-06-2020,France,Europe,Original,1,0,0,14,13,0.0634,0.1187,0,0,56.63,
27-09-2021,Germany,Europe,Delta,22,0,20,244,286,0.0646,0.1735,10,0.3887,40.62,0.754
16-11-2022,USA,North America,Omicron BA.2,13,0,,221,286,0.0482,0.029,1,0.92,22.01,
31-12-2020,South Korea,Asia,Alpha,1,0,0,12,17,0.0562,0.1709,0,,56.85,0.567
09-09-2021,Canada,North America,Delta,2,0,1,29,26,0.0671,0.0901,0,0.3331,68.43,0.478
12-11-2021,Indonesia,Asia,Delta,6,0,5,83,30,0.2029,0.1545,2,,50.29,0.79
14-06-2022,Germany,Europe,Omicron BA.2,33,0,,482,462,0.0663,0.0394,5,0.7344,14.02,2.344
23-10-2022,Argentina,South America,Omicron BA.2,2,0,,28,18,0.1155,0.0471,0,0.58,21.67,1.261
08-10-2021,Australia,Oceania,Delta,3,0,2,44,60,0.0473,0.1198,0,0.3954,56.54,
21-08-2020,India,Asia,Original,17,0,15,182,153,0.1144,0.1715,,0,59.46,0.4
12-10-2022,Spain,Europe,Omicron BA.2,2,0,,22,36,0.0337,0.0366,0,0.899,38.88,1.389
22-06-2022,Brazil,South America,Omicron BA.2,38,0,36,400,266,0.1568,0.0342,,0.4894,10.24,2.059
15-03-2020,Brazil,South America,Original,3,0,2,46,21,0.1477,,2,0,77,0.4
02-02-2020,Japan,Asia,Original,8,0,7,79,104,0.0733,0.14,1,0,5.14,1.02
23-12-2020,Colombia,South America,Alpha,2,0,1,31,14,0.1387,0.2182,,0,85.85,
05-08-2020,India,Asia,Original,17,0,16,241,102,0.1602,0.1616,,0,66.75,0.4
22-07-2021,South Korea,Asia,Delta,2,0,1,21,24,0.0986,0.1716,0,0.3,86.12,0.4
31-05-2021,Spain,Europe,Delta,6,0,5,79,72,0.0807,0.2286,4,0.2088,64.18,0.57
21-02-2021,Mexico,North America,Alpha,30,1,27,459,330,0.0943,0.1528,10,0.0358,82.43,0.4
22-02-2021,Australia,Oceania,Alpha,9,0,8,141,198,0.0556,0.1409,4,0.0627,67.71,0.568
03-07-2021,Turkey,Asia,Delta,1,0,0,15,11,0.1009,0.19,0,0.1528,82.36,0.407
18-06-2022,South Africa,Africa,Omicron BA.2,1,0,0,13,4,0.2576,0.0609,0,0.2743,37.78,1.946
08-12-2021,USA,North America,Omicron,216,1,208,3223,3456,0.0546,,52,0.4849,39.98,1.322
30-12-2022,South Africa,Africa,Omicron BA.2,11,0,10,125,55,0.194,,,0.3645,25.28,1.424
19-10-2022,Turkey,Asia,Omicron BA.2,2,0,1,32,16,0.129,0.0462,0,0.5811,29.35,2.005
07-11-2021,Spain,Europe,Omicron,14,0,13,230,168,0.0964,0.0789,4,0.4092,69.74,0.55
09-06-2022,Germany,Europe,Omicron BA.2,2,0,1,29,34,0.0461,,0,0.7217,,1.583
09-09-2022,Russia,Europe,Omicron BA.2,16,0,,247,96,0.1642,0.0355,,0.5401,22.6,1.65
15-06-2021,Canada,North America,Delta,3,0,2,38,51,0.0757,0.1809,1,0.2217,62.74,0.44
22-05-2022,Italy,Europe,Omicron BA.2,7,0,6,99,168,0.0285,0.0498,1,0.6974,14.78,1.475
08-08-2021,South Africa,Africa,Delta,13,1,11,130,39,0.3196,0.236,5,0.1073,43.17,1.272
26-03-2022,South Africa,Africa,Omicron BA.2,2,0,1,23,10,0.198,0.0725,0,0.2096,13.14,2.285
29-07-2021,Mexico,North America,Delta,22,1,19,245,220,0.1011,0.1195,,0.1894,73.05,0.4
04-02-2022,Turkey,Asia,Omicron BA.2,4,0,3,49,32,0.1352,0.0421,,0.3623,25.44,2.244
26-02-2022,Indonesia,Asia,Omicron BA.2,20,0,19,320,100,0.1992,0.0688,,0.2076,46.2,1.837
01-12-2020,USA,North America,Alpha,393,4,363,4747,6288,0.0676,0.1744,161,,41.75,0.64
23-05-2022,Colombia,South America,Omicron BA.2,21,0,,236,231,0.0779,0.0417,,0.4592,37.53,1.867
26-03-2022,France,Europe,Omicron BA.2,3,0,2,44,51,0.0809,0.0527,0,0.6137,20.8,1.61
07-07-2021,Brazil,South America,Delta,19,1,17,221,171,0.1064,0.2099,,0.1736,73.1,0.4
02-06-2020,Spain,Europe,Original,1,0,0,15,23,0.0505,0.1275,0,0,64.49,0.4
19-07-2022,South Africa,Africa,Omicron BA.2,7,0,,86,21,0.335,0.0791,1,0.292,21.02,1.567
20-06-2021,Italy,Europe,Delta,14,0,12,159,252,0.0694,0.1773,7,0.227,73.19,0.526
24-07-2020,Russia,Europe,Original,2,0,1,30,14,0.159,0.1204,,,42.78,0.43
30-07-2021,Canada,North America,Delta,4,0,3,71,84,0.0527,0.1444,1,0.2854,55.85,
22-03-2020,USA,North America,Original,34,0,31,601,442,0.0732,0.1186,17,,95.37,0.4
14-02-2020,Spain,Europe,Original,2,0,1,31,28,0.0531,0.0956,0,,16.15,0.616
15-02-2022,UK,Europe,Omicron BA.2,10,0,9,162,230,0.0495,0.0484,1,0.5801,49.82,1.356
12-01-2022,Turkey,Asia,Omicron,12,0,11,197,72,0.1516,0.048,1,0.3417,44.24,1.399
20-10-2020,Germany,Europe,Original,4,0,3,56,68,0.067,0.0929,1,0,54.82,0.56
06-11-2022,Colombia,South America,Omicron BA.2,2,0,,26,20,0.1034,0.0419,0,0.609,31.79,1.714
24-06-2020,France,Europe,Original,1,0,0,10,12,0.0961,0.1578,0,0,57.2,0.573
29-09-2020,Colombia,South America,Original,6,0,5,92,48,0.1269,0.1162,,0,43.24,0.588
27-02-2020,Australia,Oceania,Original,1,0,0,10,,,0.1606,0,0,76.64,0.4
07-08-2022,Russia,Europe,Omicron BA.2,25,0,23,287,225,0.1251,0.0333,,0.5054,23.66,2.184
22-10-2020,Turkey,Asia,Original,11,0,10,190,88,0.1228,,7,0,55.03,0.4
25-07-2021,South Africa,Africa,Delta,4,0,3,58,16,0.257,0.1495,1,0.1141,,0.426
13-03-2022,Colombia,South America,Omicron BA.2,1,0,,14,7,0.1396,,0,0.3884,36.54,1.493
02-03-2021,Canada,North America,Alpha,26,0,24,463,468,0.0633,0.1449,17,0.0875,74.87,0.4
08-06-2021,Brazil,South America,Delta,29,1,26,368,319,0.0914,0.1885,20,0.1372,67.77,
14-12-2020,Indonesia,Asia,Alpha,25,1,23,453,100,0.2423,0.2305,15,,73.7,
08-06-2021,France,Europe,Delta,19,0,18,203,247,0.0931,,7,0.2221,83.49,0.4
21-06-2022,Argentina,South America,Omicron BA.2,3,0,,46,33,0.0788,0.0729,0,0.4665,23.09,
02-05-2021,Canada,North America,Delta,3,0,2,42,36,0.0805,0.1108,0,0.1659,73.38,0.58
30-11-2022,Colombia,South America,Omicron BA.2,7,0,6,73,63,0.1037,0.0617,1,0.6197,12.2,1.923
20-02-2022,India,Asia,Omicron BA.2,26,0,25,421,156,0.1757,0.0746,5,0.3618,50.9,1.232
16-11-2021,UK,Europe,Omicron,1,0,0,11,15,0.0633,0.0519,0,0.4342,39.56,1.522
12-02-2021,India,Asia,Alpha,6,0,5,89,42,0.1593,,2,0.0433,65.48,0.475
25-02-2022,USA,North America,Omicron,22,0,21,381,374,0.0653,0.0401,2,0.5944,40.01,1.098
21-09-2020,Turkey,Asia,Original,1,0,0,12,10,0.1023,0.1103,0,,54.2,0.553
03-01-2021,Pakistan,Asia,Alpha,3,0,2,36,9,0.3281,0.1082,0,0,65.18,0.452
11-02-2021,Argentina,South America,Alpha,14,0,12,154,112,0.1172,0.1702,6,0.0369,72.49,0.4
01-07-2022,Brazil,South America,Omicron BA.2,6,0,5,79,36,0.1841,0.0366,0,0.498,14,1.681
04-10-2022,UK,Europe,Omicron BA.2,1,0,,12,12,0.0867,,0,0.8854,35.69,1.535
04-02-2022,Brazil,South America,Omicron,81,1,77,795,810,0.1234,0.0726,,0.3446,33.84,
12-05-2021,Italy,Europe,Delta,6,0,5,107,96,0.0477,0.2175,4,0.1625,67.37,0.488
03-11-2020,UK,Europe,Original,1,0,0,12,14,0.0631,0.1719,0,0,52.09,0.652
15-09-2020,Colombia,South America,Original,2,0,1,24,22,0.081,0.1672,0,0,54.79,0.4
04-11-2020,UK,Europe,Original,1,0,0,12,13,0.0897,0.1306,0,,60.22,0.522
11-07-2022,UK,Europe,Omicron BA.2,46,0,42,516,782,0.0622,0.0233,2,0.7647,34.45,1.532
31-12-2022,Indonesia,Asia,Omicron BA.2,12,0,11,159,60,0.2077,0.0667,2,0.3644,23.04,2.399
10-02-2022,Pakistan,Asia,Omicron,10,0,9,116,30,0.3104,0.0619,,0.2082,42.53,1.738
16-04-2021,Russia,Europe,Alpha,4,0,3,67,36,0.1086,,,0.0928,78.29,
22-12-2021,Argentina,South America,Omicron,1,0,0,13,8,0.1184,0.0639,,0.311,41.38,1.293
31-01-2022,India,Asia,Omicron,1523,9,1413,25258,9138,0.174,0.0648,367,0.3363,54.54,
01-07-2022,Canada,North America,Omicron BA.2,6,0,,69,120,0.0435,,0,0.7681,22.13,1.366
24-05-2022,South Korea,Asia,Omicron BA.2,7,0,6,84,84,0.1014,0.0507,0,0.6992,28.34,
30-05-2022,South Korea,Asia,Omicron BA.2,3,0,,32,54,0.0573,0.0508,0,0.7312,14.9,2.078
31-08-2020,Argentina,South America,Original,6,0,5,73,66,0.1001,0.1034,1,0,38.21,0.503
24-02-2022,South Africa,Africa,Omicron BA.2,7,0,6,102,35,0.198,0.0751,1,,32.88,1.854
05-03-2020,France,Europe,Original,1,0,0,11,,0.907604097,0.1989,0,0,76.03,0.4
20-02-2022,Turkey,Asia,Omicron BA.2,18,0,16,323,144,0.1157,0.0712,,0.3815,54.69,1.28
15-03-2021,UK,Europe,Alpha,1,0,0,15,15,0.0796,0.1176,0,0.0901,62.69,0.466
17-01-2022,Turkey,Asia,Omicron,32,0,29,392,224,0.1497,0.0881,,0.3413,45.86,1.411
05-10-2020,Indonesia,Asia,Original,31,1,28,421,124,0.2269,0.1514,17,0,47.35,0.55
16-01-2021,Japan,Asia,Alpha,13,0,12,195,312,0.0415,0.1358,4,,61.7,0.4
02-07-2022,Mexico,North America,Omicron BA.2,7,0,6,76,70,0.1133,0.0634,0,0.4782,17.85,1.821
03-01-2021,USA,North America,Alpha,37,0,34,545,703,0.0421,,21,0,75.91,0.403
11-09-2020,Italy,Europe,Original,4,0,3,64,88,0.0506,0.1162,1,0,34.62,
10-11-2020,Argentina,South America,Original,2,0,1,26,14,0.1235,0.0911,0,0,55.21,0.4
21-06-2020,Indonesia,Asia,Original,18,1,16,324,54,0.3375,0.1586,,,55.41,0.423
10-05-2022,South Korea,Asia,Omicron BA.2,3,0,,30,57,0.0614,0.0455,0,0.6826,14.93,2.3
09-12-2020,Australia,Oceania,Alpha,8,0,7,84,168,0.0546,0.2202,2,0,71.72,0.486
07-09-2022,Australia,Oceania,Omicron BA.2,11,0,10,183,165,0.0858,0.0425,2,0.8568,35.59,1.506
03-08-2022,Canada,North America,Omicron BA.2,8,0,7,121,184,0.0262,,0,0.8069,12.81,2.091
20-04-2020,Russia,Europe,Original,11,0,10,188,,,0.204,10,0,88.39,0.4
01-11-2021,South Korea,Asia,Delta,3,0,2,39,51,0.0602,0.1087,0,0.4126,43.25,1.069
10-11-2020,Mexico,North America,Original,3,0,2,54,27,0.099,0.1275,1,0,47.71,0.662
21-05-2022,Indonesia,Asia,Omicron BA.2,55,1,50,581,275,0.1799,0.0619,,0.2485,,3.103
19-09-2022,South Africa,Africa,Omicron BA.2,4,0,3,42,12,0.325,0.0445,0,0.3222,13.28,1.87
20-12-2021,South Africa,Africa,Omicron,6,0,5,62,18,0.3282,0.0924,0,0.164,27.52,1.978
20-09-2021,Italy,Europe,Delta,14,0,12,212,196,0.0466,0.0992,5,0.3467,59.37,0.612
17-12-2022,South Korea,Asia,Omicron BA.2,5,0,4,87,70,0.084,0.0334,0,0.92,36.1,1.092
29-07-2020,Australia,Oceania,Original,1,0,0,13,20,0.0548,0.1319,0,0,73.89,0.4
10-05-2022,Japan,Asia,Omicron BA.2,14,0,13,137,224,0.0596,0.0523,1,0.6836,19.94,1.696
23-07-2020,Russia,Europe,Original,3,0,2,50,27,0.097,,1,,49.61,0.58
15-02-2020,Turkey,Asia,Original,6,0,5,91,66,0.1114,0.1699,3,0,5.74,1.068
27-06-2022,Indonesia,Asia,Omicron BA.2,379,3,364,5355,1137,0.3263,0.0617,65,0.2713,26.09,
26-02-2020,South Africa,Africa,Original,6,0,5,104,,,,,0,65.84,0.4
07-06-2020,Japan,Asia,Original,1,0,0,12,22,0.0431,,0,0,58.21,
26-11-2022,Indonesia,Asia,Omicron BA.2,31,0,,349,124,0.2677,0.0538,3,,34.23,2.245
26-01-2020,South Africa,Africa,Original,4,0,3,40,12,0.3354,0.1777,,0,15.58,0.659
03-09-2022,South Africa,Africa,Omicron BA.2,19,0,,321,57,0.3319,0.0592,4,0.3023,7.83,2.115
14-12-2022,Italy,Europe,Omicron BA.2,2,0,,32,48,0.0337,0.019,0,0.92,21.06,
17-12-2021,India,Asia,Omicron,122,1,117,1885,976,0.1243,0.0682,32,0.3165,30.92,1.343
13-06-2022,Indonesia,Asia,Omicron BA.2,33,1,31,565,165,0.2037,0.0411,6,0.2584,22.43,1.591
10-10-2022,USA,North America,Omicron BA.2,132,0,127,1557,2112,0.0675,0.0246,9,0.8894,26.69,
14-06-2022,USA,North America,Omicron BA.2,71,0,,883,923,0.081,0.0442,7,0.7287,23.92,
04-09-2022,Australia,Oceania,Omicron BA.2,1,0,0,13,13,0.059,0.0414,0,0.8473,23.42,1.245
24-01-2021,Indonesia,Asia,Alpha,4,0,3,50,20,0.2019,0.1681,2,,50.32,0.706
05-05-2022,Spain,Europe,Omicron BA.2,1,0,0,13,13,0.0904,0.059,0,0.6647,32.92,1.79
09-03-2021,Italy,Europe,Alpha,2,0,1,23,24,0.0904,,0,0.0865,63.19,0.4
10-10-2020,Germany,Europe,Original,2,0,1,32,34,0.0473,0.0979,0,0,46.12,0.7
27-04-2020,Japan,Asia,Original,4,0,3,61,88,0.0455,,2,0,73.59,0.4
18-04-2022,Russia,Europe,Omicron BA.2,69,1,65,1133,552,0.1223,0.0389,,0.4203,10.66,1.977
17-09-2022,Turkey,Asia,Omicron BA.2,1,0,0,17,9,0.1112,0.0548,,0.5695,33.57,1.89
21-12-2020,Turkey,Asia,Alpha,1,0,0,13,6,0.1625,0.1771,0,0,55.48,0.738
09-10-2022,Australia,Oceania,Omicron BA.2,1,0,,15,20,0.0521,0.0345,0,0.8915,,2.001
30-03-2020,Indonesia,Asia,Original,81,3,75,806,,,0.1594,,0,,0.4
17-11-2021,Canada,North America,Omicron,1,0,0,10,22,0.0401,,0,0.4406,32.79,1.592
21-08-2022,USA,North America,Omicron BA.2,5,0,4,89,85,0.066,0.0239,0,0.8346,23.83,1.215
14-10-2022,Italy,Europe,Omicron BA.2,1,0,,11,15,0.0623,0.0302,0,0.9031,9.61,1.852
10-10-2020,Germany,Europe,Original,8,0,7,124,192,0.0334,,5,0,53.14,0.527
04-07-2020,Colombia,South America,Original,2,0,1,20,22,0.0974,0.1087,0,0,55.69,0.496
02-02-2021,South Africa,Africa,Alpha,8,0,7,80,40,0.1901,0.1668,,0.0135,75.11,0.4
24-06-2021,Germany,Europe,Delta,2,0,1,22,32,0.0641,,0,0.2506,66.9,0.471
05-08-2020,USA,North America,Original,13,0,12,202,312,0.0474,0.1074,5,0,49.87,0.465
25-06-2021,South Africa,Africa,Delta,6,0,5,68,30,0.2278,0.1466,2,,73.73,0.554
22-12-2020,Australia,Oceania,Alpha,6,0,5,61,78,0.0725,0.1167,1,,75.67,0.4
12-08-2022,Mexico,North America,Omicron BA.2,35,1,33,502,245,0.1581,0.0675,10,0.5172,23.14,1.85
27-08-2021,South Africa,Africa,Delta,3,0,2,33,15,0.1889,,0,0.1182,63.72,0.504
20-03-2022,Spain,Europe,Omicron BA.2,5,0,,86,75,0.061,0.0576,0,0.5954,25.07,1.458
03-05-2021,Colombia,South America,Delta,3,0,2,35,30,0.0931,,1,0.0957,79.27,0.4
23-12-2022,Italy,Europe,Omicron BA.2,3,0,,49,54,0.0541,0.0359,0,0.92,,
19-01-2021,Russia,Europe,Alpha,40,1,37,614,400,0.0966,0.1962,,0.022,68.21,0.483
28-06-2021,Turkey,Asia,Delta,3,0,2,46,24,0.1159,0.2308,2,0.1535,64.68,0.534
11-11-2021,USA,North America,Delta,41,1,37,401,533,0.0754,0.0856,7,0.4493,62.18,0.525
12-05-2022,UK,Europe,Omicron BA.2,24,0,,379,312,0.088,0.052,5,0.693,41.42,1.248
10-10-2021,Spain,Europe,Delta,28,1,26,430,392,0.0714,0.1031,8,0.3814,55.54,
20-11-2020,Italy,Europe,Alpha,2,0,1,23,48,0.0425,0.2041,1,0,41.29,0.78
12-11-2020,Russia,Europe,Alpha,186,5,171,2770,1860,0.1072,0.1445,64,0,54.64,0.512
08-08-2022,Mexico,North America,Omicron BA.2,17,0,16,221,136,0.1289,0.067,,0.5142,40.35,1.66
30-07-2021,Italy,Europe,Delta,72,1,68,1301,936,0.0787,0.0946,29,0.2958,67.3,0.456
27-08-2020,Spain,Europe,Original,7,0,6,70,84,0.0866,0.1968,3,,42.24,0.483
15-11-2020,Italy,Europe,Alpha,5,0,4,90,105,0.0351,0.1957,4,0,57.08,0.542
02-02-2020,Russia,Europe,Original,1,0,0,14,10,0.0915,,0,0,14.13,1.123
06-08-2022,Australia,Oceania,Omicron BA.2,2,0,,34,36,0.0444,0.0227,0,0.8052,40.27,1.308
25-09-2020,France,Europe,Original,2,0,1,19,24,0.0942,,0,0,44.85,0.506
23-12-2020,Indonesia,Asia,Alpha,4,0,3,44,16,0.2485,0.1652,1,0,,0.541
26-09-2022,India,Asia,Omicron BA.2,24,0,,312,168,0.1165,0.0545,3,0.5677,29.66,1.678
10-11-2022,Japan,Asia,Omicron BA.2,11,0,,183,220,0.0544,0.0267,1,0.92,30.58,1.148
11-04-2020,Pakistan,Asia,Original,1,0,0,12,,,0.1657,0,0,75.85,0.4
13-03-2021,Pakistan,Asia,Alpha,12,0,11,157,36,0.3402,0.221,,,67.68,0.575
16-03-2020,France,Europe,Original,5,0,4,89,105,0.0437,0.1158,2,0,66.93,0.4
16-08-2022,Spain,Europe,Omicron BA.2,42,0,,547,714,0.0619,,4,0.8065,29.09,1.841
25-10-2022,Indonesia,Asia,Omicron BA.2,24,0,22,434,120,0.1845,0.048,,0.3255,12.74,1.867
26-06-2021,UK,Europe,Delta,16,0,15,188,352,0.0394,0.1761,7,0.2364,66.06,
12-11-2022,Colombia,South America,Omicron BA.2,146,1,,1973,1606,0.0862,0.0497,,0.5979,29.24,1.757
16-01-2022,UK,Europe,Omicron,105,0,102,1811,1890,0.0453,0.0707,37,0.5205,50.29,1.153
12-09-2022,South Korea,Asia,Omicron BA.2,9,0,,128,216,0.0316,0.0394,0,0.846,21.05,1.715
30-03-2021,Argentina,South America,Alpha,1,0,0,16,9,0.0862,,,0.0914,,0.409
11-09-2022,USA,North America,Omicron BA.2,17,0,16,258,272,0.079,0.0424,2,0.8346,16.64,1.357
22-11-2021,Japan,Asia,Omicron,6,0,5,68,120,0.0473,0.0616,1,0.4461,50.35,1.06
04-06-2020,Turkey,Asia,Original,34,0,32,561,374,0.0885,0.195,,0,64.64,0.4
25-09-2021,Japan,Asia,Delta,2,0,1,35,44,0.0388,0.0948,0,0.387,49.69,0.745
10-03-2022,Germany,Europe,Omicron,116,0,,1845,1740,0.0617,,14,0.5857,,1.315
24-01-2020,Indonesia,Asia,Original,55,2,49,976,,,0.1938,,,17.09,0.636
07-12-2021,India,Asia,Omicron,171,1,160,3072,1881,0.0977,0.0785,68,0.3019,50.49,0.828
15-05-2020,Germany,Europe,Original,2,0,1,35,46,0.0415,0.1974,1,0,73.35,0.4
14-07-2021,Australia,Oceania,Delta,1,0,0,15,19,0.059,0.1073,0,0.2508,64.03,0.606
23-03-2021,Japan,Asia,Alpha,3,0,2,35,42,0.0688,0.1527,1,0.0955,65.39,0.575
06-06-2020,South Africa,Africa,Original,1,0,0,11,5,0.1944,,0,0,70.23,0.4
06-07-2021,Australia,Oceania,Delta,1,0,0,11,12,0.0677,,0,0.248,79.33,0.4
29-11-2021,Indonesia,Asia,Omicron,10,0,9,163,30,0.317,,4,0.1735,26.79,1.948
04-03-2021,France,Europe,Alpha,12,0,11,150,252,0.023,0.1395,4,0.0582,75.68,0.4
31-08-2021,Mexico,North America,Delta,12,1,10,186,96,0.1244,0.1869,,0.2072,63.57,0.593
24-01-2022,UK,Europe,Omicron,7,0,6,81,119,0.063,0.0409,0,0.532,27.4,1.548
03-04-2021,Germany,Europe,Delta,7,0,6,93,154,0.0376,0.1176,2,0.1187,78.96,0.412
10-10-2021,Germany,Europe,Omicron,581,3,545,9000,6972,0.0843,0.0786,189,0.401,49.11,1.413
22-04-2022,UK,Europe,Omicron BA.2,1,0,,17,20,0.0281,0.0402,0,0.6631,23.32,1.673
08-10-2021,Spain,Europe,Omicron,38,0,35,476,836,0.0395,0.0585,6,0.3721,56.22,0.79
04-10-2021,Turkey,Asia,Omicron,2,0,1,27,22,0.0764,,0,0.2467,,1.027
10-04-2022,Italy,Europe,Omicron BA.2,17,0,,307,374,0.046,,4,0.6207,36.28,1.732
13-04-2021,Brazil,South America,Alpha,10,0,9,155,110,0.0765,0.1845,,0.0855,84.64,0.4
16-08-2020,USA,North America,Original,14,0,13,234,168,0.107,0.1176,8,0,35.63,
26-11-2020,Brazil,South America,Alpha,2,0,1,35,14,0.1536,,0,0,47.74,0.603
13-08-2021,Germany,Europe,Delta,3,0,2,39,57,0.0595,0.1805,1,0.3063,47.08,0.949
15-05-2020,Canada,North America,Original,4,0,3,39,,,0.0915,0,0,55.41,0.578
18-12-2021,Canada,North America,Omicron,1,0,0,10,24,0.0578,0.0619,0,0.4787,50.94,1.2
04-08-2020,USA,North America,Original,15,0,14,249,300,0.0382,0.1312,6,0,62.06,0.4
08-03-2020,South Africa,Africa,Original,1,0,0,16,,,,0,,82.44,0.4
01-11-2020,South Korea,Asia,Alpha,10,0,9,121,230,0.0492,0.1066,2,,52.08,0.504
10-09-2022,Mexico,North America,Omicron BA.2,25,0,23,290,275,0.0942,0.0391,,0.5616,13.91,2.551
12-01-2021,Mexico,North America,Alpha,6,0,5,70,42,0.1385,0.1149,2,0.0075,52.56,0.738
04-06-2021,Mexico,North America,Delta,12,1,10,181,96,0.1406,0.242,8,0.1454,60.33,0.626
18-11-2021,South Korea,Asia,Omicron,1,0,0,16,15,0.0671,0.0387,0,0.4396,20.44,1.786
23-07-2021,Germany,Europe,Delta,9,0,8,128,144,0.0612,0.121,2,0.2786,78.84,0.4
22-06-2022,Australia,Oceania,Omicron BA.2,1,0,0,12,16,0.0488,0.0296,0,0.7348,20.55,2.208
11-07-2020,UK,Europe,Original,2,0,1,35,38,0.0515,0.1483,0,0,52.62,0.473
25-03-2021,Argentina,South America,Alpha,3,0,2,53,27,0.123,0.1815,,0.061,60.14,0.604
10-03-2022,Canada,North America,Omicron BA.2,1,0,,12,22,0.048,0.0475,0,0.5953,53.14,
02-12-2021,France,Europe,Omicron,34,0,33,611,782,0.0588,0.0582,7,0.4685,48.44,1.298
19-08-2021,France,Europe,Delta,2,0,1,27,30,0.0764,0.1073,0,0.3177,59.12,0.493
20-10-2022,Colombia,South America,Omicron BA.2,1,0,,10,9,0.1012,0.034,,0.5923,19.89,2.16
05-05-2020,UK,Europe,Original,2,0,1,23,24,0.0908,0.1988,1,0,76.08,0.4
17-01-2022,Brazil,South America,Omicron,13,0,12,202,91,0.1729,0.0774,3,0.3518,,1.196
09-05-2020,Australia,Oceania,Original,1,0,0,14,23,0.0424,0.1576,0,,51.19,0.656
14-08-2021,UK,Europe,Delta,4,0,3,66,76,0.0406,0.1541,1,0.3001,63.16,0.495
22-02-2022,Brazil,South America,Omicron BA.2,13,0,11,135,78,0.1558,0.0593,1,0.359,31.61,2.032
24-02-2020,Japan,Asia,Original,14,0,13,163,210,0.0785,0.1579,7,0,74.73,0.4
28-04-2022,Australia,Oceania,Omicron BA.2,8,0,7,79,128,0.0485,0.0355,0,0.6562,24.6,1.941
10-07-2020,UK,Europe,Original,1,0,0,15,17,0.0563,0.1186,0,0,74.11,0.4
03-09-2022,Germany,Europe,Omicron BA.2,11,0,10,162,198,0.0397,0.0238,0,0.832,36.44,1.263
22-07-2021,South Korea,Asia,Delta,8,0,7,94,112,0.0675,0.1861,4,0.2792,63,0.687
22-01-2021,Germany,Europe,Alpha,8,0,7,80,136,0.0377,0.1013,2,,63.93,0.4
06-12-2020,India,Asia,Alpha,69,1,65,761,414,0.1459,0.2015,28,,55.28,0.622
30-05-2022,India,Asia,Omicron BA.2,245,1,,3535,2205,0.0952,0.0633,,0.4684,38.55,1.085
24-12-2021,Australia,Oceania,Omicron,1,0,0,16,19,0.0424,,0,0.4981,43.42,1.475
16-12-2022,South Korea,Asia,Omicron BA.2,8,0,7,123,96,0.0864,0.0258,0,0.92,13.57,1.852
08-04-2020,Germany,Europe,Original,51,0,48,708,1224,0.0446,0.1237,21,0,89.6,0.4
08-09-2022,India,Asia,Omicron BA.2,391,1,,6196,3128,0.1161,,84,0.5595,13.25,1.923
11-08-2020,Colombia,South America,Original,2,0,1,25,14,0.1417,0.1925,,,49.89,0.625
17-02-2020,Brazil,South America,Original,3,0,2,46,,,0.1684,,,16.84,
02-04-2020,Turkey,Asia,Original,32,0,29,579,256,0.1245,0.1873,,0,84.72,0.4
17-04-2020,Argentina,South America,Original,22,1,20,274,220,0.1228,0.143,,0,87.24,0.4
07-12-2020,Canada,North America,Alpha,2,0,1,32,34,0.0732,0.1379,0,0,71.64,0.5
11-11-2022,Argentina,South America,Omicron BA.2,7,0,6,112,42,0.1648,0.0483,0,0.6012,18.5,1.646
10-08-2022,South Korea,Asia,Omicron BA.2,4,0,3,46,64,0.0463,0.0203,0,0.8274,,
21-06-2020,India,Asia,Original,98,1,93,1490,686,0.1523,0.1813,65,0,,0.552
26-11-2022,Japan,Asia,Omicron BA.2,22,0,20,231,308,0.0759,0.0206,1,0.92,16.67,1.63
04-08-2020,Mexico,North America,Original,7,0,6,109,49,0.129,0.1546,,0,65.76,0.4
04-02-2022,India,Asia,Omicron BA.2,5,0,4,55,30,0.1631,0.08,0,0.3541,49.4,1.572
01-04-2022,France,Europe,Omicron BA.2,5,0,4,51,105,0.0387,0.0397,0,0.6203,34.07,1.472
02-05-2022,Argentina,South America,Omicron BA.2,2,0,1,29,14,0.1351,0.0637,,0.4253,35.81,1.763
31-08-2021,Pakistan,Asia,Delta,16,1,14,183,64,0.2412,0.1482,5,0.1196,62.39,0.68
07-06-2022,South Africa,Africa,Omicron BA.2,16,0,14,161,64,0.2567,0.0784,2,0.2631,30.58,2.318
21-03-2021,Japan,Asia,Alpha,4,0,3,42,72,0.0437,0.1675,1,0.1023,57.53,0.545
11-09-2020,India,Asia,Original,152,1,143,2330,1064,0.1521,0.1506,80,,45.94,0.754
23-09-2021,Indonesia,Asia,Delta,226,10,207,3743,904,0.2462,0.1146,118,0.1309,,0.59
13-10-2021,Pakistan,Asia,Omicron,1,0,0,12,3,0.3201,0.1076,,,48.61,0.866
13-09-2022,South Korea,Asia,Omicron BA.2,17,0,15,257,255,0.0621,0.0325,1,0.8609,21.32,1.055
24-12-2020,South Korea,Asia,Alpha,8,0,7,126,96,0.0811,0.1882,3,0,75.98,0.431
04-10-2021,Mexico,North America,Delta,1,0,0,13,7,0.1422,0.1496,0,0.2531,51.12,0.646
27-06-2022,South Africa,Africa,Omicron BA.2,199,3,187,3096,597,0.3556,0.0533,43,0.2705,12.1,2.426
04-04-2021,USA,North America,Delta,19,0,17,287,361,0.0609,0.1347,9,0.1282,,0.4
24-03-2021,USA,North America,Delta,27,0,25,309,405,0.0649,0.1778,11,0.1171,78.75,0.504
28-01-2021,Turkey,Asia,Alpha,25,0,23,437,150,0.1738,0.166,17,0.0366,75.21,0.406
08-07-2022,Colombia,South America,Omicron BA.2,32,0,,557,256,0.1127,0.0323,,0.5017,30.88,1.615
02-09-2020,UK,Europe,Original,4,0,3,51,80,0.041,0.1282,1,0,55.35,0.511
02-05-2020,Italy,Europe,Original,26,0,24,397,,,0.193,16,0,57.53,
10-11-2021,South Korea,Asia,Delta,6,0,5,72,72,0.0812,0.1817,3,0.4407,,0.515
09-08-2021,Colombia,South America,Delta,21,0,19,289,189,0.1096,0.1032,,0.194,44.85,0.963
23-07-2020,USA,North America,Original,92,1,88,1144,2208,0.0412,,37,0,58.5,0.524
28-01-2022,Argentina,South America,Omicron,3,0,2,42,33,0.1055,0.0807,,0.3299,,1.363
23-08-2020,Spain,Europe,Original,1,0,0,10,15,0.0701,0.1035,0,0,38.96,0.81
06-02-2021,USA,North America,Alpha,4,0,3,46,80,0.0451,0.1817,1,,72.42,0.479
28-09-2021,Germany,Europe,Delta,2,0,1,25,24,0.0878,,0,0.3688,40.43,1.091
03-11-2020,Australia,Oceania,Alpha,9,0,8,138,144,0.0511,0.1629,4,0,41.58,1.021
07-09-2021,South Africa,Africa,Delta,3,0,2,52,12,0.2526,0.2142,,0.1131,,0.73
30-08-2022,Spain,Europe,Omicron BA.2,1,0,,17,23,0.0273,0.0291,0,0.8341,8.63,1.316
08-12-2021,Turkey,Asia,Omicron,4,0,3,50,24,0.1759,0.085,0,0.304,26.48,1.306
10-10-2020,Argentina,South America,Original,1,0,0,14,11,0.1041,0.1651,0,,53.3,
24-02-2021,India,Asia,Alpha,71,1,67,695,426,0.1657,0.107,18,0.0459,77.86,0.4
15-07-2021,Pakistan,Asia,Delta,392,16,365,5545,1960,0.1736,0.2446,218,0.0846,73.29,0.634
02-03-2020,South Africa,Africa,Original,2,0,1,35,8,0.2664,0.1185,0,,77.4,0.4
14-11-2021,Argentina,South America,Omicron,14,0,13,243,154,0.0963,0.0992,,0.2809,47.53,1.03
22-02-2022,Canada,North America,Omicron,1,0,0,10,16,0.0615,0.0541,0,0.5943,43.86,1.066
10-12-2022,Indonesia,Asia,Omicron BA.2,32,0,30,453,96,0.3215,0.0692,4,0.3348,34.82,1.847
30-03-2022,Mexico,North America,Omicron BA.2,41,1,38,595,451,0.1072,0.0593,8,0.4148,27.03,1.376
19-10-2022,South Korea,Asia,Omicron BA.2,25,0,23,345,475,0.07,0.03,2,0.9027,16.21,1.277
26-04-2022,Brazil,South America,Omicron BA.2,9,0,,116,99,0.1001,0.0478,1,0.4397,27.23,1.641
10-07-2022,Australia,Oceania,Omicron BA.2,1,0,,12,15,0.0643,0.0346,0,0.7698,31.26,1.302
08-11-2021,Japan,Asia,Omicron,11,0,10,165,187,0.071,0.0559,1,0.4282,43.45,1.124
24-06-2022,Brazil,South America,Omicron BA.2,149,1,,2568,1490,0.0899,,,0.4582,33.58,1.904
29-07-2020,Spain,Europe,Original,1,0,0,14,12,0.1025,0.1171,0,0,64.87,0.4
09-06-2020,Pakistan,Asia,Original,2,0,1,29,8,0.2599,,0,,72.36,0.4
16-11-2022,Pakistan,Asia,Omicron BA.2,119,1,114,1738,476,0.2611,0.0468,17,0.3297,39.51,1.818
16-07-2022,Germany,Europe,Omicron BA.2,57,0,,647,969,0.067,0.0364,4,0.7781,34.65,1.087
28-01-2022,France,Europe,Omicron,13,0,12,208,208,0.0598,0.0615,3,0.5321,41.27,1.41
22-10-2022,Indonesia,Asia,Omicron BA.2,12,0,11,123,60,0.193,0.0865,2,0.3085,32.45,1.801
24-10-2021,South Africa,Africa,Omicron,6,0,5,94,24,0.2575,0.0636,1,0.1544,59.7,1.242
29-07-2022,South Korea,Asia,Omicron BA.2,1,0,,18,21,0.0185,0.0332,0,0.8026,28.89,
01-11-2021,Indonesia,Asia,Omicron,8,0,7,137,32,0.245,0.1078,,0.1632,46.31,1.524
21-03-2022,India,Asia,Omicron BA.2,646,2,627,7232,5168,0.1105,0.0404,68,0.398,37.44,1.601
16-03-2020,Canada,North America,Original,1,0,0,15,,,0.1462,0,0,76.14,0.4
28-09-2022,UK,Europe,Omicron BA.2,1,0,0,11,14,0.0584,0.041,0,0.89,28.71,
19-08-2022,India,Asia,Omicron BA.2,38,0,,392,228,0.1704,0.0367,2,0.5132,20.92,1.726
11-04-2020,India,Asia,Original,171,2,159,2076,1026,0.169,0.1478,53,0,77.09,0.4
31-01-2022,Australia,Oceania,Omicron BA.2,9,0,8,114,180,0.0468,,0,0.5381,47.75,1.293
06-08-2021,Italy,Europe,Delta,1,0,0,11,16,0.0626,0.143,0,0.306,45.16,1.064
18-01-2021,Colombia,South America,Alpha,2,0,1,21,12,0.1684,0.1039,,0.0153,66.07,0.4
24-09-2020,Pakistan,Asia,Original,59,1,54,1050,236,0.2719,0.1137,28,,39.39,0.551
27-06-2021,India,Asia,Delta,12,0,10,214,96,0.1074,0.1436,6,0.173,61.67,0.55
25-07-2020,USA,North America,Original,95,2,89,1393,1330,0.0706,0.1785,47,0,63.54,0.4
13-08-2021,Indonesia,Asia,Delta,10,0,9,109,50,0.1854,0.211,5,0.1096,48.4,0.878
01-06-2022,Indonesia,Asia,Omicron BA.2,19,0,17,341,57,0.3481,0.042,4,0.2543,23.21,2.32
05-11-2021,France,Europe,Delta,1,0,0,13,24,0.0414,0.1427,0,0.4379,55.66,0.604
01-12-2021,Japan,Asia,Omicron,10,0,9,136,240,0.0317,0.0615,1,0.4431,38.71,0.95
20-01-2021,Mexico,North America,Alpha,28,1,24,319,280,0.1238,0.1749,,,55.49,0.775
14-07-2020,Spain,Europe,Original,1,0,0,14,24,0.0477,0.1426,0,,68.73,0.4
13-08-2020,UK,Europe,Original,2,0,1,34,24,0.0899,0.1698,1,,58.82,0.4
08-10-2020,France,Europe,Original,1,0,0,13,15,0.0831,0.1119,0,0,53.38,0.588
20-07-2022,Pakistan,Asia,Omicron BA.2,61,1,,760,183,0.325,0.0449,9,0.2849,15.76,2.755
03-01-2021,Spain,Europe,Alpha,2,0,1,32,24,0.0932,0.101,0,,66.88,0.407
10-04-2020,UK,Europe,Original,3,0,2,51,,,0.2021,2,0,77.75,0.4
09-08-2021,France,Europe,Delta,25,0,23,276,550,0.0359,0.2008,13,0.3139,40.51,1.067
06-05-2022,Italy,Europe,Omicron BA.2,48,0,,488,960,0.047,0.0266,2,0.6668,24.16,1.909
24-05-2020,Indonesia,Asia,Original,8,0,7,96,32,0.2467,0.1293,,,66.57,0.465
10-10-2022,Pakistan,Asia,Omicron BA.2,606,6,,8349,1818,0.3533,0.0631,99,,38.75,2.032
16-07-2022,Turkey,Asia,Omicron BA.2,115,0,111,1370,690,0.1447,0.0327,9,0.4857,12.23,1.611
02-01-2021,Turkey,Asia,Alpha,9,0,8,127,90,0.1005,0.1152,3,0,58.98,0.485
17-04-2022,Spain,Europe,Omicron BA.2,18,0,17,293,252,0.0596,0.0416,2,0.6643,30.92,1.644
13-02-2022,Pakistan,Asia,Omicron BA.2,126,1,117,1595,504,0.2468,0.0724,28,0.2028,32.84,1.652
30-09-2020,Germany,Europe,Original,1,0,0,11,23,0.0494,0.1479,0,,37.61,0.664
01-10-2021,Colombia,South America,Delta,6,0,5,99,36,0.1712,0.2149,4,0.2429,52.47,0.91
19-08-2021,USA,North America,Delta,62,1,59,768,744,0.0871,,16,0.3045,58.16,0.868
10-08-2022,Turkey,Asia,Omicron BA.2,3,0,2,30,21,0.1456,0.0648,,0.5099,35.04,2.077
07-05-2020,Spain,Europe,Original,1,0,0,13,19,0.0572,0.1387,0,,60.22,0.4
30-04-2020,Brazil,South America,Original,16,1,14,276,128,0.1156,0.2088,10,0,72.76,
26-07-2020,Canada,North America,Original,3,0,2,42,66,0.0468,0.1406,1,,53.68,0.584
17-02-2020,UK,Europe,Original,1,0,0,13,16,0.057,0.1224,0,0,14.86,0.867
06-09-2022,Pakistan,Asia,Omicron BA.2,27,0,,368,135,0.2048,0.0718,5,0.2896,23.73,2.77
30-12-2021,Australia,Oceania,Omicron,2,0,1,32,48,0.0421,0.0482,0,0.5014,48.41,1.102
08-03-2020,UK,Europe,Original,3,0,2,51,72,0.0376,0.1656,2,0,71.83,0.4
21-04-2022,India,Asia,Omicron BA.2,114,1,,1497,1254,0.0959,,20,0.4219,13.73,
02-03-2022,Mexico,North America,Omicron,1,0,,15,7,0.1362,0.0842,0,0.3863,32.81,1.555
09-04-2022,Italy,Europe,Omicron BA.2,4,0,,67,60,0.0561,0.0413,0,0.6459,35.4,1.396
04-11-2022,Germany,Europe,Omicron BA.2,22,0,,335,440,0.0392,0.0251,1,0.92,35.59,
24-06-2022,South Africa,Africa,Omicron BA.2,25,0,22,261,125,0.2103,0.0912,6,,27.4,1.592
04-06-2022,France,Europe,Omicron BA.2,24,0,,311,336,0.0667,0.0489,3,0.7149,13.24,1.76
25-11-2021,Mexico,North America,Omicron,65,1,60,1074,520,0.1159,0.0935,,0.2959,36.61,1.633
27-11-2020,UK,Europe,Alpha,6,0,5,95,114,0.0279,,4,0,39.84,1.071
22-02-2020,UK,Europe,Original,1,0,0,13,23,0.0555,0.1476,0,0,,0.4
01-12-2021,Pakistan,Asia,Omicron,59,1,55,955,295,0.2112,0.0726,14,0.147,,1.362
19-09-2022,South Africa,Africa,Omicron BA.2,6,0,5,75,24,0.2242,0.0818,,,,1.651
22-02-2022,Pakistan,Asia,Omicron,48,0,45,723,192,0.2507,0.0891,,0.204,43.74,1.594
12-07-2022,Argentina,South America,Omicron BA.2,4,0,3,57,36,0.1067,0.0477,0,0.5119,36.2,1.896
01-04-2020,Spain,Europe,Original,1,0,0,11,,,0.1284,0,,80.43,0.4
02-05-2022,UK,Europe,Omicron BA.2,10,0,9,113,160,0.0714,0.0432,1,0.6729,27.55,2.082
24-04-2020,Brazil,South America,Original,17,1,15,204,187,0.0917,0.1398,,0,73.68,0.4
28-04-2020,USA,North America,Original,1,0,0,14,,,,0,,85.68,0.4
18-01-2021,Indonesia,Asia,Alpha,55,3,50,931,275,0.2107,0.1924,33,0.0238,75.74,0.4
01-06-2020,Canada,North America,Original,1,0,0,12,24,0.039,0.1859,0,,69.42,0.4
09-12-2020,Italy,Europe,Alpha,1,0,0,10,21,0.0542,0.1326,0,0,57.09,0.566
25-02-2020,Canada,North America,Original,7,0,6,106,,,0.1442,2,,87.94,0.4
23-02-2021,Russia,Europe,Alpha,2,0,1,32,14,0.1581,0.1775,,,74.01,0.421
03-07-2020,South Africa,Africa,Original,1,0,0,15,4,0.243,0.1063,,0,64.13,0.4
26-07-2021,Italy,Europe,Delta,13,0,11,174,221,0.0437,0.0945,3,0.2799,76.13,0.4
23-11-2021,Japan,Asia,Omicron,98,0,94,1139,1274,0.0787,0.0588,16,0.4667,52.35,1.294
30-10-2021,Spain,Europe,Omicron,2,0,1,26,24,0.0802,0.0565,0,0.4251,52.66,1.031
29-01-2020,France,Europe,Original,1,0,0,12,,,0.1837,0,0,12.12,0.628
22-09-2020,Pakistan,Asia,Original,2,0,1,33,6,0.3388,0.1699,1,,,0.442
08-08-2022,USA,North America,Omicron BA.2,29,0,,303,609,0.0425,0.0486,2,0.8003,14.02,1.876
13-10-2021,Turkey,Asia,Delta,14,0,13,176,84,0.164,0.1673,,0.2478,42.54,0.667
09-11-2021,Mexico,North America,Omicron,19,0,17,221,114,0.1817,0.0562,,0.2638,57.87,0.926
19-04-2022,Indonesia,Asia,Omicron BA.2,8,0,7,135,40,0.2095,0.067,1,,12.62,2.73
17-02-2021,Turkey,Asia,Alpha,3,0,2,47,30,0.0825,0.164,1,0.031,55.62,0.53
07-11-2021,India,Asia,Omicron,40,0,38,459,320,0.1138,0.0763,,0.2877,43.02,1.303
21-06-2021,UK,Europe,Delta,8,0,7,119,152,0.0597,0.1206,2,0.2377,65.62,0.412
11-03-2020,UK,Europe,Original,1,0,0,16,17,0.0456,0.1663,0,0,86.19,
23-04-2022,Japan,Asia,Omicron BA.2,6,0,5,62,72,0.0717,0.0582,0,0.6586,19.96,1.457
05-02-2021,South Korea,Asia,Alpha,5,0,4,83,80,0.0536,0.2134,5,0.0281,61.38,0.555
26-05-2021,USA,North America,Delta,1,0,0,16,19,0.0613,0.2103,0,0.1941,73.11,0.4
19-09-2022,UK,Europe,Omicron BA.2,2,0,,25,30,0.0583,0.0254,0,0.8755,29.43,1.284
13-08-2020,Spain,Europe,Original,2,0,1,32,40,0.0249,0.102,0,0,47.72,
28-04-2022,Russia,Europe,Omicron BA.2,62,0,,1015,558,0.1182,0.0637,,0.4523,29.19,2.154
25-07-2020,Brazil,South America,Original,5,0,4,62,35,0.1441,,3,0,52.94,0.482
26-01-2020,India,Asia,Original,239,2,224,3498,2390,0.0869,0.1665,167,0,14.25,1.135
27-05-2022,Germany,Europe,Omicron BA.2,99,0,93,1004,1287,0.0794,0.0482,13,0.6992,26.62,1.54
29-12-2021,USA,North America,Omicron,13,0,12,186,312,0.0456,0.046,2,0.4922,51.92,0.69
31-10-2021,South Korea,Asia,Delta,4,0,3,66,80,0.0548,0.1668,2,0.4112,44.61,0.674
02-10-2020,Argentina,South America,Original,3,0,2,47,21,0.1423,0.1033,,,52.3,0.651
29-02-2020,Brazil,South America,Original,2,0,1,34,14,0.135,0.1315,,0,83.87,0.4
14-03-2021,Brazil,South America,Alpha,30,1,27,393,240,0.1142,0.175,,0.0682,,0.532
01-03-2020,UK,Europe,Original,11,0,10,193,,,0.1155,4,0,93.56,0.4
08-12-2020,Mexico,North America,Alpha,86,5,77,910,946,0.0873,0.1933,52,0,57.39,0.516
21-03-2021,India,Asia,Alpha,109,1,105,1306,872,0.1235,0.1784,54,0.0756,81.3,0.4
18-12-2020,Australia,Oceania,Alpha,1,0,0,17,19,0.0431,0.226,0,,46.74,
15-09-2021,Brazil,South America,Delta,1,0,0,14,8,0.1354,0.108,,0.235,39.32,1.354
24-01-2022,Colombia,South America,Omicron,1,0,0,10,10,0.0973,0.0525,,0.3293,43.48,1.488
18-09-2022,Argentina,South America,Omicron BA.2,4,0,,59,28,0.1559,,0,0.5561,27.41,1.998
26-09-2022,Brazil,South America,Omicron BA.2,12,0,,214,108,0.0995,0.0322,1,0.5595,27.76,1.605
27-03-2021,Mexico,North America,Alpha,52,3,47,728,364,0.1467,0.1636,26,0.0601,82,0.4
30-12-2021,Pakistan,Asia,Omicron,10,0,9,119,40,0.2454,0.072,,0.1943,29.85,1.78
22-12-2021,Argentina,South America,Omicron,15,0,14,254,135,0.1129,0.0926,4,0.3026,30.97,2.082
16-11-2022,Australia,Oceania,Omicron BA.2,3,0,2,33,66,0.0375,0.0362,0,0.92,30.39,1.618
27-06-2021,Turkey,Asia,Delta,1,0,0,16,9,0.1181,0.1924,0,0.1612,55.01,0.673
19-02-2022,Colombia,South America,Omicron BA.2,17,0,15,307,153,0.1069,0.0803,7,0.3584,56.61,1.489
03-05-2020,USA,North America,Original,11,0,10,138,,,0.1671,3,0,71.11,0.4
27-11-2020,Canada,North America,Alpha,1,0,0,14,20,0.0449,0.1584,0,0,43.94,0.94
02-06-2021,Colombia,South America,Delta,3,0,2,44,18,0.1489,0.1483,1,0.1475,86.29,0.4
03-12-2022,Canada,North America,Omicron BA.2,2,0,1,22,32,0.0616,0.0272,0,0.92,38.85,1.48
07-08-2022,UK,Europe,Omicron BA.2,1,0,0,13,24,0.0362,0.022,0,0.8041,32.42,1.468
19-08-2022,UK,Europe,Omicron BA.2,7,0,6,85,161,0.0754,0.0282,0,0.8347,16.84,1.991
14-07-2022,Japan,Asia,Omicron BA.2,4,0,3,62,64,0.0667,0.0491,0,0.7754,19.3,1.602
26-07-2022,Italy,Europe,Omicron BA.2,67,0,,889,1608,0.0319,,11,0.7894,32.09,1.722
16-09-2021,Argentina,South America,Delta,1,0,0,9,10,0.1048,0.2257,0,0.2276,46.4,
02-10-2021,USA,North America,Delta,190,3,176,2685,3230,0.0509,0.1419,111,0.3759,68.86,0.4
10-11-2022,UK,Europe,Omicron BA.2,1,0,,9,16,0.0625,0.0374,0,0.92,31.68,1.493
17-12-2020,India,Asia,Alpha,13,0,12,224,117,0.1046,0.2214,,0,70.87,0.401
30-09-2021,UK,Europe,Delta,1,0,0,15,22,0.0544,0.1153,0,0.3844,52.57,0.545
18-09-2022,Italy,Europe,Omicron BA.2,2,0,1,30,36,0.0535,0.0196,0,0.8571,10.41,2.002
02-04-2022,UK,Europe,Omicron BA.2,7,0,,93,154,0.0441,,0,0.6217,9.64,2.324
15-03-2020,UK,Europe,Original,1,0,0,11,19,0.0571,0.1637,0,,63.96,0.4
03-04-2021,France,Europe,Alpha,3,0,2,38,63,0.0597,0.2084,2,0.1195,75.54,0.4
15-09-2021,Brazil,South America,Delta,10,0,9,163,70,0.144,0.1225,3,0.2466,50.81,0.714
09-10-2020,Australia,Oceania,Original,2,0,1,20,48,0.0356,0.1453,0,0,45.51,0.704
11-12-2020,Canada,North America,Alpha,6,0,5,59,90,0.0731,0.1516,2,0,52.41,
29-10-2020,Germany,Europe,Alpha,2,0,1,27,34,0.0616,0.1719,0,0,45.38,
22-12-2021,Canada,North America,Omicron,1,0,0,11,13,0.1017,0.08,0,0.4811,,0.845
08-11-2022,Italy,Europe,Omicron BA.2,18,0,,320,432,0.0292,0.0268,1,0.92,16.67,2.008
25-06-2021,Russia,Europe,Delta,10,0,9,158,90,0.1096,0.1769,5,0.1567,59.42,0.915
28-11-2020,Italy,Europe,Alpha,1,0,0,13,16,0.0538,0.2037,0,0,51.26,0.465
21-07-2020,Pakistan,Asia,Original,9,0,8,98,36,0.2538,0.1276,3,0,,0.4
18-10-2022,Pakistan,Asia,Omicron BA.2,32,0,,397,160,0.1925,,4,0.3295,29.38,2.381
19-10-2021,India,Asia,Omicron,636,4,593,11522,5724,0.1131,0.0866,,0.2519,68.11,0.708
25-09-2022,Turkey,Asia,Omicron BA.2,10,0,,151,90,0.1209,0.0474,2,0.541,30.58,2.035
24-02-2021,Brazil,South America,Alpha,6,0,5,86,54,0.1111,,2,0.0417,77.38,0.4
06-11-2021,Canada,North America,Omicron,3,0,2,33,51,0.0601,0.0774,0,0.4332,67.13,
03-11-2022,South Africa,Africa,Omicron BA.2,52,1,,800,260,0.1983,0.0466,,0.3322,36.99,
07-04-2022,Spain,Europe,Omicron BA.2,3,0,,45,69,0.0617,0.0296,0,0.6423,42.75,1.604
20-06-2022,Germany,Europe,Omicron BA.2,28,0,26,452,420,0.0784,0.0454,5,0.7553,28.78,1.812
30-03-2020,Italy,Europe,Original,1,0,0,15,20,0.0414,0.1921,0,0,71.56,0.4
25-08-2022,Brazil,South America,Omicron BA.2,70,1,67,934,770,0.1142,0.0387,,0.5345,20.13,1.707
08-04-2021,India,Asia,Delta,122,2,114,1880,1098,0.1045,0.1338,73,0.0855,56.77,0.698
18-08-2020,Spain,Europe,Original,3,0,2,40,66,0.046,0.1483,0,,35.19,0.48
17-06-2022,Russia,Europe,Omicron BA.2,15,0,14,267,150,0.0881,0.0341,1,0.4618,13.31,1.702
05-01-2022,USA,North America,Omicron,9,0,8,159,198,0.0296,0.0729,2,0.5167,50.48,1.223
11-10-2021,Australia,Oceania,Omicron,1,0,0,11,24,0.0437,0.0706,0,0.4092,57.24,1.087
07-09-2020,France,Europe,Original,2,0,1,25,24,0.104,0.1741,1,0,45.78,0.735
12-01-2022,Pakistan,Asia,Omicron,32,0,30,483,96,0.3442,0.0982,,,41.74,1.238
21-04-2021,Argentina,South America,Delta,56,1,53,577,448,0.1247,0.2217,37,0.096,68.64,
16-11-2021,Brazil,South America,Omicron,8,0,7,98,64,0.121,0.0552,,0.2799,34.32,1.648
15-06-2021,Italy,Europe,Delta,1,0,0,16,22,0.0483,0.124,0,0.2261,75.8,0.478
03-01-2021,Turkey,Asia,Alpha,1,0,0,13,8,0.1292,0.2158,0,,75.35,0.401
28-04-2020,Argentina,South America,Original,4,0,3,54,36,0.1198,0.1418,,0,,0.4
08-10-2021,France,Europe,Delta,1,0,0,13,24,0.0481,0.1766,0,0.3894,41.59,1.101
08-02-2022,South Africa,Africa,Omicron,2,0,1,28,10,0.2042,0.067,,0.2039,29.35,1.746
08-05-2020,UK,Europe,Original,23,0,21,267,506,0.0351,,10,,44.09,0.475
31-10-2020,USA,North America,Original,30,0,27,418,390,0.0779,,16,0,42.84,0.584
27-10-2021,France,Europe,Omicron,47,0,45,820,846,0.06,0.0392,8,0.4109,47.95,1.258
04-07-2021,Russia,Europe,Delta,34,1,31,368,272,0.1293,,14,0.1733,58.93,0.67
21-06-2022,Germany,Europe,Omicron BA.2,11,0,10,118,165,0.042,0.0398,1,0.7246,,1.734
20-01-2021,Australia,Oceania,Alpha,1,0,0,15,15,0.0649,0.202,0,0.0213,77.39,0.4
23-06-2021,Japan,Asia,Delta,16,0,14,214,224,0.0672,0.1333,4,0.2518,63.41,0.469
24-02-2020,Pakistan,Asia,Original,7,0,6,100,21,0.325,0.1682,4,0,67.19,0.4
19-05-2021,Mexico,North America,Delta,54,2,49,823,594,0.0979,0.2289,35,0.1117,63.77,0.595
08-07-2020,UK,Europe,Original,2,0,1,29,36,0.0583,0.1529,1,0,55.52,0.44
31-01-2020,USA,North America,Original,89,1,85,1361,2047,0.0372,0.1139,26,0,20.15,0.643
20-04-2020,South Africa,Africa,Original,2,0,1,28,6,0.3349,,0,0,97.37,0.4
11-11-2020,South Africa,Africa,Original,12,0,11,124,60,0.2019,0.1216,3,,,0.4
12-05-2020,France,Europe,Original,2,0,1,35,,,0.1177,0,,52.34,0.532
09-09-2020,Indonesia,Asia,Original,29,1,26,340,145,0.1702,0.1857,,,41.84,0.67
12-06-2022,Italy,Europe,Omicron BA.2,2,0,1,30,46,0.0489,0.0346,0,0.7689,15.49,1.514
24-03-2020,Germany,Europe,Original,1,0,0,17,,,0.1954,0,0,87.87,0.4
29-05-2020,Spain,Europe,Original,5,0,4,81,,,0.203,3,,45.63,0.697
04-04-2020,Italy,Europe,Original,1,0,0,16,,0.93928243,0.1663,0,0,90.18,0.4
04-12-2020,France,Europe,Alpha,43,1,41,622,817,0.0551,0.1779,28,0,40.62,0.848
06-03-2020,France,Europe,Original,3,0,2,54,51,0.0461,0.1534,1,0,64.94,
28-03-2021,Pakistan,Asia,Delta,42,1,38,683,210,0.1922,,31,0.0319,61.67,0.874
18-06-2022,South Korea,Asia,Omicron BA.2,102,0,95,1128,1734,0.0406,0.043,14,0.7454,21.79,1.472
07-06-2022,Canada,North America,Omicron BA.2,1,0,,17,18,0.0794,,0,0.7434,29.22,1.558
08-02-2020,France,Europe,Original,4,0,3,53,60,0.0655,0.1334,1,0,7.08,1.263
22-07-2020,Australia,Oceania,Original,21,0,19,338,420,0.0443,0.1327,12,0,43.99,0.564
09-07-2020,Colombia,South America,Original,3,0,2,36,24,0.115,,,0,67.81,0.4
12-09-2020,India,Asia,Original,23,0,21,344,161,0.134,0.1481,,0,,0.457
02-08-2020,Canada,North America,Original,1,0,0,13,20,0.0572,,0,,78.23,0.4
20-05-2021,Russia,Europe,Delta,34,1,32,604,204,0.1677,0.1196,,0.1226,75.96,0.4
25-10-2022,South Africa,Africa,Omicron BA.2,9,0,8,113,27,0.3326,0.0758,1,0.3184,34.4,1.551
16-03-2020,USA,North America,Original,4,0,3,60,80,0.0411,,1,0,68.1,0.4
24-10-2020,South Korea,Asia,Original,5,0,4,79,90,0.0463,0.1323,2,0,43.01,0.743
29-08-2020,UK,Europe,Original,1,0,0,15,20,0.0567,0.1957,0,0,56.05,0.445
25-12-2021,USA,North America,Omicron,262,1,242,2751,5764,0.05,0.0655,37,0.5142,52.88,0.907
12-11-2022,France,Europe,Omicron BA.2,1,0,0,12,20,0.0323,0.0187,0,0.92,,1.501
28-09-2020,Australia,Oceania,Original,1,0,0,13,23,0.0494,0.2036,0,0,53.39,0.582
18-09-2021,France,Europe,Delta,4,0,3,53,60,0.0465,0.1296,1,0.3446,47.12,0.749
23-09-2022,Australia,Oceania,Omicron BA.2,9,0,8,103,216,0.0348,0.0202,0,0.8839,11.58,1.245
15-07-2022,Colombia,South America,Omicron BA.2,8,0,7,124,64,0.112,0.0586,1,0.5027,31.26,
23-03-2020,Colombia,South America,Original,1,0,0,10,,,0.197,0,,81.4,0.4
23-12-2022,Pakistan,Asia,Omicron BA.2,24,0,22,299,120,0.1973,,,0.3701,,2.779
02-08-2022,India,Asia,Omicron BA.2,67,0,,958,536,0.137,0.0365,10,0.5237,18.55,2.361
11-12-2020,France,Europe,Alpha,1,0,0,10,22,0.0354,0.1421,0,0,70.92,0.4
28-01-2022,USA,North America,Omicron,16,0,15,176,208,0.0731,0.0607,2,0.5311,35.36,1.084
23-12-2020,South Africa,Africa,Alpha,1,0,0,12,4,0.2466,0.176,0,0,61.58,0.649
16-05-2022,Turkey,Asia,Omicron BA.2,2,0,1,24,18,0.1002,0.0464,0,0.4343,,1.642
08-03-2021,Canada,North America,Alpha,6,0,5,100,102,0.0531,0.1503,3,0.1048,52.07,0.541
30-09-2021,Turkey,Asia,Delta,23,0,21,410,253,0.0933,,13,0.2547,57.66,0.707
15-12-2021,Australia,Oceania,Omicron,2,0,1,24,48,0.0596,0.0592,0,0.4958,47.08,0.98
18-03-2020,Colombia,South America,Original,1,0,0,14,6,0.1674,0.1745,0,0,86.09,0.4
06-05-2020,South Korea,Asia,Original,5,0,4,70,,,0.1507,2,0,77.54,0.4
23-12-2021,Argentina,South America,Omicron,4,0,3,39,28,0.1227,0.0804,0,0.3136,28.39,2.036
13-08-2020,Turkey,Asia,Original,17,0,16,245,187,0.0876,0.1139,,0,40.16,0.577
27-03-2022,India,Asia,Omicron BA.2,2591,17,,43642,25910,0.1009,0.0498,527,0.4058,20.09,1.44
16-01-2021,Japan,Asia,Alpha,24,0,23,250,408,0.0611,0.2266,16,0.0216,73.12,0.4
06-10-2021,Argentina,South America,Delta,1,0,0,17,10,0.0987,,0,0.2443,46.03,0.788
15-10-2021,UK,Europe,Delta,2,0,1,31,24,0.0902,0.1156,0,0.3993,43.42,0.609
15-04-2022,UK,Europe,Omicron BA.2,1,0,0,11,23,0.0492,0.0361,0,0.643,36.09,1.136
03-02-2020,Japan,Asia,Original,5,0,4,85,100,0.0314,,4,0,14.08,1.043
07-09-2021,Russia,Europe,Delta,15,0,13,226,165,0.0736,0.1995,9,0.2231,67.42,0.422
25-04-2020,Colombia,South America,Original,3,0,2,49,,,0.1152,1,0,,0.4
19-08-2020,Pakistan,Asia,Original,9,0,8,149,36,0.247,0.1381,,0,41.8,0.756
31-01-2022,Argentina,South America,Omicron,7,0,6,90,70,0.1045,0.0454,0,0.351,52.88,1.249
15-11-2021,Germany,Europe,Omicron,1,0,0,11,12,0.0764,0.0487,0,0.4415,50.46,0.954
03-07-2020,Spain,Europe,Original,1,0,0,16,20,0.0607,0.201,0,,49.78,
22-07-2021,USA,North America,Delta,29,0,27,494,348,0.0807,0.1056,8,0.2875,79.42,0.4
22-10-2022,UK,Europe,Omicron BA.2,1,0,0,10,24,0.0432,0.0299,0,0.9091,16.64,1.481
23-04-2022,South Africa,Africa,Omicron BA.2,5,0,4,62,15,0.354,0.061,0,0.2452,17.19,2.989
31-01-2020,Indonesia,Asia,Original,40,1,36,564,160,0.2448,0.1713,,,5.86,1.129
02-10-2020,Spain,Europe,Original,1,0,0,18,23,0.0362,,0,0,45.9,0.574
23-05-2020,Spain,Europe,Original,11,0,10,152,,,0.2024,7,0,48.82,0.656
14-03-2020,Pakistan,Asia,Original,12,0,11,207,36,0.3255,0.1961,,,81.65,0.4
06-08-2022,Mexico,North America,Omicron BA.2,9,0,8,143,72,0.1218,0.0717,1,0.5163,37.44,1.635
14-02-2020,South Korea,Asia,Original,11,0,10,172,154,0.0563,0.1144,3,0,12.19,0.908
27-08-2020,Turkey,Asia,Original,2,0,1,32,16,0.1149,0.1049,0,0,38.31,0.524
24-04-2021,Japan,Asia,Delta,4,0,3,71,84,0.0463,0.2398,2,0.1409,59.27,0.848
08-01-2022,UK,Europe,Omicron,1,0,0,14,24,0.0456,0.0536,0,0.5144,26.32,1.464
07-05-2021,Brazil,South America,Delta,1,0,0,13,11,0.0911,0.2431,0,0.1092,62.7,0.572
22-04-2020,USA,North America,Original,14,0,13,252,,,0.117,6,0,92.16,0.4
08-06-2022,Japan,Asia,Omicron BA.2,10,0,9,164,200,0.04,0.0548,1,0.7281,39.33,0.918
18-12-2020,France,Europe,Alpha,1,0,0,16,23,0.0505,0.2054,0,0,63.78,0.57
18-08-2020,Argentina,South America,Original,2,0,1,31,16,0.1223,0.19,,,38.64,0.487
11-07-2020,Brazil,South America,Original,17,1,15,271,170,0.1013,0.1498,,0,63.98,0.499
08-11-2020,France,Europe,Alpha,13,0,12,193,182,0.0587,0.1714,6,0,55.49,0.632
04-02-2022,Turkey,Asia,Omicron BA.2,16,0,15,290,176,0.1011,0.0418,2,0.355,,
19-05-2022,UK,Europe,Omicron BA.2,1,0,,13,21,0.0305,,0,0.7019,14.99,2.044
13-09-2021,Germany,Europe,Delta,46,0,44,796,920,0.0435,,32,0.3532,40.41,0.643
15-03-2021,Pakistan,Asia,Alpha,38,1,34,421,190,0.1904,0.1445,10,0.0174,46.61,
29-10-2022,Canada,North America,Omicron BA.2,1,0,0,16,23,0.046,0.0301,0,0.92,21.07,1.64
23-06-2020,Italy,Europe,Original,3,0,2,30,66,0.0586,0.1015,0,0,45.68,0.626
01-03-2022,Spain,Europe,Omicron,7,0,6,118,140,0.0405,,1,0.5996,39.71,1.395
02-05-2020,Japan,Asia,Original,5,0,4,85,95,0.0208,,1,0,47.65,0.4
07-01-2022,Canada,North America,Omicron,1,0,0,17,14,0.0637,,0,0.5113,47.19,1.138
22-04-2021,Turkey,Asia,Delta,4,0,3,41,40,0.1141,0.2456,2,0.0879,75.51,0.4
19-03-2022,Japan,Asia,Omicron BA.2,71,0,,1199,1704,0.0344,0.0474,11,0.6239,26.82,1.947
16-08-2020,Spain,Europe,Original,6,0,5,68,102,0.0385,0.1159,1,0,53.26,0.532
24-06-2020,Colombia,South America,Original,13,0,12,157,78,0.169,0.1969,7,0,59.55,0.513
13-04-2020,France,Europe,Original,1,0,0,10,13,0.0695,0.1648,0,0,84.48,0.4
25-10-2022,Australia,Oceania,Omicron BA.2,5,0,,62,80,0.068,0.0239,0,0.92,16.14,1.825
05-01-2022,UK,Europe,Omicron,9,0,8,119,153,0.0666,0.0806,2,0.4989,,1.075
11-09-2021,Pakistan,Asia,Delta,12,0,10,190,60,0.1983,0.1278,7,,48.33,1.084
23-04-2022,UK,Europe,Omicron BA.2,9,0,8,151,171,0.0669,0.0581,2,0.6781,33.8,
20-06-2022,South Africa,Africa,Omicron BA.2,2,0,,34,6,0.3182,0.0693,0,0.2633,42.93,
29-08-2020,Canada,North America,Original,3,0,2,37,36,0.0909,0.1449,1,0,53.05,0.4
16-10-2022,Argentina,South America,Omicron BA.2,20,0,18,242,120,0.1644,0.0509,3,0.5656,20.72,1.405
14-10-2022,Spain,Europe,Omicron BA.2,5,0,4,65,80,0.0634,0.0332,0,0.9186,26.34,1.075
09-01-2021,Argentina,South America,Alpha,49,1,46,730,441,0.1037,0.1045,14,,79.41,
17-11-2022,France,Europe,Omicron BA.2,1,0,0,16,23,0.0297,0.0371,0,0.92,20.83,1.646
21-08-2021,Russia,Europe,Delta,12,0,10,162,96,0.1194,0.227,,0.1976,59.73,0.602
22-01-2022,Turkey,Asia,Omicron,2,0,1,26,16,0.1208,0.0404,,0.3552,44.01,0.933
08-08-2021,Indonesia,Asia,Delta,9,0,8,112,27,0.3291,0.1122,3,0.1193,57.64,1.004
28-10-2022,India,Asia,Omicron BA.2,30,0,28,370,330,0.0936,0.052,2,0.5721,20.22,2.279
30-03-2020,South Africa,Africa,Original,1,0,0,15,5,0.2128,0.1935,,0,88.82,0.4
17-04-2022,Pakistan,Asia,Omicron BA.2,4,0,,53,16,0.2547,,0,0.2172,21.17,1.969
26-03-2021,Turkey,Asia,Alpha,12,0,11,128,120,0.1098,0.1,2,0.0614,,0.4
26-04-2022,South Africa,Africa,Omicron BA.2,1,0,0,9,3,0.3256,0.0703,0,0.2497,32.64,2.095
18-11-2020,Argentina,South America,Alpha,2,0,1,20,18,0.1197,0.2217,,,48.32,0.73
06-06-2021,Brazil,South America,Delta,3,0,2,34,30,0.1111,0.1467,1,0.1398,78.69,
09-04-2021,Turkey,Asia,Alpha,4,0,3,41,28,0.1519,,1,0.0773,55.3,0.492
15-09-2020,Japan,Asia,Original,68,0,64,1108,1360,0.048,0.1433,33,0,40.33,0.787
30-11-2021,Pakistan,Asia,Omicron,20,0,19,216,100,0.2051,0.0542,,0.1523,47.7,1.004
07-07-2020,Russia,Europe,Original,30,0,27,498,300,0.0904,0.1492,14,0,68.02,0.4
05-05-2022,Russia,Europe,Omicron BA.2,23,0,21,406,230,0.0973,,5,0.4219,14.18,
17-09-2022,USA,North America,Omicron BA.2,24,0,23,304,408,0.0715,0.0366,2,0.8539,24.66,1.422
01-12-2021,Spain,Europe,Omicron,1,0,0,16,14,0.0652,0.0386,0,0.4477,37.27,1.017
26-12-2022,Mexico,North America,Omicron BA.2,30,0,,390,330,0.0718,0.0444,4,0.6387,34.13,1.205
21-04-2021,UK,Europe,Delta,1,0,0,9,17,0.0558,0.2363,0,0.1495,60.32,0.656
06-07-2020,USA,North America,Original,2,0,1,32,48,0.0418,0.2021,1,0,58.31,0.4
04-01-2022,UK,Europe,Omicron,2,0,1,32,26,0.092,0.0561,0,0.5216,44.36,1.2
20-04-2022,Spain,Europe,Omicron BA.2,1,0,0,9,12,0.0866,,0,0.6493,29.87,2.081
08-11-2021,South Africa,Africa,Omicron,20,0,18,359,80,0.2476,0.1024,6,,38.72,
03-01-2022,Colombia,South America,Omicron,15,0,14,255,120,0.1116,0.0773,,0.327,31.71,1.061
16-07-2020,UK,Europe,Original,16,0,15,234,304,0.0532,0.1788,10,0,67.02,0.4
09-04-2022,South Korea,Asia,Omicron BA.2,6,0,5,74,78,0.0778,0.0389,0,0.6417,18.27,1.479
16-10-2022,Colombia,South America,Omicron BA.2,8,0,,83,56,0.1358,0.0464,0,0.5695,39.53,1.856
31-08-2020,Turkey,Asia,Original,1,0,0,10,8,0.1322,0.0949,,0,54.25,0.613
31-07-2020,South Korea,Asia,Original,1,0,0,11,17,0.0485,0.1307,0,,53.87,0.546
26-12-2020,South Korea,Asia,Alpha,1,0,0,17,21,0.0588,,0,0,,0.45
29-01-2021,Germany,Europe,Alpha,18,0,17,192,288,0.0677,0.1233,5,0.0375,59.41,0.4
05-06-2021,Canada,North America,Delta,3,0,2,32,39,0.0896,,1,0.2143,58.48,0.763
11-04-2021,USA,North America,Delta,752,15,716,8760,9776,0.0908,0.232,392,0.1334,68.74,0.551
24-01-2022,Turkey,Asia,Omicron,1,0,0,10,7,0.1364,0.0786,0,0.344,43.13,1.438
27-09-2020,Mexico,North America,Original,2,0,1,30,18,0.116,0.1787,,,54.76,
24-01-2020,India,Asia,Original,19,0,18,265,,,0.203,11,0,10.32,1.005
27-01-2021,Spain,Europe,Alpha,1,0,0,12,15,0.0621,0.1248,0,0.0217,55.06,0.464
30-01-2021,Japan,Asia,Alpha,3,0,2,34,69,0.047,0.1897,1,,63.72,0.55
12-02-2021,USA,North America,Alpha,33,0,31,528,660,0.0644,0.1348,12,,76.34,0.4
13-08-2020,Italy,Europe,Original,1,0,0,15,20,0.0503,0.1049,0,0,37.32,0.514
31-10-2022,USA,North America,Omicron BA.2,6,0,,98,108,0.0679,0.038,0,0.92,14.88,1.725
10-05-2020,Pakistan,Asia,Original,10,0,9,130,,,0.1384,2,,65.67,0.436
27-07-2021,Argentina,South America,Delta,1,0,0,15,7,0.1287,0.2173,0,0.1907,62.73,0.508
10-09-2022,Brazil,South America,Omicron BA.2,13,0,,130,143,0.0958,0.0431,1,0.5388,24.64,
30-08-2022,Pakistan,Asia,Omicron BA.2,6,0,,80,30,0.194,0.0864,,0.3028,31.42,1.349
05-03-2021,USA,North America,Alpha,7,0,6,85,140,0.048,0.1266,2,0.0935,58.99,0.419
02-06-2021,France,Europe,Delta,12,0,11,165,156,0.0626,0.1278,6,0.2124,72.18,0.48
07-01-2021,Russia,Europe,Alpha,2,0,1,32,12,0.147,0.112,,0,81.27,0.4
26-02-2021,Germany,Europe,Alpha,1,0,0,15,15,0.0643,,0,,52.68,0.599
28-03-2020,Indonesia,Asia,Original,1,0,0,16,3,0.33,0.1675,0,,71.52,0.4
05-01-2021,Brazil,South America,Alpha,6,0,5,74,66,0.0679,0.174,,0,78.59,0.4
26-08-2021,Spain,Europe,Delta,1,0,0,9,24,0.0368,0.1962,0,0.3379,46.79,0.657
09-06-2021,Canada,North America,Delta,2,0,1,20,24,0.09,0.1502,0,0.2257,82.63,0.4
16-10-2022,Italy,Europe,Omicron BA.2,1,0,,13,16,0.0701,0.0254,0,0.92,12.09,1.832
01-06-2021,South Korea,Asia,Delta,1,0,0,17,15,0.0843,0.103,0,0.1984,64.71,0.673
18-10-2022,Japan,Asia,Omicron BA.2,24,0,,340,480,0.0454,,1,0.9043,29.19,0.943
02-04-2022,Argentina,South America,Omicron BA.2,3,0,,54,24,0.1215,0.0491,0,0.3976,,1.481
20-04-2020,Italy,Europe,Original,2,0,1,30,36,0.0632,0.1715,1,0,93.93,0.4
30-01-2021,Canada,North America,Alpha,2,0,1,32,46,0.0424,0.2211,1,0.0177,,0.621
09-05-2022,Italy,Europe,Omicron BA.2,1,0,0,16,14,0.062,0.0433,0,0.6852,18.65,2.313
02-10-2022,Indonesia,Asia,Omicron BA.2,592,6,556,9832,1776,0.3359,0.0765,193,0.3211,11.93,2.036
17-06-2020,South Africa,Africa,Original,120,5,108,1326,480,0.2488,0.2,59,0,72.06,0.4
09-09-2022,Italy,Europe,Omicron BA.2,8,0,,95,144,0.0448,0.0323,0,0.8429,34.48,1.519
24-10-2022,USA,North America,Omicron BA.2,4,0,3,57,72,0.0474,0.0256,0,0.92,13.75,1.794
07-01-2022,France,Europe,Omicron,1,0,0,14,19,0.0579,0.0493,0,0.5163,35.47,1.615
17-03-2020,South Africa,Africa,Original,31,1,28,540,124,0.2304,0.1775,,,,0.4
26-09-2022,Brazil,South America,Omicron BA.2,22,0,20,344,242,0.0846,0.0656,,0.5799,20.86,2.203
12-09-2021,Canada,North America,Delta,10,0,9,108,220,0.0429,0.1914,6,0.3397,45.31,0.727
19-12-2020,Turkey,Asia,Alpha,11,0,10,164,77,0.1401,0.1382,6,0,68.83,0.482
07-03-2022,Italy,Europe,Omicron,14,0,,172,322,0.0424,0.0475,1,0.5979,47.24,0.883
03-06-2020,Canada,North America,Original,1,0,0,17,17,0.0682,0.1664,0,0,71.25,0.4
06-09-2022,Mexico,North America,Omicron BA.2,77,1,,903,539,0.1555,0.0491,,0.5342,8.66,2.648
13-02-2020,UK,Europe,Original,5,0,4,82,65,0.0752,0.159,3,,7.19,0.998
06-06-2022,India,Asia,Omicron BA.2,57,0,55,694,627,0.0892,0.0598,7,0.4566,32.05,1.505
16-11-2020,South Korea,Asia,Alpha,11,0,10,110,253,0.054,0.1596,2,0,45.2,0.656
06-04-2022,UK,Europe,Omicron BA.2,11,0,,176,165,0.0704,0.0497,1,0.6298,,1.814
27-12-2020,Indonesia,Asia,Alpha,2,0,1,30,6,0.3221,,0,0,56.86,0.4
16-05-2020,Pakistan,Asia,Original,234,0,16,287,54,0.334,0.0987,5,,62.89,0.401
12-12-2022,South Africa,Africa,Omicron BA.2,10,0,,105,30,0.3383,0.0589,1,0.3602,20.58,1.517
16-06-2022,Spain,Europe,Omicron BA.2,6,0,5,86,138,0.0453,0.0305,0,0.7463,34.71,1.545
30-11-2021,Turkey,Asia,Omicron,5,0,4,56,30,0.1467,,1,0.2944,35.99,
03-09-2022,Canada,North America,Omicron BA.2,4,0,,63,64,0.0708,0.0335,0,0.8498,32.04,1.447
29-03-2022,Canada,North America,Omicron BA.2,7,0,6,70,147,0.0521,0.0394,0,0.643,39.35,1.144
03-07-2020,Russia,Europe,Original,56,2,53,818,448,0.1197,0.1968,46,,74.96,0.4
13-03-2021,Japan,Asia,Alpha,4,0,3,71,80,0.0404,0.1903,2,0.0992,57.68,0.536
24-08-2022,South Africa,Africa,Omicron BA.2,15,0,,194,60,0.2564,0.0401,1,0.2877,32.71,1.353
07-11-2020,Australia,Oceania,Original,3,0,2,40,51,0.0422,,0,0,53.32,0.4
05-06-2022,Spain,Europe,Omicron BA.2,16,0,,171,224,0.0835,0.0392,1,0.7174,38.37,1.682
27-03-2021,Germany,Europe,Delta,2,0,1,26,36,0.0692,0.1866,1,0.1197,60.34,0.526
19-07-2020,Canada,North America,Original,1,0,0,14,17,0.0708,,0,0,72.5,0.4
25-11-2021,UK,Europe,Omicron,1,0,0,12,20,0.0431,,0,0.4366,41.08,1.415
13-07-2021,Pakistan,Asia,Delta,39,1,37,696,117,0.3349,0.2343,41,0.0935,70.98,0.436
11-12-2020,Mexico,North America,Alpha,10,0,9,114,80,0.1168,0.1584,,0,59.26,0.4
07-06-2022,South Africa,Africa,Omicron BA.2,7,0,6,69,35,0.2135,,0,0.2674,27.94,2.295
21-02-2020,UK,Europe,Original,2,0,1,27,40,0.051,0.1656,0,0,91.02,0.4
26-06-2022,USA,North America,Omicron BA.2,28,0,,406,448,0.0447,,4,0.7648,18.77,1.977
25-02-2021,Russia,Europe,Alpha,2,0,1,30,22,0.0924,0.1333,,,68.29,0.461
15-12-2022,Japan,Asia,Omicron BA.2,8,0,,99,184,0.052,,0,0.92,30.12,1.323
14-06-2020,Australia,Oceania,Original,1,0,0,14,12,0.0745,0.158,0,0,53.19,0.491
21-07-2022,Mexico,North America,Omicron BA.2,3,0,,44,21,0.1333,0.0708,,0.5111,32.14,1.983
09-04-2022,UK,Europe,Omicron BA.2,1,0,0,11,13,0.0795,0.0479,0,0.635,36.12,1.167
10-04-2021,India,Asia,Alpha,172,2,164,2251,1204,0.142,0.0927,51,0.1131,65.01,0.4
04-11-2021,Australia,Oceania,Omicron,5,0,4,85,100,0.0592,0.0408,1,0.4285,42.14,1.011
31-07-2022,Brazil,South America,Omicron BA.2,24,0,,406,264,0.1084,0.0552,,0.4922,26.61,1.355
24-03-2021,Japan,Asia,Delta,24,0,22,415,432,0.0494,0.2418,16,0.1039,83.34,0.4
30-05-2020,France,Europe,Original,3,0,2,36,,,0.183,1,0,77.62,0.4
31-10-2022,Canada,North America,Omicron BA.2,1,0,0,10,24,0.0429,0.0223,0,0.92,9.54,2.02
20-06-2021,Indonesia,Asia,Delta,20,1,18,334,80,0.2442,0.1287,12,,49.19,0.788
17-11-2022,Mexico,North America,Omicron BA.2,46,0,44,735,276,0.1518,0.0534,8,0.6239,32.85,1.68
13-12-2021,Russia,Europe,Omicron,21,0,20,336,147,0.1604,0.0653,6,0.2926,31.21,1.806
30-03-2020,Indonesia,Asia,Original,274,9,254,3884,1370,0.2065,0.1906,,,67.81,0.4
25-03-2021,France,Europe,Delta,19,0,18,308,399,0.0769,0.1239,10,0.1071,70.68,0.4
20-08-2022,Colombia,South America,Omicron BA.2,8,0,7,108,48,0.1787,0.0492,1,0.5275,38.25,1.952
25-11-2022,Pakistan,Asia,Omicron BA.2,1609,13,,16437,4827,0.313,0.0614,162,0.3548,40.18,1.778
21-05-2021,UK,Europe,Delta,30,0,28,494,720,0.0432,,24,0.1964,78.08,0.4
21-03-2021,Spain,Europe,Alpha,2,0,1,21,26,0.0792,0.1592,0,0.1064,65.18,0.414
23-07-2021,France,Europe,Delta,1,0,0,12,14,0.0731,0.1197,0,0.2701,68.52,0.679
05-12-2021,Mexico,North America,Omicron,4,0,3,40,36,0.109,0.0971,,0.2885,39.88,1.664
23-03-2020,Canada,North America,Original,6,0,5,89,,,0.1014,2,0,81.74,0.4
17-02-2021,South Korea,Asia,Alpha,1,0,0,10,13,0.0778,0.1677,0,0.0539,78.91,0.4
09-06-2021,Brazil,South America,Delta,7,0,6,111,56,0.1163,0.2201,3,0.136,81.35,0.4
24-12-2022,France,Europe,Omicron BA.2,9,0,8,138,135,0.0677,0.0217,0,0.92,27.88,1.531
18-03-2022,South Korea,Asia,Omicron BA.2,1,0,,16,17,0.0581,0.0559,0,0.611,23.69,1.865
14-06-2020,Russia,Europe,Original,3,0,2,33,33,0.901636877,0.1245,0,0,68.64,0.4
08-10-2022,South Korea,Asia,Omicron BA.2,1,0,,13,13,0.0697,0.0348,0,0.8897,17.13,1.757
22-09-2021,Russia,Europe,Delta,5,0,4,69,50,0.0741,,2,0.2318,68.73,0.525
03-10-2020,South Africa,Africa,Original,1,0,0,16,3,0.3362,0.1065,,0,49.11,0.422
12-10-2022,Spain,Europe,Omicron BA.2,1,0,0,18,14,0.0708,0.0394,0,0.9048,29.05,0.893
31-05-2020,Indonesia,Asia,Original,8,0,7,103,32,0.2559,0.111,2,0,48.83,0.649
12-08-2021,Spain,Europe,Delta,1,0,0,12,14,0.0543,0.167,0,0.3148,54.04,0.745
11-09-2020,Argentina,South America,Original,4,0,3,53,32,0.1206,0.2021,1,0,51.23,0.4
07-09-2021,Germany,Europe,Delta,13,0,12,219,169,0.0928,0.1615,10,0.3347,58.4,0.839
27-09-2021,Brazil,South America,Delta,7,0,6,81,49,0.132,0.1824,2,0.2408,58.84,0.663
18-03-2021,Canada,North America,Alpha,5,0,4,88,85,0.0568,0.1135,2,0.0873,,0.4
09-06-2020,Japan,Asia,Original,15,0,14,167,270,0.0713,0.1647,6,,70.35,0.4
09-12-2021,Pakistan,Asia,Omicron,25,0,22,336,125,0.2099,0.0516,,0.1668,37.17,1.941
05-04-2022,Italy,Europe,Omicron BA.2,3,0,,53,69,0.0481,0.0494,0,0.6291,17.72,1.815
29-05-2020,Argentina,South America,Original,11,0,10,140,88,0.1155,,,,71.26,0.4
20-10-2020,India,Asia,Original,22,0,21,387,242,0.0906,0.1043,,0,44.88,0.497
27-03-2022,Japan,Asia,Omicron BA.2,1,0,0,14,16,0.0613,0.0517,0,0.6125,27.89,1.571
03-04-2021,USA,North America,Delta,254,4,242,2713,3302,0.068,0.1392,99,0.1211,78.7,0.425
27-06-2021,Mexico,North America,Delta,136,6,124,1691,1088,0.124,0.1147,30,0.1604,68.87,0.67
17-02-2020,Colombia,South America,Original,4,0,3,43,28,0.1321,0.1211,,0,10.99,1.162
16-04-2021,France,Europe,Alpha,2,0,1,31,32,0.0568,0.1679,1,0.1428,71.27,0.465
01-09-2020,Mexico,North America,Original,5,0,4,66,55,0.0973,0.2003,2,0,51.98,0.4
28-07-2021,Germany,Europe,Delta,4,0,3,47,64,0.0588,0.099,1,0.299,57.81,0.62
09-08-2022,Mexico,North America,Omicron BA.2,18,0,16,269,126,0.1405,0.04,,0.5248,12.2,2.054
08-03-2021,Russia,Europe,Alpha,2,0,1,21,16,0.1277,,0,0.0438,60.65,0.555
08-12-2020,Japan,Asia,Alpha,2,0,1,24,26,0.0671,0.2141,1,,52.88,0.462
03-02-2020,Australia,Oceania,Original,3,0,2,42,57,0.0527,0.1509,1,,18.46,0.794
15-09-2022,Colombia,South America,Omicron BA.2,5,0,,58,40,0.1128,0.0455,0,0.5493,36.91,1.282
27-09-2022,Turkey,Asia,Omicron BA.2,7,0,,110,56,0.1265,0.0559,1,0.57,29.8,1.554
14-06-2020,Spain,Europe,Original,1,0,0,10,14,0.0711,0.1844,0,0,49.42,0.519
15-08-2022,Indonesia,Asia,Omicron BA.2,49,1,,841,147,0.3398,0.0512,7,0.2944,34.2,1.509
06-12-2020,Colombia,South America,Alpha,1,0,0,18,9,0.1001,0.1129,0,0,56.71,0.738
15-04-2021,Italy,Europe,Alpha,12,0,11,169,180,0.0654,0.1731,7,0.1418,70.98,0.459
11-11-2021,USA,North America,Omicron,65,0,61,653,975,0.0639,0.0605,9,0.4406,56.54,
11-08-2022,UK,Europe,Omicron BA.2,14,0,13,150,252,0.0501,0.0357,1,0.8051,10.24,1.275
17-11-2022,Germany,Europe,Omicron BA.2,6,0,5,78,138,0.0688,0.0362,0,0.92,32.47,
05-01-2022,Brazil,South America,Omicron,26,0,24,326,260,0.1013,0.0854,,0.3276,51.68,
03-07-2021,France,Europe,Delta,27,0,25,345,648,0.0414,0.1108,6,0.2434,67.57,0.709
28-10-2021,India,Asia,Omicron,40,0,38,611,360,0.0996,,11,0.2518,67.89,0.937
09-01-2022,Spain,Europe,Omicron,13,0,12,217,169,0.0831,,2,0.5014,49.18,0.836
29-04-2022,Russia,Europe,Omicron BA.2,1,0,0,17,6,0.1589,,0,0.4255,20.46,1.732
02-08-2022,South Korea,Asia,Omicron BA.2,68,0,,1023,1632,0.0366,0.0492,11,0.7833,17.9,1.471
10-01-2021,Germany,Europe,Alpha,6,0,5,83,84,0.0573,0.1386,2,0.0142,56.96,0.732
30-09-2020,Mexico,North America,Original,3,0,2,49,21,0.1358,0.1056,,,40.46,
15-06-2021,Australia,Oceania,Delta,2,0,1,33,34,0.0551,0.1813,1,0.2456,65.83,0.59
31-08-2022,USA,North America,Omicron BA.2,25,0,,418,475,0.0551,0.0302,3,0.8458,18.31,1.866
18-12-2022,Germany,Europe,Omicron BA.2,42,0,,536,966,0.0456,0.0358,3,0.92,23.2,
29-10-2021,Italy,Europe,Delta,16,0,14,221,240,0.0736,0.1242,4,0.4137,62.17,
25-08-2022,Germany,Europe,Omicron BA.2,7,0,6,82,119,0.033,0.0345,0,0.8437,13.14,1.914
12-05-2022,Brazil,South America,Omicron BA.2,9,0,8,90,54,0.1673,0.0365,0,0.4475,39.1,1.859
02-07-2020,Colombia,South America,Original,4,0,3,72,40,0.1081,0.1784,,0,58.95,0.555
31-08-2021,Indonesia,Asia,Delta,23,1,21,327,92,0.2421,0.1789,,0.113,56.42,
31-07-2022,Mexico,North America,Omicron BA.2,31,0,,375,217,0.1357,0.035,,0.5269,12.74,2.488
08-08-2022,France,Europe,Omicron BA.2,1,0,0,11,19,0.0538,0.0215,0,0.8071,25.39,1.641
18-12-2021,Canada,North America,Omicron,1,0,0,11,15,0.0799,0.0756,0,0.4833,51.46,1.211
20-11-2021,Japan,Asia,Omicron,9,0,8,150,171,0.0574,0.0807,2,0.4562,39.27,0.971
10-03-2020,Germany,Europe,Original,18,0,17,198,234,0.0751,0.166,9,,86.42,0.4
28-09-2022,Russia,Europe,Omicron BA.2,1,0,,13,11,0.0926,0.0609,0,0.5821,26.44,1.924
11-07-2021,Mexico,North America,Delta,12,0,10,208,84,0.1404,0.1486,,0.1736,76.17,0.521
20-10-2020,Pakistan,Asia,Original,23,1,21,303,69,0.353,0.1398,8,,53.36,0.533
14-11-2020,Australia,Oceania,Original,1,0,0,17,18,0.0423,0.1704,0,0,47.57,0.612
06-08-2022,Germany,Europe,Omicron BA.2,5,0,,60,120,0.0343,0.0235,0,0.8091,7.36,
31-03-2021,India,Asia,Alpha,36,1,33,477,288,0.1245,0.1826,13,0.0973,60.74,0.551
02-07-2022,Australia,Oceania,Omicron BA.2,10,0,,115,200,0.034,0.0513,1,0.7582,34.68,1.456
23-04-2022,Mexico,North America,Omicron BA.2,10,0,,164,60,0.1679,0.0353,,0.431,33.17,1.651
05-06-2021,USA,North America,Delta,18,0,17,284,396,0.0393,0.1709,13,0.2003,82.97,0.4
01-07-2021,France,Europe,Delta,4,0,3,45,76,0.0516,,1,0.241,71.34,0.4
31-01-2020,USA,North America,Original,100,1,95,1492,1600,0.0718,0.1282,32,0,16.2,1.053
03-05-2020,South Korea,Asia,Original,4,0,3,47,48,0.0838,0.1518,1,0,66.3,0.4
14-10-2022,UK,Europe,Omicron BA.2,12,0,,200,192,0.0647,0.0399,1,0.9075,13.49,1.737
14-11-2022,Italy,Europe,Omicron BA.2,114,0,,1855,2508,0.0307,0.0175,9,0.92,44.26,0.703
28-10-2022,Pakistan,Asia,Omicron BA.2,115,1,106,2052,345,0.3314,0.053,,0.3288,40.08,1.394
13-01-2022,Germany,Europe,Omicron,2,0,1,28,44,0.0565,0.0385,0,0.5203,26.42,1.008
24-08-2021,Argentina,South America,Delta,1,0,0,15,6,0.1655,0.1143,0,0.2091,58.36,0.699
27-10-2022,UK,Europe,Omicron BA.2,3,0,,49,51,0.0557,0.0301,0,0.9023,15.93,1.514
04-10-2020,South Korea,Asia,Original,9,0,8,141,108,0.0828,0.1224,2,0,44.34,0.588
27-04-2021,USA,North America,Delta,44,0,42,710,704,0.0668,0.1383,19,0.1531,84.68,0.4
31-08-2020,Turkey,Asia,Original,1,0,0,11,8,0.1214,0.2042,0,0,,0.729
26-01-2021,UK,Europe,Alpha,1,0,0,11,19,0.054,0.2124,0,0.0443,66.02,0.4
09-07-2022,South Korea,Asia,Omicron BA.2,26,0,25,299,390,0.0635,0.0434,2,0.7601,17.65,1.518
25-04-2020,USA,North America,Original,6,0,5,95,102,0.0457,,3,,85.58,0.4
19-11-2021,Italy,Europe,Omicron,5,0,4,80,65,0.0891,0.071,1,0.4359,45.09,1.443
06-11-2022,Pakistan,Asia,Omicron BA.2,22,0,20,284,88,0.262,0.0804,,0.3194,24.89,1.911
08-05-2021,France,Europe,Delta,15,0,13,149,345,0.0398,0.1599,6,0.168,59.44,0.922
05-04-2021,Colombia,South America,Delta,1,0,0,9,6,0.1762,0.2164,0,0.0779,54.67,0.947
21-12-2022,South Korea,Asia,Omicron BA.2,2,0,1,28,44,0.0528,0.0263,0,0.92,27.42,1.308
02-04-2022,Spain,Europe,Omicron BA.2,3,0,,36,48,0.0511,0.0581,0,0.6234,17.94,2.035
10-06-2022,Australia,Oceania,Omicron BA.2,4,0,3,51,76,0.0595,0.0393,0,0.725,31.12,1.176
09-08-2020,South Korea,Asia,Original,26,0,24,449,572,0.0609,0.1285,14,0,38.08,0.662
04-11-2020,Turkey,Asia,Alpha,1,0,0,16,10,0.1059,0.1863,0,0,55.67,
27-09-2021,Germany,Europe,Delta,3,0,2,47,42,0.0626,0.1551,1,0.3704,,0.567
06-07-2021,Brazil,South America,Delta,23,1,21,364,184,0.1283,0.1309,8,0.1643,85.58,0.4
02-06-2020,Australia,Oceania,Original,1,0,0,13,19,0.0555,0.1036,0,0,61.46,0.4
29-07-2021,Colombia,South America,Delta,4,0,3,70,40,0.1129,0.1859,2,0.1674,73.68,0.589
18-10-2022,USA,North America,Omicron BA.2,58,0,55,783,812,0.0751,0.0287,4,0.92,27.21,1.476
11-08-2020,South Africa,Africa,Original,1,0,0,12,4,0.2412,0.0978,,0,58.99,0.4
11-02-2021,Argentina,South America,Alpha,2,0,1,33,12,0.1534,0.2074,1,0.0332,63.23,
28-05-2021,South Africa,Africa,Delta,16,0,14,189,80,0.2013,0.1311,6,0.0564,67.49,0.423
23-10-2021,Australia,Oceania,Omicron,4,0,3,62,68,0.0425,0.0432,0,0.3928,49.9,1.141
08-01-2022,Colombia,South America,Omicron,4,0,3,48,32,0.1262,0.0452,,0.3282,48.12,1.145
24-07-2021,South Korea,Asia,Delta,15,0,13,219,345,0.0366,0.1964,8,0.2587,,0.4
06-07-2022,Pakistan,Asia,Omicron BA.2,63,1,58,791,315,0.1967,0.0683,,0.264,,1.528
27-10-2020,Turkey,Asia,Original,1,0,0,17,9,0.1015,0.1065,0,0,45.57,
09-09-2022,Pakistan,Asia,Omicron BA.2,8,0,7,143,24,0.3262,,1,,35.43,1.416
03-11-2020,France,Europe,Alpha,2,0,1,33,28,0.0874,0.1641,1,0,41.11,0.944
20-11-2020,Germany,Europe,Alpha,17,0,15,185,408,0.0449,0.1171,4,0,,0.856
12-06-2022,Colombia,South America,Omicron BA.2,4,0,3,71,24,0.1654,,1,0.4782,,1.827
21-12-2021,Germany,Europe,Omicron,1,0,0,9,13,0.0762,0.0446,0,0.4596,27.31,1.259
10-07-2021,Mexico,North America,Delta,2,0,1,26,18,0.1046,,1,0.1546,80.23,0.414
18-09-2022,Brazil,South America,Omicron BA.2,58,0,,666,406,0.1256,,,0.5527,27.18,1.81
13-07-2022,Colombia,South America,Omicron BA.2,3,0,2,41,18,0.1752,0.0391,,0.4842,32.8,1.924
11-09-2020,Australia,Oceania,Original,1,0,0,16,13,0.0849,0.1099,0,0,57.2,0.472
01-04-2021,Turkey,Asia,Delta,11,0,10,126,77,0.1495,0.1118,,0.0796,70.41,0.606
09-08-2021,France,Europe,Delta,14,0,12,195,210,0.0684,0.1634,6,0.2977,56.47,0.787
13-04-2021,Pakistan,Asia,Delta,8,0,7,107,24,0.3238,0.1266,,0.052,61.22,0.577
11-12-2022,UK,Europe,Omicron BA.2,1,0,0,11,23,0.0344,,0,0.92,19.13,1.794
16-10-2020,Mexico,North America,Original,3,0,2,40,33,0.0957,0.1849,1,0,43.26,0.4
15-09-2022,Germany,Europe,Omicron BA.2,10,0,9,123,130,0.0622,0.0258,0,0.8613,,1.032
29-07-2021,Argentina,South America,Delta,8,0,7,82,88,0.0956,0.1202,,0.198,,0.577
15-06-2020,India,Asia,Original,15,0,13,252,90,0.1753,0.1888,9,0,49.95,0.518
27-02-2022,South Africa,Africa,Omicron,10,0,9,131,30,0.3286,0.0768,,0.2042,48.06,1.057
27-01-2020,USA,North America,Original,3,0,2,50,69,0.0619,0.1613,2,0,11.97,1.171
23-11-2021,Canada,North America,Omicron,2,0,1,28,30,0.0682,0.0817,0,0.4592,37.77,1.36
09-05-2021,Japan,Asia,Delta,1,0,0,11,14,0.0676,0.1242,0,0.1628,60.63,
10-05-2022,Pakistan,Asia,Omicron BA.2,21,0,20,234,63,0.3311,,,,32.74,1.983
04-07-2022,Brazil,South America,Omicron BA.2,4,0,,60,40,0.0995,,0,0.495,38.68,1.834
28-10-2020,Germany,Europe,Alpha,2,0,1,25,38,0.0366,0.1866,0,0,50.57,0.547
23-07-2020,France,Europe,Original,38,0,36,575,874,0.0392,,12,0,63.52,0.476
28-11-2021,Italy,Europe,Omicron,45,0,43,623,1035,0.0453,,7,0.4456,50.7,1.294
12-02-2022,Indonesia,Asia,Omicron BA.2,233,4,223,3558,932,0.2354,0.0733,73,0.1942,48.7,1.866
16-10-2020,South Korea,Asia,Original,3,0,2,34,57,0.0552,,1,,44.78,0.4
27-06-2020,Colombia,South America,Original,1,0,0,10,11,0.0985,0.0988,,0,65.24,0.4
09-07-2022,Turkey,Asia,Omicron BA.2,5,0,,76,35,0.1342,0.0418,,0.5025,28.36,2.229
03-11-2022,Pakistan,Asia,Omicron BA.2,1,0,0,15,3,0.3234,0.0598,,,36.52,1.396
12-09-2022,South Africa,Africa,Omicron BA.2,1,0,0,12,4,0.2572,0.0779,,0.2972,28.23,1.656
12-09-2022,Pakistan,Asia,Omicron BA.2,170,0,,167,40,0.2403,0.0562,1,0.3125,16.9,2.715
14-10-2020,India,Asia,Original,103,1,94,1188,618,0.1544,,30,,64.78,0.4
28-07-2020,Australia,Oceania,Original,3,0,2,52,72,0.0374,,1,0,64.95,0.4
11-10-2020,Colombia,South America,Original,3,0,2,51,33,0.0947,,1,,47.64,0.71
04-08-2020,UK,Europe,Original,11,0,10,192,198,0.05,0.1255,5,0,68.35,0.4
17-11-2021,Pakistan,Asia,Omicron,6,0,5,66,24,0.2471,,,0.1545,44.82,1.76
18-02-2020,India,Asia,Original,152,1,143,2103,,,0.1164,67,0,19.42,
18-11-2022,Indonesia,Asia,Omicron BA.2,28,0,26,501,112,0.2678,0.0658,,0.3281,24.91,2.336
29-08-2022,Japan,Asia,Omicron BA.2,3,0,,34,57,0.0617,0.0317,0,0.8321,36.34,1.02
13-01-2021,South Africa,Africa,Alpha,168,0,11,123,36,0.3416,0.1372,2,,56.21,0.74
09-08-2020,Russia,Europe,Original,32,0,30,349,352,0.105,0.1991,,,55.78,0.567
11-05-2020,Canada,North America,Original,13,0,12,191,208,0.0622,0.1341,6,0,59.89,0.42
27-09-2020,UK,Europe,Original,2,0,1,27,42,0.0451,,1,0,44.07,0.658
28-11-2022,Italy,Europe,Omicron BA.2,12,0,11,171,144,0.0753,0.0366,1,0.92,27.4,1.372
17-02-2022,Canada,North America,Omicron,4,0,3,68,84,0.0394,0.0327,0,0.5783,47.36,0.969
13-01-2022,India,Asia,Omicron,484,3,449,5874,5324,0.0918,0.0503,77,0.3366,,1.677
15-10-2022,Indonesia,Asia,Omicron BA.2,20,0,,206,60,0.3298,0.0436,1,0.3322,15.45,2.425
26-07-2021,Germany,Europe,Delta,2,0,1,22,26,0.867139309,0.1217,0,0.2791,73.01,0.484
26-05-2022,Pakistan,Asia,Omicron BA.2,94,1,88,1139,376,0.2475,0.0467,8,0.2595,27.56,2.071
31-07-2021,UK,Europe,Delta,19,0,18,272,380,0.0464,,6,0.2898,65.63,0.477
02-02-2020,Japan,Asia,Original,27,0,25,490,432,0.0573,0.0999,12,0,16.2,0.741
29-07-2021,Brazil,South America,Delta,6,0,5,61,48,0.1275,0.2094,,0.1887,78.69,0.4
09-10-2020,South Africa,Africa,Original,3,0,2,44,9,0.3267,0.1074,1,0,57.68,
23-10-2022,Brazil,South America,Omicron BA.2,44,0,41,678,264,0.1642,0.0435,,0.5936,32.3,1.6
08-11-2020,South Africa,Africa,Alpha,1,0,0,14,3,0.3311,0.171,,0,40.06,0.868
09-02-2021,USA,North America,Alpha,16,0,15,271,384,0.0555,0.1793,14,,51.35,0.532
25-05-2020,India,Asia,Original,34,1,31,593,204,0.1642,0.1049,18,0,61.38,0.486
21-11-2020,USA,North America,Alpha,24,0,22,336,384,0.0663,0.2283,19,0,43.9,0.981
24-06-2022,Italy,Europe,Omicron BA.2,1,0,0,14,17,0.0862,0.0316,0,0.7408,15.74,1.788
08-06-2021,South Korea,Asia,Delta,2,0,1,32,48,0.0338,0.193,1,0.2007,,0.423
06-11-2022,Spain,Europe,Omicron BA.2,26,0,24,377,338,0.1,0.0229,1,0.92,11.09,1.677
05-04-2020,Spain,Europe,Original,1,0,0,16,17,0.045,0.105,0,0,93.08,0.4
13-12-2022,Brazil,South America,Omicron BA.2,5,0,4,89,45,0.1086,0.0598,,0.6226,35.75,1.042
30-05-2020,France,Europe,Original,1,0,0,12,,,0.1197,0,0,46.88,
02-12-2020,Italy,Europe,Alpha,2,0,1,28,26,0.0772,0.1535,0,0,50.68,0.627
01-02-2020,Argentina,South America,Original,1,0,0,11,,,0.1825,0,0,14.94,0.957
13-10-2022,South Africa,Africa,Omicron BA.2,5,0,4,54,15,0.3241,0.0511,,,23.67,1.436
25-01-2021,Canada,North America,Alpha,1,0,0,15,15,0.0762,0.1015,0,,,0.495
13-08-2020,Russia,Europe,Original,18,1,16,241,144,0.1172,0.1262,4,0,44.55,0.753
11-03-2020,Japan,Asia,Original,34,0,31,411,,,0.1072,9,0,,0.4
05-11-2021,Russia,Europe,Omicron,9,0,8,160,54,0.1806,0.0916,,0.2683,51.86,1.115
23-06-2022,India,Asia,Omicron BA.2,836,3,796,11160,5016,0.1601,0.0647,176,0.4823,23.51,
09-01-2021,Italy,Europe,Alpha,1,0,0,15,23,0.0329,0.1256,0,0,82.57,0.4
14-08-2022,Canada,North America,Omicron BA.2,15,0,0,15,14,0.0852,0.0465,0,0.8242,19.5,1.284
02-10-2021,Mexico,North America,Delta,9,1,8,155,90,0.0974,0.2009,6,0.2364,41.49,1.038
24-04-2020,Canada,North America,Original,5,0,4,52,105,0.0428,0.1816,1,0,68.58,0.4
05-12-2020,Indonesia,Asia,Alpha,3,0,2,42,9,0.3412,0.166,1,0,41.65,0.855
07-10-2021,Russia,Europe,Omicron,15,0,14,247,150,0.1085,,2,0.2474,64.76,
28-02-2021,Indonesia,Asia,Alpha,76,4,67,1010,380,0.1968,0.1528,41,0.0128,60.36,0.567
29-08-2021,Japan,Asia,Delta,6,0,5,99,144,0.0378,0.1445,3,0.3007,42.95,0.992
20-09-2021,USA,North America,Delta,4,0,3,41,56,0.0684,0.1379,1,0.3308,49.31,0.558
01-02-2021,Australia,Oceania,Alpha,30,0,28,342,480,0.0682,0.1365,7,0.034,69.42,0.4
12-03-2022,Germany,Europe,Omicron,1,0,0,16,18,0.0594,0.0697,0,0.6026,38.58,0.909
20-07-2020,Colombia,South America,Original,11,0,10,138,88,0.1194,0.1914,,0,61,0.4
10-06-2020,South Africa,Africa,Original,2,0,1,29,6,0.3236,0.1796,1,0,53.05,0.541
05-07-2020,Japan,Asia,Original,11,0,10,155,187,0.0541,0.1332,3,,74.24,0.4
06-11-2020,Argentina,South America,Original,1,0,0,15,10,0.1098,0.0999,0,,49.89,0.46
19-09-2022,Argentina,South America,Omicron BA.2,16,0,15,227,176,0.0903,0.0436,,0.5565,12.93,1.619
22-10-2021,Pakistan,Asia,Omicron,10,0,9,159,30,0.3553,,2,0.1478,37.74,1.611
04-11-2022,Pakistan,Asia,Omicron BA.2,14,0,12,183,42,0.3292,0.0859,4,0.3276,23.96,1.73
30-06-2020,India,Asia,Original,121,1,111,1596,1089,0.1042,,,0,61.11,0.516
12-04-2021,USA,North America,Alpha,20,0,18,229,300,0.0603,0.1116,6,0.1411,69.86,0.461
10-07-2020,Colombia,South America,Original,1,0,0,11,7,0.1417,0.1636,0,0,57.76,0.445
15-09-2022,Italy,Europe,Omicron BA.2,4,0,3,53,88,0.0392,0.0238,0,0.8597,37.34,0.863
15-08-2021,South Korea,Asia,Delta,3,0,2,46,72,0.0427,0.1027,1,0.3032,62.1,0.739
18-05-2021,Japan,Asia,Delta,1,0,0,17,14,0.0812,0.1802,0,0.1782,70.6,0.517
06-09-2022,Turkey,Asia,Omicron BA.2,6,0,,72,66,0.0683,,0,0.5515,13.75,2.445
07-05-2020,Spain,Europe,Original,-17,0,16,182,,,0.1516,6,0,52.68,0.545
30-10-2021,South Africa,Africa,Delta,1,0,0,13,3,0.3244,0.1307,0,0.1598,52.79,0.935
13-03-2022,South Africa,Africa,Omicron BA.2,10,0,,129,30,0.3251,0.0466,,0.2125,24.05,2.072
22-11-2022,Canada,North America,Omicron BA.2,1,0,,13,19,0.0507,0.0234,0,0.92,17.63,1.783
14-09-2022,South Africa,Africa,Omicron BA.2,1,0,0,11,4,0.2401,0.0535,,,36.73,1.921
03-11-2022,Brazil,South America,Omicron BA.2,215,1,200,3399,2365,0.096,,42,0.5979,27.35,1.907
10-06-2022,Japan,Asia,Omicron BA.2,25,0,23,336,325,0.0857,0.0329,3,0.7375,29.64,1.081
14-11-2021,Germany,Europe,Omicron,4,0,3,40,92,0.0232,0.0687,0,0.43,35.75,1.569
08-09-2020,Brazil,South America,Original,6,0,5,103,36,0.171,0.1236,,0,37.33,0.626
06-11-2022,France,Europe,Omicron BA.2,30,0,28,498,690,0.0468,0.0331,3,0.92,15.99,1.202
27-11-2021,Spain,Europe,Omicron,48,0,44,538,1104,0.0488,0.053,7,0.4415,38.18,1.425
22-01-2021,South Korea,Asia,Alpha,5,0,4,78,110,0.0417,0.2134,4,,55.4,0.6
02-12-2022,Brazil,South America,Omicron BA.2,39,0,37,530,273,0.1375,0.0372,5,0.6135,27.84,1.836
22-09-2022,Spain,Europe,Omicron BA.2,12,0,11,121,276,0.045,,0,0.8728,14.21,1.798
23-11-2021,Australia,Oceania,Omicron,1,0,0,13,17,0.0538,0.0412,0,0.4428,29.95,1.813
09-08-2020,Spain,Europe,Original,1,0,0,16,21,0.0543,0.199,0,,42.79,0.76
17-09-2021,Canada,North America,Delta,4,0,3,42,84,0.0393,0.1957,1,0.3424,71.44,0.553
07-05-2020,Canada,North America,Original,1,0,0,14,,,0.1284,0,,56.5,0.579
04-06-2021,Pakistan,Asia,Delta,59,1,56,1002,236,0.2403,0.1583,,0.0844,86.2,0.4
06-08-2021,USA,North America,Delta,2,0,1,27,48,0.0443,0.1688,1,0.2886,44.47,0.847
25-02-2021,Brazil,South America,Alpha,11,0,9,195,88,0.1254,,9,0.0506,72.94,0.402
20-08-2022,Spain,Europe,Omicron BA.2,4,0,,59,64,0.0567,0.0291,0,0.8369,32.43,1.407
15-11-2020,Spain,Europe,Alpha,7,0,6,75,91,0.0779,0.1689,3,0,54.54,0.493
28-10-2020,South Korea,Asia,Original,1,0,0,17,21,0.0273,0.1039,0,0,47.56,0.44
24-11-2022,Canada,North America,Omicron BA.2,11,0,,168,220,0.0525,0.0293,0,0.92,39.35,1.349
05-11-2022,Indonesia,Asia,Omicron BA.2,125,2,118,1995,625,0.1975,0.0382,13,0.3303,35.07,2.183
04-12-2020,Russia,Europe,Alpha,43,1,40,557,387,0.1193,0.2045,30,0,37.28,0.663
22-04-2022,France,Europe,Omicron BA.2,7,0,6,103,98,0.087,0.0418,1,0.6541,35.47,1.802
12-09-2021,Turkey,Asia,Delta,25,0,23,438,250,0.1034,0.1583,,0.2189,42.33,0.734
09-02-2020,Japan,Asia,Original,34,0,32,576,,,0.1476,20,0,6.13,0.776
20-09-2020,Argentina,South America,Original,11,0,10,145,110,0.0935,,6,,42.6,0.552
24-04-2020,Pakistan,Asia,Original,14,0,12,244,42,0.3371,0.1347,,,67.8,0.4
17-09-2020,France,Europe,Original,3,0,2,36,69,0.0366,0.176,1,0,54,0.632
29-09-2020,Indonesia,Asia,Original,3,0,2,35,12,0.2349,0.1897,,,53.16,0.4
23-08-2020,Indonesia,Asia,Original,92,3,83,1104,276,0.3149,,35,0,33.57,0.57
04-09-2021,UK,Europe,Delta,1,0,0,11,13,0.086,0.1951,0,0.353,45.24,0.832
02-10-2022,Spain,Europe,Omicron BA.2,12,0,,165,180,0.0552,0.02,0,0.8985,33.24,1.477
15-12-2021,UK,Europe,Omicron,4,0,3,66,96,0.0476,0.0729,1,0.4816,50.56,0.841
06-12-2022,Argentina,South America,Omicron BA.2,3,0,,32,18,0.1734,0.0519,,0.6513,13.15,2.299
10-08-2022,Mexico,North America,Omicron BA.2,1,0,,11,6,0.1648,0.063,,0.5296,,1.446
02-03-2021,Argentina,South America,Alpha,9,0,8,109,54,0.1704,0.1962,3,0.0478,71.74,0.4
19-04-2020,UK,Europe,Original,18,0,17,217,216,0.1024,,5,0,,0.4
20-04-2020,South Africa,Africa,Original,1,0,0,12,4,0.2497,0.1578,,0,65.77,0.437
30-09-2022,USA,North America,Omicron BA.2,3,0,2,30,57,0.0492,,0,0.8852,28.15,1.325
29-11-2021,Italy,Europe,Omicron,13,0,12,232,208,0.0478,,2,0.4744,40.62,0.934
13-07-2020,Pakistan,Asia,Original,29,0,26,423,116,0.2379,0.1592,19,0,67.59,0.4
24-05-2022,Mexico,North America,Omicron BA.2,29,1,,356,290,0.0874,0.0427,3,0.44,26.84,1.441
06-02-2021,USA,North America,Alpha,136,1,130,2148,2720,0.0461,0.167,83,0.0403,71.16,0.4
01-03-2021,Germany,Europe,Alpha,14,0,13,218,168,0.0874,,5,0.0866,51.6,
07-01-2021,Brazil,South America,Alpha,55,1,52,588,440,0.1316,0.1151,17,0,68.8,0.4
06-11-2022,Colombia,South America,Omicron BA.2,4,0,3,41,36,0.1125,0.0303,0,0.6223,31.97,1.825
01-07-2020,Mexico,North America,Original,7,0,6,101,70,0.1011,0.1057,2,,56.32,0.512
06-02-2021,Brazil,South America,Alpha,10,0,9,151,110,0.0841,0.132,,,60.31,0.704
04-03-2022,Russia,Europe,Omicron BA.2,1,0,0,13,8,0.1223,0.0755,0,0.3812,47.71,1.815
01-10-2022,Australia,Oceania,Omicron BA.2,1,0,0,16,12,0.0739,0.02,0,0.8752,18.67,1.677
21-06-2020,Mexico,North America,Original,190,7,177,2886,2090,0.0818,0.1801,104,0,63.79,0.4
30-08-2022,Colombia,South America,Omicron BA.2,4,0,3,69,44,0.1151,0.0359,0,0.533,24.85,
06-01-2021,Germany,Europe,Alpha,6,0,5,82,138,0.0503,0.1737,2,0.0034,60.48,0.71
25-10-2020,Spain,Europe,Original,5,0,4,69,90,0.0503,0.1843,2,,53.88,0.405
30-08-2021,Indonesia,Asia,Delta,17,1,15,238,51,0.3257,,13,0.1098,41.98,1.382
27-06-2021,South Africa,Africa,Delta,2,0,1,34,10,0.1885,0.2473,,0.0961,59.64,0.704
16-08-2022,South Korea,Asia,Omicron BA.2,4,0,3,66,72,0.0578,0.0214,0,0.8217,11.21,2.241
08-07-2021,Germany,Europe,Delta,5,0,4,51,120,0.0296,0.1737,2,0.2635,68.79,0.4
27-07-2021,Italy,Europe,Delta,2,0,1,25,28,0.0677,0.1047,0,0.2875,76.32,0.4
06-11-2020,Australia,Oceania,Alpha,1,0,0,12,20,0.0514,0.1325,0,0,57.25,0.557
14-03-2021,Canada,North America,Alpha,1,0,0,10,23,0.0396,0.1225,0,0.0878,61.29,0.605
19-10-2020,India,Asia,Original,8,0,7,105,56,0.1341,0.1634,2,0,54.58,0.551
04-10-2020,Pakistan,Asia,Original,3,0,2,34,15,0.2107,0.1452,1,,51.03,0.471
08-03-2021,Japan,Asia,Alpha,17,0,16,205,306,0.0548,0.1097,5,0.1021,72.79,0.4
27-05-2021,Brazil,South America,Delta,54,2,49,828,432,0.1186,0.2379,,0.1326,64.95,0.63
27-04-2022,South Korea,Asia,Omicron BA.2,1,0,0,13,22,0.0377,0.0512,0,0.6721,23.31,1.291
13-10-2021,Japan,Asia,Omicron,6,0,5,106,138,0.0371,0.0519,1,0.3827,59.63,
19-10-2021,Canada,North America,Delta,2,0,1,23,42,0.063,0.1242,0,0.3837,65.32,
24-04-2020,Argentina,South America,Original,3,0,2,48,24,0.141,0.1442,1,0,81.21,0.4
11-04-2020,UK,Europe,Original,1,0,0,12,20,0.0464,,0,0,86.08,0.4
08-10-2020,India,Asia,Original,20,0,19,341,180,0.1098,0.1994,,0,37.92,0.59
22-10-2022,Russia,Europe,Omicron BA.2,10,0,,169,90,0.1113,0.0289,0,0.5962,,2.632
22-11-2020,Argentina,South America,Alpha,3,0,2,51,33,0.0819,0.1396,,0,39.53,0.864
12-04-2021,Australia,Oceania,Alpha,2,0,1,29,40,0.0467,0.1052,0,0.1353,70.58,0.4
24-10-2021,France,Europe,Delta,1,0,0,16,18,0.0531,0.1287,0,0.4125,55.78,0.904
11-05-2020,France,Europe,Original,3,0,2,44,,,0.1053,1,,62.63,0.4
16-03-2022,Colombia,South America,Omicron BA.2,-3,0,2,39,21,0.1599,0.0367,0,0.401,34.73,1.468
03-06-2022,Germany,Europe,Omicron BA.2,9,0,8,101,162,0.059,0.0396,0,0.7319,35.16,1.626
16-10-2021,UK,Europe,Delta,16,0,14,265,368,0.0454,0.1767,7,0.403,69.28,0.4
30-10-2020,Australia,Oceania,Original,1,0,0,14,13,0.0664,0.205,0,0,40.86,0.549
06-12-2021,Argentina,South America,Omicron,5,0,4,69,55,0.0762,0.0456,,0.2931,27.84,1.376
12-03-2020,Japan,Asia,Original,3,0,2,37,63,0.0567,,1,0,89.32,0.4
18-09-2022,India,Asia,Omicron BA.2,750,2,722,12913,6000,0.1175,0.0345,,0.551,21.55,1.886
19-09-2021,Italy,Europe,Delta,4,0,3,55,84,0.0436,0.1025,1,0.3691,66.62,0.443
23-01-2020,France,Europe,Original,4,0,3,64,96,0.0395,0.1015,1,0,9.84,0.791
21-10-2020,Pakistan,Asia,Original,1,0,0,10,3,0.333,0.1225,0,,39.31,0.565
06-08-2021,Russia,Europe,Delta,153,0,8,96,81,0.1081,0.2129,,0.1831,47.17,0.829
27-07-2021,UK,Europe,Delta,2,0,1,30,24,0.0764,,1,0.2782,63.82,0.417
13-03-2021,Brazil,South America,Alpha,36,2,32,429,324,0.13,0.1133,8,0.0511,63.6,0.424
10-09-2022,Turkey,Asia,Omicron BA.2,4,0,3,49,32,0.1341,0.0592,0,0.5496,34.24,1.771
18-12-2020,Japan,Asia,Alpha,1,0,0,11,24,0.044,,0,0,60.1,0.432
07-07-2020,South Africa,Africa,Original,1,0,0,15,3,0.3163,,0,0,70.54,0.4
30-11-2022,Turkey,Asia,Omicron BA.2,5,0,4,67,55,0.0787,,,0.6273,33.7,1.884
11-07-2020,Australia,Oceania,Original,1,0,0,15,22,0.0388,0.1439,0,0,,0.572
01-02-2020,Turkey,Asia,Original,15,0,14,210,,,0.2095,11,0,11.31,0.83
24-10-2022,Japan,Asia,Omicron BA.2,1,0,0,12,14,0.061,0.0375,0,0.9004,,0.98
10-04-2021,Italy,Europe,Delta,17,1,15,251,306,0.0793,0.2359,9,0.1173,66.1,0.408
23-10-2022,Mexico,North America,Omicron BA.2,10,0,,101,60,0.1645,0.057,1,0.5939,38.58,1.641
25-06-2020,Colombia,South America,Original,8,0,7,99,88,0.085,0.1453,,,75.23,0.4
21-02-2021,Indonesia,Asia,Alpha,55,2,50,970,275,0.1882,0.2066,58,0.0096,,0.4
21-01-2022,Japan,Asia,Omicron,37,0,34,584,444,0.0864,0.0726,8,0.5386,,1.213
29-12-2021,Canada,North America,Omicron,12,0,11,170,240,0.0492,0.0364,1,0.4951,26.07,1.595
04-03-2020,South Africa,Africa,Original,1,0,0,11,4,0.2402,0.1525,0,0,93.95,0.4
28-12-2020,Turkey,Asia,Alpha,4,0,3,63,40,0.1065,0.1542,2,,65.23,0.416
07-10-2021,Russia,Europe,Delta,5,0,4,73,55,0.0905,0.1286,1,0.2441,51.37,0.849
04-07-2020,UK,Europe,Original,1,0,0,11,21,0.0619,0.2046,0,0,50.67,0.627
05-10-2022,Colombia,South America,Omicron BA.2,1,0,0,12,7,0.153,,,0.5707,43.57,1.686
21-04-2020,USA,North America,Original,48,0,45,503,912,0.051,0.1764,20,0,70.63,0.4
31-01-2021,Italy,Europe,Alpha,3,0,2,50,39,0.0733,0.2018,2,0.0471,50.65,
08-07-2021,France,Europe,Delta,35,1,33,570,700,0.0437,0.1932,17,0.2411,75.4,0.4
08-08-2021,France,Europe,Delta,1,0,0,11,16,0.0672,0.0963,0,0.3049,51.44,0.849
13-03-2022,Canada,North America,Omicron BA.2,5,0,,68,105,0.0433,,0,0.5991,35.3,1.643
03-08-2022,Canada,North America,Omicron BA.2,1,0,0,12,12,0.0866,,0,0.7862,35.05,1.436
29-11-2021,Argentina,South America,Omicron,2,0,1,22,16,0.129,0.0883,0,0.3089,32.48,1.446
09-09-2022,South Africa,Africa,Omicron BA.2,27,0,25,380,108,0.2416,0.0804,6,0.2991,14.09,2.157
27-12-2022,India,Asia,Omicron BA.2,123,1,117,1866,1107,0.108,0.052,18,0.637,12.03,1.619
14-10-2020,Indonesia,Asia,Original,18,1,16,183,72,0.2502,0.1766,5,0,40.49,0.541
20-08-2021,Turkey,Asia,Delta,1,0,0,16,8,0.1223,0.1939,,0.2144,49.77,0.833
09-11-2020,Spain,Europe,Alpha,19,0,17,222,304,0.0459,0.2128,10,0,44.04,1.015
07-10-2021,India,Asia,Delta,73,1,68,856,584,0.1186,0.1187,,0.2374,54.95,0.911
27-10-2021,USA,North America,Omicron,39,0,37,630,624,0.0518,0.0436,7,0.4112,64.34,0.799
11-01-2021,Colombia,South America,Alpha,32,1,30,408,352,0.0796,0.1512,,0.0053,78.92,0.4
10-07-2020,Australia,Oceania,Original,1,0,0,15,16,0.0633,0.1399,0,0,66.27,0.4
09-07-2022,France,Europe,Omicron BA.2,53,0,,855,689,0.0715,0.0462,7,0.7635,25.45,1.499
11-10-2020,Spain,Europe,Original,8,0,7,84,136,0.0618,0.1719,3,0,47.12,0.73
21-12-2021,Indonesia,Asia,Omicron,66,1,60,948,198,0.3082,0.1029,15,0.1843,37.94,1.56
01-04-2021,South Korea,Asia,Alpha,1,0,0,10,20,0.0387,0.1534,0,0.1157,86.94,
12-05-2022,Russia,Europe,Omicron BA.2,24,0,,400,264,0.0934,0.0581,3,0.4256,22.69,1.625
21-04-2022,Argentina,South America,Omicron BA.2,4,0,,60,24,0.1664,0.0675,0,0.4005,29.02,
20-09-2021,Pakistan,Asia,Delta,37,1,34,668,148,0.2475,,26,,70.61,0.416
22-03-2020,Colombia,South America,Original,7,0,6,115,,,,3,0,68.89,
09-05-2022,Turkey,Asia,Omicron BA.2,33,0,,468,297,0.1339,0.0732,6,0.4403,23.66,2.063
31-05-2020,Italy,Europe,Original,26,0,24,291,390,0.0914,0.1792,7,0,72.16,0.4
18-03-2021,France,Europe,Alpha,1,0,0,13,16,0.0389,0.1096,0,0.0953,79.07,0.4
14-02-2022,Colombia,South America,Omicron BA.2,5,0,4,87,50,0.0898,0.0657,,0.3746,45.54,1.573
16-09-2020,Spain,Europe,Original,1,0,0,14,15,0.0698,0.1788,0,,32.07,0.509
19-12-2020,Italy,Europe,Alpha,1,0,0,12,19,0.0576,0.1725,0,0,,0.476
18-08-2022,USA,North America,Omicron BA.2,38,0,,635,456,0.0869,0.0322,6,0.8218,13.35,1.915
30-05-2020,Italy,Europe,Original,7,0,6,109,126,0.0611,0.134,3,0,68.23,0.425
02-12-2021,Germany,Europe,Omicron,26,0,24,369,312,0.0847,0.0649,5,0.4493,39.71,0.853
27-09-2022,South Korea,Asia,Omicron BA.2,1,0,,13,22,0.0388,0.0398,0,0.8943,24.05,1.539
08-07-2020,Brazil,South America,Original,9,0,8,117,99,0.098,0.1608,,0,53.05,0.606
10-11-2020,Italy,Europe,Alpha,3,0,2,36,60,0.049,0.1766,1,0,60.68,0.44
15-05-2020,UK,Europe,Original,1,0,0,12,13,0.0727,0.1112,0,0,68.5,0.4
27-09-2021,Argentina,South America,Delta,1,0,0,14,11,0.0825,0.155,,0.2219,62.87,0.636
12-06-2020,Pakistan,Asia,Original,22,0,20,244,66,0.3447,,9,0,56.47,0.4
29-11-2021,India,Asia,Omicron,600,4,575,7031,6600,0.1009,0.0604,102,0.2957,29.45,1.714
13-11-2021,South Korea,Asia,Omicron,1,0,0,11,13,0.0937,0.0406,0,0.4436,45.15,1.411
28-07-2020,Brazil,South America,Original,5,0,4,68,40,0.1306,0.1964,3,0,,0.468
29-07-2022,India,Asia,Omicron BA.2,100,0,94,1421,700,0.1437,,,0.5105,36.92,1.451
12-11-2022,Spain,Europe,Omicron BA.2,2,0,,23,24,0.0673,,0,0.92,33.21,1.043
23-02-2021,Argentina,South America,Alpha,34,1,31,335,374,0.0815,0.1245,,0.0189,66.72,
08-05-2021,South Korea,Asia,Delta,4,0,3,49,48,0.0774,0.242,3,0.1574,,
10-08-2020,Argentina,South America,Original,1,0,0,11,11,0.0867,0.153,0,0,52.71,
18-04-2020,Spain,Europe,Original,5,0,4,82,115,0.0332,0.098,1,0,66.65,0.4
24-10-2021,Turkey,Asia,Delta,13,0,12,224,143,0.1013,,13,0.2591,66.67,0.667
20-10-2021,Indonesia,Asia,Delta,5,0,4,66,20,0.2697,0.242,3,0.1446,40.47,1.343
05-03-2021,Mexico,North America,Alpha,4,0,3,52,24,0.1633,0.1106,,0.0426,72.81,0.4
04-11-2020,USA,North America,Alpha,4,0,3,41,56,0.0759,0.179,1,0,35.18,0.613
02-02-2021,Brazil,South America,Alpha,51,2,46,636,561,0.0904,0.1954,,0.0169,80.56,0.4
18-05-2021,South Africa,Africa,Delta,7,0,6,95,28,0.2606,0.2556,6,0.0533,70.89,0.646
09-03-2022,Germany,Europe,Omicron BA.2,15,0,,176,345,0.0413,0.053,2,0.5972,49.33,1.426
11-08-2021,Colombia,South America,Delta,4,0,3,70,28,0.1522,0.1804,2,0.1952,,1.021
22-10-2021,Japan,Asia,Delta,1,0,0,11,23,0.0384,,0,0.3865,60.1,0.513
18-10-2020,Russia,Europe,Original,29,0,27,296,319,0.0788,0.1061,,,35.93,0.504
14-08-2020,Canada,North America,Original,2,0,1,34,42,0.0421,0.2001,1,0,38.94,0.575
03-06-2021,Canada,North America,Delta,2,0,1,32,36,0.058,0.1787,1,0.2038,79.09,0.4
29-06-2021,Russia,Europe,Delta,2,0,1,29,20,0.0986,0.1272,0,0.16,61.98,0.858
12-06-2022,Japan,Asia,Omicron BA.2,2,0,1,28,24,0.0747,0.0274,0,0.7398,27.01,1.279
14-02-2020,Colombia,South America,Original,1,0,0,15,,,0.168,0,,5.09,0.785
04-07-2020,Indonesia,Asia,Original,4,0,3,42,12,0.3263,0.1369,1,,,0.4
10-10-2021,Indonesia,Asia,Delta,144,6,129,2296,432,0.3339,0.2127,83,0.1218,43.45,0.786
18-05-2020,France,Europe,Original,1,0,0,17,,,0.1287,0,,51.54,0.534
01-02-2020,South Korea,Asia,Original,1,0,0,12,,,,0,,10.4,1.17
11-12-2020,Japan,Asia,Alpha,22,0,21,232,440,0.032,0.2228,9,0,,0.699
28-05-2021,Japan,Asia,Delta,50,0,48,889,1100,0.0533,0.2342,43,0.1923,54.4,0.826
19-07-2020,Germany,Europe,Original,1,0,0,17,16,0.079,0.1895,0,0,60.59,
16-06-2020,France,Europe,Original,2,0,1,20,24,0.0914,0.1565,0,0,43.49,0.514
19-06-2022,Mexico,North America,Omicron BA.2,3,0,2,51,24,0.1131,0.0482,,0.4702,19.45,2.136
20-05-2020,Argentina,South America,Original,1,0,0,17,6,0.182,0.1235,,0,66.34,0.405
23-06-2021,South Africa,Africa,Delta,1,0,0,10,5,0.1934,0.2034,,0.074,59.01,
25-02-2022,Italy,Europe,Omicron,33,0,31,476,792,0.0433,0.0564,5,0.5863,32.22,
19-07-2022,Colombia,South America,Omicron BA.2,5,0,4,83,35,0.1405,0.0682,,0.509,37,
01-05-2021,Japan,Asia,Delta,8,0,7,99,160,0.0316,,2,0.16,75.49,0.511
18-05-2020,South Africa,Africa,Original,2,0,1,26,6,0.3326,0.1426,0,,59.39,0.4
17-12-2021,Brazil,South America,Omicron,16,0,15,181,160,0.1001,0.0695,3,0.3158,34.57,
07-07-2020,Spain,Europe,Original,4,0,3,45,48,0.0883,0.1509,1,0,57.87,0.4
18-02-2022,France,Europe,Omicron BA.2,8,0,7,117,136,0.0441,0.0562,1,0.5783,34.51,1.257
25-01-2022,USA,North America,Omicron,1,0,0,16,14,0.0608,0.0627,0,0.5348,50.01,
07-02-2021,Indonesia,Asia,Alpha,36,2,32,521,144,0.2455,0.225,,,82.13,0.4
15-08-2020,South Africa,Africa,Original,6,0,5,67,18,0.3327,0.2057,3,0,,0.534
25-04-2021,Japan,Asia,Delta,40,0,38,540,640,0.0756,0.1789,27,0.1597,59.34,0.852
04-12-2020,Indonesia,Asia,Alpha,2,0,1,34,8,0.2652,,0,,51.04,0.816
09-04-2022,UK,Europe,Omicron BA.2,23,0,,348,529,0.0554,0.0326,2,0.661,22.11,1.664
30-06-2022,Japan,Asia,Omicron BA.2,5,0,,49,80,0.0547,,0,0.7813,20.26,1.174
24-03-2022,Pakistan,Asia,Omicron BA.2,17,0,,203,85,0.2077,0.0719,,0.2245,20.81,1.969
15-01-2021,Germany,Europe,Alpha,14,0,12,148,322,0.0407,0.1621,5,0.0206,53.9,0.51
08-03-2021,UK,Europe,Alpha,9,0,8,121,135,0.0529,0.152,3,0.0769,69.39,0.4
26-05-2022,Colombia,South America,Omicron BA.2,294,2,280,3177,2352,0.984625941,0.0761,39,0.4589,35.19,2.143
06-10-2021,South Korea,Asia,Delta,6,0,5,101,108,0.0472,0.0932,2,0.3837,43.14,0.849
13-09-2020,Argentina,South America,Original,1,0,0,12,10,0.0939,0.1878,,,39.82,0.742
14-04-2022,Turkey,Asia,Omicron BA.2,1,0,0,9,11,0.1025,0.0731,0,0.4251,11.81,2.919
01-12-2022,Germany,Europe,Omicron BA.2,2,0,,35,38,0.0528,0.0344,0,0.92,15.19,
13-10-2021,Italy,Europe,Delta,6,0,5,78,144,0.0426,0.1289,2,0.3936,59.1,0.662
16-08-2021,UK,Europe,Delta,4,0,3,49,56,0.0597,0.1884,1,0.2911,61.1,0.486
10-04-2022,Germany,Europe,Omicron BA.2,12,0,,208,276,0.0387,0.0507,2,0.6433,20.47,2.211
15-10-2022,Argentina,South America,Omicron BA.2,1,0,0,13,11,0.104,0.0564,,0.5842,25.57,2.231
08-03-2020,Italy,Europe,Original,5,0,4,51,,,0.1138,1,0,90.6,0.4
29-04-2022,Germany,Europe,Omicron BA.2,3,0,2,46,36,0.0738,0.0394,0,0.6535,,2.155
15-06-2021,Russia,Europe,Delta,7,0,6,106,42,0.1733,0.1549,,0.1394,64.88,0.549
11-03-2021,Spain,Europe,Alpha,18,0,17,248,360,0.0306,0.1558,11,0.0941,54.56,0.482
07-07-2020,Turkey,Asia,Original,12,0,11,167,108,0.0996,0.1465,,,44.69,0.689
03-03-2022,Argentina,South America,Omicron BA.2,4,0,3,62,36,0.1212,,0,0.3606,50.45,1.56
03-07-2022,Colombia,South America,Omicron BA.2,4,0,3,52,32,0.1059,0.0467,0,0.4968,37.11,1.501
18-03-2022,South Korea,Asia,Omicron BA.2,19,0,17,232,437,0.0498,0.0532,3,0.6217,25.29,
30-04-2022,Canada,North America,Omicron BA.2,2,0,1,33,28,0.0646,0.0437,0,0.6822,34.78,1.288
24-12-2021,Germany,Europe,Omicron,9,0,8,94,126,0.0828,0.076,2,0.4836,21.6,1.725
22-08-2020,Argentina,South America,Original,8,0,7,142,48,0.1669,0.1454,3,0,42.71,0.58
07-09-2020,Germany,Europe,Original,1,0,0,10,23,0.0596,0.142,0,,,0.551
08-05-2022,South Africa,Africa,Omicron BA.2,34,1,,460,102,0.3345,0.0861,,,26.94,2.547
26-11-2021,UK,Europe,Omicron,11,0,10,139,132,0.0849,0.0831,2,0.4428,33.8,1.188
16-11-2022,Turkey,Asia,Omicron BA.2,5,0,,59,50,0.0971,0.0535,0,0.6187,23.11,
22-10-2022,South Africa,Africa,Omicron BA.2,1,0,0,12,4,0.2493,0.0391,0,0.3426,32.64,1.841
12-07-2021,Brazil,South America,Delta,16,0,14,278,176,0.077,0.1831,13,0.1877,80.02,0.452
12-06-2020,Canada,North America,Original,1,0,0,17,22,0.0605,0.0946,0,0,76.97,0.4
28-09-2021,Argentina,South America,Delta,1,0,0,16,11,0.094,0.1097,0,0.2362,58.36,0.817
17-09-2021,Italy,Europe,Delta,12,0,11,168,144,0.0834,0.1027,3,0.3756,68.1,
05-12-2022,Spain,Europe,Omicron BA.2,7,0,,95,105,0.0798,0.0194,0,0.92,7.25,1.492
12-02-2020,India,Asia,Original,1788,24,1709,18606,10728,0.1703,,655,0,1.08,1.133
15-08-2021,Russia,Europe,Delta,3,0,2,33,24,0.1072,0.2054,1,0.1991,45.53,0.85
12-11-2020,Spain,Europe,Original,1,0,0,9,21,0.0366,,0,,35.05,0.719
15-05-2022,Pakistan,Asia,Omicron BA.2,5,0,,65,15,0.3435,0.0513,0,,29.5,1.423
25-11-2020,France,Europe,Alpha,7,0,6,81,154,0.048,0.1547,2,0,51.31,0.54
19-09-2020,Indonesia,Asia,Original,26,1,24,425,104,0.2495,0.1089,,0,,0.502
23-04-2020,Pakistan,Asia,Original,23,1,20,345,,,,,0,84.53,0.4
02-10-2020,USA,North America,Original,27,0,26,382,621,0.0488,0.1544,16,0,45.13,0.767
16-12-2022,Canada,North America,Omicron BA.2,5,0,4,69,65,0.0679,0.0305,0,0.92,41.75,0.778
17-03-2022,South Africa,Africa,Omicron BA.2,1,0,0,10,4,0.2565,0.0747,0,0.2147,,1.36
23-08-2022,Australia,Oceania,Omicron BA.2,1,0,0,17,23,0.0531,0.0243,0,0.835,13.94,2.118
12-01-2021,Mexico,North America,Alpha,3,0,2,37,21,0.1462,0.2104,1,0,71.12,0.4
31-03-2021,Canada,North America,Delta,13,0,12,203,312,0.034,0.1731,9,0.1229,87.01,0.4
28-12-2020,Pakistan,Asia,Alpha,10,0,9,165,30,0.3224,0.146,,,53.68,0.629
17-04-2021,Colombia,South America,Delta,1,0,0,17,6,0.1512,0.1974,0,0.0916,83.13,0.4
13-12-2021,UK,Europe,Omicron,60,0,57,1036,720,0.0903,,18,0.4942,46.18,1.041
23-06-2020,France,Europe,Original,1,0,0,13,22,0.0611,0.187,0,0,72.54,0.4
05-08-2022,South Africa,Africa,Omicron BA.2,10,0,,154,30,0.3321,0.0911,2,0.2765,,2.108
16-10-2022,France,Europe,Omicron BA.2,1,0,0,13,23,0.0465,0.021,0,0.8909,40.77,1.138
03-08-2020,UK,Europe,Original,1,0,0,15,15,0.0518,0.099,0,0,76.77,0.4
19-06-2021,Indonesia,Asia,Delta,63,2,57,773,189,0.3227,0.2052,,0.063,,
01-05-2020,Colombia,South America,Original,1,0,0,16,6,0.1546,0.1895,0,0,61.69,0.4
20-07-2022,USA,North America,Omicron BA.2,17,0,,284,408,0.0544,0.0398,2,0.7646,13.32,1.731
28-02-2020,Germany,Europe,Original,6,0,5,99,144,0.0439,0.0998,1,,82.15,0.4
24-06-2022,Russia,Europe,Omicron BA.2,7,0,6,90,49,0.1413,,0,0.4764,36.07,1.248
08-04-2020,India,Asia,Original,32,0,30,346,192,0.1823,0.185,,,86.6,0.4
03-12-2020,Italy,Europe,Alpha,12,0,11,143,204,0.0685,0.1337,5,,33.13,
05-06-2021,South Africa,Africa,Delta,1,0,0,11,4,0.247,0.1937,0,,60.57,0.521
28-08-2020,South Africa,Africa,Original,2,0,1,22,10,0.1947,0.1855,0,0,41.09,0.632
15-03-2020,Argentina,South America,Original,4,0,3,63,40,0.1164,,,0,91.25,0.4
12-10-2022,Spain,Europe,Omicron BA.2,31,0,28,453,651,0.0535,,1,0.92,10.93,1.21
31-03-2020,Turkey,Asia,Original,1,0,0,14,,,0.1895,0,,76.97,0.4
26-10-2022,Argentina,South America,Omicron BA.2,8,0,,82,80,0.089,,0,0.5817,,1.684
23-06-2021,South Africa,Africa,Delta,17,1,15,253,68,0.2464,,14,0.095,84.46,0.4
11-04-2021,South Africa,Africa,Alpha,5,0,4,54,25,0.1881,0.2086,1,0.0552,83.43,0.4
21-07-2022,Turkey,Asia,Omicron BA.2,19,0,,287,152,0.108,0.0701,6,0.4903,33.56,1.638
07-02-2021,Canada,North America,Alpha,1,0,0,11,23,0.0626,0.1374,0,0.0466,79.89,0.4
17-07-2022,South Korea,Asia,Omicron BA.2,2,0,1,20,42,0.0675,0.0409,0,0.7738,31.04,1.783
08-11-2021,South Africa,Africa,Delta,2,0,1,20,10,0.1886,0.1791,0,0.1518,49.39,
22-01-2022,Mexico,North America,Omicron,45,1,41,801,315,0.1357,,14,0.33,44.78,1.366
17-03-2021,Argentina,South America,Alpha,1,0,0,14,10,0.1112,,,0.0763,77.8,0.4
19-11-2021,South Africa,Africa,Omicron,9,0,8,155,36,0.2418,,,0.1649,41.59,1.023
22-03-2020,USA,North America,Original,7,0,6,88,,,0.103,2,0,89.8,0.4
30-07-2022,Spain,Europe,Omicron BA.2,3,0,2,50,48,0.0695,0.0385,0,0.8078,12.97,1.897
10-05-2020,France,Europe,Original,1,0,0,15,16,0.0661,0.1666,0,0,53.75,0.567
26-11-2022,Brazil,South America,Omicron BA.2,3,0,2,54,21,0.1407,0.0478,,0.617,28.33,1.386
19-12-2020,Mexico,North America,Alpha,7,0,6,75,49,0.1653,,1,0,52.32,0.548
06-12-2020,South Korea,Asia,Alpha,12,0,11,141,144,0.0851,0.1753,4,0,,
23-02-2020,Spain,Europe,Original,1,0,0,12,,,0.1349,0,,76.21,0.4
12-02-2021,Indonesia,Asia,Alpha,172,4,157,2838,688,0.2458,0.1844,,,53.33,0.774
27-03-2022,Italy,Europe,Omicron BA.2,2,0,1,25,28,0.0557,0.0513,0,0.6127,21.97,1.539
01-12-2020,Germany,Europe,Alpha,9,0,8,90,198,0.0519,0.1223,1,0,56.26,0.544
21-05-2020,Japan,Asia,Original,63,0,59,716,,,0.121,13,0,70.58,0.4
25-10-2022,USA,North America,Omicron BA.2,27,0,25,368,648,0.0592,0.0207,1,0.92,30.13,
23-10-2022,Russia,Europe,Omicron BA.2,1,0,,16,7,0.1347,0.0553,0,0.6035,31.25,1.692
11-10-2021,Russia,Europe,Omicron,19,0,18,195,133,0.1489,0.0583,1,0.2311,57.1,0.953
14-12-2021,UK,Europe,Omicron,8,0,7,130,176,0.0535,0.0465,1,0.4756,,
11-01-2022,Japan,Asia,Omicron,1,0,0,14,12,0.0951,0.0513,0,0.5185,51.63,1.269
23-02-2022,Australia,Oceania,Omicron BA.2,10,0,9,102,210,0.0532,0.0361,1,0.5756,35.54,1.433
21-10-2022,Turkey,Asia,Omicron BA.2,6,0,5,61,36,0.157,0.0398,,0.584,29.13,1.534
18-05-2022,France,Europe,Omicron BA.2,10,0,9,180,190,0.0489,0.0443,1,0.6956,,
02-08-2020,Australia,Oceania,Original,1,0,0,11,18,0.0391,,0,,73.74,0.4
08-12-2020,Brazil,South America,Alpha,51,1,48,877,408,0.1187,0.1008,18,0,,0.452
27-12-2020,Russia,Europe,Alpha,1,0,0,11,6,0.1681,0.2008,0,0,59.76,0.4
15-04-2021,France,Europe,Delta,10,0,9,173,230,0.0599,0.141,6,0.1449,67.7,0.544
23-02-2020,Turkey,Asia,Original,1,0,0,13,,,0.1043,0,,94.25,0.4
17-04-2021,Australia,Oceania,Delta,9,0,8,90,207,0.0639,0.1173,2,0.1399,64.08,0.753
21-10-2021,India,Asia,Delta,100,2,92,1378,900,0.1078,0.1484,,0.2481,65.31,0.755
16-09-2021,Spain,Europe,Delta,1,0,0,17,19,0.0568,0.1332,0,0.3615,56.05,0.73
14-06-2021,India,Asia,Delta,18,0,16,294,198,0.0977,0.1622,,0.1417,59.04,0.734
05-06-2022,Turkey,Asia,Omicron BA.2,4,0,3,44,28,0.134,,,0.474,25.57,1.94
01-09-2021,Germany,Europe,Delta,2,0,1,34,34,0.0394,0.1742,1,0.332,56.21,0.647
03-10-2020,Spain,Europe,Original,3,0,2,41,42,0.0621,0.1321,0,0,57.01,0.46
19-07-2021,Turkey,Asia,Delta,5,0,4,70,55,0.0938,,,0.1965,80.89,0.432
01-06-2021,Japan,Asia,Delta,163,1,155,2953,2119,0.0821,0.1737,92,0.1942,70.35,0.62
22-08-2021,Germany,Europe,Delta,23,0,21,246,322,0.0794,0.1733,12,0.3201,35.09,1.178
09-10-2022,Australia,Oceania,Omicron BA.2,1,0,0,16,19,0.0389,0.0394,0,0.8874,29.28,1.172
24-11-2021,Pakistan,Asia,Omicron,56,1,54,953,224,0.2361,0.1088,,0.1634,51.88,1.352
20-08-2021,Australia,Oceania,Delta,1,0,0,17,22,0.0351,0.1664,0,0.3174,48.97,0.981
24-04-2020,Mexico,North America,Original,1,0,0,11,9,0.0985,0.1959,,0,89.83,
28-07-2020,Russia,Europe,Original,4,0,3,52,24,0.1682,,1,0,65.75,0.4
29-11-2020,Mexico,North America,Alpha,9,0,8,119,81,0.1141,0.1794,5,0,37.58,0.838
20-11-2022,Turkey,Asia,Omicron BA.2,29,0,27,315,174,0.1531,0.0367,,0.6237,30.32,1.939
29-06-2020,France,Europe,Original,27,1,25,434,405,0.0766,0.1366,14,,42.62,0.493
30-09-2022,Turkey,Asia,Omicron BA.2,9,0,,110,90,0.0961,0.0539,1,0.58,32.8,1.338
26-07-2020,Spain,Europe,Original,22,0,20,391,440,0.0645,0.1471,15,0,56.07,0.516
05-09-2021,Brazil,South America,Delta,124,3,118,2123,1240,0.0943,0.1916,,0.2309,44.27,1.089
11-08-2020,South Africa,Africa,Original,5,0,4,53,15,0.3404,0.1905,,,42.77,0.643
01-03-2020,UK,Europe,Original,18,0,17,232,324,0.053,0.1755,7,,87.91,0.4
18-12-2022,UK,Europe,Omicron BA.2,299,0,287,3214,3588,0.0923,0.0232,15,0.92,21.97,1.289
26-07-2020,Brazil,South America,Original,1,0,0,15,6,0.1726,0.1786,0,0,48.72,0.498
26-07-2021,India,Asia,Delta,42,1,39,620,336,0.1255,0.146,19,0.1718,65.46,0.471
02-09-2021,Colombia,South America,Delta,1,0,0,10,7,0.1682,,,0.2145,73.69,0.462
08-02-2022,Argentina,South America,Omicron,1,0,0,14,8,0.1293,0.0451,0,0.3572,26.53,1.212
20-08-2020,Turkey,Asia,Original,1,0,0,15,6,0.1711,,,,41.25,0.48
14-09-2022,South Africa,Africa,Omicron BA.2,6,0,,61,24,0.2419,0.0469,0,,17.18,
26-06-2021,Pakistan,Asia,Delta,8,0,7,96,40,0.1788,0.1677,,0.0983,60.72,
15-10-2022,Brazil,South America,Omicron BA.2,9,0,,131,99,0.0897,0.0627,2,0.5657,17.39,1.652
18-06-2020,Canada,North America,Original,7,0,6,94,112,0.0756,,5,0,,0.73
27-02-2022,Turkey,Asia,Omicron,2,0,1,34,14,0.1614,0.0624,0,0.3796,45.71,0.835
18-05-2021,Mexico,North America,Delta,9,1,7,101,90,0.1074,0.1826,3,0.1185,81.31,0.4
01-10-2021,Canada,North America,Delta,1,0,0,15,19,0.0498,0.1096,0,0.3786,69.76,0.555
26-09-2022,USA,North America,Omicron BA.2,7,0,6,102,119,0.0692,0.0226,0,0.8653,,1.646
25-06-2022,Turkey,Asia,Omicron BA.2,2,0,1,22,12,0.1776,0.0595,0,0.4977,17.02,
11-07-2020,Spain,Europe,Original,1,0,0,10,18,0.0567,0.1885,0,0,54.98,0.4
04-10-2021,Mexico,North America,Omicron,11,0,10,165,110,0.0992,0.0782,,0.2365,48.37,0.926
15-02-2020,UK,Europe,Original,1,0,0,10,,,0.1481,0,,13.32,1.186
27-05-2021,Indonesia,Asia,Delta,7,0,6,98,35,0.2177,0.2354,,0.0724,77.45,0.478
23-06-2022,Australia,Oceania,Omicron BA.2,1,0,0,13,22,0.0521,0.0432,0,0.7347,23.88,1.786
15-05-2022,Brazil,South America,Omicron BA.2,47,0,45,477,329,0.1349,0.0558,,0.4396,25.32,
14-10-2021,Turkey,Asia,Omicron,7,0,6,113,63,0.1033,0.0759,,0.2604,75.47,0.601
08-04-2020,Canada,North America,Original,3,0,2,52,63,0.0512,0.1594,1,0,85.58,0.4
19-10-2022,Russia,Europe,Omicron BA.2,3,0,,41,30,0.1029,0.044,,0.5865,10.43,1.433
31-07-2020,Germany,Europe,Original,3,0,2,39,63,0.0254,0.1912,1,0,45.09,0.634
25-09-2020,Germany,Europe,Original,1,0,0,10,23,0.0347,0.0972,0,0,50.22,0.679
16-11-2022,Pakistan,Asia,Omicron BA.2,9,0,,160,45,0.2098,0.0831,3,,32.09,1.484
27-02-2021,Spain,Europe,Alpha,1,0,0,17,20,0.0557,0.1044,0,0.0842,72.75,0.4
06-06-2020,Turkey,Asia,Original,2,0,1,29,20,0.1004,0.104,0,0,70.89,0.4
03-02-2021,South Africa,Africa,Alpha,1,0,0,14,5,0.1875,0.1177,,0.0292,62.37,0.536
16-02-2022,Germany,Europe,Omicron,8,0,7,81,160,0.0495,0.0339,0,0.5695,56.24,0.758
03-02-2021,Pakistan,Asia,Alpha,236,6,224,3255,1180,0.2071,0.1159,,0.0225,65.97,0.4
12-03-2022,Colombia,South America,Omicron BA.2,6,0,5,83,42,0.146,0.0405,0,0.3902,12.46,2.488
06-06-2022,Spain,Europe,Omicron BA.2,8,0,,90,192,0.0281,0.0354,0,0.7305,30.41,1.72
01-02-2021,France,Europe,Alpha,27,0,2,46,36,0.1013,0.168,1,0.0475,71.42,0.463
17-09-2021,South Africa,Africa,Delta,8,0,7,88,32,0.2415,0.1976,,0.1393,55.2,0.776
23-02-2022,Argentina,South America,Omicron BA.2,6,0,5,90,42,0.1456,0.0547,1,0.3702,31.74,1.256
30-08-2022,India,Asia,Omicron BA.2,71,0,66,849,710,0.0817,0.0519,13,0.5353,,1.264
14-01-2021,Japan,Asia,Alpha,6,0,5,91,96,0.0563,0.2117,4,0.0047,56.48,0.555
20-07-2020,Mexico,North America,Original,6,0,5,99,42,0.1435,0.1018,2,0,67.76,0.42
10-02-2021,South Korea,Asia,Alpha,6,0,5,85,90,0.0684,0.1645,2,0.0537,62.39,0.474
15-10-2021,Turkey,Asia,Delta,1,0,0,13,6,0.1548,0.224,0,0.2468,71.29,0.578
28-03-2022,Australia,Oceania,Omicron BA.2,1,0,0,14,13,0.0651,0.0459,0,0.6148,,1.449
26-08-2022,USA,North America,Omicron BA.2,75,0,,806,1800,0.0498,0.0201,2,0.8311,,1.531
27-10-2022,Argentina,South America,Omicron BA.2,8,0,,129,72,0.1351,0.0445,,0.5787,16.95,2.5
04-07-2021,Germany,Europe,Delta,11,0,10,163,231,0.0684,0.1797,7,0.2371,71.55,0.4
21-02-2022,France,Europe,Omicron,6,0,5,89,108,0.0528,0.0323,0,0.56,32.41,1.586
25-02-2022,Germany,Europe,Omicron BA.2,3,0,2,37,63,0.0323,0.0456,0,0.5965,29.6,
31-07-2022,South Africa,Africa,Omicron BA.2,7,0,6,76,28,0.2439,0.0645,1,0.2912,12.33,2.435
20-01-2022,Pakistan,Asia,Omicron,89,1,84,1130,267,0.3352,0.0928,25,0.1918,52.09,1.245
16-02-2022,Spain,Europe,Omicron BA.2,9,0,8,99,144,0.0821,0.0548,1,0.5695,54.2,
27-04-2022,Argentina,South America,Omicron BA.2,4,0,3,39,40,0.0892,,0,0.3989,37.63,2.017
17-01-2021,Italy,Europe,Alpha,1,0,0,14,17,0.0562,0.195,0,0.012,75.49,0.4
28-01-2022,Italy,Europe,Omicron,10,0,9,138,190,0.0569,0.0754,1,0.5374,34.76,1.463
16-07-2020,Turkey,Asia,Original,30,0,28,417,180,0.1821,0.1951,12,,66.77,0.4
15-01-2022,Italy,Europe,Omicron,15,0,14,154,360,0.0511,0.0766,3,0.5237,47.36,1.096
13-11-2020,South Korea,Asia,Alpha,1,0,0,13,12,0.0811,,0,0,55.33,0.687
05-04-2020,Spain,Europe,Original,1,0,0,16,12,0.0571,0.0909,0,0,83.08,0.4
29-10-2021,USA,North America,Omicron,38,0,36,573,684,0.0683,,8,0.4156,72.88,0.445
25-11-2021,Italy,Europe,Omicron,10,0,9,168,150,0.0689,0.0844,2,0.4376,48,
03-12-2021,Turkey,Asia,Omicron,1,0,0,14,11,0.1042,,0,0.3035,28.97,1.865
27-06-2022,UK,Europe,Omicron BA.2,29,0,26,380,551,0.0654,,3,0.7385,38.61,1.201
21-06-2021,Spain,Europe,Delta,16,0,15,254,224,0.0605,0.1339,8,0.2429,65.45,0.408
14-03-2021,USA,North America,Alpha,178,2,169,2925,3916,0.0382,0.1102,64,0.0795,59.85,0.4
16-09-2021,Brazil,South America,Delta,40,1,36,459,440,0.0844,0.1019,9,0.2235,52.49,
12-02-2020,India,Asia,Original,168,2,156,2794,,,0.0994,77,0,8.83,
02-11-2020,India,Asia,Original,157,2,148,2329,1727,0.0848,0.1938,,0,38.31,0.594
01-11-2022,Colombia,South America,Omicron BA.2,33,0,31,415,363,0.0866,0.0634,5,0.601,12.93,1.433
01-12-2020,Argentina,South America,Alpha,10,0,9,179,70,0.1474,0.1705,5,,45.18,0.507
28-06-2022,Germany,Europe,Omicron BA.2,1,0,,14,21,0.0631,0.0421,0,0.7448,8.21,1.478
30-10-2021,South Korea,Asia,Delta,2,0,1,21,46,0.0461,0.101,0,0.3981,66.98,
05-12-2021,Mexico,North America,Omicron,1,0,0,16,6,0.1668,0.0904,0,0.3035,40.76,
24-05-2022,Argentina,South America,Omicron BA.2,18,0,,291,108,0.165,0.0364,,0.448,18.28,
24-06-2020,Colombia,South America,Original,2,0,1,20,18,0.0983,0.116,,0,,0.4
25-01-2021,Argentina,South America,Alpha,8,0,7,138,56,0.1468,0.2174,8,0.0119,,0.525
30-03-2020,Italy,Europe,Original,1,0,0,14,12,0.0791,0.1164,0,,73.08,0.4
19-08-2022,France,Europe,Omicron BA.2,11,0,,174,198,0.0513,,1,0.8488,27.3,1.769
03-05-2020,Italy,Europe,Original,22,0,20,342,,,0.1236,8,0,43.09,0.584
06-11-2021,South Africa,Africa,Omicron,15,0,13,271,60,0.2526,0.0636,3,0.1412,67.01,0.574
01-08-2020,Russia,Europe,Original,64,2,59,966,384,0.1573,0.1562,,0,64.96,
09-08-2022,South Korea,Asia,Omicron BA.2,12,0,11,204,240,0.0547,0.0433,2,0.7973,17.78,1.895
03-07-2020,Russia,Europe,Original,12,0,11,147,132,0.0844,0.1517,,0,74.32,
07-03-2020,France,Europe,Original,8,0,7,132,96,0.063,0.0988,3,0,87.73,0.4
18-05-2020,Spain,Europe,Original,2,0,1,20,,,0.1871,0,0,52.75,0.568
30-09-2021,Colombia,South America,Delta,9,0,8,137,72,0.1264,0.2067,7,0.2411,47.33,0.707
17-09-2021,Brazil,South America,Delta,1,0,0,14,8,0.1297,0.1896,0,0.2275,41.07,0.87
22-12-2022,Canada,North America,Omicron BA.2,1,0,0,12,24,0.035,0.0231,0,0.92,38.42,1.406
19-08-2022,South Africa,Africa,Omicron BA.2,12,0,11,131,48,0.261,0.0589,1,0.294,26.26,2.103
08-09-2020,Indonesia,Asia,Original,1,0,0,15,5,0.184,0.0964,,0,57.38,0.4
22-02-2021,Argentina,South America,Alpha,1,0,0,15,11,0.0951,0.1767,0,0.0551,80.14,
29-01-2020,Russia,Europe,Original,7,0,6,97,77,0.0792,0.1212,3,,13.52,
10-11-2021,Germany,Europe,Delta,5,0,4,57,60,0.0994,0.1735,2,0.4391,58.42,0.778
26-06-2022,Spain,Europe,Omicron BA.2,1,0,0,11,14,0.0591,0.0474,0,0.7416,10.18,1.975
12-01-2022,France,Europe,Omicron,11,0,10,197,143,0.0606,0.074,3,0.5208,27.35,1.309
05-07-2022,Mexico,North America,Omicron BA.2,15,0,14,203,105,0.1498,0.0589,2,0.4983,29.13,2.124
30-09-2021,Mexico,North America,Delta,3,0,2,46,24,0.1428,0.1763,2,0.247,49.78,0.711
18-11-2021,Pakistan,Asia,Omicron,18,0,16,288,54,0.3185,0.049,,0.1641,52.68,1.26
02-08-2020,Italy,Europe,Original,10,0,9,141,120,0.0764,0.2053,4,0,64.66,0.4
22-03-2020,Italy,Europe,Original,25,1,23,379,,,,19,0,69.67,0.4
30-07-2020,Australia,Oceania,Original,1,0,0,16,24,0.0272,0.1093,0,,42.7,0.469
02-07-2021,Italy,Europe,Delta,2,0,1,35,32,0.0582,0.1381,1,0.2561,68.62,0.462
04-02-2020,Brazil,South America,Original,10,0,9,179,70,0.1408,0.0974,5,0,15.05,0.652
26-11-2022,Australia,Oceania,Omicron BA.2,1,0,0,18,21,0.0409,0.023,0,0.92,11.67,1.342
30-09-2021,Italy,Europe,Delta,3,0,2,47,63,0.0561,0.0906,0,0.3871,47.81,0.798
28-11-2021,Argentina,South America,Omicron,8,0,7,142,56,0.1725,0.0441,1,0.3034,46.92,1.203
19-10-2020,South Africa,Africa,Original,2,0,1,20,6,0.3281,0.1678,0,0,48.78,0.4
01-08-2022,Indonesia,Asia,Omicron BA.2,153,3,,2765,612,0.2295,0.048,,0.2821,35.09,2.109
17-05-2022,South Korea,Asia,Omicron BA.2,4,0,,55,72,0.0599,0.0518,0,0.6973,12.72,1.932
11-11-2022,Turkey,Asia,Omicron BA.2,1,0,0,17,7,0.1388,0.0495,0,0.6125,25.76,2.083
17-10-2021,Brazil,South America,Delta,39,1,35,540,390,0.1006,0.1712,21,0.262,54.18,0.703
15-12-2020,Mexico,North America,Alpha,9,1,7,116,90,0.0933,0.1782,,,72.97,0.4
06-12-2021,India,Asia,Omicron,20,0,18,227,200,0.0803,0.064,3,0.3062,,1.165
10-04-2021,Italy,Europe,Delta,1,0,0,10,13,0.0749,0.2138,0,0.1352,76.33,0.4
18-09-2021,Indonesia,Asia,Delta,8,0,7,119,32,0.2167,0.1824,,0.1178,49.13,0.789
03-05-2020,France,Europe,Original,1,0,0,15,,,0.1085,0,0,67.55,0.4
12-10-2020,South Korea,Asia,Original,3,0,2,36,45,0.0649,0.1533,0,0,55.78,0.449
23-04-2022,Colombia,South America,Omicron BA.2,2,0,1,25,14,0.1363,0.0755,0,0.4271,30.8,2.123
27-12-2020,Italy,Europe,Alpha,5,0,4,87,120,0.0469,0.1081,2,0,54.89,0.538
07-03-2021,Canada,North America,Alpha,1,0,0,14,17,0.0636,0.1666,0,0.0706,57.84,0.445
19-07-2021,Germany,Europe,Delta,9,0,8,156,198,0.0298,0.16,6,0.2621,72.27,0.443
20-02-2022,Mexico,North America,Omicron BA.2,6,0,5,108,36,0.1671,0.0751,,0.363,42.21,
03-06-2020,UK,Europe,Original,1,0,0,12,17,0.0542,0.1022,0,0,57.01,0.561
09-05-2020,South Africa,Africa,Original,1,0,0,18,,,0.1564,,,50.03,
25-01-2022,Argentina,South America,Omicron,1,0,0,15,6,0.145,0.0811,,0.3374,33.95,1.562
17-06-2020,Germany,Europe,Original,12,0,11,137,192,0.0658,0.1056,3,0,43.27,0.672
01-07-2020,Russia,Europe,Original,5,0,4,84,40,0.1279,0.1511,,0,48.18,0.579
25-11-2021,Indonesia,Asia,Omicron,6,0,5,65,30,0.1908,0.0587,0,0.1597,31.93,1.545
13-12-2020,Spain,Europe,Alpha,12,0,11,195,144,0.0908,0.1353,7,,69.54,0.4
21-04-2022,UK,Europe,Omicron BA.2,11,0,,111,176,0.0683,0.05,1,0.6479,27.7,1.137
03-08-2020,Indonesia,Asia,Original,35,1,33,505,175,0.1993,0.1135,9,0,49.69,0.4
20-05-2022,South Africa,Africa,Omicron BA.2,4,0,,49,20,0.2044,0.0637,0,0.2586,18.46,2.315
30-01-2020,Germany,Europe,Original,2,0,1,36,38,0.0584,0.161,0,0,3.68,0.996
23-12-2021,Russia,Europe,Omicron,4,0,3,41,32,0.1139,0.0706,,0.3167,46.43,1.115
16-03-2021,USA,North America,Alpha,23,0,21,396,437,0.0559,0.1078,12,0.1135,76.11,0.4
07-10-2022,Indonesia,Asia,Omicron BA.2,8,0,7,128,32,0.2638,0.0479,,,14.03,2.628
10-04-2022,Japan,Asia,Omicron BA.2,4,0,,58,68,0.0616,0.0573,0,0.6447,14.52,2.278
02-08-2020,Germany,Europe,Original,3,0,2,48,69,0.0319,0.1871,1,0,57.71,0.549
06-11-2021,USA,North America,Delta,13,0,12,140,156,0.0498,0.1613,5,0.4134,,0.965
26-06-2020,India,Asia,Original,96,1,91,1382,864,0.1111,0.0947,30,0,48.71,0.523
21-03-2020,Germany,Europe,Original,1,0,0,13,17,0.058,0.1024,0,0,68.03,0.429
18-02-2020,Indonesia,Asia,Original,14,0,13,164,56,0.2496,0.1131,4,0,8.57,1.186
18-11-2022,Mexico,North America,Omicron BA.2,5,0,4,83,45,0.122,0.0535,0,0.6224,31.03,1.218
13-10-2021,USA,North America,Delta,75,0,69,1177,1575,0.0333,0.1821,61,0.3894,47.75,0.639
05-04-2021,USA,North America,Delta,14,0,12,187,294,0.0281,0.1341,4,0.1371,82.14,0.4
06-04-2022,India,Asia,Omicron BA.2,49,0,47,537,392,0.1377,0.0693,,0.4194,19.7,2.35
24-05-2022,Indonesia,Asia,Omicron BA.2,11,0,10,144,55,0.216,0.0714,1,0.243,10.43,2.753
23-07-2021,Argentina,South America,Delta,4,0,3,48,44,0.0991,0.1676,1,0.1875,81.57,0.4
09-12-2021,Mexico,North America,Omicron,42,1,39,639,252,0.1597,0.0632,,0.314,30.9,1.473
11-02-2022,Spain,Europe,Omicron,21,0,20,311,420,0.0461,0.0659,5,0.5612,43.02,1.342
29-10-2021,Pakistan,Asia,Omicron,66,1,62,949,330,0.214,0.1122,21,0.1424,55.48,0.842
27-05-2022,Japan,Asia,Omicron BA.2,30,0,28,477,540,0.0494,0.0309,4,0.6996,11.42,2.16
26-12-2020,Germany,Europe,Alpha,4,0,3,46,84,0.0467,0.1153,1,0,77.13,0.4
25-10-2020,Russia,Europe,Original,16,0,15,277,96,0.1651,0.197,9,,55.08,0.43
15-07-2022,UK,Europe,Omicron BA.2,6,0,5,89,84,0.0698,0.0485,0,0.7621,18.89,1.696
16-04-2020,Italy,Europe,Original,1,0,0,16,,,0.1884,0,0,67.27,0.4
12-10-2022,Mexico,North America,Omicron BA.2,1,0,0,13,9,0.1253,0.0362,0,0.5908,15.7,
11-12-2021,Argentina,South America,Omicron,20,0,18,291,220,0.0677,0.0616,2,0.2917,34.14,1.436
03-07-2022,South Korea,Asia,Omicron BA.2,4,0,,70,72,0.962143728,0.0332,0,0.7692,44.07,0.901
27-07-2020,South Korea,Asia,Original,3,0,2,49,36,0.0719,0.2069,2,,62.28,0.45
10-02-2021,India,Asia,Alpha,18,0,16,314,126,0.1458,0.1739,12,0.0015,72.27,0.4
31-10-2021,Australia,Oceania,Delta,126,0,8,110,216,0.0527,0.1677,3,0.4162,61.46,0.693
19-10-2021,Mexico,North America,Omicron,17,0,15,283,119,0.1321,0.064,3,0.2723,51.37,1.386
28-06-2021,Mexico,North America,Delta,6,0,5,78,60,0.0926,,4,0.1508,84.75,0.4
02-08-2021,Colombia,South America,Delta,1,0,0,12,6,0.1823,0.2075,,0.1895,64.51,0.798
17-05-2022,Canada,North America,Omicron BA.2,3,0,,47,63,0.0499,0.0376,0,0.6875,14.32,2.235
01-09-2022,Australia,Oceania,Omicron BA.2,1,0,,18,18,0.0521,0.0203,0,0.8358,21.2,1.223
21-01-2022,South Africa,Africa,Omicron,4,0,3,59,20,0.2127,0.0703,,0.2005,27.65,1.591
12-01-2022,Russia,Europe,Omicron,13,0,12,155,130,0.0957,,,0.3327,21.04,1.227
05-11-2020,UK,Europe,Alpha,3,0,2,33,57,0.0355,0.1152,0,,47.82,0.483
07-09-2021,Canada,North America,Delta,1,0,0,12,23,0.0449,0.1228,0,0.3549,61.26,0.674
06-11-2020,Japan,Asia,Original,6,0,5,96,108,0.0558,0.1002,1,0,55.61,0.472
12-03-2022,France,Europe,Omicron BA.2,37,0,,597,555,0.0508,,4,0.5894,19.37,2.182
13-08-2022,Mexico,North America,Omicron BA.2,5,0,4,66,50,0.091,0.0417,,0.5148,40.82,1.841
25-02-2022,Indonesia,Asia,Omicron,66,1,62,1019,264,0.2482,0.0658,,,48.32,1.293
30-01-2021,Pakistan,Asia,Alpha,7,0,6,104,35,0.2041,0.1772,,0.0096,50.74,0.617
31-05-2020,Indonesia,Asia,Original,2,0,1,21,,,0.1952,,0,58.15,0.4
27-04-2021,Canada,North America,Delta,32,0,30,477,736,0.0478,0.2047,27,0.1533,74.98,0.4
01-09-2020,Australia,Oceania,Original,8,0,7,78,184,0.0397,0.1052,1,0,40.29,0.735
08-12-2020,India,Asia,Alpha,68,1,65,1146,612,0.1038,0.1043,,0,69.2,0.506
30-08-2022,Colombia,South America,Omicron BA.2,6,0,,63,66,0.1167,0.0434,0,0.5428,34.02,1.689
14-02-2022,Brazil,South America,Omicron,1,0,0,16,10,0.0744,0.0423,,0.3489,34.26,1.828
29-07-2022,Argentina,South America,Omicron BA.2,4,0,3,59,24,0.1774,0.0501,,0.5229,25.43,2.243
27-12-2021,Canada,North America,Omicron,1,0,0,15,20,0.062,0.0469,0,0.501,47.04,1.376
12-08-2022,Turkey,Asia,Omicron BA.2,6,0,5,104,54,0.1029,0.0645,1,0.5316,13.74,2.149
02-07-2021,Russia,Europe,Delta,105,2,100,1101,735,0.1599,,30,0.1478,78.51,0.4
27-06-2021,Canada,North America,Delta,5,0,4,63,65,0.0861,0.1915,3,0.242,57.94,0.571
30-04-2022,South Africa,Africa,Omicron BA.2,28,1,26,401,140,0.1987,,5,0.2398,,1.965
08-10-2020,South Africa,Africa,Original,3,0,2,45,15,0.2091,0.1241,1,,43.17,0.708
28-05-2022,Indonesia,Asia,Omicron BA.2,9,0,8,155,45,0.209,0.0732,,0.2686,26.17,
27-04-2021,Indonesia,Asia,Delta,73,2,67,1143,219,0.344,0.2396,43,0.057,,0.4
16-08-2020,Russia,Europe,Original,1,0,0,15,10,0.0938,0.1095,,0,55.78,0.503
23-05-2021,Japan,Asia,Delta,13,0,12,139,234,0.0481,0.165,6,0.166,73.59,
06-10-2020,India,Asia,Original,58,1,53,800,522,0.1052,0.1377,21,,44.07,0.776
11-11-2022,Italy,Europe,Omicron BA.2,2,0,,25,34,0.0505,0.037,0,0.92,21.79,1.16
20-01-2021,Turkey,Asia,Alpha,14,0,13,240,112,0.1365,,,0.021,66.03,0.4
06-10-2020,Indonesia,Asia,Original,4,0,3,47,16,0.2469,0.1956,1,,42.71,0.564
07-05-2022,Argentina,South America,Omicron BA.2,5,0,,62,50,0.08,0.0644,,0.4607,23.13,1.522
07-05-2020,Spain,Europe,Original,1,0,0,13,18,0.0509,0.1658,0,0,66.76,0.4
15-09-2021,Brazil,South America,Delta,13,1,11,134,143,0.1007,0.2261,6,0.2249,60.52,
19-08-2021,South Africa,Africa,Delta,2,0,1,21,6,0.3549,0.1617,,0.1265,64.13,
16-02-2022,France,Europe,Omicron,5,0,4,79,110,0.0321,0.0411,0,0.5554,39.25,1.003
25-04-2022,Brazil,South America,Omicron BA.2,127,2,121,2156,1270,0.1055,0.0466,21,0.4196,10.69,2.081
11-07-2022,Pakistan,Asia,Omicron BA.2,2,0,,36,8,0.2626,0.0697,0,0.2501,,2.13
26-12-2020,Germany,Europe,Alpha,1,0,0,15,20,0.0499,0.2088,0,0,72.59,0.46
19-05-2021,Australia,Oceania,Delta,2,0,1,34,46,0.0387,0.1856,1,0.1915,60.09,0.598
14-12-2020,Japan,Asia,Alpha,4,0,3,53,48,0.0692,,1,,59.53,0.612
29-11-2020,Canada,North America,Alpha,70,0,65,1082,1540,0.0591,,49,0,40.18,0.873
06-08-2020,Italy,Europe,Original,1,0,0,13,16,0.0581,0.1469,0,0,45.44,0.671
05-12-2021,Spain,Europe,Omicron,6,0,5,97,78,0.937341618,0.056,1,0.4822,38.86,1.006
27-10-2021,India,Asia,Omicron,108,1,102,1118,864,0.1211,0.0482,14,0.2689,42.27,1.479
13-02-2021,Brazil,South America,Alpha,121,3,113,2098,968,0.1381,0.1819,107,0.0479,,0.619
30-06-2020,Indonesia,Asia,Original,1,0,0,13,3,0.333,0.099,0,,54.91,0.406
27-06-2022,Pakistan,Asia,Omicron BA.2,203,2,189,2486,812,0.2573,0.0896,65,0.2595,33.17,1.615
27-01-2020,Italy,Europe,Original,1,0,0,11,,,0.1585,0,0,12.21,0.661
30-11-2020,South Korea,Asia,Alpha,1,0,0,13,23,0.0412,0.2075,0,,59.7,0.732
25-04-2022,Indonesia,Asia,Omicron BA.2,64,1,,1114,320,0.1892,0.0827,18,0.2448,36.98,1.843
25-12-2021,France,Europe,Omicron,8,0,7,115,104,0.0845,0.0496,0,0.4837,31.94,1.227
12-09-2021,Italy,Europe,Delta,1,0,0,12,16,0.0695,0.1582,0,0.3223,59.65,0.541
31-05-2020,Pakistan,Asia,Original,4,0,3,69,12,0.3374,0.11,2,,59.87,0.489
02-07-2021,South Africa,Africa,Delta,1,0,0,14,3,0.332,0.2231,,0.0905,66.66,0.763
27-05-2022,South Korea,Asia,Omicron BA.2,31,0,29,359,403,0.0772,0.0412,2,0.727,32.85,1.841
22-04-2021,Canada,North America,Delta,2,0,1,27,44,0.0564,0.14,0,0.1395,64.85,0.508
13-09-2022,South Africa,Africa,Omicron BA.2,19,0,,279,57,0.349,,5,0.3149,35.58,1.965
30-09-2022,USA,North America,Omicron BA.2,3,0,,51,63,0.0364,0.0293,0,0.8693,,1.643
28-08-2020,Canada,North America,Original,1,0,0,12,22,0.0425,0.1348,0,0,,0.629
21-04-2020,Spain,Europe,Original,1,0,0,13,,,0.1641,0,,96.12,
20-10-2021,Brazil,South America,Omicron,1,0,0,15,8,0.1043,0.0718,0,0.2552,63.89,0.697
30-12-2020,Italy,Europe,Alpha,4,0,3,49,52,0.0745,0.1719,1,0,53.26,0.702
07-08-2022,Japan,Asia,Omicron BA.2,20,0,19,233,260,0.0902,0.0355,2,0.8179,28.21,1.809
18-12-2022,Germany,Europe,Omicron BA.2,19,0,17,246,285,0.0697,0.0323,1,0.92,37.76,
14-07-2020,Indonesia,Asia,Original,7,0,6,102,21,0.3271,,3,,65.36,0.41
21-03-2022,USA,North America,Omicron BA.2,1,0,,12,12,0.0765,0.0397,0,0.6225,17.51,1.963
21-11-2022,Mexico,North America,Omicron BA.2,9,0,,105,90,0.1082,0.0279,,0.6132,15.66,
09-03-2020,South Korea,Asia,Original,2,0,1,24,,,0.1557,0,0,84.78,0.4
17-11-2021,Argentina,South America,Omicron,2,0,1,26,14,0.1516,0.0664,,0.2905,50.5,
04-02-2022,USA,North America,Omicron,38,0,36,453,798,0.0505,0.0613,6,0.5637,48.33,0.913
19-08-2021,Turkey,Asia,Delta,1,0,0,17,8,0.1347,0.1217,0,0.2231,67.15,0.635
15-11-2021,Canada,North America,Omicron,1,0,0,10,20,0.0552,0.0816,0,0.4425,30.44,1.746
01-08-2020,Spain,Europe,Original,2,0,1,29,44,0.0327,0.1002,0,0,,
27-10-2022,Brazil,South America,Omicron BA.2,520,4,,5320,3120,0.1749,0.0635,59,0.5944,29.62,1.978
08-07-2021,Canada,North America,Delta,1,0,0,12,22,0.0407,0.2041,0,0.2558,75.76,0.491
14-01-2022,Germany,Europe,Omicron,1,0,0,11,22,0.0553,0.0625,0,0.504,,1.544
10-04-2022,Mexico,North America,Omicron BA.2,12,0,11,152,84,0.1297,,,0.4043,29.93,
28-06-2022,USA,North America,Omicron BA.2,34,0,,488,544,0.0643,,2,0.7525,38.04,1.076
26-06-2020,Turkey,Asia,Original,1,0,0,15,9,0.1321,,0,,48.88,0.4
14-09-2021,South Africa,Africa,Delta,1,0,0,10,3,0.3387,0.1163,0,0.1148,56.38,0.826
15-07-2021,Argentina,South America,Delta,4,0,3,66,44,0.0892,0.1843,3,0.1476,,0.4
23-01-2022,South Africa,Africa,Omicron,3,0,2,35,12,0.2563,0.093,0,0.1771,46.37,
14-04-2021,Australia,Oceania,Delta,2,0,1,22,24,0.0908,0.2176,1,0.138,79.57,0.4
01-08-2020,South Korea,Asia,Original,12,0,11,142,276,0.0453,0.1046,3,,72.28,0.4
07-08-2022,Canada,North America,Omicron BA.2,1,0,,17,18,0.0558,0.0466,0,0.8066,36.99,1.679
06-03-2020,Italy,Europe,Original,2,0,1,26,28,0.0755,0.0968,0,0,91.47,
20-02-2020,Indonesia,Asia,Original,84,2,78,1344,420,0.2131,,54,,22.31,0.565
12-09-2022,South Africa,Africa,Omicron BA.2,7,0,,97,28,0.255,0.0537,,0.3084,18.55,2.453
15-02-2021,Japan,Asia,Alpha,19,0,18,262,380,0.0593,0.0983,6,0.0511,74.69,0.4
30-03-2020,India,Asia,Original,2243,41,2145,31539,,,0.1499,946,,84.62,0.4
19-04-2022,Germany,Europe,Omicron BA.2,6,0,,68,114,0.031,0.0514,0,0.6755,37.99,1.085
05-05-2022,India,Asia,Omicron BA.2,272,2,259,3160,2176,0.1284,0.0377,29,0.4322,19.85,2.549
15-06-2021,India,Asia,Delta,45,1,43,578,405,0.1279,0.1083,14,0.1578,81.14,
21-09-2022,Spain,Europe,Omicron BA.2,2,0,,29,36,0.0619,0.0324,0,0.8791,34.04,1.365
12-05-2021,Turkey,Asia,Delta,8,0,7,89,88,0.0936,,5,0.1106,59.88,0.767
08-05-2021,India,Asia,Delta,122,2,112,1549,1098,0.1191,0.1497,,0.1065,78.4,0.4
25-01-2021,South Korea,Asia,Alpha,1,0,0,14,20,0.07,0.1171,0,0.0213,75.68,0.4
01-05-2020,UK,Europe,Original,4,0,3,55,52,0.0711,0.1238,1,0,55.95,0.4
25-01-2021,France,Europe,Alpha,4,0,3,42,84,0.071,0.1478,1,0.0299,76.54,
08-08-2022,France,Europe,Omicron BA.2,4,0,3,62,60,0.068,0.0412,0,0.8133,24.74,1.212
04-11-2021,USA,North America,Delta,43,0,40,739,1032,0.0434,,28,0.4276,68.33,0.42
08-09-2022,Germany,Europe,Omicron BA.2,5,0,4,82,60,0.0893,0.043,0,0.8365,17.14,
08-04-2020,Spain,Europe,Original,4,0,3,68,52,0.0804,0.166,3,0,,0.418
16-09-2021,South Africa,Africa,Delta,11,0,10,180,33,0.328,0.1132,5,0.1335,56.09,0.581
03-01-2022,Japan,Asia,Omicron,84,0,78,1084,1596,0.0508,0.0759,17,0.511,39.01,1.005
10-12-2020,UK,Europe,Alpha,1,0,0,13,23,0.0305,0.1107,0,0,54.3,0.514
16-01-2021,France,Europe,Alpha,3,0,2,51,57,0.0518,0.1869,2,0.0127,72.55,0.4
01-05-2021,Spain,Europe,Delta,5,0,4,55,65,0.0826,0.1144,1,0.1675,85.43,0.4
26-05-2021,Australia,Oceania,Delta,7,0,6,119,119,0.0518,0.2007,5,0.2001,65.21,0.628
04-02-2020,Turkey,Asia,Original,3,0,2,44,,,,1,0,9.36,1.012
01-03-2021,Turkey,Asia,Alpha,3,0,2,33,27,0.1092,0.161,,0.0531,75.72,0.4
11-05-2022,Turkey,Asia,Omicron BA.2,25,0,,330,225,0.1174,,3,0.4472,30.88,1.261
25-03-2021,Spain,Europe,Delta,1,0,0,15,19,0.0369,0.2414,0,0.1078,81.57,0.433
09-12-2022,Pakistan,Asia,Omicron BA.2,52,0,49,877,260,0.1956,0.0659,,0.3447,8.27,2.818
09-07-2021,Italy,Europe,Delta,2,0,1,28,44,0.05,0.2214,1,0.2453,69.68,0.667
23-07-2020,Germany,Europe,Original,5,0,4,53,65,0.0797,0.0923,1,0,,0.4
03-05-2020,Colombia,South America,Original,18,0,16,281,,,0.109,4,0,63.31,0.458
29-06-2022,Colombia,South America,Omicron BA.2,1,0,,14,6,0.1624,0.0529,0,0.471,41.82,1.108
06-09-2021,Germany,Europe,Delta,3,0,2,39,60,0.0463,,2,0.338,60.12,0.46
26-02-2022,Japan,Asia,Omicron BA.2,72,0,69,941,1152,0.0598,0.0443,10,0.5811,31.41,1.081
19-07-2022,Russia,Europe,Omicron BA.2,26,0,24,416,260,0.0981,,,0.516,29.96,1.808
23-07-2022,Australia,Oceania,Omicron BA.2,2,0,,28,28,0.0702,0.0376,0,0.7968,27.2,1.821
28-04-2021,Colombia,South America,Delta,1,0,0,11,11,0.1069,0.1532,0,0.1033,61.4,0.831
17-04-2021,South Korea,Asia,Delta,8,0,7,126,144,0.0427,0.2349,6,0.1391,53.6,0.922
29-05-2022,Germany,Europe,Omicron BA.2,5,0,4,84,70,0.07,0.0411,0,0.7226,,1.978
06-10-2022,Canada,North America,Omicron BA.2,1,0,0,18,21,0.0576,0.0334,0,0.9008,13.02,1.961
13-04-2020,Indonesia,Asia,Original,23,1,21,376,69,0.3193,0.1766,,,91.64,0.4
27-12-2022,USA,North America,Omicron BA.2,140,0,,213,182,0.0948,0.0278,1,0.92,21.26,1.839
07-09-2020,Argentina,South America,Original,2,0,1,34,14,0.1416,0.2033,1,0,54.08,0.4
11-07-2020,Russia,Europe,Original,2,0,1,23,18,0.1094,0.1775,1,,40.27,0.61
30-09-2021,Japan,Asia,Delta,17,0,15,228,306,0.061,0.1015,6,0.361,41.37,0.982
05-05-2020,Australia,Oceania,Original,1,0,0,17,,,0.1575,0,0,55.36,0.4
29-12-2020,Australia,Oceania,Alpha,1,0,0,10,24,0.0399,,0,,57.71,0.563
15-10-2021,Canada,North America,Delta,1,0,0,13,16,0.0626,0.1362,0,0.3828,70.53,
21-02-2021,Canada,North America,Alpha,7,0,6,105,147,0.0563,0.133,2,0.0796,72.7,0.478
25-06-2022,Germany,Europe,Omicron BA.2,27,0,,352,621,0.0498,,3,0.7446,38.76,1.621
29-04-2022,USA,North America,Omicron BA.2,653,2,613,8655,9142,0.0836,0.0294,71,0.68,27.58,1.118
07-07-2022,Colombia,South America,Omicron BA.2,4,0,3,46,40,0.1018,0.0747,0,0.4803,29.25,1.637
27-06-2020,South Africa,Africa,Original,3,0,2,45,12,0.2687,,,,72.26,0.4
16-12-2022,Argentina,South America,Omicron BA.2,2,0,1,35,18,0.1,0.0355,,0.6375,16.52,1.503
25-01-2020,Italy,Europe,Original,1,0,0,14,,,0.1892,0,0,17.48,0.677
30-03-2021,USA,North America,Alpha,4,0,3,61,52,0.0683,0.123,2,0.0972,66.89,0.564
08-07-2022,Brazil,South America,Omicron BA.2,22,0,,216,198,0.1114,0.0737,2,0.5009,15.56,2.695
10-05-2021,Mexico,North America,Delta,30,2,26,482,300,0.1133,0.1979,15,0.112,57.16,0.829
12-12-2022,India,Asia,Omicron BA.2,504,1,,5339,4536,0.1233,0.0328,43,0.6523,33.32,1.419
10-07-2021,Germany,Europe,Delta,27,0,26,333,324,0.085,0.1405,8,0.265,72.91,0.4
12-10-2021,Indonesia,Asia,Omicron,127,2,117,2274,381,0.3196,0.1052,62,0.1221,65.15,0.991
20-04-2022,Spain,Europe,Omicron BA.2,6,0,5,71,114,0.0527,0.0533,0,0.6602,39.42,0.916
24-12-2020,Argentina,South America,Alpha,9,0,8,139,90,0.0979,0.1525,3,0,62.93,0.619
18-03-2020,France,Europe,Original,6,0,5,97,,,0.2024,5,0,,0.4
01-04-2022,UK,Europe,Omicron BA.2,10,0,9,181,220,0.053,0.0444,1,0.6343,38.52,0.956
14-01-2021,Spain,Europe,Alpha,1,0,0,13,21,0.0498,0.1883,0,0.0081,,0.4
21-08-2020,USA,North America,Original,3,0,2,49,36,0.0798,0.0957,0,,44.09,0.744
31-01-2022,UK,Europe,Omicron BA.2,1,0,0,17,21,0.0556,0.0673,0,0.5442,23.99,1.368
29-04-2022,Pakistan,Asia,Omicron BA.2,27,0,,414,135,0.1915,0.0902,7,0.2356,23.87,1.84
09-09-2020,USA,North America,Original,1,0,0,13,23,0.0489,0.1578,0,,57.63,0.4
23-03-2022,India,Asia,Omicron BA.2,58,0,,774,406,0.1603,,,0.3898,15.16,1.608
29-09-2021,Spain,Europe,Delta,1,0,0,10,24,0.0533,0.1712,0,0.373,43.92,1.005
24-02-2020,UK,Europe,Original,9,0,8,103,,,0.1696,5,0,68.71,0.4
23-08-2020,India,Asia,Original,65,1,59,994,715,0.0945,0.1406,25,0,53.42,0.527
27-04-2020,Turkey,Asia,Original,3,0,2,32,18,0.1848,0.1955,,0,,0.4
21-06-2021,Italy,Europe,Delta,5,0,4,87,90,0.0562,0.1893,3,0.227,57.25,0.564
25-02-2022,Italy,Europe,Omicron,1,0,0,14,13,0.0915,0.0451,0,0.5861,31.15,1.7
28-12-2022,Spain,Europe,Omicron BA.2,16,0,,159,352,0.0398,0.0309,1,0.92,36.83,1.498
18-12-2020,Argentina,South America,Alpha,4,0,3,44,24,0.1557,0.1003,0,0,50.04,0.892
13-04-2021,France,Europe,Delta,17,0,16,214,374,0.034,0.1599,8,0.1513,72.84,0.624
16-07-2022,Mexico,North America,Omicron BA.2,28,1,,370,224,0.119,0.0697,,0.5055,28.54,1.486
22-11-2020,Colombia,South America,Alpha,5,0,4,70,45,0.1023,0.2215,4,0,49.21,0.681
12-03-2022,Brazil,South America,Omicron BA.2,115,1,,1467,1265,0.0967,0.0723,23,0.3858,15.77,2.888
25-03-2021,Italy,Europe,Alpha,17,0,15,208,374,0.0355,,6,0.1018,69.2,0.4
21-02-2022,Russia,Europe,Omicron BA.2,12,0,11,158,72,0.1589,0.0568,2,0.3585,30.7,1.676
11-12-2022,Russia,Europe,Omicron BA.2,11,0,10,118,88,0.116,0.0425,1,0.6156,,1.841
11-09-2020,France,Europe,Original,1,0,0,12,24,0.055,0.2099,0,0,40.59,0.468
07-11-2020,Turkey,Asia,Alpha,59,1,56,704,531,0.1233,0.1517,28,0,40.18,1.002
30-09-2021,Colombia,South America,Delta,2,0,1,22,18,0.1151,,0,0.2303,64.2,0.777
09-01-2022,South Korea,Asia,Omicron,17,0,16,307,374,0.0497,0.037,1,0.5292,34.11,1.431
14-10-2020,South Africa,Africa,Original,2,0,1,27,10,0.203,0.1678,,,42.33,0.627
14-02-2021,USA,North America,Alpha,10,0,9,157,170,0.0532,0.1931,6,,61.91,
02-07-2022,Canada,North America,Omicron BA.2,15,0,14,154,360,0.0408,0.0387,1,0.7641,,1.412
14-03-2021,Italy,Europe,Alpha,14,0,13,192,182,0.0751,0.1836,8,0.0985,56.62,
18-06-2021,Italy,Europe,Delta,2,0,1,21,40,0.0582,,0,0.23,70.36,0.566
02-11-2022,Japan,Asia,Omicron BA.2,31,0,,376,434,0.0859,0.0253,1,0.92,20.37,1.563
10-04-2020,South Africa,Africa,Original,1,0,0,11,3,0.3375,0.1261,0,0,90.91,0.4
10-05-2022,Spain,Europe,Omicron BA.2,42,0,39,419,588,0.0713,0.0486,4,0.6899,11.89,2.229
29-03-2020,Germany,Europe,Original,1,0,0,10,18,0.0618,0.1449,0,,96.48,
22-08-2022,France,Europe,Omicron BA.2,20,0,19,208,360,0.0437,,2,0.8351,15.57,1.799
18-03-2021,Spain,Europe,Alpha,14,0,12,213,294,0.0704,0.2088,9,0.0923,66.38,0.459
26-10-2021,Italy,Europe,Omicron,23,0,22,277,322,0.0762,0.082,3,0.4123,68.17,0.555
01-08-2021,Colombia,South America,Delta,14,0,13,216,140,0.1074,0.1223,6,0.1816,77.57,0.48
19-08-2020,USA,North America,Original,24,0,22,353,312,0.0827,0.1935,13,0,44.86,0.447
31-01-2022,Mexico,North America,Omicron BA.2,29,0,26,452,319,0.0882,0.0811,,0.349,57.47,1.213
26-10-2020,Turkey,Asia,Original,38,0,35,544,228,0.1686,0.1352,,,,0.518
08-06-2022,Italy,Europe,Omicron BA.2,1,0,0,12,13,0.0672,0.0506,0,0.7312,14.08,1.91
11-03-2022,Australia,Oceania,Omicron,3,0,2,49,60,0.0549,0.0555,0,0.6006,52.88,
19-11-2020,Brazil,South America,Alpha,3,0,2,39,18,0.1762,,0,0,44.93,
15-10-2022,South Africa,Africa,Omicron BA.2,3,0,2,53,9,0.3454,0.0421,0,0.3305,23.04,2.711
28-07-2020,Russia,Europe,Original,10,0,9,161,100,0.1018,0.1941,,0,66.23,0.4
08-02-2021,UK,Europe,Alpha,2,0,1,25,36,0.0665,,0,0.0594,57.07,0.606
07-02-2020,Japan,Asia,Original,7,0,6,106,,,0.1657,4,,6.11,1.153
09-08-2021,Japan,Asia,Delta,13,0,12,201,195,0.0846,0.201,6,0.297,43.35,
15-08-2022,Colombia,South America,Omicron BA.2,5,0,4,75,50,0.11,0.0439,0,0.515,32.38,1.34
07-12-2020,India,Asia,Alpha,16,0,15,232,160,0.0896,0.1894,,0,67.59,0.4
09-07-2020,Canada,North America,Original,5,0,4,80,110,0.0594,0.198,4,,52.69,0.4
18-06-2020,Spain,Europe,Original,2,0,1,33,26,0.0817,0.1719,1,0,70.41,0.4
24-04-2020,Argentina,South America,Original,4,0,3,65,,,0.1467,2,0,76.83,0.4
18-10-2022,Indonesia,Asia,Omicron BA.2,260,4,244,3450,1040,0.2346,0.0631,,0.3201,35.15,2.181
20-04-2021,Argentina,South America,Delta,6,0,5,100,54,0.1147,0.1323,2,0.0871,65.28,0.804
11-07-2020,Japan,Asia,Original,1,0,0,15,14,0.0739,,0,,57.95,0.4
21-11-2020,France,Europe,Alpha,28,1,25,405,364,0.0771,0.1118,10,0,57.78,0.644
20-11-2022,Indonesia,Asia,Omicron BA.2,2,0,,28,8,0.2473,0.0575,,0.3418,15.33,1.793
13-10-2020,Australia,Oceania,Original,1,0,0,11,13,0.0728,,0,,55.11,
25-04-2021,Pakistan,Asia,Delta,104,0,94,1538,520,0.198,0.1982,,0.0604,70.62,0.4
21-07-2021,Mexico,North America,Delta,9,1,7,119,81,0.1022,0.16,4,0.1979,84.89,0.4
14-06-2021,Pakistan,Asia,Delta,30,1,27,299,120,0.265,0.1551,12,0.0828,65.74,0.671
16-10-2020,Canada,North America,Original,1,0,0,15,20,0.0638,0.139,0,0,50.44,0.4
20-07-2020,Mexico,North America,Original,1,0,0,13,10,0.1038,0.0949,0,0,62.66,0.487
31-10-2022,Australia,Oceania,Omicron BA.2,1,0,,10,17,0.0603,0.0219,0,0.92,30.97,1.059
30-06-2022,Germany,Europe,Omicron BA.2,6,0,5,86,132,0.0279,0.0506,1,0.7604,24.66,1.971
21-09-2022,Canada,North America,Omicron BA.2,11,0,10,182,187,0.0502,0.0421,1,0.8736,14.33,1.894
01-09-2022,UK,Europe,Omicron BA.2,4,0,3,40,96,0.0431,0.0343,0,0.861,35.48,1.073
17-07-2020,France,Europe,Original,7,0,6,112,91,0.076,0.1322,2,,70.8,
09-07-2020,Brazil,South America,Original,1,0,0,13,8,0.1023,0.1331,,0,62.31,0.455
18-08-2020,South Korea,Asia,Original,5,0,4,75,120,0.0554,0.1927,4,0,37.93,0.734
27-01-2020,Mexico,North America,Original,1,0,0,14,,,0.17,0,,19.03,0.869
16-12-2022,USA,North America,Omicron BA.2,28,0,26,311,392,0.0807,0.0345,3,0.92,13.59,1.935
11-07-2020,Russia,Europe,Original,1,0,0,14,8,0.1226,0.1586,0,0,55.28,
01-01-2022,Canada,North America,Omicron,4,0,3,47,72,0.0484,0.0632,0,0.4925,28.76,1.839
02-05-2020,Colombia,South America,Original,2,0,1,28,12,0.1586,0.1131,,0,48.82,0.647
12-10-2022,South Korea,Asia,Omicron BA.2,1,0,,12,18,0.0592,0.0281,0,0.9095,,1.766
28-03-2021,Japan,Asia,Alpha,76,1,72,1247,1444,0.058,,24,0.1173,51.53,0.484
02-03-2020,Colombia,South America,Original,1,0,0,11,,,0.1152,0,0,,0.42
30-05-2021,Japan,Asia,Delta,24,0,23,371,360,0.0617,,10,0.1928,60.71,0.841
08-07-2020,Mexico,North America,Original,40,2,35,495,400,0.0983,0.2016,24,0,66.28,0.4
12-01-2021,Russia,Europe,Alpha,1,0,0,9,10,0.0925,0.1756,0,0,64.85,0.566
25-11-2022,South Korea,Asia,Omicron BA.2,6,0,5,60,102,0.0536,0.0231,0,0.92,30.78,1.519
19-12-2022,Turkey,Asia,Omicron BA.2,5,0,,60,35,0.1417,0.0458,0,0.636,33.58,1.161
09-07-2022,Russia,Europe,Omicron BA.2,11,0,,118,88,0.1427,0.0547,,0.4841,27.49,1.62
14-02-2022,Argentina,South America,Omicron,15,0,14,252,150,0.0916,0.0431,2,0.3798,55.17,
15-10-2020,Russia,Europe,Original,6,0,5,76,36,0.1732,0.0924,,0,38.3,0.83
19-03-2020,Russia,Europe,Original,3,0,2,48,,,0.1664,2,0,86.77,
19-11-2022,Italy,Europe,Omicron BA.2,3,0,,36,36,0.0915,0.0316,0,0.92,37.06,1.094
15-09-2022,Indonesia,Asia,Omicron BA.2,8,0,7,86,40,0.1793,0.0725,1,,27.97,2.446
14-09-2021,Italy,Europe,Delta,9,0,8,126,180,0.0447,0.1123,2,0.3636,65.8,0.593
06-11-2021,Germany,Europe,Delta,10,0,9,145,220,0.0356,,5,0.4341,55.83,0.716
26-12-2020,Indonesia,Asia,Alpha,1,0,0,17,5,0.2096,0.116,0,,75.01,0.4
19-06-2021,USA,North America,Delta,29,0,27,515,580,0.0482,0.1424,20,0.2378,71.09,0.54
04-08-2022,Brazil,South America,Omicron BA.2,1148,9,,20370,12628,0.0883,0.0604,227,0.5158,12.6,1.789
20-08-2021,Pakistan,Asia,Delta,27,1,24,271,81,0.3298,0.1661,,0.0961,42.91,0.938
18-04-2022,Australia,Oceania,Omicron BA.2,1,0,0,14,12,0.0815,0.0388,0,0.6469,19.18,2.094
16-08-2020,South Africa,Africa,Original,4,0,3,72,16,0.2516,0.1472,1,0,40.98,0.725
15-04-2020,Colombia,South America,Original,2,0,1,34,,,0.1629,0,,86.43,0.4
07-04-2021,Russia,Europe,Delta,2,0,1,29,22,0.0795,0.2407,1,0.0772,59.72,0.611
08-05-2022,Pakistan,Asia,Omicron BA.2,19,0,18,210,57,0.3252,0.0625,,0.2482,41.4,1.576
29-02-2020,Colombia,South America,Original,4,0,3,44,44,0.0859,0.1256,,0,90.02,0.4
13-07-2022,Japan,Asia,Omicron BA.2,30,0,28,504,690,0.0306,0.0353,4,0.7584,32.58,1.264
10-10-2021,France,Europe,Omicron,3,0,2,46,39,0.0684,0.0696,0,0.3851,,1.066
21-05-2022,UK,Europe,Omicron BA.2,1,0,0,10,23,0.0508,0.0488,0,0.6907,13.21,1.638
10-05-2020,Mexico,North America,Original,1,0,0,13,10,0.1056,0.1053,0,0,46.4,0.427
04-12-2021,Pakistan,Asia,Omicron,11,0,10,199,55,0.1815,0.0826,3,,38.5,1.048
06-05-2021,India,Asia,Delta,146,3,139,2505,1314,0.1093,0.2467,171,0.1247,69.94,0.478
12-04-2022,Japan,Asia,Omicron BA.2,5,0,4,56,110,0.0555,0.0508,0,0.6431,40.35,1.045
21-04-2020,USA,North America,Original,12,0,11,150,192,0.0732,0.1552,6,0,90.62,0.4
13-07-2020,Canada,North America,Original,1,0,0,11,13,0.0804,0.1051,0,,70.44,0.4
16-07-2022,South Africa,Africa,Omicron BA.2,3,0,,40,15,0.2047,0.0555,0,0.2843,23.17,1.99
04-05-2022,Spain,Europe,Omicron BA.2,26,0,,260,494,0.0504,0.0538,3,0.6674,25.76,1.703
04-05-2022,South Korea,Asia,Omicron BA.2,25,0,24,291,500,0.0204,0.0528,2,0.6778,34.99,1.569
21-02-2022,France,Europe,Omicron,1,0,0,17,17,0.0488,0.0394,0,0.5785,27.95,1.814
01-03-2021,UK,Europe,Alpha,2,0,1,20,24,0.0739,0.1062,0,0.0821,57.79,0.481
24-02-2020,Australia,Oceania,Original,1,0,0,16,24,0.0543,0.0911,0,,68.29,0.418
21-06-2021,India,Asia,Delta,46,0,43,509,322,0.1552,0.1925,,0.1576,60.97,0.9
12-11-2021,Italy,Europe,Delta,1,0,0,14,13,0.077,0.1238,0,0.4413,,0.715
26-01-2022,USA,North America,Omicron,145,1,137,1549,2320,0.0562,0.037,12,0.5351,51.57,1.155
30-07-2020,Australia,Oceania,Original,1,0,0,17,23,0.0422,0.1221,0,0,,0.618
15-06-2020,South Africa,Africa,Original,2,0,1,30,10,0.2101,0.114,,,58.07,0.4
03-07-2020,South Korea,Asia,Original,1,0,0,13,24,0.0351,0.1849,0,,72.89,0.4
18-04-2021,Australia,Oceania,Delta,2,0,1,19,24,0.0773,0.2362,0,0.1335,62.4,0.584
13-10-2020,Japan,Asia,Original,20,0,18,233,280,0.0742,0.2096,13,,37.89,0.7
01-06-2022,South Africa,Africa,Omicron BA.2,1,0,,15,4,0.2302,0.0849,,0.2582,43.49,1.37
19-05-2020,Turkey,Asia,Original,7,0,6,92,49,0.1519,0.1659,,0,68.46,0.407
21-10-2022,Brazil,South America,Omicron BA.2,2,0,1,25,14,0.1416,,,0.5855,,1.522
29-12-2022,Japan,Asia,Omicron BA.2,19,0,18,200,304,0.062,0.0304,1,0.92,17.14,1.315
12-07-2021,Japan,Asia,Delta,14,0,13,221,266,0.054,0.1916,6,0.2832,69.4,0.591
19-07-2022,South Korea,Asia,Omicron BA.2,1,0,,12,16,0.0741,0.0422,0,0.7792,32.43,1.06
13-06-2021,Canada,North America,Delta,1,0,0,10,12,0.0892,0.1904,0,0.214,80.93,0.4
13-11-2021,Germany,Europe,Omicron,5,0,4,59,110,0.0604,0.0779,1,0.4481,25.7,2.016
16-11-2022,Argentina,South America,Omicron BA.2,3,0,,32,21,0.1484,0.0431,0,0.6067,36.77,
18-04-2021,Japan,Asia,Delta,14,0,13,252,168,0.106,0.1191,7,0.1326,85.9,0.4
05-10-2021,Mexico,North America,Omicron,39,1,35,392,390,0.0796,,7,0.2416,56.35,
20-03-2021,India,Asia,Delta,119,3,111,1229,1071,0.1064,0.1443,,0.0647,,0.461
19-07-2020,South Korea,Asia,Original,1,0,0,14,20,0.0588,0.1853,0,0,51.35,0.452
30-04-2021,Canada,North America,Delta,1,0,0,13,12,0.0774,0.1189,0,0.162,63.69,0.829
02-06-2021,Japan,Asia,Delta,4,0,3,72,72,0.0654,0.2004,3,0.2044,66.95,0.516
20-04-2021,UK,Europe,Delta,1,0,0,11,15,0.0584,0.2181,0,0.1431,70.89,0.56
19-11-2021,UK,Europe,Omicron,11,0,10,129,220,0.0386,0.0421,1,0.4459,59.32,0.86
19-12-2021,France,Europe,Omicron,1,0,0,12,23,0.0397,,0,0.4898,39.59,1.19
06-08-2020,South Korea,Asia,Original,2,0,1,27,44,0.062,0.1591,0,0,50.02,0.538
18-02-2021,Indonesia,Asia,Alpha,6,0,5,63,18,0.3358,0.2087,,0.0342,58.01,0.635
18-04-2022,France,Europe,Omicron BA.2,4,0,3,65,96,0.0602,0.0423,0,0.6593,28.84,1.191
30-10-2022,France,Europe,Omicron BA.2,16,0,14,235,240,0.0647,0.0309,1,0.92,18.92,1.197
20-10-2020,Spain,Europe,Original,1,0,0,11,22,0.0463,,0,0,49.38,0.635
06-03-2020,Japan,Asia,Original,25,0,23,427,425,0.0505,0.1916,23,0,75.79,0.4
09-09-2021,Indonesia,Asia,Delta,4,0,3,41,12,0.3338,0.1924,1,0.1213,40.56,
11-06-2020,Turkey,Asia,Original,1,0,0,11,10,0.1169,0.1847,0,0,67.9,0.4
25-09-2020,Pakistan,Asia,Original,15,0,14,175,60,0.2521,,,0,46.99,0.601
22-08-2021,Colombia,South America,Delta,3,0,2,51,30,0.1037,0.2231,2,0.2027,40.73,0.793
13-04-2021,UK,Europe,Alpha,4,0,3,39,64,0.0616,0.144,1,0.1203,80.47,0.4
13-08-2022,Japan,Asia,Omicron BA.2,11,0,10,129,154,0.0791,0.0404,1,0.8149,13.36,2.267
14-02-2022,Russia,Europe,Omicron BA.2,10,0,9,153,90,0.1106,0.0635,,0.3495,35.39,1.811
07-08-2022,India,Asia,Omicron BA.2,137,0,131,2409,1096,0.1357,0.0544,37,0.5301,13.1,2.699
02-10-2022,South Africa,Africa,Omicron BA.2,2,0,1,21,6,0.3333,0.0495,,0.3097,26.33,1.377
16-01-2021,Spain,Europe,Alpha,2,0,1,31,38,0.0506,0.1527,1,0.0198,60.47,0.426
24-04-2021,Canada,North America,Delta,2,0,1,29,38,0.0523,0.1642,1,0.1452,85.81,
09-03-2020,Spain,Europe,Original,1,0,0,17,,,0.1073,0,,84.63,
03-02-2021,USA,North America,Alpha,18,0,16,206,216,0.0843,0.1048,3,,76.96,0.4
24-09-2020,USA,North America,Original,25,0,23,286,450,0.0596,0.1999,9,0,56.76,0.4
20-10-2021,Turkey,Asia,Omicron,2,0,1,25,12,0.1724,0.062,0,0.245,53.62,0.767
30-07-2022,Spain,Europe,Omicron BA.2,1,0,0,12,24,0.0343,0.0267,0,0.8073,38.13,0.935
29-05-2022,Russia,Europe,Omicron BA.2,15,0,,212,150,0.103,0.0619,2,0.4722,28.51,1.551
07-11-2020,Brazil,South America,Original,7,0,6,110,63,0.0909,0.0995,,,31.87,0.592
10-07-2022,Spain,Europe,Omicron BA.2,1,0,,10,24,0.0261,0.0388,0,0.7773,33.98,1.351
20-04-2021,USA,North America,Delta,62,1,57,923,1178,0.0579,0.1861,32,0.1461,67.02,0.509
04-06-2020,UK,Europe,Original,7,0,6,127,140,0.0735,0.0902,3,0,52.58,0.534
03-07-2020,Argentina,South America,Original,1,0,0,12,7,0.149,0.1582,0,0,60.76,0.433
24-12-2021,France,Europe,Omicron,7,0,6,101,119,0.0611,0.0558,1,0.4964,31.7,1.536
03-07-2021,Italy,Europe,Delta,1,0,0,12,16,0.0712,0.2078,0,0.2518,67.31,0.4
21-08-2021,Indonesia,Asia,Delta,2,0,1,34,6,0.3186,0.1272,,0.1101,63.36,0.646
30-05-2020,Australia,Oceania,Original,2,0,1,24,42,0.049,0.143,0,0,62,0.483
04-06-2020,Turkey,Asia,Original,1,0,0,17,7,0.1517,0.1538,,0,66.04,0.4
29-10-2021,Italy,Europe,Omicron,13,0,12,142,286,0.0265,0.0786,2,0.4064,49.63,1.187
12-11-2020,France,Europe,Original,2,0,1,36,40,0.0487,0.1128,0,0,56.75,0.514
23-05-2020,Brazil,South America,Original,4,0,3,41,,,0.1704,1,0,51.12,0.64
25-12-2022,India,Asia,Omicron BA.2,25,0,24,388,225,0.1067,0.0527,5,0.6535,18.68,2.335
10-09-2022,France,Europe,Omicron BA.2,20,0,18,304,360,0.0422,0.0399,1,0.8728,36.99,1.29
24-12-2020,India,Asia,Alpha,435,9,415,7716,3045,0.1383,0.168,,0,56.21,0.51
18-06-2022,Colombia,South America,Omicron BA.2,11,0,10,118,66,0.1741,0.0634,1,0.4831,38.15,1.391
12-05-2022,Turkey,Asia,Omicron BA.2,8,0,,137,80,0.0995,0.077,2,0.4397,12.91,2.836
06-04-2022,Turkey,Asia,Omicron BA.2,5,0,,82,30,0.1675,0.0415,0,0.4182,24.04,2.099
01-07-2022,Germany,Europe,Omicron BA.2,4,0,3,40,72,0.0404,0.0397,0,0.7606,39.75,1.237
09-09-2020,USA,North America,Original,20,0,18,363,260,0.0777,0.1175,9,0,47.45,0.489
18-03-2021,Germany,Europe,Delta,3,0,2,51,48,0.0694,0.2097,2,0.0874,56.3,0.892
29-10-2020,Argentina,South America,Original,1,0,0,17,6,0.1797,0.182,,0,43.63,0.401
18-07-2022,Japan,Asia,Omicron BA.2,30,0,28,525,600,0.0503,0.026,2,0.783,39.44,
07-04-2021,Germany,Europe,Alpha,14,0,13,182,308,0.0497,0.0913,3,0.1326,,0.4
25-02-2020,Indonesia,Asia,Original,16,1,14,278,,,,11,,64.75,0.431
05-11-2021,Canada,North America,Omicron,2,0,1,35,36,0.0412,0.0715,0,0.4248,55.35,0.802
19-02-2022,Pakistan,Asia,Omicron,8,0,7,134,40,0.1938,0.0506,,0.2097,24.7,1.223
17-08-2022,Mexico,North America,Omicron BA.2,5,0,,67,30,0.1639,0.0699,1,0.545,20.07,2.345
07-11-2020,France,Europe,Original,41,1,37,675,861,0.0698,0.1778,19,0,55.67,0.4
04-02-2020,Turkey,Asia,Original,1,0,0,17,,,0.1116,0,0,6.13,0.919
22-12-2022,South Korea,Asia,Omicron BA.2,1,0,0,11,24,0.0272,0.0336,0,0.92,20.47,1.125
26-05-2020,Turkey,Asia,Original,54,0,49,586,432,0.107,0.1116,16,0,43.97,0.473
20-10-2022,USA,North America,Omicron BA.2,6,0,5,89,132,0.0356,,0,0.9028,16.87,1.432
16-02-2022,Brazil,South America,Omicron BA.2,15,0,14,169,150,0.0906,,,0.3818,46.39,1.168
08-02-2022,Germany,Europe,Omicron,12,0,11,207,144,0.1068,0.0581,2,0.5467,52.42,1.047
03-05-2022,South Korea,Asia,Omicron BA.2,10,0,9,113,150,0.0789,0.0452,1,0.6643,14.12,2.12
13-03-2021,Brazil,South America,Alpha,1,0,0,14,10,0.0982,0.2098,,0.0604,,0.4
13-10-2020,Mexico,North America,Original,3,0,2,39,18,0.157,0.1656,,0,59.1,0.492
07-12-2020,Japan,Asia,Alpha,10,0,9,130,160,0.0695,,8,,52.02,
22-08-2022,India,Asia,Omicron BA.2,262,1,251,4384,2096,0.1245,0.0337,,0.5188,27.32,1.89
03-03-2022,Indonesia,Asia,Omicron BA.2,9,0,8,153,36,0.268,0.0563,1,0.1947,29.43,2.564
14-04-2022,Russia,Europe,Omicron BA.2,19,0,17,217,133,0.1481,0.0611,2,0.4274,23.85,2.086
08-10-2021,India,Asia,Delta,26,0,24,370,260,0.0927,,9,0.2422,55.46,0.962
15-07-2022,Brazil,South America,Omicron BA.2,21,0,19,330,189,0.1293,0.0611,5,0.505,,1.41
19-02-2022,France,Europe,Omicron BA.2,12,0,11,171,264,0.0421,,1,0.5631,46.83,1.356
07-11-2021,Canada,North America,Delta,2,0,1,27,44,0.0444,0.163,1,0.4191,,0.714
21-04-2021,Brazil,South America,Delta,18,1,16,257,126,0.1331,0.165,12,0.0916,74.1,0.488
19-09-2022,Germany,Europe,Omicron BA.2,1,0,,10,14,0.0805,0.0361,0,0.8653,30.07,
24-03-2022,Pakistan,Asia,Omicron BA.2,98,1,,1255,294,0.33,0.0789,21,0.2191,33.07,2.46
28-07-2022,France,Europe,Omicron BA.2,8,0,,114,112,0.064,0.0222,0,0.7989,15.58,1.931
06-08-2020,Germany,Europe,Original,1,0,0,14,24,0.051,0.0983,0,0,72.67,0.4
16-02-2020,Australia,Oceania,Original,2,0,1,22,48,0.0483,0.204,1,0,10.05,
07-05-2020,Italy,Europe,Original,7,0,6,86,133,0.0619,0.1396,1,,72.97,0.4
19-04-2020,Japan,Asia,Original,9,0,8,153,,,0.1694,7,0,79.25,0.4
16-10-2020,Indonesia,Asia,Original,3,0,2,41,12,0.251,0.1077,1,0,64.65,0.4
08-09-2022,USA,North America,Omicron BA.2,31,0,29,342,651,0.0475,0.0435,2,0.8513,9.24,1.489
24-05-2020,Australia,Oceania,Original,1,0,0,10,19,0.0634,0.0918,0,0,63.39,
21-11-2020,Russia,Europe,Alpha,21,0,19,281,189,0.1249,0.1087,,,49.9,0.584
14-06-2021,France,Europe,Delta,1,0,0,10,13,0.0706,0.1632,0,0.2156,71.66,
10-12-2020,Indonesia,Asia,Alpha,35,1,33,421,140,0.2317,0.1278,9,0,68.1,0.4
09-12-2020,Colombia,South America,Alpha,1,0,0,15,8,0.1284,0.1292,0,0,74.3,0.4
19-02-2020,Russia,Europe,Original,1,0,0,12,,,0.1558,0,0,14.74,0.84
10-02-2021,Germany,Europe,Alpha,19,0,18,218,456,0.0401,0.2135,9,0.052,64.25,0.418
05-08-2020,Pakistan,Asia,Original,35,1,33,351,140,0.2313,0.1008,9,0,43.69,
18-02-2022,Colombia,South America,Omicron,12,0,11,192,108,0.1156,0.0602,3,0.3719,24.69,1.381
25-04-2022,India,Asia,Omicron BA.2,560,2,,8630,3360,0.1738,0.0347,,0.4229,27.06,
07-06-2022,Colombia,South America,Omicron BA.2,6,0,5,87,60,0.1044,0.0618,1,0.4408,29.08,1.912
07-10-2022,Japan,Asia,Omicron BA.2,1,0,,9,24,0.0341,0.0197,0,0.8778,19.94,1.543
11-03-2020,South Africa,Africa,Original,1,0,0,14,5,0.2031,0.1497,0,,91.89,0.4
08-06-2022,Spain,Europe,Omicron BA.2,1,0,0,10,12,0.95011395,0.0415,0,0.7395,20.31,1.567
28-09-2021,Germany,Europe,Delta,2,0,1,25,24,0.0878,,0,0.3688,40.43,1.091
01-07-2022,South Africa,Africa,Omicron BA.2,70,1,65,719,280,0.2617,0.0554,9,0.2684,25.56,1.837
29-07-2022,Spain,Europe,Omicron BA.2,1,0,0,9,16,0.0575,0.0477,0,0.8071,6.2,2.176
20-07-2020,France,Europe,Original,1,0,0,17,13,0.0853,0.198,0,0,54.13,
09-04-2021,Mexico,North America,Delta,1,0,0,13,8,0.1126,0.2556,,0.0765,61.5,0.815
05-03-2022,Colombia,South America,Omicron BA.2,29,0,27,345,232,0.1145,0.0717,6,0.384,,1.657
25-09-2020,UK,Europe,Original,5,0,4,74,120,0.0471,0.2018,3,,52.5,0.537
02-05-2021,UK,Europe,Delta,2,0,1,25,30,0.0665,0.1204,0,0.1705,68.44,0.402
17-02-2022,France,Europe,Omicron BA.2,21,0,20,217,357,0.0749,0.0606,2,0.5734,35.73,
28-04-2021,Pakistan,Asia,Delta,13,0,12,185,52,0.2259,0.1594,6,0.0328,73.46,0.443
14-08-2022,Indonesia,Asia,Omicron BA.2,8,0,7,133,24,0.3258,0.0672,1,0.2978,14.38,
27-11-2022,Indonesia,Asia,Omicron BA.2,5,0,4,70,25,0.2169,0.0825,1,0.3422,24.6,2.403
22-10-2022,South Korea,Asia,Omicron BA.2,5,0,,74,65,0.0605,0.0199,0,0.92,17.53,1.124
02-08-2022,Mexico,North America,Omicron BA.2,2,0,1,28,18,0.1041,0.0421,0,0.5111,31.95,
23-12-2020,UK,Europe,Alpha,3,0,2,45,57,0.0668,0.1296,0,,52.28,0.845
06-07-2020,UK,Europe,Original,1,0,0,15,19,0.880882051,,0,,70.94,0.4
19-06-2021,India,Asia,Delta,155,3,143,1815,930,0.1619,,58,0.1504,,0.542
08-12-2020,UK,Europe,Alpha,4,0,3,67,56,0.0645,0.2227,3,0,56.49,0.438
31-10-2020,Mexico,North America,Original,2,0,1,31,14,0.1405,0.1517,0,0,32.79,0.843
22-02-2020,Italy,Europe,Original,1,0,0,12,14,0.0751,0.0932,0,,76.71,0.4
10-06-2022,Mexico,North America,Omicron BA.2,47,1,43,580,423,0.0993,,10,0.486,23.8,1.501
07-06-2022,Spain,Europe,Omicron BA.2,4,0,3,39,92,0.0376,0.0409,0,0.712,27.31,1.298
25-03-2020,Australia,Oceania,Original,1,0,0,13,,,0.1935,0,,90.39,
17-12-2020,Canada,North America,Alpha,2,0,1,27,28,0.0624,0.2204,1,0,54.89,0.799
07-04-2021,France,Europe,Alpha,1,0,0,16,21,0.0241,0.2049,0,0.1423,84.72,0.4
24-05-2022,Pakistan,Asia,Omicron BA.2,38,0,,447,114,0.3209,0.0917,9,0.2479,18.27,2.532
11-04-2021,Brazil,South America,Alpha,1,0,0,16,10,0.0993,0.1251,0,0.0807,59.01,0.605
21-08-2022,UK,Europe,Omicron BA.2,2,0,1,33,46,0.0465,0.0357,0,0.8306,17.45,1.945
14-03-2021,Argentina,South America,Alpha,1,0,0,16,8,0.1066,0.1915,,0.0792,,0.4
18-07-2020,Brazil,South America,Original,19,0,17,198,171,0.0989,0.0909,,,74.1,0.4
30-09-2021,Brazil,South America,Delta,7,0,6,102,70,0.0946,0.1704,,0.2425,46.85,0.872
20-09-2022,UK,Europe,Omicron BA.2,4,0,3,46,80,0.0457,0.0379,0,0.8757,25.23,1.578
05-11-2021,Germany,Europe,Omicron,1,0,0,12,21,0.0429,0.066,0,0.4402,45.65,1.25
09-03-2020,South Korea,Asia,Original,3,0,2,48,,,0.1521,1,0,,0.4
06-05-2021,South Korea,Asia,Delta,13,0,12,220,273,0.0505,0.2332,11,0.1705,81.73,0.417
10-10-2022,Colombia,South America,Omicron BA.2,2,0,,20,16,0.1341,0.0475,0,0.5754,12.17,2.277
21-09-2022,Brazil,South America,Omicron BA.2,47,0,,484,423,0.1161,,5,0.5476,21.71,1.741
03-03-2020,Russia,Europe,Original,21,0,19,208,126,0.1468,0.1203,6,0,88.5,
25-04-2021,USA,North America,Delta,47,1,43,735,799,0.0545,0.227,44,0.1683,67.3,0.739
26-03-2021,India,Asia,Delta,246,4,231,4474,2460,0.1078,,91,0.068,,0.948
22-02-2021,Canada,North America,Alpha,1,0,0,12,24,0.0489,0.1057,0,0.0662,59.55,0.479
16-05-2020,India,Asia,Original,196,2,180,3106,1960,0.0916,0.1732,144,0,44.91,0.485
05-04-2020,Canada,North America,Original,4,0,3,54,,,0.158,1,0,68.73,0.427
22-04-2022,France,Europe,Omicron BA.2,21,0,20,276,462,0.036,0.0375,1,0.658,46.9,1.441
29-03-2022,Japan,Asia,Omicron BA.2,13,0,,181,195,0.0608,0.0571,1,0.6243,24.71,1.952
16-05-2022,South Korea,Asia,Omicron BA.2,4,0,,59,96,0.0477,0.0523,0,0.6941,34.8,1.235
21-09-2022,India,Asia,Omicron BA.2,151,1,144,1863,1359,0.1071,0.0303,13,0.5819,7.51,2.705
24-08-2021,USA,North America,Delta,36,0,33,528,792,0.0426,0.1977,16,0.3072,44.57,0.679
23-06-2022,Turkey,Asia,Omicron BA.2,1,0,0,13,9,0.0981,0.0739,0,0.4783,29.95,1.351
08-11-2021,Pakistan,Asia,Omicron,28,1,26,418,112,0.253,0.0921,,0.1206,63.97,1.017
21-05-2021,South Korea,Asia,Delta,5,0,4,71,75,0.0481,0.1067,1,0.1936,73.13,0.449
24-07-2022,USA,North America,Omicron BA.2,24,0,,379,456,0.0649,,3,0.7885,31.19,1.389
13-12-2021,France,Europe,Omicron,1,0,0,16,20,0.0189,0.0591,0,0.4752,41.63,0.869
12-03-2022,Turkey,Asia,Omicron BA.2,3,0,2,39,27,0.0882,0.0498,0,0.3961,33.03,1.474
06-01-2021,Indonesia,Asia,Alpha,106,4,97,1887,318,0.3453,0.1825,67,,49.97,0.715
16-12-2021,Russia,Europe,Omicron,6,0,5,66,60,0.1073,,0,0.3195,57.81,0.638
07-04-2020,UK,Europe,Original,2,0,1,22,32,0.0788,,1,,74.13,0.4
18-08-2020,Mexico,North America,Original,2,0,1,30,12,0.1589,0.1616,1,,49.34,0.419
05-05-2021,France,Europe,Delta,1,0,0,17,21,0.0577,0.142,0,0.1665,80.56,0.4
11-04-2020,Colombia,South America,Original,1,0,0,14,,,,,0,,0.4
22-10-2022,Argentina,South America,Omicron BA.2,2,0,,19,20,0.111,0.0519,0,0.5811,27.5,1.96
24-04-2021,Russia,Europe,Delta,7,0,6,88,49,0.1347,0.2373,3,0.0843,63.21,0.583
08-03-2020,USA,North America,Original,19,0,17,278,342,0.058,0.1244,9,,66.91,0.4
15-02-2020,Australia,Oceania,Original,1,0,0,18,12,0.076,0.1058,0,,16.92,0.846
01-04-2022,Brazil,South America,Omicron BA.2,112,1,,1733,1232,0.0879,,18,0.3965,34.9,2.107
12-11-2022,Colombia,South America,Omicron BA.2,1,0,0,12,11,0.0801,0.0545,,0.5976,26.19,2.142
23-06-2022,India,Asia,Omicron BA.2,51,0,,626,459,0.1144,0.0581,,0.4917,14.52,1.989
22-04-2020,South Korea,Asia,Original,2,0,1,23,,,0.0983,0,0,74.37,0.4
27-12-2021,Argentina,South America,Omicron,1,0,0,10,10,0.1124,0.0687,0,0.3404,37.27,1.688
02-10-2022,Italy,Europe,Omicron BA.2,1,0,0,13,14,0.0727,0.0363,0,0.8813,14.89,1.532
27-09-2022,Germany,Europe,Omicron BA.2,18,0,,317,396,0.0408,0.0314,2,0.8669,,1.56
23-02-2020,UK,Europe,Original,1,0,0,12,,,0.1613,0,0,100,0.4
20-06-2021,Indonesia,Asia,Delta,12,1,10,176,60,0.2247,0.227,,,60.05,0.521
08-03-2021,Pakistan,Asia,Alpha,24,0,22,318,120,0.2103,0.1088,,0.0349,54.92,
09-05-2020,UK,Europe,Original,1,0,0,16,14,0.1047,0.1932,0,0,50.89,0.554
07-06-2021,India,Asia,Delta,453,7,431,6604,4077,0.1285,0.2226,428,0.1344,66.24,0.696
20-11-2020,UK,Europe,Alpha,2,0,1,29,36,0.0677,,1,0,52.42,0.606
25-07-2020,France,Europe,Original,26,1,24,341,468,0.0678,0.1403,8,0,54.71,0.4
10-03-2020,Pakistan,Asia,Original,64,2,59,644,320,0.1871,0.1187,,0,92.35,0.4
20-08-2021,Mexico,North America,Delta,13,1,11,172,143,0.0826,0.1385,,0.2126,50.47,1.126
01-06-2022,Australia,Oceania,Omicron BA.2,1,0,0,16,21,0.0389,0.0558,0,0.7148,24.07,1.344
23-02-2022,South Korea,Asia,Omicron,1,0,0,15,22,0.04,0.0424,0,0.574,49.08,0.899
01-03-2021,Turkey,Asia,Alpha,1,0,0,11,7,0.1431,0.1459,,0.0376,70.11,0.411
03-06-2021,Mexico,North America,Delta,55,4,48,730,495,0.1264,0.1365,,0.133,81.74,0.4
27-04-2022,France,Europe,Omicron BA.2,1,0,,17,13,0.0813,,0,0.6564,17.47,1.773
05-05-2022,Indonesia,Asia,Omicron BA.2,16,0,,236,64,0.2595,0.0637,3,0.2468,22.56,1.82
30-07-2020,Argentina,South America,Original,10,0,9,133,110,0.0864,0.1061,,,69.39,0.4
04-08-2020,Brazil,South America,Original,27,1,24,308,189,0.1485,0.0931,,0,66.1,0.4
03-03-2021,South Korea,Asia,Alpha,1,0,0,17,13,0.0768,,0,0.0741,51.87,
28-04-2020,Canada,North America,Original,1,0,0,17,12,0.0817,0.1508,0,0,80.49,0.4
20-03-2021,Russia,Europe,Delta,73,2,66,1054,657,0.0972,0.1738,37,0.0744,80.42,0.43
20-09-2021,Japan,Asia,Delta,15,0,14,172,315,0.0524,0.1376,4,0.3567,61.21,0.526
25-09-2022,Colombia,South America,Omicron BA.2,30,0,28,348,180,0.1872,0.058,4,0.5618,,
04-07-2020,Canada,North America,Original,4,0,3,50,92,0.0497,0.2098,2,,70.3,0.4
29-01-2021,South Africa,Africa,Alpha,1,0,0,13,4,0.2441,0.1523,,,73.49,0.476
29-07-2020,USA,North America,Original,57,1,52,585,741,0.0897,0.1624,20,0,60.89,0.4
12-11-2021,Indonesia,Asia,Delta,15,1,13,195,45,0.3279,0.1415,,0.1433,49.75,1.084
08-07-2022,UK,Europe,Omicron BA.2,1,0,,16,17,0.0685,0.0475,0,0.7638,19.4,
01-01-2021,Argentina,South America,Alpha,1,0,0,11,8,0.1223,0.1103,0,0,50.24,0.751
17-07-2021,Pakistan,Asia,Delta,16,0,15,272,64,0.2519,0.2053,16,0.1028,81,0.4
01-08-2022,Australia,Oceania,Omicron BA.2,18,0,16,215,252,0.0805,0.0293,1,0.8113,13.31,1.157
20-08-2020,Spain,Europe,Original,1,0,0,15,17,0.0525,0.1188,0,0,46.16,0.66
27-07-2020,Argentina,South America,Original,1,0,0,10,9,0.1172,,0,0,51.19,0.634
16-01-2022,Argentina,South America,Omicron,2,0,1,35,20,0.0786,0.0915,,0.3349,51.03,1.075
