date,country,region,variant,daily_new_cases,daily_deaths,daily_recovered,active_cases,tests_conducted,positivity_rate,hospitalization_rate,icu_patients,vaccination_rate,stringency_index,reproduction_number
2020-01-26,Argentina,South America,Original,4,0,3.0,48,40.0,0.0913,0.1202,1.0,0.0,18.09,0.428
2020-02-01,Argentina,South America,Original,5,0,4.0,52,35.0,0.1444,0.1737,2.0,0.0,10.03,0.84
2020-02-01,Argentina,South America,Original,1,0,0.0,11,12.0,0.1172,0.1825,0.0,0.0,14.94,0.957
2020-02-02,Argentina,South America,Original,1,0,0.0,12,11.0,0.0796,0.1213,0.0,0.0,9.17,1.237
2020-02-02,Argentina,South America,Original,2,0,1.0,22,12.0,0.1546,0.1991,1.0,0.0,10.59,1.021
2020-02-06,Argentina,South America,Original,5,0,4.0,76,55.0,0.0942,0.1295,2.0,0.0,10.59,1.111
2020-02-07,Argentina,South America,Original,1,0,0.0,14,11.0,0.0939,0.1403,0.0,0.0,16.31,1.048
2020-02-08,Argentina,South America,Original,2,0,1.0,33,14.0,0.135,0.1908,1.0,0.0,0.0,0.84
2020-02-23,Argentina,South America,Original,1,0,0.0,16,8.0,0.1078,0.1696,0.0,0.0,97.74,0.4
2020-02-27,Argentina,South America,Original,1,0,0.0,10,6.0,0.1743,0.1697,0.0,0.0,82.67,0.4
2020-03-04,Argentina,South America,Original,2,0,1.0,30,14.0,0.1444,0.1407,1.0,0.0,71.79,0.4
2020-03-05,Argentina,South America,Original,2,0,1.0,21,12.0,0.1172,0.1045,0.0,0.0,71.79,0.428
2020-03-07,Argentina,South America,Original,1,0,0.0,18,10.0,0.0974,0.1877,0.0,0.0,67.82,0.407
2020-03-07,Argentina,South America,Original,1,0,0.0,13,12.0,0.1172,0.2017,1.0,0.0,78.63,0.4
2020-03-07,Argentina,South America,Original,3,0,2.0,53,24.0,0.1136,0.1615,2.0,0.0,85.43,0.4
2020-03-08,Argentina,South America,Original,1,0,0.0,14,12.0,0.1172,0.2069,0.0,0.0,85.43,0.428
2020-03-09,Argentina,South America,Original,1,0,0.0,12,9.0,0.1162,0.1473,0.0,0.0,85.43,0.4
2020-03-09,Argentina,South America,Original,2,0,1.0,29,12.0,0.1172,0.1461,1.0,0.0,68.27,0.4
2020-03-11,Argentina,South America,Original,3,0,2.0,44,12.0,0.1172,0.1443,1.0,0.0,64.84,0.4
2020-03-12,Argentina,South America,Original,14,0,12.0,158,126.0,0.1188,0.1118,4.0,0.0,71.39,0.4
2020-03-12,Argentina,South America,Original,3,0,2.0,33,27.0,0.1046,0.1063,1.0,0.0,72.12,0.4
2020-03-15,Argentina,South America,Original,4,0,3.0,63,40.0,0.1164,0.1461,2.0,0.0,91.25,0.4
2020-03-20,Argentina,South America,Original,4,0,3.0,49,40.0,0.0949,0.1197,1.0,0.0,71.69,0.4
2020-03-20,Argentina,South America,Original,2,0,1.0,29,16.0,0.1221,0.1328,0.0,0.0,76.29,0.4
2020-03-25,Argentina,South America,Original,26,1,24.0,386,234.0,0.1028,0.1707,16.0,0.0,86.89,0.4
2020-03-28,Argentina,South America,Original,1,0,0.0,15,12.0,0.1172,0.1848,0.0,0.0,77.43,0.4
2020-03-31,Argentina,South America,Original,1,0,0.0,11,12.0,0.1172,0.1548,0.0,0.0,77.43,0.4
2020-04-04,Argentina,South America,Original,11,0,9.0,190,110.0,0.0891,0.1461,9.0,0.0,77.93,0.4
2020-04-07,Argentina,South America,Original,1,0,0.0,10,11.0,0.0893,0.17,0.0,0.0,77.47,0.4
2020-04-09,Argentina,South America,Original,3,0,2.0,53,30.0,0.1156,0.1119,1.0,0.0,70.23,0.4
2020-04-10,Argentina,South America,Original,18,0,16.0,230,12.0,0.1172,0.152,7.0,0.0,64.18,0.4
2020-04-15,Argentina,South America,Original,1,0,0.0,12,12.0,0.1172,0.1313,0.0,0.0,84.51,0.4
2020-04-17,Argentina,South America,Original,22,1,20.0,274,220.0,0.1228,0.143,9.0,0.0,87.24,0.4
2020-04-18,Argentina,South America,Original,1,0,0.0,11,12.0,0.1172,0.207,0.0,0.0,77.68,0.4
2020-04-18,Argentina,South America,Original,1,0,0.0,17,12.0,0.1172,0.1656,1.0,0.0,85.92,0.4
2020-04-20,Argentina,South America,Original,1,0,0.0,17,12.0,0.1172,0.1178,0.0,0.0,69.17,0.416
2020-04-24,Argentina,South America,Original,1,0,0.0,13,9.0,0.1031,0.1036,0.0,0.0,68.99,0.426
2020-04-24,Argentina,South America,Original,4,0,3.0,41,40.0,0.104,0.2073,2.0,0.0,88.52,0.4
2020-04-24,Argentina,South America,Original,3,0,2.0,48,24.0,0.141,0.1442,1.0,0.0,81.21,0.4
2020-04-24,Argentina,South America,Original,4,0,3.0,65,12.0,0.1172,0.1467,2.0,0.0,76.83,0.4
2020-04-26,Argentina,South America,Original,6,0,5.0,105,12.0,0.1172,0.1461,3.0,0.0,71.18,0.4
2020-04-28,Argentina,South America,Original,4,0,3.0,54,36.0,0.1198,0.1418,2.0,0.0,71.18,0.4
2020-05-01,Argentina,South America,Original,6,0,5.0,64,12.0,0.1172,0.1461,2.0,0.0,69.62,0.4
2020-05-03,Argentina,South America,Original,1,0,0.0,13,6.0,0.1567,0.1627,0.0,0.0,63.88,0.4
2020-05-06,Argentina,South America,Original,1,0,0.0,11,12.0,0.1172,0.1436,0.0,0.0,52.26,0.598
2020-05-08,Argentina,South America,Original,1,0,0.0,10,9.0,0.1132,0.1654,0.0,0.0,45.94,0.697
2020-05-10,Argentina,South America,Original,1,0,0.0,12,12.0,0.1172,0.2026,1.0,0.0,61.12,0.404
2020-05-10,Argentina,South America,Original,7,0,6.0,123,70.0,0.1,0.0974,3.0,0.0,67.5,0.4
2020-05-11,Argentina,South America,Original,2,0,1.0,26,18.0,0.1198,0.1688,0.0,0.0,64.78,0.402
2020-05-15,Argentina,South America,Original,2,0,1.0,33,12.0,0.1172,0.1462,1.0,0.0,52.06,0.649
2020-05-20,Argentina,South America,Original,1,0,0.0,17,6.0,0.182,0.1235,0.0,0.0,66.34,0.405
2020-05-21,Argentina,South America,Original,4,0,3.0,70,40.0,0.1003,0.1384,1.0,0.0,53.65,0.49
2020-05-25,Argentina,South America,Original,1,0,0.0,10,9.0,0.1103,0.1394,0.0,0.0,53.65,0.428
2020-05-26,Argentina,South America,Original,1,0,0.0,18,9.0,0.1243,0.1318,0.0,0.0,48.88,0.409
2020-05-29,Argentina,South America,Original,11,0,10.0,140,88.0,0.1155,0.1461,4.0,0.0,71.26,0.4
2020-06-02,Argentina,South America,Original,55,1,50.0,711,385.0,0.1589,0.1184,15.0,0.0,68.09,0.4
2020-06-07,Argentina,South America,Original,49,2,46.0,697,392.0,0.1159,0.1168,18.0,0.0,68.09,0.428
2020-06-08,Argentina,South America,Original,1,0,0.0,14,10.0,0.1207,0.2004,1.0,0.0,71.66,0.4
2020-06-12,Argentina,South America,Original,1,0,0.0,13,9.0,0.0965,0.1081,0.0,0.0,56.72,0.4
2020-06-12,Argentina,South America,Original,15,0,0.0,10,7.0,0.1458,0.1563,0.0,0.0,60.85,0.4
2020-06-13,Argentina,South America,Original,1,0,0.0,11,10.0,0.0998,0.1032,0.0,0.0,66.8,0.4
2020-06-16,Argentina,South America,Original,1,0,0.0,17,11.0,0.0878,0.1888,0.0,0.0,48.32,0.685
2020-06-18,Argentina,South America,Original,4,0,3.0,52,44.0,0.1042,0.1832,2.0,0.0,72.98,0.4
2020-06-27,Argentina,South America,Original,1,0,0.0,10,11.0,0.0866,0.0928,0.0,0.0,72.98,0.428
2020-07-03,Argentina,South America,Original,1,0,0.0,12,7.0,0.149,0.1582,0.0,0.0,60.76,0.433
2020-07-04,Argentina,South America,Original,1,0,0.0,17,8.0,0.1321,0.1677,1.0,0.0,81.23,0.4
2020-07-04,Argentina,South America,Original,1,0,0.0,12,9.0,0.1078,0.1592,0.0,0.0,44.67,0.737
2020-07-09,Argentina,South America,Original,2,0,1.0,34,14.0,0.1547,0.1209,0.0,0.0,71.53,0.428
2020-07-10,Argentina,South America,Original,2,0,1.0,35,12.0,0.1678,0.1377,1.0,0.0,50.54,0.422
2020-07-11,Argentina,South America,Original,1,0,0.0,15,11.0,0.949138178,0.1461,0.0,0.0,57.45,0.534
2020-07-17,Argentina,South America,Original,2,0,1.0,20,12.0,0.1645,0.18,0.0,0.0,58.82,0.4
2020-07-20,Argentina,South America,Original,1,0,0.0,16,8.0,0.1329,0.1602,0.0,0.0,52.49,0.609
2020-07-25,Argentina,South America,Original,1,0,0.0,14,8.0,0.1286,0.1164,0.0,0.0,68.93,0.4
2020-07-26,Argentina,South America,Original,1,0,0.0,14,8.0,0.1289,0.1461,0.0,0.0,54.75,0.563
2020-07-27,Argentina,South America,Original,1,0,0.0,10,9.0,0.1172,0.1461,0.0,0.0,51.19,0.634
2020-07-30,Argentina,South America,Original,2,0,1.0,22,22.0,0.0905,0.1314,0.0,0.0,51.19,0.4
2020-07-30,Argentina,South America,Original,10,0,9.0,133,110.0,0.0864,0.1061,3.0,0.0,69.39,0.4
2020-08-03,Argentina,South America,Original,5,0,4.0,62,35.0,0.1634,0.1383,1.0,0.0,58.18,0.476
2020-08-04,Argentina,South America,Original,1,0,0.0,15,10.0,0.1104,0.098,0.0,0.0,69.48,0.4
2020-08-09,Argentina,South America,Original,7,0,6.0,123,56.0,0.1228,0.1624,4.0,0.0,58.63,0.428
2020-08-10,Argentina,South America,Original,1,0,0.0,11,11.0,0.0867,0.153,0.0,0.0,52.71,0.428
2020-08-14,Argentina,South America,Original,8,0,7.0,125,72.0,0.1271,0.1332,4.0,0.0,52.71,0.721
2020-08-18,Argentina,South America,Original,2,0,1.0,31,16.0,0.1223,0.19,1.0,0.0,38.64,0.487
2020-08-19,Argentina,South America,Original,3,0,2.0,52,24.0,0.113,0.1461,2.0,0.0,51.62,0.617
2020-08-20,Argentina,South America,Original,4,0,3.0,60,36.0,0.119,0.1642,2.0,0.0,43.65,0.606
2020-08-21,Argentina,South America,Original,1,0,0.0,17,6.0,0.1618,0.1023,0.0,0.0,32.12,0.501
2020-08-21,Argentina,South America,Original,14,0,12.0,157,126.0,0.0907,0.1801,6.0,0.0,40.78,0.579
2020-08-22,Argentina,South America,Original,8,0,7.0,142,48.0,0.1669,0.1454,3.0,0.0,42.71,0.58
2020-08-23,Argentina,South America,Original,1,0,0.0,9,7.0,0.1481,0.1914,0.0,0.0,48.08,0.482
2020-08-23,Argentina,South America,Original,7,0,6.0,120,63.0,0.1142,0.0943,2.0,0.0,34.98,0.632
2020-08-28,Argentina,South America,Original,4,0,3.0,41,40.0,0.1149,0.0955,1.0,0.0,56.57,0.474
2020-08-30,Argentina,South America,Original,39,1,35.0,462,273.0,0.1565,0.1389,10.0,0.0,58.46,0.501
2020-08-31,Argentina,South America,Original,8,0,7.0,113,48.0,0.1674,0.1556,4.0,0.0,62.69,0.481
2020-08-31,Argentina,South America,Original,25,0,23.0,381,225.0,0.1082,0.1089,9.0,0.0,46.05,0.428
2020-08-31,Argentina,South America,Original,6,0,5.0,73,66.0,0.1001,0.1034,1.0,0.0,38.21,0.503
2020-09-05,Argentina,South America,Original,1,0,0.0,11,7.0,0.1361,0.1422,0.0,0.0,45.96,0.585
2020-09-07,Argentina,South America,Original,2,0,1.0,34,14.0,0.1416,0.2033,1.0,0.0,54.08,0.4
2020-09-11,Argentina,South America,Original,4,0,3.0,53,32.0,0.1206,0.2021,1.0,0.0,51.23,0.4
2020-09-13,Argentina,South America,Original,1,0,0.0,12,10.0,0.0939,0.1878,0.0,0.0,39.82,0.742
2020-09-15,Argentina,South America,Original,1,0,0.0,15,11.0,0.0944,0.1967,1.0,0.0,35.78,0.664
2020-09-19,Argentina,South America,Original,1,0,0.0,16,7.0,0.1328,0.1041,0.0,0.0,51.91,0.428
2020-09-20,Argentina,South America,Original,11,0,10.0,145,110.0,0.0935,0.1461,6.0,0.0,42.6,0.552
2020-09-21,Argentina,South America,Original,1,0,0.0,15,10.0,0.0972,0.1626,1.0,0.0,33.09,0.866
2020-09-22,Argentina,South America,Original,2,0,1.0,35,20.0,0.1075,0.1754,1.0,0.0,33.09,0.725
2020-09-23,Argentina,South America,Original,6,0,5.0,64,36.0,0.1582,0.1205,2.0,0.0,52.32,0.448
2020-09-25,Argentina,South America,Original,2,0,1.0,22,18.0,0.1133,0.1461,0.0,0.0,33.11,0.568
2020-09-26,Argentina,South America,Original,13,0,11.0,156,91.0,0.1351,0.1712,4.0,0.0,48.97,0.65
2020-09-28,Argentina,South America,Original,1,0,0.0,14,7.0,0.1708,0.2034,1.0,0.0,52.92,0.472
2020-09-30,Argentina,South America,Original,1,0,0.0,12,6.0,0.1619,0.165,0.0,0.0,52.11,0.425
2020-10-01,Argentina,South America,Original,1,0,0.0,11,11.0,0.0848,0.1806,0.0,0.0,52.11,0.486
2020-10-02,Argentina,South America,Original,3,0,2.0,47,21.0,0.1423,0.1033,1.0,0.0,52.3,0.651
2020-10-06,Argentina,South America,Original,1,0,0.0,13,11.0,0.0839,0.1878,1.0,0.0,39.91,0.495
2020-10-10,Argentina,South America,Original,1,0,0.0,14,11.0,0.1041,0.1651,0.0,0.0,53.3,0.428
2020-10-13,Argentina,South America,Original,1,0,0.0,10,11.0,0.0707,0.1196,0.0,0.0,50.0,0.4
2020-10-14,Argentina,South America,Original,2,0,1.0,32,18.0,0.1195,0.0949,0.0,0.0,43.56,0.745
2020-10-15,Argentina,South America,Original,1,0,0.0,9,10.0,0.0913,0.1267,0.0,0.0,59.73,0.4
2020-10-15,Argentina,South America,Original,4,0,3.0,54,24.0,0.1757,0.1668,1.0,0.0,49.61,0.428
2020-10-18,Argentina,South America,Original,1,0,0.0,17,7.0,0.1207,0.1418,0.0,0.0,51.68,0.4
2020-10-22,Argentina,South America,Original,1,0,0.0,16,9.0,0.0983,0.1031,0.0,0.0,43.79,0.432
2020-10-22,Argentina,South America,Original,1,0,0.0,9,10.0,0.092,0.1919,0.0,0.0,48.28,0.624
2020-10-22,Argentina,South America,Original,1,0,0.0,9,6.0,0.1667,0.1069,0.0,0.0,56.62,0.5
2020-10-23,Argentina,South America,Original,1,0,0.0,12,6.0,0.1557,0.1987,0.0,0.0,49.9,0.534
2020-10-25,Argentina,South America,Original,22,0,20.0,298,154.0,0.1354,0.1361,8.0,0.0,54.51,0.503
2020-10-29,Argentina,South America,Original,1,0,0.0,17,6.0,0.1797,0.182,1.0,0.0,43.63,0.401
2020-10-30,Argentina,South America,Alpha,1,0,0.0,12,9.0,0.125,0.1661,0.0,0.0,32.2,0.845
2020-10-30,Argentina,South America,Alpha,2,0,1.0,21,18.0,0.106,0.1844,1.0,0.0,52.37,0.728
2020-10-30,Argentina,South America,Alpha,5,0,4.0,72,40.0,0.1499,0.2262,4.0,0.0,35.91,0.925
2020-10-31,Argentina,South America,Alpha,1,0,0.0,17,8.0,0.1283,0.1665,0.0,0.0,48.44,0.622
2020-11-02,Argentina,South America,Original,1,0,0.0,15,8.0,0.1362,0.2006,1.0,0.0,51.94,0.582
2020-11-04,Argentina,South America,Original,17,0,15.0,295,170.0,0.1078,0.0962,6.0,0.0,56.09,0.418
2020-11-06,Argentina,South America,Original,1,0,0.0,15,10.0,0.1098,0.0999,0.0,0.0,49.89,0.46
2020-11-07,Argentina,South America,Alpha,6,0,5.0,89,54.0,0.1193,0.1071,2.0,0.0,49.0,0.632
2020-11-10,Argentina,South America,Original,2,0,1.0,26,14.0,0.1235,0.0911,0.0,0.0,55.21,0.4
2020-11-13,Argentina,South America,Original,2,0,1.0,32,18.0,0.1072,0.1829,1.0,0.0,56.98,0.434
2020-11-14,Argentina,South America,Original,1,0,0.0,12,9.0,0.1146,0.1849,0.0,0.0,62.59,0.4
2020-11-15,Argentina,South America,Original,1,0,0.0,16,7.0,0.1567,0.1227,0.0,0.0,42.87,0.709
2020-11-16,Argentina,South America,Original,1,0,0.0,14,7.0,0.1362,0.1062,0.0,0.0,48.57,0.578
2020-11-18,Argentina,South America,Alpha,2,0,1.0,20,18.0,0.1197,0.2217,1.0,0.0,48.32,0.73
2020-11-22,Argentina,South America,Alpha,3,0,2.0,51,33.0,0.0819,0.1396,2.0,0.0,39.53,0.864
2020-11-23,Argentina,South America,Alpha,2,0,1.0,32,18.0,0.1039,0.1177,0.0,0.0,49.53,0.803
2020-11-24,Argentina,South America,Alpha,3,0,2.0,32,21.0,0.1513,0.1096,0.0,0.0,54.27,0.63
2020-11-25,Argentina,South America,Alpha,1,0,0.0,16,7.0,0.1363,0.1453,1.0,0.0,58.09,0.641
2020-11-27,Argentina,South America,Alpha,3,0,2.0,35,27.0,0.1012,0.2006,1.0,0.0,51.66,0.591
2020-12-01,Argentina,South America,Alpha,10,0,9.0,179,70.0,0.1474,0.1705,5.0,0.0,45.18,0.507
2020-12-02,Argentina,South America,Alpha,1,0,0.0,17,10.0,0.0889,0.2215,0.0,0.0,43.24,0.931
2020-12-14,Argentina,South America,Alpha,1,0,0.0,11,7.0,0.1409,0.1308,0.0,0.0,70.66,0.4
2020-12-18,Argentina,South America,Alpha,4,0,3.0,44,24.0,0.1557,0.1003,0.0,0.0,50.04,0.892
2020-12-21,Argentina,South America,Alpha,1,0,0.0,17,11.0,0.0829,0.1162,0.0,0.0,82.31,0.493
2020-12-24,Argentina,South America,Alpha,2,0,1.0,31,20.0,0.1048,0.1377,0.0,0.0,49.73,0.493
2020-12-24,Argentina,South America,Alpha,9,0,8.0,139,90.0,0.0979,0.1525,3.0,0.0,62.93,0.619
2020-12-26,Argentina,South America,Alpha,1,0,0.0,16,10.0,0.0899,0.1621,0.0,0.0,67.91,0.457
2020-12-28,Argentina,South America,Alpha,7,0,6.0,104,42.0,0.1588,0.1259,3.0,0.0,50.13,0.484
2020-12-29,Argentina,South America,Alpha,1,0,0.0,14,6.0,0.1611,0.1403,0.0,0.0,54.64,0.813
2021-01-01,Argentina,South America,Alpha,1,0,0.0,11,8.0,0.1223,0.1103,0.0,0.0,50.24,0.751
2021-01-02,Argentina,South America,Alpha,1,0,0.0,17,7.0,0.1615,0.2019,1.0,0.0,54.51,0.474
2021-01-05,Argentina,South America,Alpha,2,0,1.0,30,22.0,0.0959,0.2157,1.0,0.0,63.16,0.453
2021-01-09,Argentina,South America,Alpha,19,1,17.0,235,190.0,0.1056,0.1661,9.0,0.0,54.2,0.809
2021-01-09,Argentina,South America,Alpha,1,0,0.0,17,6.0,0.171,0.1093,0.0,0.0,56.7,0.506
2021-01-09,Argentina,South America,Alpha,49,1,46.0,730,441.0,0.1037,0.1045,14.0,0.0,79.41,0.493
2021-01-10,Argentina,South America,Alpha,5,0,4.0,49,35.0,0.1416,0.2271,2.0,0.0,57.76,0.474
2021-01-14,Argentina,South America,Alpha,1,0,0.0,13,11.0,0.1024,0.2021,0.0,0.0,57.76,0.531
2021-01-16,Argentina,South America,Alpha,1,0,0.0,15,11.0,0.0937,0.2156,1.0,0.0127,57.76,0.468
2021-01-18,Argentina,South America,Alpha,1,0,0.0,13,8.0,0.1071,0.2087,0.0,0.0156,77.27,0.493
2021-01-19,Argentina,South America,Alpha,5,0,4.0,61,30.0,0.893066792,0.1661,2.0,0.0231,49.11,0.493
2021-01-23,Argentina,South America,Alpha,47,1,43.0,849,282.0,0.177,0.2022,49.0,0.0257,61.14,0.4
2021-01-24,Argentina,South America,Alpha,8,0,7.0,142,80.0,0.1012,0.1937,6.0,0.0077,67.53,0.555
2021-01-25,Argentina,South America,Alpha,8,0,7.0,138,56.0,0.1468,0.2174,8.0,0.0119,67.53,0.525
2021-01-29,Argentina,South America,Alpha,1,0,0.0,13,6.0,0.1591,0.1336,0.0,0.0107,73.93,0.4
2021-01-29,Argentina,South America,Alpha,1,0,0.0,12,7.0,0.1323,0.1991,0.0,0.0,50.98,0.619
2021-02-03,Argentina,South America,Alpha,16,1,14.0,224,112.0,0.1517,0.2194,11.0,0.0445,64.15,0.4
2021-02-05,Argentina,South America,Alpha,1,0,0.0,15,9.0,0.1198,0.1646,0.0,0.0312,73.45,0.467
2021-02-09,Argentina,South America,Alpha,8,0,7.0,115,88.0,0.096,0.1349,3.0,0.0312,49.64,0.775
2021-02-11,Argentina,South America,Alpha,1,0,0.0,13,6.0,0.1676,0.2093,1.0,0.0624,75.66,0.4
2021-02-11,Argentina,South America,Alpha,14,0,12.0,154,112.0,0.1172,0.1702,6.0,0.0369,72.49,0.4
2021-02-11,Argentina,South America,Alpha,2,0,1.0,33,12.0,0.1534,0.2074,1.0,0.0332,63.23,0.493
2021-02-16,Argentina,South America,Alpha,1,0,0.0,16,7.0,0.1425,0.2229,0.0,0.0275,63.23,0.4
2021-02-18,Argentina,South America,Alpha,2,0,1.0,32,14.0,0.1375,0.2015,1.0,0.0331,62.23,0.459
2021-02-20,Argentina,South America,Alpha,1,0,0.0,15,11.0,0.0877,0.2184,1.0,0.0572,61.6,0.4
2021-02-22,Argentina,South America,Alpha,1,0,0.0,11,7.0,0.1476,0.1661,0.0,0.0138,71.17,0.42
2021-02-22,Argentina,South America,Alpha,1,0,0.0,15,11.0,0.0951,0.1767,0.0,0.0551,80.14,0.493
2021-02-23,Argentina,South America,Alpha,3,0,2.0,35,30.0,0.0963,0.1985,2.0,0.0551,68.88,0.412
2021-02-23,Argentina,South America,Alpha,1,0,0.0,12,11.0,0.104,0.1364,0.0,0.0518,81.39,0.4
2021-02-23,Argentina,South America,Alpha,34,1,31.0,335,374.0,0.0815,0.1245,9.0,0.0189,66.72,0.493
2021-03-02,Argentina,South America,Alpha,9,0,8.0,109,54.0,0.1704,0.1962,3.0,0.0478,71.74,0.4
2021-03-04,Argentina,South America,Alpha,2,0,1.0,31,16.0,0.1327,0.1955,1.0,0.0459,72.75,0.425
2021-03-06,Argentina,South America,Alpha,1,0,0.0,14,9.0,0.1004,0.1087,0.0,0.0555,75.54,0.4
2021-03-06,Argentina,South America,Alpha,1,0,0.0,17,10.0,0.1075,0.1758,0.0,0.0417,59.09,0.549
2021-03-06,Argentina,South America,Alpha,4,0,3.0,40,36.0,0.1235,0.1689,1.0,0.045,63.34,0.493
2021-03-10,Argentina,South America,Alpha,1,0,0.0,16,8.0,0.1342,0.1179,0.0,0.0591,57.81,0.4
2021-03-11,Argentina,South America,Alpha,1,0,0.0,15,7.0,0.1499,0.1367,0.0,0.0574,69.05,0.514
2021-03-14,Argentina,South America,Alpha,1,0,0.0,16,8.0,0.1066,0.1915,1.0,0.0792,69.05,0.4
2021-03-17,Argentina,South America,Alpha,1,0,0.0,14,10.0,0.1112,0.1661,1.0,0.0763,77.8,0.4
2021-03-21,Argentina,South America,Alpha,16,0,14.0,218,144.0,0.1046,0.1771,9.0,0.0761,68.29,0.537
2021-03-22,Argentina,South America,Alpha,2,0,1.0,29,16.0,0.1227,0.171,0.0,0.0695,70.88,0.455
2021-03-23,Argentina,South America,Delta,7,0,6.0,99,70.0,0.1146,0.1261,3.0,0.0881,70.99,0.581
2021-03-24,Argentina,South America,Delta,1,0,0.0,11,9.0,0.1035,0.1261,0.0,0.0698,55.1,0.895
2021-03-25,Argentina,South America,Alpha,3,0,2.0,53,27.0,0.123,0.1815,2.0,0.061,60.14,0.604
2021-03-26,Argentina,South America,Delta,3,0,2.0,40,27.0,0.1107,0.1384,1.0,0.0619,75.36,0.528
2021-03-28,Argentina,South America,Delta,13,0,12.0,198,91.0,0.1369,0.2489,9.0,0.0657,76.56,0.428
2021-03-28,Argentina,South America,Delta,20,0,18.0,242,160.0,0.1303,0.2359,13.0,0.0653,69.61,0.614
2021-03-29,Argentina,South America,Delta,6,0,5.0,76,54.0,0.1176,0.1322,2.0,0.0719,54.65,0.636
2021-03-29,Argentina,South America,Alpha,2,0,1.0,24,18.0,0.1032,0.1561,1.0,0.0638,75.0,0.43
2021-03-30,Argentina,South America,Delta,16,0,14.0,175,128.0,0.1131,0.1367,6.0,0.0761,79.82,0.428
2021-03-30,Argentina,South America,Alpha,1,0,0.0,16,9.0,0.0862,0.1661,1.0,0.0914,79.82,0.409
2021-04-02,Argentina,South America,Delta,1,0,0.0,14,11.0,0.0982,0.1684,0.0,0.0526,73.42,0.475
2021-04-03,Argentina,South America,Alpha,2,0,1.0,23,12.0,0.1489,0.1553,1.0,0.1007,59.21,0.687
2021-04-07,Argentina,South America,Delta,1,0,0.0,13,11.0,0.0721,0.1792,0.0,0.0634,71.6,0.508
2021-04-12,Argentina,South America,Alpha,1,0,0.0,13,7.0,0.1471,0.2129,0.0,0.0929,78.01,0.4
2021-04-14,Argentina,South America,Alpha,6,0,5.0,87,60.0,0.0972,0.0991,1.0,0.0892,63.94,0.493
2021-04-15,Argentina,South America,Alpha,53,1,48.0,705,371.0,0.145,0.1661,26.0,0.0926,64.12,0.579
2021-04-18,Argentina,South America,Delta,4,0,3.0,63,36.0,0.11,0.1907,3.0,0.1003,64.12,0.581
2021-04-20,Argentina,South America,Delta,6,0,5.0,100,54.0,0.1147,0.1323,2.0,0.0871,65.28,0.804
2021-04-21,Argentina,South America,Delta,56,1,53.0,577,448.0,0.1247,0.2217,37.0,0.096,68.64,0.581
2021-04-21,Argentina,South America,Delta,1,0,0.0,16,6.0,0.1651,0.1177,0.0,0.0861,68.64,0.739
2021-05-05,Argentina,South America,Delta,1,0,0.0,16,9.0,0.1073,0.1744,0.0,0.1111,62.18,0.903
2021-05-05,Argentina,South America,Delta,1,0,0.0,14,11.0,0.0931,0.211,0.0,0.1075,69.07,0.443
2021-05-06,Argentina,South America,Delta,4,0,3.0,61,36.0,0.1048,0.1451,2.0,0.106,73.13,0.446
2021-05-09,Argentina,South America,Delta,5,0,4.0,52,50.0,0.1032,0.1361,1.0,0.1119,69.2,0.403
2021-05-10,Argentina,South America,Delta,1,0,0.0,17,7.0,0.1712,0.1722,1.0,0.0973,57.68,0.843
2021-05-14,Argentina,South America,Delta,2,0,1.0,23,14.0,0.1292,0.1609,1.0,0.1177,75.8,0.495
2021-05-14,Argentina,South America,Delta,3,0,2.0,40,24.0,0.1171,0.1176,1.0,0.1271,62.36,0.839
2021-05-16,Argentina,South America,Delta,3,0,2.0,32,24.0,0.1214,0.1635,0.0,0.1114,74.72,0.581
2021-05-19,Argentina,South America,Delta,1,0,0.0,13,9.0,0.1078,0.1702,0.0,0.115,87.85,0.4
2021-05-20,Argentina,South America,Delta,10,0,9.0,176,100.0,0.0798,0.1892,7.0,0.105,77.95,0.4
2021-05-22,Argentina,South America,Delta,5,0,4.0,86,35.0,0.1375,0.1839,3.0,0.1149,87.49,0.4
2021-05-24,Argentina,South America,Delta,1,0,0.0,11,9.0,0.1139,0.2407,1.0,0.1102,78.47,0.471
2021-05-30,Argentina,South America,Delta,1,0,0.0,11,8.0,0.1308,0.1722,0.0,0.1248,61.65,0.6
2021-05-30,Argentina,South America,Delta,5,0,4.0,67,45.0,0.1269,0.241,3.0,0.1191,80.98,0.4
2021-06-03,Argentina,South America,Delta,3,0,2.0,39,24.0,0.1394,0.1722,1.0,0.1231,67.95,0.4
2021-06-05,Argentina,South America,Delta,6,0,5.0,101,48.0,0.12,0.1077,2.0,0.1284,77.9,0.4
2021-06-05,Argentina,South America,Delta,1,0,0.0,12,11.0,0.1013,0.1915,0.0,0.1423,77.9,0.4
2021-06-09,Argentina,South America,Delta,3,0,2.0,48,18.0,0.166,0.2335,2.0,0.1587,75.57,0.544
2021-06-12,Argentina,South America,Delta,2,0,1.0,19,16.0,0.1161,0.1121,0.0,0.1469,67.59,0.581
2021-06-13,Argentina,South America,Delta,29,1,27.0,521,203.0,0.1321,0.1066,12.0,0.1259,53.44,0.723
2021-06-14,Argentina,South America,Delta,22,0,20.0,333,132.0,0.1667,0.1804,16.0,0.1493,56.93,0.778
2021-06-15,Argentina,South America,Delta,28,1,26.0,326,308.0,0.0847,0.2043,15.0,0.1489,61.11,0.472
2021-06-15,Argentina,South America,Delta,24,1,22.0,386,168.0,0.1451,0.1424,11.0,0.1489,78.43,0.4
2021-06-17,Argentina,South America,Delta,20,0,19.0,262,180.0,0.1127,0.2274,12.0,0.139,65.92,0.65
2021-06-18,Argentina,South America,Delta,1,0,0.0,17,9.0,0.1114,0.1722,0.0,0.1511,74.37,0.432
2021-06-19,Argentina,South America,Delta,17,1,15.0,269,136.0,0.1268,0.2401,14.0,0.1546,83.42,0.4
2021-06-21,Argentina,South America,Delta,16,0,15.0,268,176.0,0.0842,0.1722,10.0,0.155,60.8,0.526
2021-06-22,Argentina,South America,Delta,2,0,1.0,31,22.0,0.0839,0.2306,1.0,0.1507,74.74,0.498
2021-06-24,Argentina,South America,Delta,2,0,1.0,30,12.0,0.1593,0.1556,1.0,0.1745,66.97,0.415
2021-06-24,Argentina,South America,Delta,13,0,12.0,203,78.0,0.1743,0.2121,9.0,0.1449,60.29,0.581
2021-06-25,Argentina,South America,Delta,6,0,5.0,91,48.0,0.1297,0.2211,4.0,0.1564,56.88,0.954
2021-06-27,Argentina,South America,Delta,3,0,2.0,52,18.0,0.1756,0.2378,3.0,0.1747,78.02,0.4
2021-06-28,Argentina,South America,Delta,1,0,0.0,12,10.0,0.1006,0.1966,1.0,0.1663,61.9,0.541
2021-06-30,Argentina,South America,Delta,2,0,1.0,23,22.0,0.1041,0.1441,0.0,0.1637,75.91,0.4
2021-07-01,Argentina,South America,Delta,1,0,0.0,11,8.0,0.113,0.1396,0.0,0.1694,71.4,0.554
2021-07-02,Argentina,South America,Delta,13,0,12.0,229,91.0,0.1334,0.173,7.0,0.1689,64.68,0.799
2021-07-06,Argentina,South America,Delta,1,0,0.0,11,8.0,0.1142,0.1722,0.0,0.1714,63.29,0.553
2021-07-09,Argentina,South America,Delta,7,0,6.0,101,42.0,0.164,0.1517,2.0,0.1666,81.33,0.4
2021-07-15,Argentina,South America,Delta,4,0,3.0,66,44.0,0.0892,0.1843,3.0,0.1476,81.33,0.4
2021-07-18,Argentina,South America,Delta,13,0,12.0,183,104.0,0.1358,0.1636,6.0,0.1774,58.84,0.946
2021-07-19,Argentina,South America,Delta,1,0,0.0,12,7.0,0.1689,0.1722,0.0,0.1569,56.21,0.643
2021-07-19,Argentina,South America,Delta,46,1,43.0,788,460.0,0.1173,0.1614,28.0,0.1905,56.21,0.4
2021-07-20,Argentina,South America,Delta,17,0,15.0,300,153.0,0.1195,0.1576,10.0,0.1711,79.96,0.4
2021-07-23,Argentina,South America,Delta,4,0,3.0,48,44.0,0.0991,0.1676,1.0,0.1875,81.57,0.4
2021-07-24,Argentina,South America,Delta,1,0,0.0,15,10.0,0.1073,0.2379,0.0,0.1602,63.08,0.442
2021-07-27,Argentina,South America,Delta,1,0,0.0,15,7.0,0.1287,0.2173,0.0,0.1907,62.73,0.508
2021-07-29,Argentina,South America,Delta,8,0,7.0,82,88.0,0.0956,0.1202,2.0,0.198,62.73,0.577
2021-07-31,Argentina,South America,Delta,1,0,0.0,15,7.0,0.1406,0.14,0.0,0.1712,78.23,0.4
2021-08-03,Argentina,South America,Delta,1,0,0.0,15,8.0,0.1053,0.1266,0.0,0.1789,68.33,0.485
2021-08-06,Argentina,South America,Delta,6,0,5.0,92,66.0,0.0875,0.2025,5.0,0.1706,67.71,0.747
2021-08-07,Argentina,South America,Delta,1,0,0.0,10,6.0,0.1691,0.2023,0.0,0.1826,45.35,0.765
2021-08-07,Argentina,South America,Delta,7,0,6.0,71,56.0,0.1255,0.1939,3.0,0.1969,67.39,0.439
2021-08-08,Argentina,South America,Delta,218,5,206.0,3110,1744.0,0.1134,0.1647,113.0,0.1857,43.7,1.05
2021-08-08,Argentina,South America,Delta,9,0,8.0,107,63.0,0.1514,0.1068,2.0,0.2008,57.05,0.82
2021-08-10,Argentina,South America,Delta,3,0,2.0,36,24.0,0.12,0.1964,2.0,0.1723,66.55,0.757
2021-08-17,Argentina,South America,Delta,3,0,2.0,50,27.0,0.0976,0.1563,1.0,0.1785,72.98,0.454
2021-08-23,Argentina,South America,Delta,27,1,25.0,452,270.0,0.0931,0.1778,22.0,0.2059,55.26,0.581
2021-08-24,Argentina,South America,Delta,1,0,0.0,15,6.0,0.1655,0.1143,0.0,0.2091,58.36,0.699
2021-09-05,Argentina,South America,Delta,1,0,0.0,12,6.0,0.1774,0.1447,0.0,0.2225,55.16,0.637
2021-09-05,Argentina,South America,Delta,8,0,7.0,129,72.0,0.1054,0.1226,2.0,0.2043,62.7,0.833
2021-09-12,Argentina,South America,Delta,4,0,3.0,72,36.0,0.0818,0.2131,3.0,0.2265,63.2,0.532
2021-09-15,Argentina,South America,Delta,7,0,6.0,75,63.0,0.1195,0.2217,4.0,0.2476,44.51,0.581
2021-09-16,Argentina,South America,Delta,1,0,0.0,9,10.0,0.1048,0.2257,0.0,0.2276,46.4,0.581
2021-09-22,Argentina,South America,Delta,1,0,0.0,9,8.0,0.1203,0.0982,0.0,0.2393,49.36,0.837
2021-09-23,Argentina,South America,Delta,3,0,2.0,50,27.0,0.1072,0.1391,1.0,0.2329,56.93,0.714
2021-09-23,Argentina,South America,Delta,1,0,0.0,15,10.0,0.0938,0.1206,0.0,0.2082,51.91,1.068
2021-09-26,Argentina,South America,Delta,2,0,1.0,21,16.0,0.1269,0.1722,0.0,0.2353,43.55,1.183
2021-09-26,Argentina,South America,Delta,16,0,15.0,174,160.0,0.1059,0.1292,5.0,0.2415,37.48,1.193
2021-09-27,Argentina,South America,Delta,1,0,0.0,14,11.0,0.0825,0.155,0.0,0.2219,62.87,0.636
2021-09-28,Argentina,South America,Delta,1,0,0.0,14,8.0,0.1111,0.1834,0.0,0.2525,34.46,1.151
2021-09-28,Argentina,South America,Delta,1,0,0.0,16,11.0,0.094,0.1097,0.0,0.2362,58.36,0.817
2021-10-04,Argentina,South America,Omicron,1,0,0.0,10,10.0,0.1015,0.0484,0.0,0.2397,73.09,0.48
2021-10-06,Argentina,South America,Delta,1,0,0.0,17,10.0,0.0987,0.1722,0.0,0.2443,46.03,0.788
2021-10-11,Argentina,South America,Delta,8,0,7.0,109,64.0,0.1242,0.2066,5.0,0.2541,49.24,0.94
2021-10-17,Argentina,South America,Delta,12,0,11.0,120,108.0,0.1159,0.1283,2.0,0.2546,36.27,1.26
2021-10-20,Argentina,South America,Omicron,1,0,0.0,16,11.0,0.105,0.0628,0.0,0.259,45.89,1.392
2021-10-23,Argentina,South America,Delta,1,0,0.0,13,10.0,0.098,0.095,0.0,0.2708,55.96,0.691
2021-10-23,Argentina,South America,Delta,4,0,3.0,56,32.0,0.1098,0.1207,1.0,0.2614,55.13,0.81
2021-10-23,Argentina,South America,Omicron,2,0,1.0,27,20.0,0.0961,0.0559,0.0,0.2581,40.94,1.302
2021-10-24,Argentina,South America,Delta,1,0,0.0,15,7.0,0.1459,0.1681,0.0,0.2582,64.52,0.578
2021-10-27,Argentina,South America,Delta,2,0,1.0,29,14.0,0.1375,0.1324,0.0,0.2672,61.34,0.526
2021-10-30,Argentina,South America,Omicron,6,0,5.0,75,36.0,0.1569,0.0685,1.0,0.2661,64.26,0.982
2021-10-31,Argentina,South America,Omicron,1,0,0.0,13,8.0,0.1239,0.0756,0.0,0.2671,61.52,0.595
2021-11-03,Argentina,South America,Delta,1,0,0.0,17,9.0,0.1102,0.2014,1.0,0.2707,38.09,0.722
2021-11-04,Argentina,South America,Delta,1,0,0.0,13,6.0,0.1623,0.2161,0.0,0.2838,56.22,0.622
2021-11-11,Argentina,South America,Delta,14,0,12.0,174,126.0,0.1038,0.164,6.0,0.2675,53.22,1.03
2021-11-12,Argentina,South America,Omicron,30,0,28.0,496,330.0,0.0841,0.0581,6.0,0.2915,46.91,1.028
2021-11-12,Argentina,South America,Omicron,14,0,13.0,208,112.0,0.1297,0.0689,3.0,0.2846,36.02,1.646
2021-11-14,Argentina,South America,Omicron,9,0,8.0,137,99.0,0.1085,0.0508,1.0,0.2786,48.79,0.834
2021-11-14,Argentina,South America,Omicron,14,0,13.0,243,154.0,0.0963,0.0992,5.0,0.2809,47.53,1.03
2021-11-16,Argentina,South America,Omicron,1,0,0.0,16,9.0,0.1123,0.0461,0.0,0.2704,30.37,2.047
2021-11-17,Argentina,South America,Omicron,2,0,1.0,26,14.0,0.1516,0.0664,0.0,0.2905,50.5,1.2415
2021-11-19,Argentina,South America,Omicron,7,0,6.0,70,63.0,0.1008,0.0685,1.0,0.2891,50.5,1.162
2021-11-20,Argentina,South America,Omicron,15,0,14.0,202,150.0,0.1109,0.0487,1.0,0.2913,31.44,1.573
2021-11-22,Argentina,South America,Omicron,1,0,0.0,15,7.0,0.1605,0.0814,0.0,0.2758,28.51,2.036
2021-11-24,Argentina,South America,Omicron,7,0,6.0,102,70.0,0.0857,0.0685,2.0,0.289,41.45,1.574
2021-11-28,Argentina,South America,Omicron,8,0,7.0,142,56.0,0.1725,0.0441,1.0,0.3034,46.92,1.203
2021-11-29,Argentina,South America,Omicron,2,0,1.0,22,16.0,0.129,0.0883,0.0,0.3089,32.48,1.446
2021-12-02,Argentina,South America,Omicron,15,0,14.0,185,120.0,0.0927,0.0933,2.0,0.3029,26.37,1.322
2021-12-06,Argentina,South America,Omicron,5,0,4.0,69,55.0,0.0762,0.0456,1.0,0.2931,27.84,1.376
2021-12-07,Argentina,South America,Omicron,1,0,0.0,14,9.0,0.1091,0.0636,0.0,0.31,34.93,1.956
2021-12-08,Argentina,South America,Omicron,8,0,7.0,86,64.0,0.1259,0.077,1.0,0.2816,41.18,1.447
2021-12-09,Argentina,South America,Omicron,6,0,5.0,90,48.0,0.1113,0.0537,1.0,0.2809,39.64,1.741
2021-12-11,Argentina,South America,Omicron,20,0,18.0,291,220.0,0.0677,0.0616,2.0,0.2917,34.14,1.436
2021-12-12,Argentina,South America,Omicron,3,0,2.0,42,27.0,0.1106,0.0688,1.0,0.3105,30.7,1.582
2021-12-13,Argentina,South America,Omicron,17,0,16.0,283,119.0,0.1385,0.0849,6.0,0.3119,39.9,1.334
2021-12-22,Argentina,South America,Omicron,6,0,5.0,104,60.0,0.0988,0.0911,2.0,0.3162,50.43,1.024
2021-12-22,Argentina,South America,Omicron,1,0,0.0,13,8.0,0.1184,0.0639,0.0,0.311,41.38,1.293
2021-12-22,Argentina,South America,Omicron,15,0,14.0,254,135.0,0.1129,0.0926,4.0,0.3026,30.97,2.082
2021-12-23,Argentina,South America,Omicron,4,0,3.0,39,28.0,0.1227,0.0804,0.0,0.3136,28.39,2.036
2021-12-24,Argentina,South America,Omicron,4,0,3.0,58,24.0,0.164,0.0432,1.0,0.3175,49.65,1.15
2021-12-25,Argentina,South America,Omicron,9,0,8.0,159,90.0,0.1195,0.0512,2.0,0.3026,45.92,1.2415
2021-12-26,Argentina,South America,Omicron,1,0,0.0,15,7.0,0.1472,0.0496,0.0,0.3065,30.43,1.788
2021-12-27,Argentina,South America,Omicron,1,0,0.0,10,10.0,0.1124,0.0687,0.0,0.3404,37.27,1.688
2021-12-28,Argentina,South America,Omicron,8,0,7.0,138,56.0,0.1566,0.0501,1.0,0.3384,23.93,1.161
2021-12-29,Argentina,South America,Omicron,5,0,4.0,56,55.0,0.0913,0.0685,1.0,0.3222,44.41,1.158
2022-01-05,Argentina,South America,Omicron,10,0,9.0,132,90.0,0.1138,0.0651,2.0,0.3226,37.88,1.194
2022-01-09,Argentina,South America,Omicron,1,0,0.0,13,8.0,0.1294,0.0767,0.0,0.3319,48.62,0.943
2022-01-09,Argentina,South America,Omicron,5,0,4.0,61,30.0,0.1501,0.0414,1.0,0.3348,47.35,1.152
2022-01-10,Argentina,South America,Omicron,59,1,56.0,594,413.0,0.1543,0.0724,11.0,0.3373,38.66,1.663
2022-01-11,Argentina,South America,Omicron,7,0,6.0,127,63.0,0.1091,0.0918,3.0,0.3413,43.56,1.362
2022-01-12,Argentina,South America,Omicron,9,0,8.0,106,81.0,0.1226,0.0501,1.0,0.3516,41.58,1.2415
2022-01-15,Argentina,South America,Omicron,18,0,17.0,284,144.0,0.1255,0.0648,4.0,0.3532,34.48,1.337
2022-01-16,Argentina,South America,Omicron,1,0,0.0,10,11.0,0.0977,0.0844,0.0,0.3632,27.19,1.379
2022-01-16,Argentina,South America,Omicron,2,0,1.0,35,20.0,0.0786,0.0915,1.0,0.3349,51.03,1.075
2022-01-20,Argentina,South America,Omicron,5,0,4.0,52,30.0,0.1831,0.0685,0.0,0.3396,40.72,1.277
2022-01-20,Argentina,South America,Omicron,30,0,28.0,543,330.0,0.1145,0.0557,6.0,0.3374,44.13,1.44
2022-01-23,Argentina,South America,Omicron,7,0,6.0,85,63.0,0.1151,0.071,1.0,0.3568,43.51,1.333
2022-01-25,Argentina,South America,Omicron,14,0,13.0,155,126.0,0.1167,0.0695,2.0,0.3445,56.03,1.245
2022-01-25,Argentina,South America,Omicron,1,0,0.0,15,6.0,0.145,0.0811,0.0,0.3374,33.95,1.562
2022-01-28,Argentina,South America,Omicron,12,0,11.0,168,108.0,0.1075,0.0772,3.0,0.3604,27.94,1.2415
2022-01-28,Argentina,South America,Omicron,3,0,2.0,42,33.0,0.1055,0.0807,1.0,0.3299,27.94,1.363
2022-01-29,Argentina,South America,Omicron,2,0,1.0,35,14.0,0.1457,0.085,0.0,0.3603,29.76,1.54
2022-01-31,Argentina,South America,Omicron,7,0,6.0,90,70.0,0.1045,0.0454,0.0,0.351,52.88,1.249
2022-02-01,Argentina,South America,Omicron BA.2,2,0,1.0,23,20.0,0.1113,0.0477,0.0,0.3562,33.34,1.233
2022-02-01,Argentina,South America,Omicron,46,0,44.0,742,460.0,0.1083,0.0696,11.0,0.3634,40.2,1.196
2022-02-04,Argentina,South America,Omicron,13,0,12.0,191,143.0,0.0932,0.0448,1.0,0.359,36.47,1.78
2022-02-07,Argentina,South America,Omicron,6,0,5.0,93,42.0,0.134,0.0711,1.0,0.3543,50.18,1.05
2022-02-08,Argentina,South America,Omicron,1,0,0.0,14,8.0,0.1293,0.0451,0.0,0.3572,26.53,1.212
2022-02-11,Argentina,South America,Omicron,7,0,6.0,125,70.0,0.1058,0.0586,1.0,0.3544,41.92,1.674
2022-02-12,Argentina,South America,Omicron BA.2,25,0,23.0,289,175.0,0.1455,0.0424,2.0,0.3652,31.9,1.261
2022-02-14,Argentina,South America,Omicron,15,0,14.0,252,150.0,0.0916,0.0431,2.0,0.3798,55.17,1.2415
2022-02-17,Argentina,South America,Omicron BA.2,9,0,8.0,140,81.0,0.1131,0.0593,1.0,0.3731,32.26,1.722
2022-02-19,Argentina,South America,Omicron BA.2,2,0,1.0,28,12.0,0.149,0.0697,0.0,0.375,38.78,1.364
2022-02-21,Argentina,South America,Omicron,2,0,1.0,26,16.0,0.1257,0.0895,1.0,0.3691,46.01,1.503
2022-02-22,Argentina,South America,Omicron,39,0,37.0,449,234.0,0.1711,0.0695,7.0,0.3856,47.02,1.063
2022-02-23,Argentina,South America,Omicron BA.2,6,0,5.0,90,42.0,0.1456,0.0547,1.0,0.3702,31.74,1.256
2022-02-24,Argentina,South America,Omicron,1,0,0.0,13,10.0,0.11,0.0685,0.0,0.3744,51.81,1.382
2022-02-26,Argentina,South America,Omicron BA.2,2,0,1.0,27,20.0,0.0889,0.0505,0.0,0.3625,51.81,1.928
2022-02-27,Argentina,South America,Omicron BA.2,2,0,1.0,28,12.0,0.1539,0.0554,0.0,0.3678,36.46,1.738
2022-02-28,Argentina,South America,Omicron BA.2,4,0,3.0,63,24.0,0.1767,0.0538,1.0,0.3958,33.3,1.365
2022-03-03,Argentina,South America,Omicron BA.2,4,0,3.0,62,36.0,0.1212,0.0505,0.0,0.3606,50.45,1.56
2022-03-04,Argentina,South America,Omicron,2,0,1.0,30,18.0,0.1286,0.0865,1.0,0.392,30.6,1.369
2022-03-06,Argentina,South America,Omicron,13,0,12.0,169,117.0,0.1142,0.0438,2.0,0.3841,47.07,0.951
2022-03-08,Argentina,South America,Omicron,1,0,0.0,15,7.0,0.1378,0.0634,0.0,0.3934,41.47,1.115
2022-03-08,Argentina,South America,Omicron,3,0,2.0,31,27.0,0.118,0.0583,0.0,0.3699,43.01,0.936
2022-03-10,Argentina,South America,Omicron BA.2,106,1,101.0,1413,742.0,0.1336,0.0656,27.0,0.3839,43.01,1.489
2022-03-14,Argentina,South America,Omicron BA.2,20,0,19.0,272,120.0,0.1614,0.0431,2.0,0.3807,36.89,2.196
2022-03-23,Argentina,South America,Omicron BA.2,27,0,26.0,387,189.0,0.1536,0.0505,4.0,0.4018,29.33,1.265
2022-03-24,Argentina,South America,Omicron BA.2,34,0,31.0,547,374.0,0.0776,0.0541,8.0,0.4027,34.43,1.511
2022-03-26,Argentina,South America,Omicron BA.2,1,0,0.0,17,11.0,0.0953,0.0625,0.0,0.3986,32.64,1.645
2022-03-30,Argentina,South America,Omicron BA.2,13,0,12.0,177,78.0,0.1606,0.0579,1.0,0.4094,28.33,1.263
2022-04-01,Argentina,South America,Omicron BA.2,20,0,19.0,211,220.0,0.0968,0.0505,2.0,0.3993,28.33,1.752
2022-04-02,Argentina,South America,Omicron BA.2,3,0,3.0,54,24.0,0.1215,0.0491,0.0,0.3976,28.33,1.481
2022-04-03,Argentina,South America,Omicron BA.2,81,1,77.0,954,567.0,0.1382,0.0569,10.0,0.3972,32.46,2.091
2022-04-04,Argentina,South America,Omicron BA.2,1,0,1.0,12,11.0,0.1026,0.0505,0.0,0.3978,31.93,1.542
2022-04-06,Argentina,South America,Omicron BA.2,17,0,16.0,272,119.0,0.1263,0.0589,2.0,0.4011,29.5,1.262
2022-04-07,Argentina,South America,Omicron BA.2,1,0,0.0,15,6.0,0.1552,0.0568,0.0,0.395,29.5,1.362
2022-04-08,Argentina,South America,Omicron BA.2,6,0,5.0,104,36.0,0.16,0.0659,2.0,0.4162,27.63,1.265
2022-04-19,Argentina,South America,Omicron BA.2,1,0,1.0,14,9.0,0.0999,0.0442,0.0,0.4198,29.16,1.382
2022-04-21,Argentina,South America,Omicron BA.2,4,0,4.0,60,24.0,0.1664,0.0675,0.0,0.4005,29.02,1.645
2022-04-24,Argentina,South America,Omicron BA.2,6,0,6.0,69,42.0,0.1489,0.0583,0.0,0.433,39.24,1.975
2022-04-24,Argentina,South America,Omicron BA.2,42,0,38.0,429,420.0,0.0883,0.0438,4.0,0.423,20.14,2.603
2022-04-24,Argentina,South America,Omicron BA.2,1,0,0.0,12,9.0,0.1197,0.0569,0.0,0.4358,38.14,1.446
2022-04-25,Argentina,South America,Omicron BA.2,3,0,3.0,38,33.0,0.0947,0.0748,0.0,0.4439,30.68,1.532
2022-04-27,Argentina,South America,Omicron BA.2,15,0,14.0,185,105.0,0.136,0.0505,2.0,0.4102,25.6,1.91
2022-04-27,Argentina,South America,Omicron BA.2,4,0,3.0,49,24.0,0.161,0.0428,0.0,0.4311,35.05,1.586
2022-04-27,Argentina,South America,Omicron BA.2,4,0,3.0,39,40.0,0.0892,0.0505,0.0,0.3989,37.63,2.017
2022-04-28,Argentina,South America,Omicron BA.2,3,0,2.0,49,30.0,0.096,0.045,0.0,0.4349,24.32,1.777
2022-04-28,Argentina,South America,Omicron BA.2,12,0,11.0,178,108.0,0.1113,0.0665,3.0,0.4268,24.32,1.443
2022-04-29,Argentina,South America,Omicron BA.2,10,0,9.0,166,60.0,0.163,0.0627,2.0,0.4314,29.24,2.189
2022-04-30,Argentina,South America,Omicron BA.2,2,0,2.0,36,14.0,0.1481,0.0402,0.0,0.4299,14.92,2.107
2022-05-02,Argentina,South America,Omicron BA.2,2,0,1.0,29,14.0,0.1351,0.0637,0.0,0.4253,35.81,1.763
2022-05-05,Argentina,South America,Omicron BA.2,16,0,15.0,217,176.0,0.1115,0.0391,2.0,0.444,40.94,1.254
2022-05-07,Argentina,South America,Omicron BA.2,1,0,0.0,13,8.0,0.1494,0.0433,0.0,0.431,35.47,1.269
2022-05-07,Argentina,South America,Omicron BA.2,5,0,5.0,62,50.0,0.08,0.0644,1.0,0.4607,23.13,1.522
2022-05-10,Argentina,South America,Omicron BA.2,1,0,0.0,17,6.0,0.1561,0.0764,0.0,0.4461,11.42,1.867
2022-05-11,Argentina,South America,Omicron BA.2,4,0,4.0,57,40.0,0.1031,0.0683,1.0,0.4457,20.68,1.531
2022-05-18,Argentina,South America,Omicron BA.2,46,0,44.0,737,368.0,0.1446,0.0428,6.0,0.4551,28.72,2.183
2022-05-24,Argentina,South America,Omicron BA.2,18,0,17.0,291,108.0,0.165,0.0364,2.0,0.448,18.28,1.645
2022-06-06,Argentina,South America,Omicron BA.2,2,0,1.0,29,16.0,0.1341,0.0375,0.0,0.4562,27.53,1.254
2022-06-09,Argentina,South America,Omicron BA.2,131,1,124.0,2262,1048.0,0.1155,0.0519,20.0,0.4613,10.24,1.778
2022-06-10,Argentina,South America,Omicron BA.2,6,0,6.0,103,60.0,0.0931,0.0401,1.0,0.4714,27.83,1.959
2022-06-12,Argentina,South America,Omicron BA.2,1,0,0.0,12,10.0,0.1198,0.0662,0.0,0.4729,33.48,1.691
2022-06-14,Argentina,South America,Omicron BA.2,2,0,1.0,31,12.0,0.1635,0.0636,0.0,0.456,16.35,1.891
2022-06-14,Argentina,South America,Omicron BA.2,12,0,11.0,119,132.0,0.0893,0.0753,1.0,0.4726,18.14,2.051
2022-06-16,Argentina,South America,Omicron BA.2,1,0,0.0,10,7.0,0.1439,0.0514,0.0,0.4755,17.07,2.416
2022-06-17,Argentina,South America,Omicron BA.2,62,0,59.0,1050,496.0,0.1286,0.0551,16.0,0.4689,23.19,1.605
2022-06-21,Argentina,South America,Omicron BA.2,3,0,3.0,46,33.0,0.0788,0.0729,0.0,0.4665,23.09,1.645
2022-06-25,Argentina,South America,Omicron BA.2,12,0,11.0,206,96.0,0.115,0.0336,1.0,0.4831,23.09,1.645
2022-07-01,Argentina,South America,Omicron BA.2,10,0,9.0,164,60.0,0.153,0.0557,2.0,0.4708,14.58,1.68
2022-07-01,Argentina,South America,Omicron BA.2,2,0,2.0,29,22.0,0.0906,0.0505,0.0,0.4974,28.4,1.578
2022-07-05,Argentina,South America,Omicron BA.2,7,0,7.0,93,77.0,0.091,0.0688,1.0,0.5012,14.4,2.676
2022-07-12,Argentina,South America,Omicron BA.2,4,0,3.0,57,36.0,0.1067,0.0477,0.0,0.5119,36.2,1.896
2022-07-14,Argentina,South America,Omicron BA.2,2,0,1.0,31,14.0,0.1518,0.072,0.0,0.5086,35.57,1.274
2022-07-14,Argentina,South America,Omicron BA.2,1,0,1.0,17,11.0,0.0953,0.0713,0.0,0.484,35.57,1.345
2022-07-16,Argentina,South America,Omicron BA.2,1,0,1.0,11,8.0,0.1295,0.0505,0.0,0.5022,14.14,1.645
2022-07-18,Argentina,South America,Omicron BA.2,2,0,2.0,31,14.0,0.131,0.0691,0.0,0.4917,34.1,1.56
2022-07-19,Argentina,South America,Omicron BA.2,4,0,4.0,53,40.0,0.1021,0.0721,0.0,0.4935,25.93,2.303
2022-07-20,Argentina,South America,Omicron BA.2,7,0,7.0,109,42.0,0.1717,0.0573,1.0,0.4977,44.44,1.606
2022-07-21,Argentina,South America,Omicron BA.2,9,0,8.0,100,63.0,0.1466,0.0505,0.0,0.5284,23.62,1.428
2022-07-22,Argentina,South America,Omicron BA.2,12,0,11.0,170,132.0,0.1043,0.0505,1.0,0.4864,24.71,2.2
2022-07-27,Argentina,South America,Omicron BA.2,4,0,4.0,45,40.0,0.0953,0.0611,0.0,0.516,35.02,1.227
2022-07-29,Argentina,South America,Omicron BA.2,4,0,3.0,59,24.0,0.1774,0.0501,1.0,0.5229,25.43,2.243
2022-07-31,Argentina,South America,Omicron BA.2,2,0,2.0,27,22.0,0.092,0.0475,0.0,0.5261,22.0,2.176
2022-08-01,Argentina,South America,Omicron BA.2,45,0,43.0,692,450.0,0.092,0.0698,11.0,0.5218,43.22,1.217
2022-08-02,Argentina,South America,Omicron BA.2,1,0,1.0,17,9.0,0.1105,0.0435,0.0,0.5302,18.09,1.461
2022-08-06,Argentina,South America,Omicron BA.2,65,0,60.0,1015,390.0,0.1606,0.0637,18.0,0.5275,28.29,2.015
2022-08-06,Argentina,South America,Omicron BA.2,19,0,18.0,204,190.0,0.1087,0.0505,1.0,0.5341,14.96,2.353
2022-08-07,Argentina,South America,Omicron BA.2,2,0,1.0,35,20.0,0.1079,0.066,0.0,0.5327,33.63,1.168
2022-08-08,Argentina,South America,Omicron BA.2,1,0,0.0,9,9.0,0.1104,0.0497,0.0,0.5135,35.89,2.053
2022-08-15,Argentina,South America,Omicron BA.2,1,0,1.0,17,8.0,0.1534,0.0467,0.0,0.5347,30.1,1.875
2022-08-18,Argentina,South America,Omicron BA.2,14,0,13.0,204,98.0,0.1442,0.0336,1.0,0.5429,37.56,1.892
2022-08-19,Argentina,South America,Omicron BA.2,9,0,8.0,93,90.0,0.0866,0.0509,0.0,0.5411,7.47,2.303
2022-08-28,Argentina,South America,Omicron BA.2,15,0,14.0,238,90.0,0.1661,0.0458,2.0,0.5298,11.08,1.86
2022-09-03,Argentina,South America,Omicron BA.2,1,0,1.0,16,8.0,0.1278,0.0709,0.0,0.534,23.89,1.552
2022-09-04,Argentina,South America,Omicron BA.2,2,0,2.0,20,16.0,0.0893,0.0449,0.0,0.5477,31.49,1.782
2022-09-13,Argentina,South America,Omicron BA.2,1,0,0.0,16,6.0,0.1808,0.0533,0.0,0.5542,39.57,1.825
2022-09-14,Argentina,South America,Omicron BA.2,1,0,1.0,17,9.0,0.1235,0.0505,0.0,0.5415,44.02,1.162
2022-09-16,Argentina,South America,Omicron BA.2,4,0,4.0,51,40.0,0.0915,0.0466,1.0,0.5528,41.72,1.637
2022-09-17,Argentina,South America,Omicron BA.2,63,1,59.0,849,504.0,0.1326,0.0348,5.0,0.5453,28.83,2.156
2022-09-17,Argentina,South America,Omicron BA.2,7,0,6.0,89,56.0,0.1284,0.0594,1.0,0.5586,23.05,1.611
2022-09-18,Argentina,South America,Omicron BA.2,4,0,4.0,59,28.0,0.1559,0.0505,0.0,0.5561,27.41,1.998
2022-09-19,Argentina,South America,Omicron BA.2,16,0,15.0,227,176.0,0.0903,0.0436,2.0,0.5565,12.93,1.619
2022-09-20,Argentina,South America,Omicron BA.2,1,0,1.0,10,6.0,0.1682,0.0505,0.0,0.574,18.24,2.497
2022-09-22,Argentina,South America,Omicron BA.2,4,0,4.0,55,40.0,0.1124,0.0376,0.0,0.5606,18.24,1.061
2022-09-23,Argentina,South America,Omicron BA.2,21,0,20.0,272,147.0,0.1543,0.0485,2.0,0.5617,32.32,1.58
2022-09-28,Argentina,South America,Omicron BA.2,15,0,14.0,231,120.0,0.1453,0.038,2.0,0.5695,31.7,1.395
2022-10-03,Argentina,South America,Omicron BA.2,43,0,41.0,457,473.0,0.081,0.0505,5.0,0.5633,20.6,1.351
2022-10-03,Argentina,South America,Omicron BA.2,6,0,5.0,97,66.0,0.0819,0.0505,0.0,0.5713,32.31,1.949
2022-10-04,Argentina,South America,Omicron BA.2,1,0,1.0,15,11.0,0.0795,0.0542,0.0,0.5809,16.0,2.115
2022-10-05,Argentina,South America,Omicron BA.2,3,0,3.0,40,21.0,0.1228,0.0498,0.0,0.5894,27.96,1.995
2022-10-06,Argentina,South America,Omicron BA.2,1,0,0.0,18,6.0,0.1609,0.0333,0.0,0.5802,13.87,2.036
2022-10-09,Argentina,South America,Omicron BA.2,12,0,11.0,216,108.0,0.1035,0.0326,1.0,0.5798,13.87,1.645
2022-10-09,Argentina,South America,Omicron BA.2,14,0,13.0,149,154.0,0.1036,0.0505,2.0,0.5693,22.38,1.574
2022-10-11,Argentina,South America,Omicron BA.2,17,0,16.0,252,136.0,0.1242,0.0632,3.0,0.579,29.95,1.15
2022-10-12,Argentina,South America,Omicron BA.2,15,0,14.0,238,135.0,0.1127,0.0495,2.0,0.5762,28.51,1.553
2022-10-14,Argentina,South America,Omicron BA.2,6,0,5.0,103,42.0,0.1236,0.0614,1.0,0.594,9.28,2.041
2022-10-15,Argentina,South America,Omicron BA.2,1,0,0.0,13,11.0,0.104,0.0564,0.0,0.5842,25.57,2.231
2022-10-16,Argentina,South America,Omicron BA.2,20,0,18.0,242,120.0,0.1644,0.0509,3.0,0.5656,20.72,1.405
2022-10-19,Argentina,South America,Omicron BA.2,2,0,1.0,27,20.0,0.1005,0.044,0.0,0.5846,17.5,1.88
2022-10-19,Argentina,South America,Omicron BA.2,4,0,4.0,53,40.0,0.1149,0.0608,1.0,0.5865,7.92,2.529
2022-10-19,Argentina,South America,Omicron BA.2,4,0,4.0,49,36.0,0.1205,0.0365,0.0,0.5813,22.41,2.383
2022-10-22,Argentina,South America,Omicron BA.2,2,0,2.0,19,20.0,0.111,0.0519,0.0,0.5811,27.5,1.96
2022-10-23,Argentina,South America,Omicron BA.2,2,0,2.0,28,18.0,0.1155,0.0471,0.0,0.58,21.67,1.261
2022-10-25,Argentina,South America,Omicron BA.2,18,0,17.0,316,108.0,0.1535,0.0304,1.0,0.5843,21.67,1.181
2022-10-26,Argentina,South America,Omicron BA.2,8,0,8.0,82,80.0,0.089,0.0505,0.0,0.5817,21.67,1.684
2022-10-27,Argentina,South America,Omicron BA.2,8,0,8.0,129,72.0,0.1351,0.0445,1.0,0.5787,16.95,2.5
2022-10-29,Argentina,South America,Omicron BA.2,3,0,2.0,53,24.0,0.1102,0.0486,0.0,0.6084,16.95,1.55
2022-10-30,Argentina,South America,Omicron BA.2,3,0,3.0,47,30.0,0.1048,0.0369,0.0,0.617,21.65,2.122
2022-11-01,Argentina,South America,Omicron BA.2,2,0,2.0,20,16.0,0.1099,0.0613,0.0,0.5783,9.03,1.713
2022-11-04,Argentina,South America,Omicron BA.2,2,0,2.0,21,20.0,0.0956,0.0505,0.0,0.6066,38.48,1.147
2022-11-07,Argentina,South America,Omicron BA.2,5,0,5.0,65,55.0,0.1076,0.0391,1.0,0.6207,30.17,1.661
2022-11-10,Argentina,South America,Omicron BA.2,1,0,0.0,17,9.0,0.1226,0.04,0.0,0.6124,20.77,1.947
2022-11-11,Argentina,South America,Omicron BA.2,7,0,6.0,112,42.0,0.1648,0.0483,0.0,0.6012,18.5,1.646
2022-11-16,Argentina,South America,Omicron BA.2,3,0,3.0,32,21.0,0.1484,0.0431,0.0,0.6067,36.77,1.645
2022-11-21,Argentina,South America,Omicron BA.2,1,0,0.0,13,7.0,0.144,0.0348,0.0,0.6032,29.27,1.362
2022-11-21,Argentina,South America,Omicron BA.2,1,0,0.0,13,10.0,0.1043,0.0554,0.0,0.6219,19.63,1.458
2022-11-23,Argentina,South America,Omicron BA.2,14,0,13.0,196,112.0,0.1118,0.0639,1.0,0.607,19.63,2.163
2022-11-28,Argentina,South America,Omicron BA.2,3,0,2.0,34,33.0,0.0845,0.0578,0.0,0.6251,19.63,1.466
2022-11-29,Argentina,South America,Omicron BA.2,4,0,4.0,52,32.0,0.1152,0.0638,1.0,0.6164,19.81,1.645
2022-12-06,Argentina,South America,Omicron BA.2,3,0,3.0,34,33.0,0.1014,0.0488,0.0,0.6261,11.36,1.519
2022-12-06,Argentina,South America,Omicron BA.2,40,0,38.0,664,320.0,0.901045909,0.0417,6.0,0.6277,27.81,2.009
2022-12-06,Argentina,South America,Omicron BA.2,3,0,3.0,32,18.0,0.1734,0.0519,0.0,0.6513,13.15,2.299
2022-12-08,Argentina,South America,Omicron BA.2,5,0,4.0,79,35.0,0.1408,0.0325,0.0,0.6505,29.62,1.645
2022-12-14,Argentina,South America,Omicron BA.2,9,0,8.0,115,54.0,0.1891,0.0547,1.0,0.6463,23.71,1.776
2022-12-16,Argentina,South America,Omicron BA.2,2,0,1.0,35,18.0,0.1,0.0355,0.0,0.6375,16.52,1.503
2022-12-25,Argentina,South America,Omicron BA.2,8,0,8.0,87,80.0,0.0981,0.0353,0.0,0.6381,38.85,1.497
2022-12-27,Argentina,South America,Omicron BA.2,1,0,0.0,16,10.0,0.0922,0.0288,0.0,0.6633,35.04,1.493
2022-12-29,Argentina,South America,Omicron BA.2,4,0,4.0,63,28.0,0.1463,0.0362,0.0,0.6627,13.99,2.293
2020-02-01,Australia,Oceania,Original,1,0,0.0,12,22.0,0.0555,0.1187,0.0,0.0,9.61,1.238
2020-02-03,Australia,Oceania,Original,3,0,2.0,42,57.0,0.0527,0.1509,1.0,0.0,18.46,0.794
2020-02-12,Australia,Oceania,Original,1,0,0.0,18,20.0,0.047,0.1135,0.0,0.0,5.19,0.905
2020-02-13,Australia,Oceania,Original,1,0,0.0,17,22.0,0.0555,0.1174,0.0,0.0,7.3,0.869
2020-02-14,Australia,Oceania,Original,1,0,0.0,10,22.0,0.0555,0.1249,0.0,0.0,20.43,1.08
2020-02-15,Australia,Oceania,Original,1,0,0.0,18,12.0,0.076,0.1058,0.0,0.0,16.92,0.846
2020-02-16,Australia,Oceania,Original,2,0,1.0,22,48.0,0.0483,0.204,1.0,0.0,10.05,0.428
2020-02-19,Australia,Oceania,Original,1,0,0.0,12,22.0,0.0555,0.1502,0.0,0.0,10.05,0.722
2020-02-21,Australia,Oceania,Original,1,0,0.0,16,22.0,0.0555,0.1357,0.0,0.0,70.88,0.4
2020-02-24,Australia,Oceania,Original,1,0,0.0,16,24.0,0.0543,0.0911,0.0,0.0,68.29,0.418
2020-02-27,Australia,Oceania,Original,1,0,0.0,11,22.0,0.0555,0.1247,0.0,0.0,75.81,0.4
2020-02-27,Australia,Oceania,Original,1,0,0.0,10,22.0,0.0555,0.1606,0.0,0.0,76.64,0.4
2020-03-03,Australia,Oceania,Original,1,0,0.0,10,22.0,0.0555,0.1062,0.0,0.0,79.07,0.4
2020-03-07,Australia,Oceania,Original,1,0,0.0,18,14.0,0.0531,0.1102,0.0,0.0,85.5,0.428
2020-03-08,Australia,Oceania,Original,1,0,0.0,17,15.0,0.0867,0.1847,0.0,0.0,94.18,0.4
2020-03-10,Australia,Oceania,Original,2,0,1.0,24,22.0,0.0555,0.1182,0.0,0.0,79.19,0.4
2020-03-12,Australia,Oceania,Original,9,0,8.0,135,144.0,0.0671,0.1628,5.0,0.0,72.2,0.4
2020-03-14,Australia,Oceania,Original,7,0,6.0,126,140.0,0.0395,0.2042,5.0,0.0,72.13,0.4
2020-03-14,Australia,Oceania,Original,1,0,0.0,14,22.0,0.0555,0.1516,0.0,0.0,61.03,0.478
2020-03-21,Australia,Oceania,Original,6,0,5.0,88,22.0,0.0555,0.1494,2.0,0.0,86.96,0.4
2020-03-24,Australia,Oceania,Original,2,0,1.0,28,22.0,0.0555,0.1892,1.0,0.0,75.99,0.4
2020-03-25,Australia,Oceania,Original,1,0,0.0,13,22.0,0.0555,0.1935,0.0,0.0,90.39,0.428
2020-04-02,Australia,Oceania,Original,2,0,1.0,28,22.0,0.0555,0.1431,0.0,0.0,76.24,0.4
2020-04-05,Australia,Oceania,Original,1,0,0.0,15,22.0,0.0555,0.1431,0.0,0.0,67.56,0.4
2020-04-06,Australia,Oceania,Original,1,0,0.0,11,14.0,0.0844,0.15,0.0,0.0,74.14,0.4
2020-04-09,Australia,Oceania,Original,1,0,0.0,10,22.0,0.0265,0.1632,0.0,0.0,89.42,0.4
2020-04-09,Australia,Oceania,Original,2,0,1.0,31,36.0,0.0763,0.1137,0.0,0.0,87.96,0.4
2020-04-12,Australia,Oceania,Original,1,0,0.0,13,16.0,0.0522,0.1357,0.0,0.0,91.24,0.4
2020-04-13,Australia,Oceania,Original,1,0,0.0,15,22.0,0.0555,0.1326,0.0,0.0,77.92,0.4
2020-04-22,Australia,Oceania,Original,1,0,0.0,17,21.0,0.0431,0.1698,0.0,0.0,71.82,0.4
2020-04-22,Australia,Oceania,Original,8,0,7.0,141,176.0,0.051,0.1416,3.0,0.0,75.4,0.4
2020-05-01,Australia,Oceania,Original,6,0,5.0,108,120.0,0.0487,0.1431,4.0,0.0,68.93,0.4
2020-05-01,Australia,Oceania,Original,1,0,0.0,16,14.0,0.0675,0.1171,0.0,0.0,63.67,0.4
2020-05-05,Australia,Oceania,Original,1,0,0.0,17,22.0,0.0555,0.1575,0.0,0.0,55.36,0.4
2020-05-09,Australia,Oceania,Original,1,0,0.0,15,22.0,0.0555,0.177,0.0,0.0,75.05,0.4
2020-05-09,Australia,Oceania,Original,1,0,0.0,14,23.0,0.0424,0.1576,0.0,0.0,51.19,0.656
2020-05-21,Australia,Oceania,Original,3,0,2.0,47,45.0,0.0689,0.1431,1.0,0.0,51.53,0.623
2020-05-23,Australia,Oceania,Original,6,0,5.0,99,22.0,0.0555,0.1407,4.0,0.0,70.84,0.4
2020-05-23,Australia,Oceania,Original,1,0,0.0,16,23.0,0.0508,0.1721,0.0,0.0,58.8,0.405
2020-05-24,Australia,Oceania,Original,1,0,0.0,10,19.0,0.0634,0.0918,0.0,0.0,63.39,0.428
2020-05-30,Australia,Oceania,Original,2,0,1.0,24,42.0,0.049,0.143,0.0,0.0,62.0,0.483
2020-05-31,Australia,Oceania,Original,4,0,3.0,68,60.0,0.0702,0.1973,3.0,0.0,62.0,0.43
2020-06-01,Australia,Oceania,Original,1,0,0.0,13,22.0,0.0337,0.1803,0.0,0.0,71.21,0.4
2020-06-02,Australia,Oceania,Original,6,0,5.0,64,108.0,0.0583,0.1605,1.0,0.0,55.92,0.545
2020-06-02,Australia,Oceania,Original,1,0,0.0,11,13.0,0.0838,0.191,0.0,0.0,51.69,0.547
2020-06-02,Australia,Oceania,Original,1,0,0.0,13,19.0,0.0555,0.1036,0.0,0.0,61.46,0.4
2020-06-03,Australia,Oceania,Original,3,0,2.0,50,63.0,0.0491,0.1643,1.0,0.0,70.3,0.4
2020-06-03,Australia,Oceania,Original,1,0,0.0,11,24.0,0.052,0.2066,0.0,0.0,58.39,0.4
2020-06-05,Australia,Oceania,Original,1,0,0.0,17,18.0,0.0531,0.1197,0.0,0.0,68.62,0.428
2020-06-10,Australia,Oceania,Original,1,0,0.0,13,17.0,0.0612,0.1365,0.0,0.0,58.83,0.424
2020-06-14,Australia,Oceania,Original,1,0,0.0,14,12.0,0.0745,0.158,0.0,0.0,53.19,0.491
2020-06-25,Australia,Oceania,Original,1,0,0.0,16,16.0,0.0597,0.2079,0.0,0.0,70.25,0.4
2020-06-26,Australia,Oceania,Original,1,0,0.0,14,13.0,0.0834,0.1684,0.0,0.0,67.19,0.4
2020-06-30,Australia,Oceania,Original,6,0,5.0,105,114.0,0.0588,0.1221,2.0,0.0,53.29,0.599
2020-07-01,Australia,Oceania,Original,12,0,11.0,170,204.0,0.0598,0.1393,5.0,0.0,56.45,0.492
2020-07-04,Australia,Oceania,Original,1,0,0.0,13,16.0,0.0722,0.105,0.0,0.0,56.45,0.57
2020-07-05,Australia,Oceania,Original,1,0,0.0,13,16.0,0.0692,0.149,0.0,0.0,54.79,0.4
2020-07-07,Australia,Oceania,Original,1,0,0.0,13,12.0,0.0771,0.1546,0.0,0.0,54.79,0.492
2020-07-08,Australia,Oceania,Original,4,0,3.0,56,76.0,0.0543,0.1324,1.0,0.0,48.85,0.506
2020-07-10,Australia,Oceania,Original,1,0,0.0,15,16.0,0.0633,0.1399,0.0,0.0,66.27,0.4
2020-07-11,Australia,Oceania,Original,1,0,0.0,15,22.0,0.0388,0.1439,0.0,0.0,66.27,0.572
2020-07-12,Australia,Oceania,Original,1,0,0.0,16,18.0,0.0612,0.1431,0.0,0.0,64.04,0.4
2020-07-18,Australia,Oceania,Original,1,0,0.0,17,16.0,0.0772,0.1834,0.0,0.0,51.75,0.428
2020-07-21,Australia,Oceania,Original,1,0,0.0,11,19.0,0.0329,0.1956,0.0,0.0,49.7,0.529
2020-07-22,Australia,Oceania,Original,11,0,10.0,185,143.0,0.0743,0.1625,5.0,0.0,54.78,0.563
2020-07-22,Australia,Oceania,Original,21,0,19.0,338,420.0,0.0443,0.1327,12.0,0.0,43.99,0.564
2020-07-23,Australia,Oceania,Original,33,0,2.0,33,63.0,0.0392,0.0975,0.0,0.0,55.21,0.488
2020-07-23,Australia,Oceania,Original,1,0,0.0,16,20.0,0.0578,0.1148,0.0,0.0,71.42,0.4
2020-07-23,Australia,Oceania,Original,1,0,0.0,10,21.0,0.0427,0.1431,0.0,0.0,50.46,0.428
2020-07-28,Australia,Oceania,Original,2,0,1.0,33,46.0,0.0286,0.1616,0.0,0.0,79.77,0.4
2020-07-28,Australia,Oceania,Original,3,0,2.0,52,72.0,0.0374,0.1431,1.0,0.0,64.95,0.4
2020-07-29,Australia,Oceania,Original,3,0,2.0,45,39.0,0.088,0.1355,1.0,0.0,64.45,0.4
2020-07-29,Australia,Oceania,Original,1,0,0.0,13,20.0,0.0548,0.1319,0.0,0.0,73.89,0.4
2020-07-30,Australia,Oceania,Original,1,0,0.0,16,23.0,0.0601,0.177,0.0,0.0,60.25,0.544
2020-07-30,Australia,Oceania,Original,1,0,0.0,16,24.0,0.0272,0.1093,0.0,0.0,42.7,0.469
2020-07-30,Australia,Oceania,Original,1,0,0.0,17,23.0,0.0422,0.1221,0.0,0.0,42.7,0.618
2020-08-02,Australia,Oceania,Original,1,0,0.0,11,18.0,0.0391,0.1431,0.0,0.0,73.74,0.4
2020-08-04,Australia,Oceania,Original,1,0,0.0,10,20.0,0.0444,0.1465,0.0,0.0,46.35,0.663
2020-08-04,Australia,Oceania,Original,1,0,0.0,11,13.0,0.069,0.1431,0.0,0.0,53.34,0.428
2020-08-05,Australia,Oceania,Original,5,0,4.0,61,85.0,0.055,0.1279,1.0,0.0,53.34,0.44
2020-08-07,Australia,Oceania,Original,1,0,0.0,16,12.0,0.0817,0.1397,0.0,0.0,62.37,0.4
2020-08-17,Australia,Oceania,Original,1,0,0.0,15,22.0,0.0397,0.185,0.0,0.0,58.56,0.555
2020-08-19,Australia,Oceania,Original,1,0,0.0,14,22.0,0.0468,0.1214,0.0,0.0,38.0,0.428
2020-08-21,Australia,Oceania,Original,8,0,7.0,143,184.0,0.0375,0.1299,5.0,0.0,59.57,0.4
2020-08-25,Australia,Oceania,Original,4,0,3.0,58,76.0,0.0626,0.1431,2.0,0.0,37.82,0.781
2020-08-26,Australia,Oceania,Original,3,0,2.0,30,54.0,0.0604,0.1539,0.0,0.0,60.85,0.4
2020-08-27,Australia,Oceania,Original,18,0,17.0,285,216.0,0.0876,0.1418,11.0,0.0,36.14,0.586
2020-08-29,Australia,Oceania,Original,22,0,21.0,279,286.0,0.072,0.1759,11.0,0.0,53.52,0.561
2020-08-30,Australia,Oceania,Original,2,0,1.0,34,40.0,0.0456,0.0965,0.0,0.0,61.93,0.428
2020-09-01,Australia,Oceania,Original,8,0,7.0,78,184.0,0.0397,0.1052,1.0,0.0,40.29,0.735
2020-09-02,Australia,Oceania,Original,14,0,13.0,168,210.0,0.0592,0.1242,4.0,0.0,51.83,0.654
2020-09-10,Australia,Oceania,Original,1,0,0.0,14,13.0,0.0749,0.1447,0.0,0.0,51.35,0.4
2020-09-10,Australia,Oceania,Original,5,0,4.0,86,65.0,0.0717,0.1789,3.0,0.0,59.92,0.4
2020-09-11,Australia,Oceania,Original,1,0,0.0,16,13.0,0.0849,0.1099,0.0,0.0,57.2,0.472
2020-09-14,Australia,Oceania,Original,1,0,0.0,15,19.0,0.0545,0.2066,0.0,0.0,57.2,0.566
2020-09-24,Australia,Oceania,Original,1,0,0.0,13,19.0,0.0504,0.0969,0.0,0.0,40.11,0.442
2020-09-26,Australia,Oceania,Original,1,0,0.0,14,17.0,0.0636,0.0925,0.0,0.0,51.7,0.645
2020-09-27,Australia,Oceania,Original,2,0,1.0,25,46.0,0.0555,0.0915,0.0,0.0,38.85,0.686
2020-09-28,Australia,Oceania,Original,1,0,0.0,13,23.0,0.0494,0.2036,0.0,0.0,53.39,0.582
2020-10-02,Australia,Oceania,Original,1,0,0.0,16,15.0,0.0571,0.108,0.0,0.0,50.64,0.571
2020-10-06,Australia,Oceania,Original,1,0,0.0,10,13.0,0.0791,0.1431,0.0,0.0,51.74,0.4
2020-10-08,Australia,Oceania,Original,2,0,1.0,34,32.0,0.0588,0.1839,1.0,0.0,39.23,0.428
2020-10-08,Australia,Oceania,Original,4,0,3.0,66,72.0,0.0427,0.1687,2.0,0.0,39.23,0.601
2020-10-09,Australia,Oceania,Original,2,0,1.0,20,48.0,0.0356,0.1453,0.0,0.0,45.51,0.704
2020-10-10,Australia,Oceania,Original,1,0,0.0,12,18.0,0.0541,0.1996,0.0,0.0,60.61,0.4
2020-10-12,Australia,Oceania,Original,1,0,0.0,14,13.0,0.0888,0.1915,0.0,0.0,35.65,0.675
2020-10-13,Australia,Oceania,Original,1,0,0.0,13,21.0,0.0597,0.1421,0.0,0.0,55.31,0.4
2020-10-13,Australia,Oceania,Original,1,0,0.0,11,13.0,0.0728,0.1431,0.0,0.0,55.11,0.428
2020-10-14,Australia,Oceania,Original,1,0,0.0,11,13.0,0.0766,0.1469,0.0,0.0,51.82,0.457
2020-10-17,Australia,Oceania,Original,3,0,2.0,49,60.0,0.0533,0.1367,1.0,0.0,39.24,0.766
2020-10-19,Australia,Oceania,Original,1,0,0.0,17,22.0,0.0536,0.1367,0.0,0.0,39.24,0.54
2020-10-23,Australia,Oceania,Original,4,0,3.0,47,60.0,0.0698,0.1156,1.0,0.0,54.13,0.432
2020-10-30,Australia,Oceania,Original,1,0,0.0,14,13.0,0.0664,0.205,0.0,0.0,40.86,0.549
2020-11-02,Australia,Oceania,Alpha,2,0,1.0,36,38.0,0.0561,0.1389,1.0,0.0,47.16,0.898
2020-11-02,Australia,Oceania,Alpha,1,0,0.0,13,22.0,0.036,0.1221,0.0,0.0,36.7,0.493
2020-11-03,Australia,Oceania,Alpha,9,0,8.0,138,144.0,0.0511,0.1629,4.0,0.0,41.58,1.021
2020-11-06,Australia,Oceania,Alpha,1,0,0.0,12,20.0,0.0514,0.1325,0.0,0.0,57.25,0.557
2020-11-07,Australia,Oceania,Original,3,0,2.0,40,51.0,0.0422,0.1431,0.0,0.0,53.32,0.4
2020-11-14,Australia,Oceania,Original,1,0,0.0,17,18.0,0.0423,0.1704,0.0,0.0,47.57,0.612
2020-11-20,Australia,Oceania,Alpha,3,0,2.0,45,39.0,0.0655,0.1789,1.0,0.0,55.06,0.763
2020-11-29,Australia,Oceania,Alpha,8,0,7.0,139,136.0,0.0566,0.181,4.0,0.0,55.06,0.932
2020-12-01,Australia,Oceania,Alpha,7,0,6.0,102,147.0,0.0521,0.14905000000000002,4.0,0.0,62.06,0.624
2020-12-04,Australia,Oceania,Alpha,4,0,3.0,45,80.0,0.0452,0.1863,2.0,0.0,53.42,0.535
2020-12-06,Australia,Oceania,Alpha,6,0,5.0,85,138.0,0.0417,0.1312,2.0,0.0,46.51,0.704
2020-12-09,Australia,Oceania,Alpha,1,0,0.0,9,16.0,0.0662,0.1184,0.0,0.0,63.02,0.432
2020-12-09,Australia,Oceania,Alpha,8,0,7.0,84,168.0,0.0546,0.2202,2.0,0.0,71.72,0.486
2020-12-11,Australia,Oceania,Alpha,1,0,0.0,16,15.0,0.0799,0.1562,0.0,0.0,55.57,0.468
2020-12-12,Australia,Oceania,Alpha,1,0,0.0,13,23.0,0.046,0.1428,0.0,0.0,63.1,0.587
2020-12-17,Australia,Oceania,Alpha,2,0,1.0,33,24.0,0.0645,0.1331,0.0,0.0,77.66,0.403
2020-12-18,Australia,Oceania,Alpha,1,0,0.0,17,19.0,0.0431,0.226,0.0,0.0,46.74,0.493
2020-12-20,Australia,Oceania,Alpha,1,0,0.0,12,22.0,0.0403,0.189,0.0,0.0,74.27,0.4
2020-12-21,Australia,Oceania,Alpha,1,0,0.0,12,21.0,0.0326,0.0994,0.0,0.0,67.36,0.545
2020-12-22,Australia,Oceania,Alpha,6,0,5.0,61,78.0,0.0725,0.1167,1.0,0.0,75.67,0.4
2020-12-25,Australia,Oceania,Alpha,18,0,17.0,191,342.0,0.0519,0.1433,4.0,0.0,51.77,0.68
2020-12-29,Australia,Oceania,Alpha,1,0,0.0,10,24.0,0.0399,0.14905000000000002,0.0,0.0,57.71,0.563
2021-01-06,Australia,Oceania,Alpha,4,0,3.0,60,76.0,0.08,0.2115,2.0,0.0,63.67,0.419
2021-01-06,Australia,Oceania,Alpha,1,0,0.0,16,15.0,0.0561,0.1434,0.0,0.0111,59.04,0.705
2021-01-07,Australia,Oceania,Alpha,8,0,7.0,131,136.0,0.0535,0.1355,2.0,0.014,59.04,0.493
2021-01-08,Australia,Oceania,Alpha,1,0,0.0,11,13.0,0.0707,0.21,0.0,0.0082,62.46,0.439
2021-01-12,Australia,Oceania,Alpha,1,0,0.0,15,20.0,0.0452,0.1225,0.0,0.0082,62.09,0.502
2021-01-14,Australia,Oceania,Alpha,1,0,0.0,10,17.0,0.0703,0.2182,0.0,0.0,56.08,0.531
2021-01-15,Australia,Oceania,Alpha,2,0,1.0,26,34.0,0.0525,0.1402,0.0,0.0258,49.09,0.906
2021-01-20,Australia,Oceania,Alpha,1,0,0.0,10,24.0,0.0434,0.0989,0.0,0.018,55.27,0.559
2021-01-20,Australia,Oceania,Alpha,1,0,0.0,15,15.0,0.0649,0.202,0.0,0.0213,77.39,0.4
2021-01-22,Australia,Oceania,Alpha,1,0,0.0,12,20.0,0.0431,0.2182,0.0,0.0213,48.51,0.689
2021-01-27,Australia,Oceania,Alpha,3,0,2.0,47,69.0,0.0554,0.2258,2.0,0.0209,71.45,0.4
2021-01-28,Australia,Oceania,Alpha,1,0,0.0,14,21.0,0.0659,0.1448,0.0,0.0326,75.13,0.4
2021-02-01,Australia,Oceania,Alpha,1,0,0.0,17,22.0,0.0437,0.1593,0.0,0.027,52.59,0.502
2021-02-01,Australia,Oceania,Alpha,30,0,28.0,342,480.0,0.0682,0.1365,7.0,0.034,69.42,0.4
2021-02-04,Australia,Oceania,Alpha,1,0,0.0,10,23.0,0.0386,0.121,0.0,0.034,69.17,0.4
2021-02-05,Australia,Oceania,Alpha,4,0,3.0,62,80.0,0.0403,0.1116,1.0,0.034,52.43,0.585
2021-02-05,Australia,Oceania,Alpha,7,0,6.0,124,133.0,0.0444,0.1586,4.0,0.0266,66.37,0.4
2021-02-06,Australia,Oceania,Alpha,6,0,5.0,80,84.0,0.0558,0.1432,2.0,0.0427,52.16,0.664
2021-02-07,Australia,Oceania,Alpha,2,0,1.0,31,44.0,0.0475,0.1169,0.0,0.0427,56.85,0.676
2021-02-07,Australia,Oceania,Alpha,1,0,0.0,11,20.0,0.0331,0.1402,0.0,0.0427,63.74,0.635
2021-02-07,Australia,Oceania,Alpha,1,0,0.0,9,18.0,0.0531,0.1644,0.0,0.028,72.76,0.4
2021-02-09,Australia,Oceania,Alpha,1,0,0.0,17,22.0,0.0516,0.1533,0.0,0.0426,62.77,0.489
2021-02-19,Australia,Oceania,Alpha,3,0,2.0,35,36.0,0.0903,0.2074,1.0,0.042,63.64,0.634
2021-02-19,Australia,Oceania,Alpha,6,0,5.0,104,102.0,0.0538,0.1609,3.0,0.042,77.61,0.493
2021-02-22,Australia,Oceania,Alpha,9,0,8.0,141,198.0,0.0556,0.1409,4.0,0.0627,67.71,0.568
2021-02-23,Australia,Oceania,Alpha,1,0,0.0,13,21.0,0.0455,0.1804,0.0,0.0532,75.39,0.411
2021-02-24,Australia,Oceania,Alpha,19,0,17.0,253,323.0,0.0637,0.2093,10.0,0.0599,81.79,0.4
2021-02-27,Australia,Oceania,Alpha,1,0,0.0,11,15.0,0.0607,0.18,0.0,0.0723,46.84,0.507
2021-02-27,Australia,Oceania,Alpha,1,0,0.0,10,19.0,0.0336,0.2124,0.0,0.052,79.92,0.4
2021-02-27,Australia,Oceania,Alpha,1,0,0.0,10,22.0,0.046,0.1446,0.0,0.052,67.68,0.429
2021-03-04,Australia,Oceania,Alpha,1,0,0.0,10,22.0,0.0441,0.1394,0.0,0.085,64.29,0.443
2021-03-07,Australia,Oceania,Alpha,1,0,0.0,12,24.0,0.0286,0.2052,0.0,0.0873,78.87,0.4
2021-03-13,Australia,Oceania,Alpha,1,0,0.0,18,24.0,0.0326,0.1597,0.0,0.0607,53.9,0.454
2021-03-19,Australia,Oceania,Alpha,2,0,1.0,32,44.0,0.0568,0.1565,1.0,0.0968,72.32,0.4
2021-03-27,Australia,Oceania,Delta,3,0,2.0,53,51.0,0.0515,0.1306,1.0,0.1018,63.29,0.581
2021-03-28,Australia,Oceania,Delta,9,0,8.0,161,216.0,0.0519,0.2045,7.0,0.1086,81.89,0.4
2021-03-29,Australia,Oceania,Delta,1,0,0.0,16,22.0,0.0319,0.2387,1.0,0.1114,81.89,0.4
2021-03-31,Australia,Oceania,Alpha,1,0,0.0,13,13.0,0.0792,0.1138,0.0,0.1151,53.19,0.518
2021-04-01,Australia,Oceania,Delta,3,0,2.0,33,45.0,0.0603,0.1636,1.0,0.1261,70.63,0.601
2021-04-02,Australia,Oceania,Alpha,1,0,0.0,13,13.0,0.0633,0.1125,0.0,0.1251,73.38,0.4
2021-04-03,Australia,Oceania,Alpha,1,0,0.0,12,23.0,0.0404,0.1976,0.0,0.1079,83.57,0.4
2021-04-05,Australia,Oceania,Delta,1,0,0.0,12,12.0,0.0847,0.1759,0.0,0.1386,73.45,0.4
2021-04-05,Australia,Oceania,Delta,1,0,0.0,13,14.0,0.0889,0.2071,0.0,0.1011,64.72,0.698
2021-04-11,Australia,Oceania,Delta,1,0,0.0,13,22.0,0.0553,0.1554,0.0,0.1361,71.44,0.4
2021-04-12,Australia,Oceania,Alpha,2,0,1.0,29,40.0,0.0467,0.1052,0.0,0.1353,70.58,0.4
2021-04-14,Australia,Oceania,Delta,2,0,1.0,22,24.0,0.0908,0.2176,1.0,0.138,79.57,0.4
2021-04-15,Australia,Oceania,Alpha,4,0,3.0,69,92.0,0.0474,0.1701,2.0,0.1342,68.59,0.493
2021-04-16,Australia,Oceania,Alpha,1,0,0.0,13,14.0,0.0687,0.0928,0.0,0.1388,81.85,0.4
2021-04-17,Australia,Oceania,Delta,9,0,8.0,90,207.0,0.0639,0.1173,2.0,0.1399,64.08,0.753
2021-04-18,Australia,Oceania,Delta,2,0,1.0,19,24.0,0.0773,0.2362,0.0,0.1335,62.4,0.584
2021-04-19,Australia,Oceania,Delta,1,0,0.0,12,13.0,0.062,0.2358,0.0,0.1575,75.85,0.48
2021-04-21,Australia,Oceania,Delta,2,0,1.0,25,42.0,0.0578,0.193,1.0,0.1367,55.64,0.793
2021-04-28,Australia,Oceania,Delta,6,0,5.0,86,138.0,0.0486,0.1636,2.0,0.1676,78.16,0.424
2021-05-04,Australia,Oceania,Delta,1,0,0.0,16,21.0,0.0631,0.235,0.0,0.1788,75.55,0.4
2021-05-06,Australia,Oceania,Delta,1,0,0.0,17,19.0,0.0495,0.2188,0.0,0.1544,75.55,0.827
2021-05-08,Australia,Oceania,Delta,17,0,16.0,256,289.0,0.0656,0.1428,8.0,0.2048,57.72,0.581
2021-05-08,Australia,Oceania,Delta,1,0,0.0,17,15.0,0.062,0.1379,0.0,0.1648,80.26,0.405
2021-05-13,Australia,Oceania,Delta,3,0,2.0,40,72.0,0.0521,0.1252,1.0,0.1661,69.8,0.614
2021-05-19,Australia,Oceania,Delta,1,0,0.0,10,20.0,0.0516,0.1636,0.0,0.1861,79.84,0.4
2021-05-19,Australia,Oceania,Delta,2,0,1.0,34,46.0,0.0387,0.1856,1.0,0.1915,60.09,0.598
2021-05-21,Australia,Oceania,Delta,1,0,0.0,10,15.0,0.057,0.1071,0.0,0.2141,60.09,0.57
2021-05-24,Australia,Oceania,Delta,1,0,0.0,13,23.0,0.0396,0.1838,0.0,0.2057,71.74,0.4
2021-05-25,Australia,Oceania,Delta,1,0,0.0,10,18.0,0.0651,0.2014,0.0,0.1974,64.39,0.413
2021-05-26,Australia,Oceania,Delta,7,0,6.0,119,119.0,0.0518,0.2007,5.0,0.2001,65.21,0.628
2021-05-29,Australia,Oceania,Delta,1,0,0.0,11,17.0,0.0727,0.1541,0.0,0.1941,58.5,0.562
2021-05-29,Australia,Oceania,Delta,1,0,0.0,16,24.0,0.0439,0.1374,0.0,0.1854,58.73,0.548
2021-05-29,Australia,Oceania,Delta,1,0,0.0,14,19.0,0.0508,0.1522,0.0,0.2004,62.9,0.71
2021-05-31,Australia,Oceania,Delta,1,0,0.0,9,13.0,0.0845,0.1353,0.0,0.1954,72.36,0.606
2021-06-03,Australia,Oceania,Delta,1,0,0.0,16,13.0,0.0917,0.1401,0.0,0.1938,72.36,0.77
2021-06-06,Australia,Oceania,Delta,2,0,1.0,20,48.0,0.0442,0.1759,0.0,0.2243,84.62,0.4
2021-06-07,Australia,Oceania,Delta,1,0,0.0,12,21.0,0.0516,0.1792,0.0,0.224,75.73,0.4
2021-06-09,Australia,Oceania,Delta,1,0,0.0,13,22.0,0.0344,0.127,0.0,0.2224,61.7,0.746
2021-06-14,Australia,Oceania,Delta,13,0,0.0,10,12.0,0.086,0.158,0.0,0.2117,61.53,0.443
2021-06-15,Australia,Oceania,Delta,2,0,1.0,33,34.0,0.0551,0.1813,1.0,0.2456,65.83,0.59
2021-06-17,Australia,Oceania,Delta,1,0,0.0,18,14.0,0.0815,0.2085,0.0,0.2371,65.83,0.546
2021-06-19,Australia,Oceania,Delta,4,0,3.0,58,68.0,0.0473,0.1105,1.0,0.2229,78.08,0.475
2021-06-22,Australia,Oceania,Delta,1,0,0.0,11,16.0,0.0542,0.1112,0.0,0.221,57.67,0.872
2021-06-26,Australia,Oceania,Delta,4,0,3.0,61,60.0,0.0555,0.1766,3.0,0.24,57.67,0.4
2021-06-27,Australia,Oceania,Delta,7,0,6.0,113,133.0,0.0752,0.146,3.0,0.2411,71.42,0.542
2021-06-30,Australia,Oceania,Delta,1,0,0.0,17,12.0,0.0656,0.1314,0.0,0.2712,86.6,0.4
2021-06-30,Australia,Oceania,Delta,1,0,0.0,17,14.0,0.0907,0.1963,0.0,0.2369,69.1,0.579
2021-07-02,Australia,Oceania,Delta,8,0,7.0,133,184.0,0.0482,0.2213,5.0,0.2509,84.2,0.4
2021-07-03,Australia,Oceania,Delta,3,0,2.0,39,60.0,0.0532,0.2243,2.0,0.2308,83.16,0.4
2021-07-04,Australia,Oceania,Delta,2,0,1.0,35,40.0,0.0478,0.2121,1.0,0.2575,83.16,0.48
2021-07-06,Australia,Oceania,Delta,1,0,0.0,10,12.0,0.0722,0.2082,0.0,0.2373,82.4,0.4
2021-07-06,Australia,Oceania,Delta,1,0,0.0,11,12.0,0.0677,0.1636,0.0,0.248,79.33,0.4
2021-07-07,Australia,Oceania,Delta,3,0,2.0,35,36.0,0.0813,0.1963,1.0,0.2251,79.33,0.494
2021-07-10,Australia,Oceania,Delta,1,0,0.0,12,20.0,0.0461,0.15,0.0,0.2634,78.43,0.581
2021-07-10,Australia,Oceania,Delta,6,0,5.0,66,144.0,0.0579,0.1257,2.0,0.2616,71.82,0.581
2021-07-11,Australia,Oceania,Delta,1,0,0.0,11,19.0,0.049,0.0999,0.0,0.2638,62.0,0.709
2021-07-14,Australia,Oceania,Delta,1,0,0.0,15,19.0,0.059,0.1073,0.0,0.2508,64.03,0.606
2021-07-17,Australia,Oceania,Delta,5,0,4.0,81,115.0,0.0321,0.1939,3.0,0.2594,79.83,0.4
2021-07-18,Australia,Oceania,Delta,58,0,55.0,822,1276.0,0.0487,0.1151,24.0,0.2719,58.18,0.481
2021-07-20,Australia,Oceania,Delta,5,0,4.0,79,120.0,0.0441,0.1972,2.0,0.291,65.04,0.481
2021-07-24,Australia,Oceania,Delta,1,0,0.0,13,18.0,0.0676,0.1638,0.0,0.2629,65.54,0.581
2021-08-02,Australia,Oceania,Delta,2,0,1.0,22,28.0,0.0539,0.1376,0.0,0.3031,72.97,0.4
2021-08-07,Australia,Oceania,Delta,1,0,0.0,14,12.0,0.0836,0.1773,0.0,0.2951,65.06,0.678
2021-08-09,Australia,Oceania,Delta,1,0,0.0,15,16.0,0.0561,0.142,0.0,0.3079,49.32,0.605
2021-08-09,Australia,Oceania,Delta,1,0,0.0,15,16.0,0.0419,0.1243,0.0,0.2972,66.03,0.7
2021-08-14,Australia,Oceania,Delta,1,0,0.0,14,12.0,0.089,0.1636,0.0,0.2981,54.23,0.833
2021-08-20,Australia,Oceania,Delta,1,0,0.0,17,22.0,0.0351,0.1664,0.0,0.3174,48.97,0.981
2021-08-22,Australia,Oceania,Delta,1,0,0.0,17,15.0,0.0719,0.1713,0.0,0.3087,48.97,0.653
2021-08-23,Australia,Oceania,Delta,9,0,8.0,107,126.0,0.0815,0.1099,2.0,0.3171,43.16,0.812
2021-08-24,Australia,Oceania,Delta,1,0,0.0,13,18.0,0.0598,0.1258,0.0,0.3161,43.16,0.581
2021-08-31,Australia,Oceania,Delta,26,0,24.0,405,546.0,0.03,0.0994,10.0,0.3285,70.97,0.581
2021-09-02,Australia,Oceania,Delta,8,0,7.0,96,192.0,0.0377,0.1985,5.0,0.3347,58.57,0.88
2021-09-04,Australia,Oceania,Delta,1,0,0.0,11,12.0,0.0933,0.1636,0.0,0.3318,67.93,0.434
2021-09-10,Australia,Oceania,Delta,8,0,7.0,138,144.0,0.0656,0.1954,7.0,0.3307,53.06,0.724
2021-09-13,Australia,Oceania,Delta,10,0,9.0,164,160.0,0.058,0.1654,8.0,0.3591,60.64,0.62
2021-09-15,Australia,Oceania,Delta,1,0,0.0,13,19.0,0.0505,0.1112,0.0,0.3521,60.82,0.581
2021-09-16,Australia,Oceania,Delta,1,0,0.0,14,22.0,0.0504,0.1636,0.0,0.3496,60.82,0.795
2021-09-18,Australia,Oceania,Delta,1,0,0.0,16,17.0,0.0597,0.1636,0.0,0.3441,61.48,0.511
2021-09-21,Australia,Oceania,Delta,13,0,12.0,214,208.0,0.0542,0.117,7.0,0.357,69.78,0.602
2021-09-21,Australia,Oceania,Delta,1,0,0.0,17,24.0,0.0505,0.1673,0.0,0.3636,55.72,0.93
2021-09-25,Australia,Oceania,Delta,1,0,0.0,15,20.0,0.0464,0.1305,0.0,0.3634,41.81,0.626
2021-09-25,Australia,Oceania,Delta,1,0,0.0,13,24.0,0.0548,0.1636,0.0,0.3738,44.28,0.825
2021-10-02,Australia,Oceania,Delta,1,0,0.0,12,15.0,0.0681,0.0887,0.0,0.3762,42.77,0.964
2021-10-04,Australia,Oceania,Omicron,22,0,21.0,377,308.0,0.0568,0.0497,7.0,0.3671,50.14,1.453
2021-10-05,Australia,Oceania,Omicron,10,0,9.0,138,180.0,0.0577,0.0741,1.0,0.3759,42.81,1.129
2021-10-08,Australia,Oceania,Delta,3,0,2.0,44,60.0,0.0473,0.1198,0.0,0.3954,56.54,0.581
2021-10-11,Australia,Oceania,Omicron,1,0,0.0,11,24.0,0.0437,0.0706,0.0,0.4092,57.24,1.087
2021-10-15,Australia,Oceania,Delta,1,0,0.0,17,23.0,0.0537,0.1942,0.0,0.3905,67.22,0.444
2021-10-18,Australia,Oceania,Omicron,1,0,0.0,13,24.0,0.0219,0.0601,0.0,0.4045,67.22,0.696
2021-10-21,Australia,Oceania,Omicron,4,0,3.0,47,96.0,0.039,0.0693,0.0,0.4081,46.67,1.31
2021-10-21,Australia,Oceania,Omicron,4,0,3.0,54,68.0,0.0411,0.0504,0.0,0.3983,51.93,0.809
2021-10-23,Australia,Oceania,Delta,1,0,0.0,13,17.0,0.072,0.107,0.0,0.413,51.93,0.994
2021-10-23,Australia,Oceania,Omicron,6,0,5.0,67,84.0,0.0524,0.0673,1.0,0.4113,44.83,1.168
2021-10-23,Australia,Oceania,Omicron,4,0,3.0,62,68.0,0.0425,0.0432,0.0,0.3928,49.9,1.141
2021-10-28,Australia,Oceania,Omicron,29,0,27.0,328,435.0,0.0564,0.0547,5.0,0.4137,60.18,0.92
2021-10-29,Australia,Oceania,Delta,1,0,0.0,15,12.0,0.0734,0.1478,0.0,0.411,37.38,1.085
2021-10-31,Australia,Oceania,Delta,126,0,8.0,110,216.0,0.0527,0.1677,3.0,0.4162,61.46,0.693
2021-11-01,Australia,Oceania,Omicron,4,0,3.0,64,60.0,0.0569,0.0751,1.0,0.4396,47.75,1.072
2021-11-03,Australia,Oceania,Delta,2,0,1.0,35,36.0,0.0727,0.1054,0.0,0.4197,58.06,0.581
2021-11-04,Australia,Oceania,Omicron,5,0,4.0,85,100.0,0.0592,0.0408,1.0,0.4285,42.14,1.011
2021-11-05,Australia,Oceania,Omicron,2,0,1.0,36,46.0,0.0296,0.0395,0.0,0.4243,66.72,0.517
2021-11-18,Australia,Oceania,Omicron,4,0,3.0,53,56.0,0.0913,0.057,0.0,0.4555,38.34,0.887
2021-11-20,Australia,Oceania,Omicron,1,0,0.0,11,20.0,0.0436,0.0438,0.0,0.4403,40.23,0.898
2021-11-23,Australia,Oceania,Omicron,1,0,0.0,13,17.0,0.0538,0.0412,0.0,0.4428,29.95,1.813
2021-11-25,Australia,Oceania,Omicron,1,0,0.0,11,17.0,0.0616,0.0808,0.0,0.4642,23.83,1.371
2021-11-27,Australia,Oceania,Omicron,3,0,2.0,34,72.0,0.0425,0.0486,0.0,0.4505,31.72,1.611
2021-12-09,Australia,Oceania,Omicron,1,0,0.0,11,19.0,0.0495,0.0497,0.0,0.4793,37.37,0.888
2021-12-14,Australia,Oceania,Omicron,1,0,0.0,13,20.0,0.0443,0.0563,0.0,0.4823,37.37,1.165
2021-12-15,Australia,Oceania,Omicron,2,0,1.0,24,48.0,0.0596,0.0592,0.0,0.4958,47.08,0.98
2021-12-16,Australia,Oceania,Omicron,3,0,2.0,39,60.0,0.0508,0.068,0.0,0.4779,49.86,1.292
2021-12-18,Australia,Oceania,Omicron,1,0,0.0,17,15.0,0.0627,0.0483,0.0,0.4622,49.86,2.014
2021-12-23,Australia,Oceania,Omicron,3,0,2.0,39,69.0,0.0554,0.036,0.0,0.494,46.93,1.27
2021-12-24,Australia,Oceania,Omicron,2,0,1.0,24,46.0,0.02,0.0735,0.0,0.4908,47.66,1.404
2021-12-24,Australia,Oceania,Omicron,1,0,0.0,16,19.0,0.0424,0.0497,0.0,0.4981,43.42,1.475
2021-12-26,Australia,Oceania,Omicron,1,0,0.0,14,21.0,0.921310478,0.0796,0.0,0.5038,43.2,1.285
2021-12-28,Australia,Oceania,Omicron,6,0,5.0,81,72.0,0.0934,0.0551,0.0,0.5064,27.38,1.88
2021-12-30,Australia,Oceania,Omicron,2,0,1.0,32,48.0,0.0421,0.0482,0.0,0.5014,48.41,1.102
2022-01-04,Australia,Oceania,Omicron,8,0,7.0,142,168.0,0.0598,0.0491,1.0,0.4973,21.69,1.522
2022-01-05,Australia,Oceania,Omicron,43,0,41.0,509,645.0,0.0666,0.0497,6.0,0.5043,46.78,0.851
2022-01-10,Australia,Oceania,Omicron,1,0,0.0,17,13.0,0.0752,0.0484,0.0,0.5048,35.46,0.928
2022-01-10,Australia,Oceania,Omicron,1,0,0.0,13,17.0,0.0519,0.0377,0.0,0.5186,46.31,1.121
2022-01-11,Australia,Oceania,Omicron,1,0,0.0,13,16.0,0.0535,0.0477,0.0,0.5188,46.16,1.211
2022-01-17,Australia,Oceania,Omicron,1,0,0.0,9,17.0,0.0598,0.0419,0.0,0.5321,52.61,0.825
2022-01-18,Australia,Oceania,Omicron,15,0,14.0,171,180.0,0.0741,0.0585,2.0,0.5254,41.28,1.331
2022-01-21,Australia,Oceania,Omicron,3,0,2.0,30,69.0,0.0504,0.057,0.0,0.5307,52.64,1.142
2022-01-25,Australia,Oceania,Omicron,1,0,0.0,15,20.0,0.0566,0.0471,0.0,0.5526,48.38,0.679
2022-01-31,Australia,Oceania,Omicron,1,0,0.0,11,21.0,0.0398,0.0415,0.0,0.5546,48.38,1.329
2022-01-31,Australia,Oceania,Omicron BA.2,9,0,8.0,114,180.0,0.0468,0.03555,0.0,0.5381,47.75,1.293
2022-02-01,Australia,Oceania,Omicron BA.2,3,0,2.0,49,54.0,0.0454,0.0507,0.0,0.56,47.75,1.19
2022-02-06,Australia,Oceania,Omicron,5,0,4.0,88,80.0,0.0625,0.0446,0.0,0.5477,28.43,1.029
2022-02-07,Australia,Oceania,Omicron BA.2,45,0,43.0,798,630.0,0.0633,0.0561,9.0,0.5423,32.96,1.624
2022-02-15,Australia,Oceania,Omicron BA.2,1,0,0.0,13,14.0,0.0765,0.0576,0.0,0.5854,38.57,1.024
2022-02-15,Australia,Oceania,Omicron BA.2,16,0,15.0,270,320.0,0.0578,0.0333,2.0,0.5792,51.55,1.081
2022-02-19,Australia,Oceania,Omicron BA.2,8,0,7.0,81,120.0,0.0593,0.0552,0.0,0.5644,39.13,1.645
2022-02-20,Australia,Oceania,Omicron,1,0,0.0,12,23.0,0.0526,0.0497,0.0,0.5707,28.65,1.765
2022-02-23,Australia,Oceania,Omicron BA.2,10,0,9.0,102,210.0,0.0532,0.0361,1.0,0.5756,35.54,1.433
2022-02-27,Australia,Oceania,Omicron BA.2,86,0,81.0,1281,1978.0,0.0381,0.0475,10.0,0.5762,55.55,0.747
2022-02-28,Australia,Oceania,Omicron,1,0,0.0,14,16.0,0.0771,0.0377,0.0,0.58,30.92,1.641
2022-03-05,Australia,Oceania,Omicron,10,0,9.0,144,220.0,0.0616,0.073,2.0,0.562,34.7,0.927
2022-03-05,Australia,Oceania,Omicron,1,0,1.0,15,17.0,0.0729,0.0481,0.0,0.6122,40.31,1.399
2022-03-08,Australia,Oceania,Omicron,14,0,13.0,141,280.0,0.056,0.0458,1.0,0.6116,37.07,0.945
2022-03-08,Australia,Oceania,Omicron BA.2,13,0,12.0,202,169.0,0.0696,0.0369,1.0,0.6156,32.95,1.645
2022-03-11,Australia,Oceania,Omicron,3,0,2.0,49,60.0,0.0549,0.0555,0.0,0.6006,52.88,1.2415
2022-03-12,Australia,Oceania,Omicron BA.2,1,0,0.0,15,18.0,0.0641,0.0629,0.0,0.5954,35.78,1.78
2022-03-20,Australia,Oceania,Omicron BA.2,2,0,2.0,33,46.0,0.0374,0.0409,0.0,0.6217,25.72,1.673
2022-03-22,Australia,Oceania,Omicron BA.2,1,0,0.0,17,14.0,0.0761,0.0366,0.0,0.6216,33.05,1.274
2022-03-26,Australia,Oceania,Omicron BA.2,3,0,3.0,40,60.0,0.053,0.049,0.0,0.6074,19.37,1.585
2022-03-28,Australia,Oceania,Omicron BA.2,1,0,0.0,14,13.0,0.0651,0.0459,0.0,0.6148,19.37,1.449
2022-03-31,Australia,Oceania,Omicron BA.2,3,0,3.0,45,51.0,0.0646,0.0356,0.0,0.6208,32.38,1.459
2022-03-31,Australia,Oceania,Omicron BA.2,9,0,9.0,148,108.0,0.0738,0.033,1.0,0.6155,34.27,1.994
2022-03-31,Australia,Oceania,Omicron BA.2,3,0,2.0,33,60.0,0.0719,0.0547,0.0,0.6445,13.66,1.63
2022-04-01,Australia,Oceania,Omicron BA.2,1,0,0.0,14,16.0,0.072,0.0349,0.0,0.6155,14.58,2.398
2022-04-11,Australia,Oceania,Omicron BA.2,1,0,0.0,13,19.0,0.0349,0.0387,0.0,0.6302,23.07,1.231
2022-04-15,Australia,Oceania,Omicron BA.2,19,0,18.0,238,285.0,0.0609,0.03555,2.0,0.6333,34.01,1.757
2022-04-16,Australia,Oceania,Omicron BA.2,1,0,1.0,13,17.0,0.0439,0.0465,0.0,0.6338,34.01,1.323
2022-04-16,Australia,Oceania,Omicron BA.2,1,0,1.0,16,19.0,0.0557,0.0418,0.0,0.6338,26.54,1.974
2022-04-17,Australia,Oceania,Omicron BA.2,3,0,2.0,49,63.0,0.0539,0.0469,0.0,0.6564,11.42,1.739
2022-04-18,Australia,Oceania,Omicron BA.2,1,0,0.0,14,12.0,0.0815,0.0388,0.0,0.6469,19.18,2.094
2022-04-19,Australia,Oceania,Omicron BA.2,1,0,1.0,15,17.0,0.0468,0.0555,0.0,0.664,27.25,1.924
2022-04-22,Australia,Oceania,Omicron BA.2,1,0,0.0,16,12.0,0.0866,0.03555,0.0,0.6761,19.92,1.625
2022-04-25,Australia,Oceania,Omicron BA.2,7,0,7.0,115,147.0,0.0453,0.0498,1.0,0.667,28.13,1.806
2022-04-26,Australia,Oceania,Omicron BA.2,2,0,2.0,19,38.0,0.0608,0.0262,0.0,0.6635,16.26,1.671
2022-04-26,Australia,Oceania,Omicron BA.2,7,0,7.0,71,98.0,0.0622,0.03555,0.0,0.6722,16.94,2.275
2022-04-28,Australia,Oceania,Omicron BA.2,8,0,7.0,79,128.0,0.0485,0.0355,0.0,0.6562,24.6,1.941
2022-04-29,Australia,Oceania,Omicron BA.2,4,0,4.0,68,52.0,0.0642,0.0591,0.0,0.6606,32.67,1.52
2022-04-29,Australia,Oceania,Omicron BA.2,2,0,1.0,27,40.0,0.0582,0.0549,0.0,0.6695,30.41,1.782
2022-05-01,Australia,Oceania,Omicron BA.2,10,0,10.0,135,120.0,0.072,0.0526,1.0,0.6642,33.44,1.958
2022-05-02,Australia,Oceania,Omicron BA.2,3,0,3.0,36,69.0,0.0568,0.0344,0.0,0.682,33.44,1.645
2022-05-02,Australia,Oceania,Omicron BA.2,6,0,5.0,76,102.0,0.0561,0.035,0.0,0.6706,12.91,2.115
2022-05-03,Australia,Oceania,Omicron BA.2,8,0,8.0,126,176.0,0.0699,0.0438,1.0,0.6632,17.37,1.742
2022-05-04,Australia,Oceania,Omicron BA.2,2,0,2.0,29,28.0,0.0625,0.0503,0.0,0.691,22.38,1.5
2022-05-07,Australia,Oceania,Omicron BA.2,16,0,15.0,203,208.0,0.0694,0.0478,2.0,0.6788,42.63,1.558
2022-05-10,Australia,Oceania,Omicron BA.2,4,0,3.0,64,60.0,0.0459,0.0355,0.0,0.6869,20.56,1.69
2022-05-10,Australia,Oceania,Omicron BA.2,1,0,0.0,17,13.0,0.0675,0.047,0.0,0.6727,39.17,1.402
2022-05-15,Australia,Oceania,Omicron BA.2,1,0,0.0,10,16.0,0.0661,0.03555,0.0,0.6844,20.96,1.67
2022-05-20,Australia,Oceania,Omicron BA.2,1,0,1.0,17,21.0,0.0458,0.03555,0.0,0.6833,37.92,1.274
2022-05-22,Australia,Oceania,Omicron BA.2,1,0,1.0,13,14.0,0.0784,0.0298,0.0,0.7049,25.23,1.786
2022-05-27,Australia,Oceania,Omicron BA.2,1,0,0.0,17,16.0,0.0631,0.0436,0.0,0.7142,17.78,1.337
2022-05-28,Australia,Oceania,Omicron BA.2,1,0,1.0,17,13.0,0.0648,0.0485,0.0,0.7068,10.63,1.595
2022-05-29,Australia,Oceania,Omicron BA.2,6,0,6.0,75,108.0,0.044,0.0444,0.0,0.7118,27.07,1.224
2022-05-31,Australia,Oceania,Omicron BA.2,25,0,23.0,311,375.0,0.0744,0.0513,2.0,0.7127,33.22,1.645
2022-06-01,Australia,Oceania,Omicron BA.2,1,0,0.0,16,21.0,0.0389,0.0558,0.0,0.7148,24.07,1.344
2022-06-06,Australia,Oceania,Omicron BA.2,2,0,1.0,32,30.0,0.0785,0.0541,0.0,0.7367,16.79,1.279
2022-06-10,Australia,Oceania,Omicron BA.2,4,0,3.0,51,76.0,0.0595,0.0393,0.0,0.725,31.12,1.176
2022-06-14,Australia,Oceania,Omicron BA.2,2,0,2.0,22,48.0,0.054,0.0272,0.0,0.7361,28.47,1.368
2022-06-15,Australia,Oceania,Omicron BA.2,1,0,1.0,16,14.0,0.0576,0.03555,0.0,0.7348,28.47,1.298
2022-06-22,Australia,Oceania,Omicron BA.2,1,0,0.0,12,16.0,0.0488,0.0296,0.0,0.7348,20.55,2.208
2022-06-23,Australia,Oceania,Omicron BA.2,1,0,1.0,17,12.0,0.078,0.0481,0.0,0.7315,27.24,1.87
2022-06-23,Australia,Oceania,Omicron BA.2,1,0,0.0,13,22.0,0.0521,0.0432,0.0,0.7347,23.88,1.786
2022-06-24,Australia,Oceania,Omicron BA.2,1,0,0.0,16,24.0,0.0483,0.0318,0.0,0.7499,26.22,1.925
2022-06-28,Australia,Oceania,Omicron BA.2,3,0,3.0,52,69.0,0.042,0.0288,0.0,0.7639,26.22,1.509
2022-07-02,Australia,Oceania,Omicron BA.2,10,0,10.0,115,200.0,0.034,0.0513,1.0,0.7582,34.68,1.456
2022-07-04,Australia,Oceania,Omicron BA.2,1,0,0.0,12,24.0,0.0394,0.0503,0.0,0.758,19.63,1.854
2022-07-10,Australia,Oceania,Omicron BA.2,1,0,1.0,12,15.0,0.0643,0.0346,0.0,0.7698,31.26,1.302
2022-07-11,Australia,Oceania,Omicron BA.2,19,0,18.0,337,247.0,0.0655,0.03555,2.0,0.7822,31.26,1.816
2022-07-12,Australia,Oceania,Omicron BA.2,6,0,6.0,78,120.0,0.0461,0.0443,0.0,0.7606,22.0,1.368
2022-07-22,Australia,Oceania,Omicron BA.2,23,0,21.0,284,391.0,0.0656,0.0266,1.0,0.7949,21.96,2.004
2022-07-23,Australia,Oceania,Omicron BA.2,2,0,2.0,28,28.0,0.0702,0.0376,0.0,0.7968,27.2,1.821
2022-07-24,Australia,Oceania,Omicron BA.2,4,0,3.0,45,56.0,0.0891,0.0373,0.0,0.783,29.67,1.696
2022-07-27,Australia,Oceania,Omicron BA.2,1,0,0.0,14,14.0,0.0664,0.0384,0.0,0.7812,23.62,1.954
2022-07-28,Australia,Oceania,Omicron BA.2,1,0,0.0,10,14.0,0.0591,0.0344,0.0,0.7997,33.56,1.645
2022-07-28,Australia,Oceania,Omicron BA.2,5,0,5.0,58,120.0,0.0576,0.0278,0.0,0.7856,27.14,1.496
2022-07-28,Australia,Oceania,Omicron BA.2,2,0,2.0,33,40.0,0.0661,0.0445,0.0,0.8048,27.01,1.23
2022-08-01,Australia,Oceania,Omicron BA.2,18,0,16.0,215,252.0,0.0805,0.0293,1.0,0.8113,13.31,1.157
2022-08-05,Australia,Oceania,Omicron BA.2,2,0,1.0,25,44.0,0.0433,0.0344,0.0,0.8224,23.72,1.146
2022-08-05,Australia,Oceania,Omicron BA.2,1,0,1.0,15,18.0,0.0362,0.034,0.0,0.7846,30.19,1.027
2022-08-05,Australia,Oceania,Omicron BA.2,1,0,1.0,10,15.0,0.072,0.0421,0.0,0.8107,14.77,2.253
2022-08-06,Australia,Oceania,Omicron BA.2,2,0,2.0,34,36.0,0.0444,0.0227,0.0,0.8052,40.27,1.308
2022-08-07,Australia,Oceania,Omicron BA.2,2,0,1.0,28,30.0,0.0565,0.0378,0.0,0.8058,36.18,1.417
2022-08-09,Australia,Oceania,Omicron BA.2,1,0,0.0,14,20.0,0.0344,0.03555,0.0,0.8282,26.82,1.546
2022-08-09,Australia,Oceania,Omicron BA.2,11,0,10.0,132,220.0,0.0447,0.0214,0.0,0.807,30.06,1.751
2022-08-10,Australia,Oceania,Omicron BA.2,1,0,0.0,14,19.0,0.0574,0.03555,0.0,0.8166,17.75,2.103
2022-08-10,Australia,Oceania,Omicron BA.2,1,0,1.0,15,16.0,0.0651,0.0329,0.0,0.8161,41.08,0.802
2022-08-17,Australia,Oceania,Omicron BA.2,2,0,1.0,21,36.0,0.044,0.0432,0.0,0.8221,41.08,1.639
2022-08-17,Australia,Oceania,Omicron BA.2,4,0,4.0,60,80.0,0.0476,0.0434,0.0,0.8186,14.54,1.815
2022-08-23,Australia,Oceania,Omicron BA.2,1,0,0.0,17,23.0,0.0531,0.0243,0.0,0.835,13.94,2.118
2022-08-29,Australia,Oceania,Omicron BA.2,1,0,1.0,14,20.0,0.05,0.0421,0.0,0.8387,20.59,1.579
2022-09-01,Australia,Oceania,Omicron BA.2,1,0,1.0,18,18.0,0.0521,0.0203,0.0,0.8358,21.2,1.223
2022-09-02,Australia,Oceania,Omicron BA.2,4,0,4.0,50,76.0,0.0551,0.0324,0.0,0.8333,20.4,1.689
2022-09-02,Australia,Oceania,Omicron BA.2,1,0,0.0,15,21.0,0.0496,0.03555,0.0,0.8305,31.62,1.704
2022-09-04,Australia,Oceania,Omicron BA.2,1,0,0.0,13,13.0,0.059,0.0414,0.0,0.8473,23.42,1.245
2022-09-07,Australia,Oceania,Omicron BA.2,1,0,1.0,17,13.0,0.0659,0.0218,0.0,0.8534,20.54,1.267
2022-09-07,Australia,Oceania,Omicron BA.2,11,0,10.0,183,165.0,0.0858,0.0425,2.0,0.8568,35.59,1.506
2022-09-18,Australia,Oceania,Omicron BA.2,1,0,0.0,12,17.0,0.0602,0.019,0.0,0.8689,34.7,1.34
2022-09-18,Australia,Oceania,Omicron BA.2,3,0,3.0,34,69.0,0.0398,0.0383,0.0,0.871,25.45,1.888
2022-09-21,Australia,Oceania,Omicron BA.2,3,0,2.0,45,66.0,0.0533,0.0256,0.0,0.8721,14.05,1.563
2022-09-23,Australia,Oceania,Omicron BA.2,9,0,8.0,103,216.0,0.0348,0.0202,0.0,0.8839,11.58,1.245
2022-09-24,Australia,Oceania,Omicron BA.2,19,0,18.0,219,323.0,0.08,0.0241,0.0,0.8826,21.26,1.645
2022-10-01,Australia,Oceania,Omicron BA.2,13,0,12.0,180,286.0,0.0437,0.03555,1.0,0.8976,14.25,1.734
2022-10-01,Australia,Oceania,Omicron BA.2,23,0,21.0,323,529.0,0.035,0.0271,1.0,0.8961,14.25,1.515
2022-10-01,Australia,Oceania,Omicron BA.2,1,0,0.0,16,12.0,0.0739,0.02,0.0,0.8752,18.67,1.677
2022-10-04,Australia,Oceania,Omicron BA.2,5,0,5.0,72,120.0,0.0518,0.03555,0.0,0.8948,11.72,2.011
2022-10-06,Australia,Oceania,Omicron BA.2,9,0,9.0,94,189.0,0.0479,0.0179,0.0,0.9049,20.59,1.178
2022-10-08,Australia,Oceania,Omicron BA.2,1,0,1.0,10,16.0,0.0542,0.0251,0.0,0.9038,13.05,1.365
2022-10-09,Australia,Oceania,Omicron BA.2,1,0,1.0,15,20.0,0.0521,0.0345,0.0,0.8915,13.05,2.001
2022-10-09,Australia,Oceania,Omicron BA.2,1,0,0.0,16,19.0,0.0389,0.0394,0.0,0.8874,29.28,1.172
2022-10-13,Australia,Oceania,Omicron BA.2,8,0,7.0,125,192.0,0.038,0.0337,1.0,0.9103,17.74,1.728
2022-10-19,Australia,Oceania,Omicron BA.2,1,0,0.0,12,15.0,0.0543,0.0376,0.0,0.891,17.74,1.164
2022-10-20,Australia,Oceania,Omicron BA.2,1,0,1.0,12,15.0,0.0837,0.03555,0.0,0.92,35.7,1.238
2022-10-25,Australia,Oceania,Omicron BA.2,5,0,5.0,62,80.0,0.068,0.0239,0.0,0.92,16.14,1.825
2022-10-27,Australia,Oceania,Omicron BA.2,1,0,1.0,12,21.0,0.0494,0.0175,0.0,0.9189,13.62,2.058
2022-10-27,Australia,Oceania,Omicron BA.2,1,0,0.0,13,21.0,0.0469,0.0204,0.0,0.92,39.85,1.153
2022-10-27,Australia,Oceania,Omicron BA.2,6,0,6.0,108,126.0,0.0316,0.0183,0.0,0.9136,44.63,1.211
2022-10-31,Australia,Oceania,Omicron BA.2,1,0,1.0,10,17.0,0.0603,0.0219,0.0,0.92,30.97,1.059
2022-11-04,Australia,Oceania,Omicron BA.2,1,0,0.0,14,19.0,0.0625,0.0295,0.0,0.92,40.29,0.838
2022-11-06,Australia,Oceania,Omicron BA.2,1,0,0.0,15,18.0,0.059,0.03555,0.0,0.92,23.36,1.162
2022-11-08,Australia,Oceania,Omicron BA.2,1,0,0.0,11,20.0,0.0427,0.03555,0.0,0.92,23.36,1.413
2022-11-09,Australia,Oceania,Omicron BA.2,1,0,1.0,13,12.0,0.0835,0.0277,0.0,0.92,19.52,1.728
2022-11-10,Australia,Oceania,Omicron BA.2,1,0,1.0,13,17.0,0.0647,0.024,0.0,0.92,42.47,0.98
2022-11-14,Australia,Oceania,Omicron BA.2,1,0,0.0,13,23.0,0.0386,0.0381,0.0,0.92,30.92,1.447
2022-11-16,Australia,Oceania,Omicron BA.2,3,0,2.0,33,66.0,0.0375,0.0362,0.0,0.92,30.39,1.618
2022-11-19,Australia,Oceania,Omicron BA.2,3,0,2.0,54,39.0,0.0707,0.024,0.0,0.92,25.75,1.164
2022-11-22,Australia,Oceania,Omicron BA.2,35,0,33.0,437,770.0,0.0513,0.0245,1.0,0.92,37.93,1.499
2022-11-22,Australia,Oceania,Omicron BA.2,9,0,9.0,130,198.0,0.05,0.0232,0.0,0.92,19.7,1.589
2022-11-23,Australia,Oceania,Omicron BA.2,1,0,0.0,17,23.0,0.0591,0.0216,0.0,0.92,30.0,1.04
2022-11-26,Australia,Oceania,Omicron BA.2,1,0,0.0,18,21.0,0.0409,0.023,0.0,0.92,11.67,1.342
2022-11-28,Australia,Oceania,Omicron BA.2,1,0,0.0,11,12.0,0.082,0.03555,0.0,0.92,22.02,1.252
2022-11-28,Australia,Oceania,Omicron BA.2,5,0,5.0,67,95.0,0.0391,0.0362,0.0,0.92,34.21,1.116
2022-11-29,Australia,Oceania,Omicron BA.2,28,0,27.0,355,392.0,0.0819,0.03555,1.0,0.92,28.83,1.315
2022-11-29,Australia,Oceania,Omicron BA.2,1,0,0.0,11,23.0,0.0445,0.0283,0.0,0.92,37.47,1.052
2022-12-01,Australia,Oceania,Omicron BA.2,1,0,0.0,14,15.0,0.0798,0.0271,0.0,0.92,26.35,1.223
2022-12-04,Australia,Oceania,Omicron BA.2,1,0,0.0,16,17.0,0.068,0.0217,0.0,0.92,17.74,1.973
2022-12-05,Australia,Oceania,Omicron BA.2,2,0,1.0,29,30.0,0.0732,0.0193,0.0,0.92,21.72,1.028
2022-12-06,Australia,Oceania,Omicron BA.2,1,0,0.0,12,18.0,0.0736,0.018,0.0,0.92,29.86,1.235
2022-12-07,Australia,Oceania,Omicron BA.2,6,0,5.0,75,90.0,0.0692,0.0232,0.0,0.92,16.0,1.333
2022-12-08,Australia,Oceania,Omicron BA.2,13,0,12.0,185,247.0,0.0379,0.03555,1.0,0.92,25.17,1.391
2022-12-09,Australia,Oceania,Omicron BA.2,1,0,1.0,16,15.0,0.074,0.0196,0.0,0.92,11.73,1.621
2022-12-20,Australia,Oceania,Omicron BA.2,1,0,1.0,16,15.0,0.0836,0.0266,0.0,0.92,22.59,1.205
2022-12-30,Australia,Oceania,Omicron BA.2,1,0,1.0,13,21.0,0.0463,0.03555,0.0,0.92,37.79,1.51
2022-12-31,Australia,Oceania,Omicron BA.2,1,0,0.0,12,18.0,0.0642,0.0366,0.0,0.92,28.68,1.008
2020-01-22,Brazil,South America,Original,1,0,0.0,17,7.0,0.1362,0.1044,0.0,0.0,4.35,1.259
2020-01-26,Brazil,South America,Original,80,2,73.0,1292,77.0,0.1183,0.1461,42.0,0.0,14.7,0.428
2020-02-04,Brazil,South America,Original,2,0,1.0,20,20.0,0.0814,0.1046,0.0,0.0,19.62,0.935
2020-02-04,Brazil,South America,Original,10,0,9.0,179,70.0,0.1408,0.0974,5.0,0.0,15.05,0.652
2020-02-10,Brazil,South America,Original,4,0,3.0,47,36.0,0.0886,0.1832,2.0,0.0,8.74,1.116
2020-02-11,Brazil,South America,Original,28,1,26.0,499,77.0,0.1183,0.1921,22.0,0.0,19.26,0.788
2020-02-15,Brazil,South America,Original,1,0,0.0,10,7.0,0.1599,0.1461,0.0,0.0,20.5,0.753
2020-02-17,Brazil,South America,Original,3,0,2.0,46,77.0,0.1183,0.1684,2.0,0.0,16.84,0.428
2020-02-19,Brazil,South America,Original,24,1,21.0,271,264.0,0.0735,0.0959,6.0,0.0,14.51,0.84
2020-02-22,Brazil,South America,Original,3,0,2.0,44,77.0,0.1183,0.1461,0.0,0.0,73.02,0.4
2020-02-23,Brazil,South America,Original,2,0,1.0,30,18.0,0.0957,0.1461,0.0,0.0,69.9,0.4
2020-02-23,Brazil,South America,Original,2,0,1.0,24,14.0,0.1435,0.1563,0.0,0.0,90.02,0.4
2020-02-23,Brazil,South America,Original,4,0,3.0,57,36.0,0.1077,0.1468,2.0,0.0,91.11,0.428
2020-02-25,Brazil,South America,Original,15,0,13.0,196,77.0,0.1183,0.1651,7.0,0.0,81.82,0.4
2020-02-29,Brazil,South America,Original,2,0,1.0,34,14.0,0.135,0.1315,1.0,0.0,83.87,0.4
2020-03-04,Brazil,South America,Original,8,0,7.0,115,77.0,0.1183,0.1139,2.0,0.0,76.54,0.428
2020-03-10,Brazil,South America,Original,39,1,36.0,610,77.0,0.1183,0.1158,10.0,0.0,77.94,0.4
2020-03-11,Brazil,South America,Original,44,1,39.0,479,77.0,0.1183,0.1621,19.0,0.0,86.88,0.4
2020-03-11,Brazil,South America,Original,48,1,44.0,775,384.0,0.1191,0.1393,28.0,0.0,93.4,0.4
2020-03-15,Brazil,South America,Original,3,0,2.0,46,21.0,0.1477,0.1461,2.0,0.0,77.0,0.4
2020-03-18,Brazil,South America,Original,12,0,11.0,203,96.0,0.1289,0.1431,5.0,0.0,84.24,0.4
2020-03-25,Brazil,South America,Original,65,0,4.0,59,45.0,0.1161,0.1813,1.0,0.0,81.69,0.4
2020-03-26,Brazil,South America,Original,5,0,4.0,74,50.0,0.1026,0.1461,2.0,0.0,81.98,0.4
2020-03-30,Brazil,South America,Original,39,1,35.0,620,77.0,0.1183,0.1163,16.0,0.0,86.32,0.4
2020-04-03,Brazil,South America,Original,8,0,7.0,133,48.0,0.1606,0.1461,4.0,0.0,95.33,0.4
2020-04-05,Brazil,South America,Original,6,0,5.0,107,36.0,0.155,0.1461,3.0,0.0,68.36,0.4
2020-04-06,Brazil,South America,Original,7,0,6.0,72,77.0,0.0923,0.1457,2.0,0.0,90.38,0.4
2020-04-07,Brazil,South America,Original,13,0,11.0,148,77.0,0.1183,0.1461,4.0,0.0,82.69,0.4
2020-04-09,Brazil,South America,Original,58,1,52.0,792,77.0,0.1183,0.1683,23.0,0.0,84.84,0.4
2020-04-20,Brazil,South America,Original,2,0,1.0,29,18.0,0.1116,0.1356,1.0,0.0,74.11,0.4
2020-04-24,Brazil,South America,Original,31,1,28.0,478,77.0,0.1183,0.0911,10.0,0.0,91.23,0.4
2020-04-24,Brazil,South America,Original,17,1,15.0,204,187.0,0.0917,0.1398,6.0,0.0,73.68,0.4
2020-04-30,Brazil,South America,Original,16,1,14.0,276,128.0,0.1156,0.2088,10.0,0.0,72.76,0.428
2020-05-12,Brazil,South America,Original,12,0,11.0,199,108.0,0.1037,0.1289,6.0,0.0,47.72,0.603
2020-05-13,Brazil,South America,Original,1,0,0.0,13,10.0,0.0961,0.1461,0.0,0.0,69.22,0.423
2020-05-13,Brazil,South America,Original,10,0,9.0,174,77.0,0.1183,0.1129,3.0,0.0,51.86,0.444
2020-05-21,Brazil,South America,Original,9,0,8.0,131,63.0,0.1468,0.1466,5.0,0.0,45.63,0.5
2020-05-21,Brazil,South America,Original,48,2,45.0,531,77.0,0.1183,0.1072,10.0,0.0,50.71,0.591
2020-05-23,Brazil,South America,Original,45,1,42.0,714,270.0,0.1653,0.1393,22.0,0.0,52.9,0.4
2020-05-23,Brazil,South America,Original,5,0,4.0,83,77.0,0.1183,0.1868,4.0,0.0,65.7,0.428
2020-05-23,Brazil,South America,Original,4,0,3.0,41,77.0,0.1183,0.1704,1.0,0.0,51.12,0.64
2020-05-25,Brazil,South America,Original,107,3,96.0,1436,77.0,0.1183,0.1461,46.0,0.0,57.23,0.446
2020-05-27,Brazil,South America,Original,1,0,0.0,16,7.0,0.1466,0.1848,0.0,0.0,64.13,0.462
2020-05-27,Brazil,South America,Original,14,0,12.0,138,77.0,0.1183,0.117,3.0,0.0,64.2,0.428
2020-06-01,Brazil,South America,Original,20,1,18.0,325,140.0,0.1483,0.1232,8.0,0.0,71.88,0.4
2020-06-01,Brazil,South America,Original,19,1,17.0,262,190.0,0.0956,0.1588,9.0,0.0,71.88,0.61
2020-06-02,Brazil,South America,Original,45,2,41.0,817,450.0,0.103,0.1276,23.0,0.0,54.77,0.595
2020-06-03,Brazil,South America,Original,27,1,25.0,481,216.0,0.1423,0.1018,11.0,0.0,46.94,0.4
2020-06-09,Brazil,South America,Original,7,0,6.0,68,56.0,0.1247,0.0997,1.0,0.0,47.85,0.614
2020-06-14,Brazil,South America,Original,148,5,134.0,2314,1332.0,0.1006,0.1293,66.0,0.0,56.17,0.4
2020-06-17,Brazil,South America,Original,8,0,7.0,121,88.0,0.0824,0.2019,5.0,0.0,50.53,0.513
2020-06-18,Brazil,South America,Original,17,0,15.0,235,136.0,0.1135,0.1833,9.0,0.0,48.17,0.577
2020-06-21,Brazil,South America,Original,17,1,15.0,265,153.0,0.0995,0.1963,11.0,0.0,46.2,0.417
2020-06-23,Brazil,South America,Original,9,0,8.0,158,81.0,0.1234,0.1461,5.0,0.0,60.89,0.517
2020-06-24,Brazil,South America,Original,1,0,0.0,11,11.0,0.0969,0.1289,0.0,0.0,52.96,0.496
2020-06-27,Brazil,South America,Original,4,0,3.0,51,24.0,0.1831,0.1342,1.0,0.0,51.3,0.513
2020-06-30,Brazil,South America,Original,17,0,16.0,270,102.0,0.161,0.2095,13.0,0.0,66.58,0.4
2020-07-01,Brazil,South America,Original,2,0,1.0,31,12.0,0.161,0.1581,1.0,0.0,53.22,0.4
2020-07-01,Brazil,South America,Original,3,0,2.0,40,18.0,0.1794,0.2083,2.0,0.0,73.54,0.4
2020-07-02,Brazil,South America,Original,14,0,12.0,170,112.0,0.119,0.1214,5.0,0.0,52.88,0.622
2020-07-05,Brazil,South America,Original,2,0,1.0,28,16.0,0.1292,0.1876,0.0,0.0,64.46,0.441
2020-07-06,Brazil,South America,Original,10,0,9.0,135,110.0,0.0812,0.1889,6.0,0.0,47.96,0.428
2020-07-08,Brazil,South America,Original,9,0,8.0,117,99.0,0.098,0.1608,4.0,0.0,53.05,0.606
2020-07-09,Brazil,South America,Original,1,0,0.0,13,8.0,0.1023,0.1331,0.0,0.0,62.31,0.455
2020-07-11,Brazil,South America,Original,17,0,15.0,291,119.0,0.1574,0.1456,9.0,0.0,48.19,0.4
2020-07-11,Brazil,South America,Original,17,1,15.0,271,170.0,0.1013,0.1498,9.0,0.0,63.98,0.499
2020-07-13,Brazil,South America,Original,4,0,3.0,49,24.0,0.1639,0.1461,2.0,0.0,70.98,0.4
2020-07-15,Brazil,South America,Original,37,1,35.0,369,370.0,0.104,0.0969,8.0,0.0,52.0,0.4
2020-07-16,Brazil,South America,Original,1,0,0.0,16,7.0,0.1313,0.1161,0.0,0.0,73.01,0.4
2020-07-17,Brazil,South America,Original,2,0,1.0,27,12.0,0.1553,0.1199,1.0,0.0,46.47,0.521
2020-07-18,Brazil,South America,Original,19,0,17.0,198,171.0,0.0989,0.0909,4.0,0.0,74.1,0.4
2020-07-23,Brazil,South America,Original,17,1,15.0,227,170.0,0.1183,0.1905,10.0,0.0,51.64,0.654
2020-07-24,Brazil,South America,Original,5,0,4.0,79,40.0,0.1434,0.2098,4.0,0.0,51.64,0.673
2020-07-25,Brazil,South America,Original,5,0,4.0,62,35.0,0.1441,0.1461,3.0,0.0,52.94,0.482
2020-07-26,Brazil,South America,Original,1,0,0.0,15,6.0,0.1726,0.1786,0.0,0.0,48.72,0.498
2020-07-28,Brazil,South America,Original,19,1,18.0,343,152.0,0.1029,0.1461,7.0,0.0,55.54,0.4
2020-07-28,Brazil,South America,Original,5,0,4.0,68,40.0,0.1306,0.1964,3.0,0.0,55.54,0.468
2020-07-31,Brazil,South America,Original,33,1,31.0,436,264.0,0.1357,0.1506,13.0,0.0,47.11,0.428
2020-08-02,Brazil,South America,Original,42,2,38.0,742,336.0,0.1378,0.1802,27.0,0.0,49.55,0.404
2020-08-04,Brazil,South America,Original,17,0,15.0,249,153.0,0.1218,0.1962,11.0,0.0,56.33,0.4
2020-08-04,Brazil,South America,Original,27,1,24.0,308,189.0,0.1485,0.0931,6.0,0.0,66.1,0.4
2020-08-14,Brazil,South America,Original,1,0,0.0,14,11.0,0.0995,0.1675,0.0,0.0,66.1,0.4
2020-08-15,Brazil,South America,Original,6,0,5.0,93,42.0,0.1582,0.1069,2.0,0.0,37.83,0.428
2020-08-18,Brazil,South America,Original,3,0,2.0,50,18.0,0.1625,0.1874,2.0,0.0,60.78,0.491
2020-08-20,Brazil,South America,Original,6,0,5.0,87,42.0,0.1373,0.1691,3.0,0.0,51.43,0.431
2020-08-24,Brazil,South America,Original,12,0,11.0,162,132.0,0.1034,0.1521,5.0,0.0,35.07,0.817
2020-08-28,Brazil,South America,Original,16,0,15.0,224,160.0,0.0918,0.1574,8.0,0.0,60.37,0.4
2020-08-31,Brazil,South America,Original,9,0,8.0,91,54.0,0.1536,0.1711,3.0,0.0,57.17,0.4
2020-09-01,Brazil,South America,Original,1,0,0.0,13,11.0,0.0984,0.1085,0.0,0.0,41.22,0.664
2020-09-01,Brazil,South America,Original,1,0,0.0,11,11.0,0.0732,0.1584,0.0,0.0,56.71,0.4
2020-09-02,Brazil,South America,Original,9,0,8.0,107,81.0,0.111,0.1659,5.0,0.0,36.05,0.597
2020-09-04,Brazil,South America,Original,14,0,13.0,153,154.0,0.0796,0.1396,4.0,0.0,48.62,0.525
2020-09-08,Brazil,South America,Original,47,1,42.0,616,517.0,0.088,0.1238,17.0,0.0,37.25,0.864
2020-09-08,Brazil,South America,Original,6,0,5.0,103,36.0,0.171,0.1236,3.0,0.0,37.33,0.626
2020-09-11,Brazil,South America,Original,11,0,10.0,118,99.0,0.1121,0.1209,3.0,0.0,59.65,0.513
2020-09-11,Brazil,South America,Original,10,0,9.0,111,90.0,0.1112,0.16,4.0,0.0,46.55,0.593
2020-09-11,Brazil,South America,Original,9,0,8.0,157,99.0,0.1,0.1461,5.0,0.0,43.34,0.521
2020-09-12,Brazil,South America,Original,7,0,6.0,100,63.0,0.1224,0.1816,4.0,0.0,56.19,0.4
2020-09-13,Brazil,South America,Original,20,0,18.0,344,120.0,0.1729,0.1356,10.0,0.0,47.45,0.414
2020-09-14,Brazil,South America,Original,19,0,17.0,309,133.0,0.1322,0.0936,7.0,0.0,60.71,0.4
2020-09-15,Brazil,South America,Original,14,0,12.0,219,154.0,0.0991,0.0912,4.0,0.0,45.17,0.535
2020-09-20,Brazil,South America,Original,11,0,10.0,129,121.0,0.0988,0.1872,3.0,0.0,39.14,0.822
2020-10-03,Brazil,South America,Original,6,0,5.0,96,66.0,0.0862,0.1272,2.0,0.0,47.24,0.627
2020-10-10,Brazil,South America,Original,73,3,67.0,810,657.0,0.1171,0.1375,26.0,0.0,58.67,0.43
2020-10-13,Brazil,South America,Original,6,0,5.0,80,60.0,0.0893,0.1461,3.0,0.0,44.89,0.477
2020-10-16,Brazil,South America,Original,40,1,36.0,530,240.0,0.1777,0.1077,13.0,0.0,37.78,0.563
2020-10-19,Brazil,South America,Original,43,1,40.0,768,344.0,0.1294,0.2034,38.0,0.0,47.94,0.428
2020-10-19,Brazil,South America,Original,7,0,6.0,91,63.0,0.1163,0.1304,3.0,0.0,47.68,0.4
2020-10-20,Brazil,South America,Original,3,0,2.0,49,27.0,0.0987,0.1782,2.0,0.0,55.47,0.4
2020-10-22,Brazil,South America,Original,2,0,1.0,21,16.0,0.1231,0.1461,1.0,0.0,45.2,0.493
2020-10-22,Brazil,South America,Original,26,1,23.0,429,208.0,0.1171,0.1079,10.0,0.0,45.2,0.572
2020-10-29,Brazil,South America,Alpha,5,0,4.0,54,40.0,0.1302,0.12,1.0,0.0,55.48,0.758
2020-10-29,Brazil,South America,Original,7,0,6.0,92,49.0,0.1441,0.187,3.0,0.0,46.58,0.604
2020-11-03,Brazil,South America,Original,5,0,4.0,86,45.0,0.1083,0.192,4.0,0.0,50.12,0.605
2020-11-04,Brazil,South America,Alpha,7,0,6.0,84,63.0,0.1086,0.1661,3.0,0.0,49.43,0.621
2020-11-06,Brazil,South America,Alpha,1,0,0.0,14,6.0,0.1593,0.1225,0.0,0.0,39.95,0.948
2020-11-06,Brazil,South America,Alpha,15,0,13.0,225,90.0,0.1663,0.2094,10.0,0.0,44.75,0.768
2020-11-06,Brazil,South America,Alpha,8,0,7.0,84,72.0,0.0937,0.1206,2.0,0.0,29.93,0.957
2020-11-07,Brazil,South America,Original,27,1,24.0,446,162.0,0.1484,0.1075,7.0,0.0,39.21,0.562
2020-11-07,Brazil,South America,Original,7,0,6.0,110,63.0,0.0909,0.0995,2.0,0.0,31.87,0.592
2020-11-11,Brazil,South America,Original,93,4,84.0,1394,558.0,0.1629,0.0989,37.0,0.0,31.87,0.4
2020-11-14,Brazil,South America,Original,60,2,54.0,663,540.0,0.1085,0.1303,19.0,0.0,50.43,0.4
2020-11-15,Brazil,South America,Alpha,24,1,21.0,249,144.0,0.1635,0.225,12.0,0.0,58.49,0.698
2020-11-19,Brazil,South America,Alpha,3,0,2.0,39,18.0,0.1762,0.1661,0.0,0.0,44.93,0.493
2020-11-22,Brazil,South America,Alpha,5,0,4.0,71,40.0,0.1232,0.146,1.0,0.0,45.79,0.641
2020-11-22,Brazil,South America,Alpha,2,0,1.0,23,14.0,0.1449,0.103,0.0,0.0,41.32,0.493
2020-11-26,Brazil,South America,Alpha,2,0,1.0,35,14.0,0.1536,0.1661,0.0,0.0,47.74,0.603
2020-12-02,Brazil,South America,Alpha,7,0,6.0,111,63.0,0.1218,0.1767,5.0,0.0,49.48,0.566
2020-12-06,Brazil,South America,Alpha,8,0,7.0,83,88.0,0.0895,0.1243,1.0,0.0,53.54,0.751
2020-12-08,Brazil,South America,Alpha,51,1,48.0,877,408.0,0.1187,0.1008,18.0,0.0,53.54,0.452
2020-12-10,Brazil,South America,Alpha,15,0,14.0,208,105.0,0.139,0.2257,7.0,0.0,71.08,0.404
2020-12-12,Brazil,South America,Alpha,4,0,3.0,66,24.0,0.1773,0.1558,1.0,0.0,72.1,0.4
2020-12-12,Brazil,South America,Alpha,11,0,9.0,196,99.0,0.1127,0.1165,3.0,0.0,52.55,0.595
2020-12-16,Brazil,South America,Alpha,2,0,1.0,28,22.0,0.0966,0.2069,1.0,0.0,68.19,0.4
2020-12-18,Brazil,South America,Alpha,23,1,21.0,309,253.0,0.0847,0.2305,20.0,0.0,72.63,0.4
2020-12-18,Brazil,South America,Alpha,58,1,54.0,584,522.0,0.1109,0.1446,25.0,0.0,71.75,0.4
2020-12-25,Brazil,South America,Alpha,34,1,31.0,543,374.0,0.0839,0.1677,20.0,0.0,51.72,0.684
2020-12-27,Brazil,South America,Alpha,12,0,11.0,211,120.0,0.0937,0.2023,9.0,0.0,51.72,0.554
2021-01-05,Brazil,South America,Alpha,6,0,5.0,74,66.0,0.0679,0.174,3.0,0.0,78.59,0.4
2021-01-07,Brazil,South America,Alpha,55,1,52.0,588,440.0,0.1316,0.1151,17.0,0.0,68.8,0.4
2021-01-15,Brazil,South America,Alpha,242,10,222.0,2539,1694.0,0.1597,0.1263,59.0,0.0,67.18,0.4
2021-01-16,Brazil,South America,Alpha,8,0,7.0,124,88.0,0.0892,0.1661,4.0,0.0,67.18,0.493
2021-01-17,Brazil,South America,Alpha,31,1,28.0,356,217.0,0.1383,0.202,16.0,0.006,72.94,0.4
2021-01-18,Brazil,South America,Alpha,2,0,1.0,22,16.0,0.1147,0.1697,0.0,0.0028,80.46,0.4
2021-01-24,Brazil,South America,Alpha,7,0,6.0,80,49.0,0.1379,0.1356,2.0,0.0179,70.63,0.4
2021-01-25,Brazil,South America,Alpha,2,0,1.0,30,12.0,0.1534,0.2059,1.0,0.0115,67.8,0.575
2021-01-29,Brazil,South America,Alpha,4,0,3.0,59,24.0,0.1863,0.1623,2.0,0.0115,62.33,0.554
2021-01-31,Brazil,South America,Alpha,3,0,2.0,50,24.0,0.1231,0.2145,2.0,0.0123,68.33,0.4
2021-02-02,Brazil,South America,Alpha,51,2,46.0,636,561.0,0.0904,0.1954,27.0,0.0169,80.56,0.4
2021-02-04,Brazil,South America,Alpha,8,0,7.0,113,48.0,0.1714,0.1612,4.0,0.0057,62.99,0.4
2021-02-05,Brazil,South America,Alpha,7,0,6.0,94,77.0,0.0884,0.1829,4.0,0.0236,49.94,0.493
2021-02-06,Brazil,South America,Alpha,10,0,9.0,151,110.0,0.0841,0.132,4.0,0.0236,60.31,0.704
2021-02-07,Brazil,South America,Alpha,32,1,28.0,350,352.0,0.0759,0.1692,13.0,0.0313,60.21,0.503
2021-02-08,Brazil,South America,Alpha,45,1,42.0,589,360.0,0.1137,0.1398,23.0,0.0128,60.21,0.467
2021-02-11,Brazil,South America,Alpha,18,1,16.0,290,180.0,0.1047,0.1787,12.0,0.0128,60.21,0.792
2021-02-13,Brazil,South America,Alpha,121,3,113.0,2098,968.0,0.1381,0.1819,107.0,0.0479,60.21,0.619
2021-02-17,Brazil,South America,Alpha,28,1,25.0,471,252.0,0.1054,0.1661,17.0,0.0356,59.46,0.476
2021-02-23,Brazil,South America,Alpha,16,1,14.0,270,176.0,0.0957,0.1022,5.0,0.0356,59.46,0.493
2021-02-24,Brazil,South America,Alpha,6,0,5.0,86,54.0,0.1111,0.1661,2.0,0.0417,77.38,0.4
2021-02-25,Brazil,South America,Alpha,11,0,9.0,195,88.0,0.1254,0.1661,9.0,0.0506,72.94,0.402
2021-02-27,Brazil,South America,Alpha,10,0,9.0,145,100.0,0.1019,0.1112,3.0,0.0462,56.74,0.589
2021-03-03,Brazil,South America,Alpha,23,1,21.0,316,207.0,0.105,0.1232,9.0,0.056,56.74,0.501
2021-03-12,Brazil,South America,Alpha,7,0,6.0,90,63.0,0.1182,0.2071,4.0,0.0646,68.14,0.489
2021-03-13,Brazil,South America,Alpha,29,1,26.0,408,290.0,0.0991,0.15,10.0,0.0761,49.09,0.622
2021-03-13,Brazil,South America,Alpha,2,0,1.0,25,14.0,0.1467,0.1252,0.0,0.0578,53.61,0.716
2021-03-13,Brazil,South America,Alpha,36,2,32.0,429,324.0,0.13,0.1133,8.0,0.0511,63.6,0.424
2021-03-13,Brazil,South America,Alpha,1,0,0.0,14,10.0,0.0982,0.2098,1.0,0.0604,63.6,0.4
2021-03-14,Brazil,South America,Alpha,30,1,27.0,393,240.0,0.1142,0.175,15.0,0.0682,63.6,0.532
2021-03-19,Brazil,South America,Delta,34,2,30.0,468,272.0,0.1315,0.1339,14.0,0.0609,58.81,0.878
2021-03-19,Brazil,South America,Alpha,66,2,60.0,654,396.0,0.1738,0.1008,17.0,0.0702,60.21,0.655
2021-03-21,Brazil,South America,Alpha,7,0,6.0,71,56.0,0.1209,0.1523,2.0,0.068,60.85,0.642
2021-03-23,Brazil,South America,Alpha,18,0,16.0,180,108.0,0.1704,0.1406,6.0,0.0755,73.4,0.44
2021-03-23,Brazil,South America,Delta,130,4,119.0,2287,1430.0,0.1079,0.1507,76.0,0.0635,61.24,0.579
2021-03-23,Brazil,South America,Alpha,20,0,18.0,319,140.0,0.1515,0.1661,12.0,0.0611,58.78,0.422
2021-03-27,Brazil,South America,Delta,28,1,26.0,291,168.0,0.1519,0.256,19.0,0.0794,64.73,0.541
2021-03-28,Brazil,South America,Alpha,9,0,8.0,100,54.0,0.1781,0.2126,3.0,0.0675,64.73,0.4
2021-03-29,Brazil,South America,Alpha,1,0,0.0,14,7.0,0.155,0.1066,0.0,0.0732,61.86,0.493
2021-03-29,Brazil,South America,Delta,255,7,242.0,3057,1785.0,0.1379,0.2021,139.0,0.0808,67.19,0.581
2021-04-02,Brazil,South America,Delta,46,2,41.0,589,322.0,0.1343,0.1182,13.0,0.0779,61.37,0.581
2021-04-04,Brazil,South America,Delta,11,0,10.0,193,110.0,0.0918,0.1722,8.0,0.0737,84.76,0.4
2021-04-08,Brazil,South America,Alpha,59,2,53.0,1026,472.0,0.1224,0.1857,34.0,0.08,75.51,0.493
2021-04-10,Brazil,South America,Delta,1,0,0.0,14,10.0,0.1062,0.145,0.0,0.1048,68.1,0.62
2021-04-11,Brazil,South America,Alpha,1,0,0.0,16,10.0,0.0993,0.1251,0.0,0.0807,59.01,0.605
2021-04-13,Brazil,South America,Delta,14,0,13.0,234,112.0,0.1399,0.2021,7.0,0.0987,71.88,0.501
2021-04-13,Brazil,South America,Alpha,2,0,1.0,30,22.0,0.097,0.1312,0.0,0.091,60.25,0.673
2021-04-13,Brazil,South America,Alpha,10,0,9.0,155,110.0,0.0765,0.1845,6.0,0.0855,84.64,0.4
2021-04-21,Brazil,South America,Delta,3,0,2.0,44,30.0,0.0963,0.1722,1.0,0.099,61.03,0.628
2021-04-21,Brazil,South America,Delta,18,1,16.0,257,126.0,0.1331,0.165,12.0,0.0916,74.1,0.488
2021-04-25,Brazil,South America,Delta,18,1,16.0,234,144.0,0.132,0.1701,10.0,0.1004,58.19,0.964
2021-04-26,Brazil,South America,Delta,79,2,73.0,965,553.0,0.1403,0.1527,35.0,0.094,63.78,0.627
2021-05-04,Brazil,South America,Delta,10,0,9.0,180,70.0,0.1452,0.1225,5.0,0.093,79.86,0.411
2021-05-05,Brazil,South America,Delta,5,0,4.0,61,40.0,0.1304,0.2459,3.0,0.0986,79.86,0.935
2021-05-07,Brazil,South America,Delta,1,0,0.0,13,11.0,0.0911,0.2431,0.0,0.1092,62.7,0.572
2021-05-17,Brazil,South America,Delta,35,1,32.0,393,385.0,0.0841,0.2154,13.0,0.1091,64.78,0.63
2021-05-17,Brazil,South America,Delta,9,0,8.0,126,72.0,0.1263,0.1886,5.0,0.1085,57.95,0.808
2021-05-18,Brazil,South America,Delta,123,4,112.0,1799,1107.0,0.0992,0.1722,68.0,0.113,56.99,0.635
2021-05-20,Brazil,South America,Delta,4,0,3.0,52,40.0,0.1137,0.1242,1.0,0.1362,75.78,0.559
2021-05-22,Brazil,South America,Delta,3,0,2.0,34,27.0,0.0884,0.2341,1.0,0.1281,86.39,0.4
2021-05-23,Brazil,South America,Delta,72,2,65.0,1059,504.0,0.1578,0.2071,63.0,0.1296,82.78,0.4
2021-05-27,Brazil,South America,Delta,54,2,49.0,828,432.0,0.1186,0.2379,43.0,0.1326,64.95,0.63
2021-05-31,Brazil,South America,Delta,100,4,90.0,1676,1100.0,0.085,0.1566,44.0,0.1306,72.71,0.554
2021-06-01,Brazil,South America,Delta,2,0,1.0,21,22.0,0.0703,0.1722,1.0,0.1264,71.79,0.506
2021-06-06,Brazil,South America,Delta,59,2,53.0,696,354.0,0.1681,0.1993,26.0,0.1064,63.88,0.511
2021-06-06,Brazil,South America,Delta,3,0,2.0,34,30.0,0.1111,0.1467,1.0,0.1398,78.69,0.581
2021-06-08,Brazil,South America,Delta,29,1,26.0,368,319.0,0.0914,0.1885,20.0,0.1372,67.77,0.581
2021-06-09,Brazil,South America,Delta,7,0,6.0,111,56.0,0.1163,0.2201,3.0,0.136,81.35,0.4
2021-06-13,Brazil,South America,Delta,15,0,13.0,255,120.0,0.1171,0.1722,10.0,0.1269,63.63,0.662
2021-06-17,Brazil,South America,Delta,1,0,0.0,12,11.0,0.1208,0.2267,1.0,0.14,80.61,0.412
2021-06-17,Brazil,South America,Delta,1,0,0.0,13,10.0,0.0995,0.2106,1.0,0.1379,77.86,0.581
2021-06-19,Brazil,South America,Delta,3,0,2.0,47,18.0,0.1887,0.1722,2.0,0.1376,76.37,0.543
2021-06-19,Brazil,South America,Delta,29,1,27.0,386,261.0,0.0789,0.1216,10.0,0.1536,71.0,0.593
2021-06-27,Brazil,South America,Delta,112,4,103.0,1934,896.0,0.1279,0.1722,73.0,0.1422,83.48,0.4
2021-06-29,Brazil,South America,Delta,29,1,26.0,447,232.0,0.1211,0.2248,27.0,0.1561,80.8,0.4
2021-06-30,Brazil,South America,Delta,9,0,8.0,137,90.0,0.1014,0.1381,3.0,0.1731,61.26,0.507
2021-07-06,Brazil,South America,Delta,23,1,21.0,364,184.0,0.1283,0.1309,8.0,0.1643,85.58,0.4
2021-07-07,Brazil,South America,Delta,19,1,17.0,221,171.0,0.1064,0.2099,10.0,0.1736,73.1,0.4
2021-07-09,Brazil,South America,Delta,27,1,25.0,420,270.0,0.1228,0.1667,15.0,0.1657,66.41,0.751
2021-07-10,Brazil,South America,Delta,3,0,2.0,37,24.0,0.1376,0.1688,1.0,0.1688,81.24,0.4
2021-07-12,Brazil,South America,Delta,16,0,14.0,278,176.0,0.077,0.1831,13.0,0.1877,80.02,0.452
2021-07-15,Brazil,South America,Delta,40,2,36.0,640,440.0,0.0765,0.2109,30.0,0.1779,64.41,0.581
2021-07-18,Brazil,South America,Delta,12,0,11.0,178,84.0,0.1461,0.1035,4.0,0.1677,75.98,0.4
2021-07-19,Brazil,South America,Delta,3,0,2.0,36,33.0,0.113,0.1036,0.0,0.1606,88.27,0.4
2021-07-23,Brazil,South America,Delta,2,0,1.0,31,12.0,0.1766,0.1977,1.0,0.181,53.16,1.025
2021-07-26,Brazil,South America,Delta,101,3,92.0,1203,808.0,0.1299,0.2182,74.0,0.172,86.13,0.4
2021-07-27,Brazil,South America,Delta,3,0,2.0,52,21.0,0.1459,0.1753,2.0,0.1764,66.21,0.594
2021-07-29,Brazil,South America,Delta,6,0,5.0,61,48.0,0.1275,0.2094,3.0,0.1887,78.69,0.4
2021-08-01,Brazil,South America,Delta,12,0,11.0,136,72.0,0.1682,0.1044,3.0,0.1652,60.46,0.613
2021-08-09,Brazil,South America,Delta,20,1,18.0,248,220.0,0.0954,0.1722,13.0,0.1979,38.9,1.203
2021-08-11,Brazil,South America,Delta,6,0,5.0,73,60.0,0.1013,0.2296,2.0,0.1968,60.03,0.723
2021-08-15,Brazil,South America,Delta,33,1,30.0,365,330.0,0.1087,0.1344,12.0,0.1848,53.7,0.585
2021-08-17,Brazil,South America,Delta,6,0,5.0,92,54.0,0.1226,0.1722,3.0,0.1979,41.56,1.184
2021-08-23,Brazil,South America,Delta,17,1,15.0,296,187.0,0.1042,0.2217,14.0,0.2131,54.42,0.748
2021-08-24,Brazil,South America,Delta,6,0,5.0,83,48.0,0.121,0.1418,3.0,0.1957,63.34,0.741
2021-08-25,Brazil,South America,Delta,26,1,23.0,446,260.0,0.0971,0.1848,22.0,0.208,63.34,0.755
2021-08-27,Brazil,South America,Delta,23,1,21.0,349,207.0,0.0963,0.1832,14.0,0.2027,47.4,0.923
2021-08-29,Brazil,South America,Delta,55,1,52.0,585,550.0,0.1086,0.2003,26.0,0.1919,47.4,0.867
2021-08-29,Brazil,South America,Delta,152,6,140.0,2440,1520.0,0.0886,0.0995,70.0,0.2339,52.91,0.693
2021-08-29,Brazil,South America,Delta,29,1,27.0,483,174.0,0.1787,0.1433,15.0,0.2151,38.49,1.33
2021-09-01,Brazil,South America,Delta,38,1,34.0,418,418.0,0.0823,0.1243,13.0,0.2056,42.72,1.21
2021-09-02,Brazil,South America,Delta,40,1,36.0,651,400.0,0.1117,0.2059,25.0,0.2184,51.51,0.883
2021-09-05,Brazil,South America,Delta,124,3,118.0,2123,1240.0,0.0943,0.1916,89.0,0.2309,44.27,1.089
2021-09-06,Brazil,South America,Delta,97,4,88.0,1712,776.0,0.1309,0.1722,107.0,0.2033,39.43,1.236
2021-09-13,Brazil,South America,Delta,3,0,2.0,54,24.0,0.128,0.1208,1.0,0.245,65.2,0.446
2021-09-13,Brazil,South America,Delta,17,0,15.0,175,102.0,0.1588,0.2282,8.0,0.216,49.87,0.579
2021-09-15,Brazil,South America,Delta,1,0,0.0,14,8.0,0.1354,0.108,0.0,0.235,39.32,1.354
2021-09-15,Brazil,South America,Delta,10,0,9.0,163,70.0,0.144,0.1225,3.0,0.2466,50.81,0.714
2021-09-15,Brazil,South America,Delta,13,1,11.0,134,143.0,0.1007,0.2261,6.0,0.2249,60.52,0.581
2021-09-16,Brazil,South America,Delta,40,1,36.0,459,440.0,0.0844,0.1019,9.0,0.2235,52.49,0.581
2021-09-17,Brazil,South America,Delta,59,1,56.0,973,472.0,0.1287,0.1633,38.0,0.2369,52.39,0.686
2021-09-17,Brazil,South America,Delta,1,0,0.0,14,8.0,0.1297,0.1896,0.0,0.2275,41.07,0.87
2021-09-18,Brazil,South America,Delta,1,0,0.0,13,10.0,0.0949,0.1911,0.0,0.2434,62.66,0.712
2021-09-25,Brazil,South America,Delta,2,0,1.0,29,20.0,0.091,0.146,0.0,0.2418,53.14,0.802
2021-09-25,Brazil,South America,Delta,25,1,22.0,441,225.0,0.1064,0.168,16.0,0.2419,53.63,0.603
2021-09-27,Brazil,South America,Delta,7,0,6.0,81,49.0,0.132,0.1824,2.0,0.2408,58.84,0.663
2021-09-29,Brazil,South America,Delta,21,1,19.0,378,210.0,0.1025,0.202,17.0,0.2386,51.93,0.737
2021-09-30,Brazil,South America,Delta,7,0,6.0,102,70.0,0.0946,0.1704,4.0,0.2425,46.85,0.872
2021-10-05,Brazil,South America,Omicron,10,0,9.0,98,110.0,0.097,0.0933,2.0,0.2481,67.1,0.997
2021-10-05,Brazil,South America,Delta,4,0,3.0,39,44.0,0.0924,0.2055,2.0,0.2434,58.09,0.616
2021-10-06,Brazil,South America,Delta,4,0,3.0,70,32.0,0.1297,0.2277,2.0,0.2163,47.84,0.693
2021-10-08,Brazil,South America,Delta,16,0,14.0,198,144.0,0.1134,0.2068,12.0,0.2712,70.37,0.456
2021-10-11,Brazil,South America,Delta,41,1,37.0,517,410.0,0.1035,0.1034,13.0,0.2475,61.9,0.581
2021-10-13,Brazil,South America,Omicron,109,1,101.0,1379,654.0,0.175,0.0446,9.0,0.2524,62.27,1.007
2021-10-14,Brazil,South America,Omicron,1,0,0.0,10,8.0,0.1193,0.0894,0.0,0.2634,59.32,1.2415
2021-10-15,Brazil,South America,Delta,46,2,42.0,558,506.0,0.0852,0.1927,24.0,0.251,59.14,0.647
2021-10-16,Brazil,South America,Delta,27,1,25.0,335,270.0,0.1031,0.2225,13.0,0.2553,68.28,0.65
2021-10-16,Brazil,South America,Omicron,39,0,36.0,388,429.0,0.0996,0.0844,7.0,0.2654,65.53,1.2415
2021-10-17,Brazil,South America,Delta,39,1,35.0,540,390.0,0.1006,0.1712,21.0,0.262,54.18,0.703
2021-10-20,Brazil,South America,Omicron,1,0,0.0,10,10.0,0.097,0.0685,0.0,0.2316,48.41,1.519
2021-10-20,Brazil,South America,Omicron,1,0,0.0,15,8.0,0.1043,0.0718,0.0,0.2552,63.89,0.697
2021-10-21,Brazil,South America,Omicron,32,1,29.0,443,288.0,0.1156,0.0876,9.0,0.2485,44.24,1.636
2021-10-24,Brazil,South America,Omicron,50,1,46.0,895,450.0,0.0926,0.0955,17.0,0.2629,44.99,1.348
2021-10-24,Brazil,South America,Delta,3,0,2.0,42,18.0,0.1712,0.1158,1.0,0.2519,63.7,0.41
2021-10-26,Brazil,South America,Omicron,19,0,18.0,192,114.0,0.1546,0.0904,5.0,0.2704,46.48,0.989
2021-11-01,Brazil,South America,Omicron,112,1,106.0,1329,896.0,0.1249,0.0607,12.0,0.2782,55.35,0.727
2021-11-01,Brazil,South America,Omicron,150,3,141.0,1597,900.0,0.163,0.0805,26.0,0.2758,42.51,1.602
2021-11-08,Brazil,South America,Delta,11,0,9.0,196,121.0,0.0937,0.1876,8.0,0.2745,64.06,0.728
2021-11-11,Brazil,South America,Delta,20,1,18.0,217,140.0,0.1519,0.1722,8.0,0.2621,47.66,0.747
2021-11-11,Brazil,South America,Delta,3,0,2.0,33,33.0,0.1111,0.1254,1.0,0.2826,61.81,0.581
2021-11-12,Brazil,South America,Omicron,2,0,1.0,34,18.0,0.1222,0.0993,1.0,0.2797,53.95,1.217
2021-11-15,Brazil,South America,Omicron,83,1,79.0,928,664.0,0.1329,0.0441,9.0,0.2576,47.41,1.39
2021-11-16,Brazil,South America,Omicron,8,0,7.0,98,64.0,0.121,0.0552,1.0,0.2799,34.32,1.648
2021-11-22,Brazil,South America,Omicron,6,0,5.0,85,36.0,0.1728,0.0616,1.0,0.2773,48.2,0.842
2021-11-22,Brazil,South America,Omicron,6,0,5.0,67,66.0,0.0852,0.0833,1.0,0.2784,48.2,1.115
2021-11-24,Brazil,South America,Omicron,337,4,309.0,5297,2696.0,0.1151,0.056,62.0,0.2968,32.84,1.49
2021-11-27,Brazil,South America,Omicron,28,0,26.0,424,308.0,0.0887,0.0955,9.0,0.2947,32.84,1.582
2021-11-28,Brazil,South America,Omicron,54,1,52.0,743,378.0,0.1244,0.0619,10.0,0.2868,26.18,1.196
2021-12-05,Brazil,South America,Omicron,19,0,17.0,271,190.0,0.09,0.0819,5.0,0.3007,32.86,1.2415
2021-12-06,Brazil,South America,Omicron,2,0,1.0,25,18.0,0.118,0.0862,0.0,0.2782,54.02,0.776
2021-12-08,Brazil,South America,Omicron,39,1,37.0,490,312.0,0.1248,0.0628,6.0,0.3077,39.86,1.037
2021-12-09,Brazil,South America,Omicron,7,0,6.0,81,56.0,0.1256,0.0685,1.0,0.3132,42.75,1.645
2021-12-09,Brazil,South America,Omicron,255,3,239.0,3606,1530.0,0.1689,0.0807,64.0,0.3102,28.79,1.971
2021-12-10,Brazil,South America,Omicron,14,0,13.0,245,154.0,0.1009,0.0753,4.0,0.3112,46.35,1.345
2021-12-10,Brazil,South America,Omicron,77,1,70.0,1068,693.0,0.1093,0.08,13.0,0.294,46.35,1.696
2021-12-14,Brazil,South America,Omicron,1,0,0.0,10,6.0,0.1593,0.0493,0.0,0.3198,38.51,1.263
2021-12-16,Brazil,South America,Omicron,25,0,23.0,454,250.0,0.0818,0.0561,6.0,0.3048,32.76,1.538
2021-12-17,Brazil,South America,Omicron,16,0,15.0,181,160.0,0.1001,0.0695,3.0,0.3158,34.57,1.2415
2021-12-18,Brazil,South America,Omicron,6,0,5.0,60,42.0,0.1417,0.0684,1.0,0.2943,52.44,1.2415
2021-12-21,Brazil,South America,Omicron,3,0,2.0,46,18.0,0.1659,0.0611,1.0,0.3004,34.25,1.677
2021-12-22,Brazil,South America,Omicron,4,0,3.0,63,32.0,0.117,0.0556,0.0,0.3146,30.22,1.633
2021-12-22,Brazil,South America,Omicron,70,1,67.0,1088,700.0,0.1115,0.0515,12.0,0.3001,30.22,2.196
2021-12-24,Brazil,South America,Omicron,2,0,1.0,35,20.0,0.0907,0.0644,0.0,0.3111,32.51,1.957
2021-12-31,Brazil,South America,Omicron,34,0,31.0,598,204.0,0.16,0.0605,8.0,0.3249,38.55,1.52
2022-01-05,Brazil,South America,Omicron,26,0,24.0,326,260.0,0.1013,0.0854,6.0,0.3276,51.68,1.2415
2022-01-08,Brazil,South America,Omicron,115,1,107.0,1192,1035.0,0.0845,0.0927,24.0,0.3315,47.22,1.241
2022-01-15,Brazil,South America,Omicron,35,0,32.0,535,245.0,0.139,0.0824,10.0,0.3377,51.38,0.812
2022-01-15,Brazil,South America,Omicron,79,1,74.0,1233,711.0,0.1124,0.0793,26.0,0.3352,30.29,1.744
2022-01-17,Brazil,South America,Omicron,13,0,12.0,202,91.0,0.1729,0.0774,3.0,0.3518,30.29,1.196
2022-01-30,Brazil,South America,Omicron,1,0,0.0,10,8.0,0.1378,0.0732,0.0,0.3397,46.5,1.394
2022-01-31,Brazil,South America,Omicron BA.2,10,0,9.0,122,100.0,0.1004,0.039,0.0,0.3342,21.4,2.014
2022-02-02,Brazil,South America,Omicron,39,0,37.0,543,351.0,0.1213,0.0685,9.0,0.3614,39.63,1.13
2022-02-04,Brazil,South America,Omicron,81,1,77.0,795,810.0,0.1234,0.0726,13.0,0.3446,33.84,1.2415
2022-02-05,Brazil,South America,Omicron BA.2,29,0,27.0,451,261.0,0.1154,0.038,4.0,0.356,43.97,1.676
2022-02-05,Brazil,South America,Omicron,66,1,62.0,661,726.0,0.0704,0.0893,8.0,0.3548,43.97,1.409
2022-02-08,Brazil,South America,Omicron BA.2,1,0,0.0,12,11.0,0.0866,0.0521,0.0,0.3597,33.52,1.263
2022-02-08,Brazil,South America,Omicron BA.2,180,2,170.0,2854,1980.0,0.0964,0.0827,52.0,0.3748,31.48,1.818
2022-02-09,Brazil,South America,Omicron BA.2,60,1,55.0,1039,360.0,0.1746,0.0398,6.0,0.3722,32.77,1.705
2022-02-12,Brazil,South America,Omicron BA.2,20,0,19.0,318,220.0,0.0898,0.0702,3.0,0.371,29.96,1.776
2022-02-14,Brazil,South America,Omicron BA.2,141,2,129.0,2128,846.0,0.1635,0.0477,20.0,0.3638,29.96,2.262
2022-02-14,Brazil,South America,Omicron,1,0,0.0,16,10.0,0.0744,0.0423,0.0,0.3489,34.26,1.828
2022-02-16,Brazil,South America,Omicron BA.2,15,0,14.0,169,150.0,0.0906,0.0505,2.0,0.3818,46.39,1.168
2022-02-22,Brazil,South America,Omicron BA.2,513,4,487.0,8388,4617.0,0.1007,0.0615,136.0,0.3615,23.87,1.699
2022-02-22,Brazil,South America,Omicron BA.2,24,0,22.0,326,144.0,0.1739,0.0474,2.0,0.372,51.42,0.933
2022-02-22,Brazil,South America,Omicron BA.2,13,0,11.0,135,78.0,0.1558,0.0593,1.0,0.359,31.61,2.032
2022-02-25,Brazil,South America,Omicron BA.2,6,0,5.0,69,54.0,0.127,0.0505,1.0,0.3826,48.55,1.696
2022-03-04,Brazil,South America,Omicron BA.2,1,0,1.0,10,10.0,0.0915,0.04,0.0,0.3616,55.09,1.028
2022-03-10,Brazil,South America,Omicron,236,2,219.0,2746,1416.0,0.1651,0.0606,26.0,0.3765,39.5,1.103
2022-03-12,Brazil,South America,Omicron BA.2,18,0,17.0,315,108.0,0.16,0.0464,3.0,0.3853,33.53,1.855
2022-03-12,Brazil,South America,Omicron BA.2,115,1,109.0,1467,1265.0,0.0967,0.0723,23.0,0.3858,15.77,2.888
2022-03-20,Brazil,South America,Omicron BA.2,12,0,11.0,205,72.0,0.1635,0.081,2.0,0.4113,36.53,1.987
2022-03-24,Brazil,South America,Omicron BA.2,34,0,31.0,481,340.0,0.0947,0.0406,4.0,0.3919,27.25,1.848
2022-03-25,Brazil,South America,Omicron BA.2,9,0,9.0,92,72.0,0.1292,0.0628,1.0,0.3879,27.25,1.473
2022-03-27,Brazil,South America,Omicron BA.2,31,0,28.0,324,217.0,0.128,0.0478,2.0,0.3888,15.91,2.023
2022-03-28,Brazil,South America,Omicron BA.2,14,0,13.0,220,98.0,0.1227,0.0433,1.0,0.4076,32.45,2.197
2022-03-30,Brazil,South America,Omicron BA.2,4,0,3.0,53,28.0,0.1594,0.0395,0.0,0.4033,30.3,1.444
2022-04-01,Brazil,South America,Omicron BA.2,27,0,25.0,372,162.0,0.1752,0.052,4.0,0.4043,13.35,2.747
2022-04-01,Brazil,South America,Omicron BA.2,112,1,106.0,1733,1232.0,0.0879,0.0505,18.0,0.3965,34.9,2.107
2022-04-06,Brazil,South America,Omicron BA.2,2,0,1.0,21,22.0,0.099,0.0505,0.0,0.4068,28.15,2.452
2022-04-09,Brazil,South America,Omicron BA.2,25,0,24.0,247,150.0,0.1555,0.048,2.0,0.3939,7.98,2.476
2022-04-13,Brazil,South America,Omicron BA.2,43,0,39.0,649,430.0,0.0857,0.0443,4.0,0.4031,24.56,1.473
2022-04-17,Brazil,South America,Omicron BA.2,276,4,260.0,4198,1656.0,0.172,0.0403,42.0,0.4212,10.22,2.588
2022-04-18,Brazil,South America,Omicron BA.2,14,0,13.0,238,140.0,0.0898,0.0705,4.0,0.426,39.25,1.323
2022-04-19,Brazil,South America,Omicron BA.2,25,0,22.0,445,250.0,0.0995,0.0351,3.0,0.4349,39.25,1.235
2022-04-24,Brazil,South America,Omicron BA.2,46,0,44.0,700,276.0,0.1671,0.0778,12.0,0.4299,19.53,2.65
2022-04-25,Brazil,South America,Omicron BA.2,127,2,121.0,2156,1270.0,0.1055,0.0466,21.0,0.4196,10.69,2.081
2022-04-26,Brazil,South America,Omicron BA.2,9,0,9.0,116,99.0,0.1001,0.0478,1.0,0.4397,27.23,1.641
2022-05-01,Brazil,South America,Omicron BA.2,21,0,20.0,346,147.0,0.1428,0.0685,5.0,0.427,29.81,2.371
2022-05-05,Brazil,South America,Omicron BA.2,18,0,16.0,200,162.0,0.1337,0.0787,3.0,0.433,37.72,1.897
2022-05-07,Brazil,South America,Omicron BA.2,30,0,29.0,434,300.0,0.0941,0.073,7.0,0.4185,24.85,1.645
2022-05-09,Brazil,South America,Omicron BA.2,3,0,2.0,50,30.0,0.101,0.0658,0.0,0.425,39.58,1.926
2022-05-09,Brazil,South America,Omicron BA.2,9,0,8.0,160,99.0,0.0856,0.0367,1.0,0.4356,28.43,2.088
2022-05-12,Brazil,South America,Omicron BA.2,9,0,8.0,90,54.0,0.1673,0.0365,0.0,0.4475,39.1,1.859
2022-05-15,Brazil,South America,Omicron BA.2,47,0,45.0,477,329.0,0.1349,0.0558,6.0,0.4396,25.32,1.645
2022-05-20,Brazil,South America,Omicron BA.2,3,0,2.0,33,24.0,0.1392,0.0516,0.0,0.4558,23.69,1.604
2022-05-23,Brazil,South America,Omicron BA.2,17,0,16.0,241,102.0,0.1636,0.0605,3.0,0.4432,12.93,1.925
2022-05-25,Brazil,South America,Omicron BA.2,16,0,14.0,238,128.0,0.1374,0.0552,1.0,0.4571,14.04,2.39
2022-06-03,Brazil,South America,Omicron BA.2,13,0,12.0,206,117.0,0.1008,0.0643,3.0,0.4741,19.78,2.613
2022-06-04,Brazil,South America,Omicron BA.2,43,0,40.0,655,344.0,0.1242,0.0475,7.0,0.4649,24.88,1.645
2022-06-05,Brazil,South America,Omicron BA.2,36,0,34.0,442,324.0,0.1103,0.0614,5.0,0.4702,37.08,1.183
2022-06-09,Brazil,South America,Omicron BA.2,38,0,36.0,420,418.0,0.0932,0.066,7.0,0.4838,29.57,1.314
2022-06-10,Brazil,South America,Omicron BA.2,5,0,5.0,80,40.0,0.1283,0.0561,0.0,0.4695,35.19,1.225
2022-06-22,Brazil,South America,Omicron BA.2,29,0,28.0,454,261.0,0.1131,0.0608,6.0,0.467,17.98,1.602
2022-06-22,Brazil,South America,Omicron BA.2,38,0,36.0,400,266.0,0.1568,0.0342,3.0,0.4894,10.24,2.059
2022-06-24,Brazil,South America,Omicron BA.2,66,1,62.0,887,660.0,0.1046,0.0562,12.0,0.4747,22.54,1.63
2022-06-24,Brazil,South America,Omicron BA.2,149,1,141.0,2568,1490.0,0.0899,0.0505,29.0,0.4582,33.58,1.904
2022-06-27,Brazil,South America,Omicron BA.2,9,0,9.0,96,54.0,0.1595,0.0411,0.0,0.4784,21.46,1.721
2022-06-28,Brazil,South America,Omicron BA.2,880,5,835.0,11144,6160.0,0.1322,0.0638,137.0,0.4717,27.34,1.834
2022-07-01,Brazil,South America,Omicron BA.2,15,0,13.0,256,165.0,0.0963,0.0693,3.0,0.4857,27.36,2.25
2022-07-01,Brazil,South America,Omicron BA.2,6,0,5.0,79,36.0,0.1841,0.0366,0.0,0.498,14.0,1.681
2022-07-02,Brazil,South America,Omicron BA.2,80,1,75.0,816,480.0,0.1955,0.0692,11.0,0.4902,15.75,2.345
2022-07-04,Brazil,South America,Omicron BA.2,4,0,4.0,60,40.0,0.0995,0.0505,0.0,0.495,38.68,1.834
2022-07-05,Brazil,South America,Omicron BA.2,16,0,15.0,157,112.0,0.1563,0.0499,1.0,0.4788,38.56,1.598
2022-07-08,Brazil,South America,Omicron BA.2,22,0,21.0,216,198.0,0.1114,0.0737,2.0,0.5009,15.56,2.695
2022-07-14,Brazil,South America,Omicron BA.2,10,0,10.0,121,60.0,0.1559,0.0477,0.0,0.4989,36.04,1.531
2022-07-15,Brazil,South America,Omicron BA.2,20,0,18.0,214,180.0,0.0961,0.0487,1.0,0.5005,36.04,1.915
2022-07-15,Brazil,South America,Omicron BA.2,21,0,19.0,330,189.0,0.1293,0.0611,5.0,0.505,36.04,1.41
2022-07-17,Brazil,South America,Omicron BA.2,18,0,17.0,292,198.0,0.1139,0.0333,1.0,0.5104,14.77,2.396
2022-07-21,Brazil,South America,Omicron BA.2,7,0,7.0,73,63.0,0.1323,0.0505,1.0,0.4973,12.38,2.592
2022-07-22,Brazil,South America,Omicron BA.2,2,0,1.0,23,20.0,0.1138,0.0491,0.0,0.5119,34.08,1.616
2022-07-31,Brazil,South America,Omicron BA.2,24,0,23.0,406,264.0,0.1084,0.0552,5.0,0.4922,26.61,1.355
2022-08-01,Brazil,South America,Omicron BA.2,4,0,3.0,49,36.0,0.1123,0.0535,0.0,0.521,23.4,1.645
2022-08-03,Brazil,South America,Omicron BA.2,23,0,21.0,316,230.0,0.102,0.0505,4.0,0.5137,17.56,2.611
2022-08-04,Brazil,South America,Omicron BA.2,16,9,6.0,20370,12628.0,0.0883,0.0604,227.0,0.5158,12.6,1.789
2022-08-08,Brazil,South America,Omicron BA.2,26,0,25.0,350,156.0,0.1511,0.0713,5.0,0.519,16.45,2.394
2022-08-09,Brazil,South America,Omicron BA.2,53,0,51.0,814,530.0,0.1006,0.061,11.0,0.5214,16.45,1.778
2022-08-14,Brazil,South America,Omicron BA.2,9,0,8.0,133,81.0,0.1139,0.0356,1.0,0.5349,39.12,1.179
2022-08-16,Brazil,South America,Omicron BA.2,80,1,75.0,904,720.0,0.1164,0.0536,8.0,0.5164,36.44,1.439
2022-08-20,Brazil,South America,Omicron BA.2,15,0,14.0,252,105.0,0.1364,0.0601,3.0,0.5376,15.78,1.457
2022-08-25,Brazil,South America,Omicron BA.2,70,1,67.0,934,770.0,0.1142,0.0387,8.0,0.5345,20.13,1.707
2022-08-30,Brazil,South America,Omicron BA.2,116,1,110.0,1978,1276.0,0.1033,0.0457,20.0,0.5321,17.73,1.32
2022-09-01,Brazil,South America,Omicron BA.2,27,0,25.0,470,216.0,0.13,0.0705,9.0,0.5374,6.0,1.893
2022-09-02,Brazil,South America,Omicron BA.2,3,0,3.0,37,27.0,0.1251,0.0533,0.0,0.5461,24.4,1.892
2022-09-03,Brazil,South America,Omicron BA.2,10,0,9.0,111,60.0,0.1681,0.0572,1.0,0.5404,13.64,1.645
2022-09-06,Brazil,South America,Omicron BA.2,31,0,30.0,396,310.0,0.1002,0.0471,3.0,0.5428,15.73,2.278
2022-09-08,Brazil,South America,Omicron BA.2,16,0,15.0,271,112.0,0.1364,0.0524,2.0,0.5189,19.73,2.564
2022-09-09,Brazil,South America,Omicron BA.2,1,0,0.0,17,8.0,0.1172,0.0399,0.0,0.5727,20.48,1.363
2022-09-09,Brazil,South America,Omicron BA.2,16,0,15.0,256,176.0,0.0959,0.0565,3.0,0.5635,48.04,0.855
2022-09-10,Brazil,South America,Omicron BA.2,13,0,12.0,130,143.0,0.0958,0.0431,1.0,0.5388,24.64,1.645
2022-09-11,Brazil,South America,Omicron BA.2,536,4,513.0,7612,3216.0,0.1561,0.0532,89.0,0.5424,22.74,2.117
2022-09-12,Brazil,South America,Omicron BA.2,28,0,26.0,458,224.0,0.115,0.0467,3.0,0.5449,29.53,1.674
2022-09-18,Brazil,South America,Omicron BA.2,58,0,55.0,666,406.0,0.1256,0.0505,7.0,0.5527,27.18,1.81
2022-09-21,Brazil,South America,Omicron BA.2,47,0,45.0,484,423.0,0.1161,0.0505,5.0,0.5476,21.71,1.741
2022-09-23,Brazil,South America,Omicron BA.2,7,0,6.0,82,70.0,0.0948,0.0334,0.0,0.5547,34.3,1.645
2022-09-23,Brazil,South America,Omicron BA.2,7,0,6.0,100,49.0,0.1558,0.0518,1.0,0.5792,20.68,1.265
2022-09-24,Brazil,South America,Omicron BA.2,166,2,157.0,2144,1660.0,0.1002,0.0389,19.0,0.5682,24.38,1.278
2022-09-26,Brazil,South America,Omicron BA.2,85,0,81.0,957,850.0,0.099,0.0419,6.0,0.5632,20.07,2.397
2022-09-26,Brazil,South America,Omicron BA.2,12,0,11.0,214,108.0,0.0995,0.0322,1.0,0.5595,27.76,1.605
2022-09-26,Brazil,South America,Omicron BA.2,22,0,20.0,344,242.0,0.0846,0.0656,5.0,0.5799,20.86,2.203
2022-10-03,Brazil,South America,Omicron BA.2,29,0,27.0,434,290.0,0.1037,0.0358,3.0,0.5904,31.99,1.37
2022-10-05,Brazil,South America,Omicron BA.2,16,0,15.0,178,128.0,0.1306,0.0656,3.0,0.5639,26.11,1.281
2022-10-06,Brazil,South America,Omicron BA.2,82,1,77.0,1275,902.0,0.0856,0.0516,15.0,0.5576,10.96,2.613
2022-10-07,Brazil,South America,Omicron BA.2,167,1,159.0,1703,1837.0,0.099,0.0639,24.0,0.5543,33.71,1.2
2022-10-09,Brazil,South America,Omicron BA.2,22,0,20.0,248,176.0,0.1137,0.0293,1.0,0.5808,14.67,1.739
2022-10-13,Brazil,South America,Omicron BA.2,43,0,39.0,706,387.0,0.1056,0.0365,6.0,0.5514,19.27,1.592
2022-10-15,Brazil,South America,Omicron BA.2,17,0,16.0,199,102.0,0.1725,0.0337,1.0,0.5743,31.26,2.122
2022-10-15,Brazil,South America,Omicron BA.2,213,2,196.0,3020,2343.0,0.0984,0.0435,36.0,0.5854,7.28,2.214
2022-10-15,Brazil,South America,Omicron BA.2,9,0,9.0,131,99.0,0.0897,0.0627,2.0,0.5657,17.39,1.652
2022-10-19,Brazil,South America,Omicron BA.2,41,0,39.0,646,451.0,0.0818,0.068,10.0,0.5688,12.08,2.718
2022-10-21,Brazil,South America,Omicron BA.2,2,0,1.0,25,14.0,0.1416,0.0505,0.0,0.5855,12.08,1.522
2022-10-22,Brazil,South America,Omicron BA.2,12,0,11.0,171,84.0,0.1391,0.0505,2.0,0.5823,35.85,1.133
2022-10-23,Brazil,South America,Omicron BA.2,44,0,41.0,678,264.0,0.1642,0.0435,6.0,0.5936,32.3,1.6
2022-10-24,Brazil,South America,Omicron BA.2,31,0,30.0,365,341.0,0.0803,0.0588,5.0,0.5827,17.01,1.645
2022-10-24,Brazil,South America,Omicron BA.2,7,0,7.0,104,56.0,0.1018,0.0505,1.0,0.5969,10.07,1.581
2022-10-27,Brazil,South America,Omicron BA.2,520,4,493.0,5320,3120.0,0.1749,0.0635,59.0,0.5944,29.62,1.978
2022-10-30,Brazil,South America,Omicron BA.2,199,1,189.0,3567,1393.0,0.1365,0.0471,49.0,0.5906,14.52,1.534
2022-10-31,Brazil,South America,Omicron BA.2,30,0,29.0,499,210.0,0.1324,0.0397,4.0,0.5912,38.73,1.5
2022-11-03,Brazil,South America,Omicron BA.2,215,1,200.0,3399,2365.0,0.096,0.0505,42.0,0.5979,27.35,1.907
2022-11-06,Brazil,South America,Omicron BA.2,4,0,3.0,40,28.0,0.1332,0.0636,0.0,0.5869,19.28,1.33
2022-11-07,Brazil,South America,Omicron BA.2,21,0,19.0,253,189.0,0.1344,0.0505,3.0,0.5947,42.07,1.093
2022-11-09,Brazil,South America,Omicron BA.2,5,0,4.0,72,55.0,0.0907,0.0289,0.0,0.6054,16.84,1.628
2022-11-11,Brazil,South America,Omicron BA.2,288,3,278.0,4968,2016.0,0.1398,0.037,32.0,0.6337,28.15,1.687
2022-11-16,Brazil,South America,Omicron BA.2,37,0,35.0,568,222.0,0.1752,0.0613,8.0,0.6125,18.55,1.645
2022-11-18,Brazil,South America,Omicron BA.2,277,2,263.0,2782,2216.0,0.1224,0.0375,26.0,0.6089,8.81,2.44
2022-11-19,Brazil,South America,Omicron BA.2,3,0,2.0,49,30.0,0.1122,0.0294,0.0,0.6021,19.64,1.847
2022-11-22,Brazil,South America,Omicron BA.2,57,1,52.0,943,627.0,0.0663,0.0601,15.0,0.614,22.86,1.669
2022-11-22,Brazil,South America,Omicron BA.2,6,0,6.0,60,60.0,0.0982,0.053,1.0,0.6258,16.15,2.436
2022-11-23,Brazil,South America,Omicron BA.2,6,0,6.0,106,36.0,0.1605,0.0547,1.0,0.6372,11.7,1.386
2022-11-25,Brazil,South America,Omicron BA.2,51,0,49.0,527,510.0,0.0906,0.0396,5.0,0.6187,36.23,1.787
2022-11-25,Brazil,South America,Omicron BA.2,31,0,30.0,514,310.0,0.0724,0.0371,4.0,0.6115,27.52,1.126
2022-11-26,Brazil,South America,Omicron BA.2,3,0,2.0,54,21.0,0.1407,0.0478,1.0,0.617,28.33,1.386
2022-12-01,Brazil,South America,Omicron BA.2,13,0,12.0,136,117.0,0.1226,0.063,2.0,0.6298,23.7,2.08
2022-12-02,Brazil,South America,Omicron BA.2,16,0,15.0,184,144.0,0.1238,0.0472,1.0,0.6182,36.37,1.452
2022-12-02,Brazil,South America,Omicron BA.2,39,0,37.0,530,273.0,0.1375,0.0372,5.0,0.6135,27.84,1.836
2022-12-06,Brazil,South America,Omicron BA.2,18,0,17.0,226,180.0,0.1095,0.0362,2.0,0.6335,10.25,2.104
2022-12-08,Brazil,South America,Omicron BA.2,15,0,13.0,214,90.0,0.1694,0.0552,2.0,0.6351,15.02,1.719
2022-12-09,Brazil,South America,Omicron BA.2,85,1,79.0,1135,595.0,0.1464,0.0505,11.0,0.6451,37.48,1.478
2022-12-10,Brazil,South America,Omicron BA.2,4,0,4.0,64,36.0,0.1092,0.0592,0.0,0.6174,32.58,1.864
2022-12-13,Brazil,South America,Omicron BA.2,5,0,4.0,89,45.0,0.1086,0.0598,1.0,0.6226,35.75,1.042
2022-12-15,Brazil,South America,Omicron BA.2,11,0,11.0,152,88.0,0.121,0.0349,1.0,0.6328,34.16,1.518
2022-12-24,Brazil,South America,Omicron BA.2,29,0,28.0,414,232.0,0.1356,0.0454,4.0,0.6444,6.04,2.493
2022-12-29,Brazil,South America,Omicron BA.2,16,0,14.0,287,176.0,0.0953,0.0377,2.0,0.653,35.28,1.795
2022-12-29,Brazil,South America,Omicron BA.2,2,0,2.0,23,14.0,0.1428,0.0517,0.0,0.6454,20.69,1.94
2020-01-24,Canada,North America,Original,1,0,0.0,17,17.0,0.058,0.2084,0.0,0.0,9.48,0.827
2020-01-27,Canada,North America,Original,12,0,11.0,143,288.0,0.0565,0.1585,6.0,0.0,18.93,0.909
2020-01-27,Canada,North America,Original,4,0,3.0,69,60.0,0.0673,0.1873,2.0,0.0,10.85,0.701
2020-02-02,Canada,North America,Original,4,0,3.0,57,72.0,0.0424,0.1798,1.0,0.0,16.25,1.033
2020-02-08,Canada,North America,Original,1,0,0.0,13,23.0,0.05625,0.1473,0.0,0.0,11.81,0.847
2020-02-08,Canada,North America,Original,3,0,2.0,53,48.0,0.0535,0.1756,2.0,0.0,11.81,0.621
2020-02-13,Canada,North America,Original,1,0,0.0,11,20.0,0.0359,0.1646,0.0,0.0,16.04,0.428
2020-02-13,Canada,North America,Original,1,0,0.0,13,23.0,0.05625,0.1434,0.0,0.0,7.17,0.867
2020-02-14,Canada,North America,Original,1,0,0.0,12,15.0,0.0551,0.1273,0.0,0.0,0.73,0.977
2020-02-17,Canada,North America,Original,16,0,15.0,280,192.0,0.0757,0.1327,10.0,0.0,20.03,1.005
2020-02-20,Canada,North America,Original,1,0,0.0,13,23.0,0.0319,0.1473,0.0,0.0,15.41,0.958
2020-02-23,Canada,North America,Original,1,0,0.0,17,23.0,0.05625,0.1497,0.0,0.0,88.05,0.4
2020-02-25,Canada,North America,Original,7,0,6.0,106,23.0,0.05625,0.1442,2.0,0.0,87.94,0.4
2020-02-27,Canada,North America,Original,1,0,0.0,17,23.0,0.05625,0.1228,0.0,0.0,87.94,0.4
2020-03-01,Canada,North America,Original,11,0,10.0,173,23.0,0.05625,0.0945,4.0,0.0,79.02,0.4
2020-03-02,Canada,North America,Original,1,0,0.0,14,24.0,0.0396,0.1301,0.0,0.0,84.81,0.4
2020-03-04,Canada,North America,Original,1,0,0.0,14,21.0,0.0415,0.2075,0.0,0.0,90.94,0.4
2020-03-04,Canada,North America,Original,1,0,0.0,15,23.0,0.05625,0.1893,0.0,0.0,91.59,0.4
2020-03-05,Canada,North America,Original,2,0,1.0,33,36.0,0.0763,0.1757,1.0,0.0,88.2,0.4
2020-03-06,Canada,North America,Original,1,0,0.0,12,14.0,0.0792,0.1674,0.0,0.0,81.14,0.4
2020-03-09,Canada,North America,Original,1,0,0.0,13,23.0,0.05625,0.1532,0.0,0.0,81.14,0.4
2020-03-16,Canada,North America,Original,1,0,0.0,15,23.0,0.05625,0.1462,0.0,0.0,76.14,0.4
2020-03-19,Canada,North America,Original,2,0,1.0,32,23.0,0.05625,0.1068,0.0,0.0,75.27,0.428
2020-03-23,Canada,North America,Original,6,0,5.0,89,23.0,0.05625,0.1014,2.0,0.0,81.74,0.4
2020-03-26,Canada,North America,Original,10,0,9.0,145,230.0,0.056,0.1416,4.0,0.0,80.36,0.4
2020-03-28,Canada,North America,Original,1,0,0.0,9,23.0,0.05625,0.2016,0.0,0.0,86.22,0.4
2020-03-29,Canada,North America,Original,1,0,0.0,12,14.0,0.0719,0.1473,0.0,0.0,83.03,0.4
2020-04-01,Canada,North America,Original,1,0,0.0,15,15.0,0.0733,0.1316,0.0,0.0,72.9,0.4
2020-04-03,Canada,North America,Original,1,0,0.0,15,13.0,0.0597,0.1936,0.0,0.0,70.7,0.4
2020-04-05,Canada,North America,Original,4,0,3.0,54,23.0,0.05625,0.158,1.0,0.0,68.73,0.427
2020-04-07,Canada,North America,Original,1,0,0.0,9,21.0,0.0508,0.2082,0.0,0.0,78.08,0.428
2020-04-08,Canada,North America,Original,3,0,2.0,52,63.0,0.0512,0.1594,1.0,0.0,85.58,0.4
2020-04-09,Canada,North America,Original,6,0,5.0,102,120.0,0.0668,0.1132,2.0,0.0,72.28,0.4
2020-04-11,Canada,North America,Original,1,0,0.0,12,14.0,0.0711,0.2054,0.0,0.0,72.28,0.428
2020-04-13,Canada,North America,Original,2,0,1.0,30,23.0,0.05625,0.1397,1.0,0.0,88.13,0.4
2020-04-14,Canada,North America,Original,1,0,0.0,16,13.0,0.0672,0.1473,0.0,0.0,64.59,0.428
2020-04-15,Canada,North America,Original,1,0,0.0,17,18.0,0.0546,0.1551,0.0,0.0,93.39,0.4
2020-04-18,Canada,North America,Original,7,0,6.0,77,23.0,0.05625,0.1473,1.0,0.0,86.64,0.428
2020-04-20,Canada,North America,Original,5,0,4.0,62,23.0,0.05625,0.1473,1.0,0.0,66.87,0.442
2020-04-21,Canada,North America,Original,10,0,9.0,116,23.0,0.05625,0.1353,3.0,0.0,68.67,0.406
2020-04-23,Canada,North America,Original,1,0,0.0,10,18.0,0.0503,0.144,0.0,0.0,83.64,0.4
2020-04-24,Canada,North America,Original,4,0,3.0,46,76.0,0.052,0.1417,1.0,0.0,83.43,0.4
2020-04-24,Canada,North America,Original,5,0,4.0,52,105.0,0.0428,0.1816,1.0,0.0,68.58,0.4
2020-04-28,Canada,North America,Original,1,0,0.0,17,12.0,0.0817,0.1508,0.0,0.0,80.49,0.4
2020-04-29,Canada,North America,Original,15,0,14.0,248,300.0,0.0337,0.1147,6.0,0.0,72.08,0.4
2020-04-30,Canada,North America,Original,10,0,9.0,140,210.0,0.0607,0.0988,2.0,0.0,83.28,0.4
2020-04-30,Canada,North America,Original,1,0,0.0,11,13.0,0.0624,0.1179,0.0,0.0,70.31,0.428
2020-05-06,Canada,North America,Original,1,0,0.0,11,23.0,0.05625,0.1473,0.0,0.0,52.39,0.643
2020-05-07,Canada,North America,Original,1,0,0.0,14,23.0,0.05625,0.1284,0.0,0.0,56.5,0.579
2020-05-08,Canada,North America,Original,1,0,0.0,11,16.0,0.0643,0.1888,0.0,0.0,59.69,0.51
2020-05-09,Canada,North America,Original,1,0,0.0,14,23.0,0.05625,0.1071,0.0,0.0,49.83,0.533
2020-05-11,Canada,North America,Original,13,0,12.0,191,208.0,0.0622,0.1341,6.0,0.0,59.89,0.42
2020-05-12,Canada,North America,Original,6,0,5.0,72,23.0,0.05625,0.1911,3.0,0.0,70.05,0.4
2020-05-15,Canada,North America,Original,4,0,3.0,39,23.0,0.05625,0.0915,0.0,0.0,55.41,0.578
2020-05-17,Canada,North America,Original,1,0,0.0,13,24.0,0.0417,0.1579,0.0,0.0,61.89,0.4
2020-05-19,Canada,North America,Original,8,0,7.0,139,152.0,0.0659,0.1171,4.0,0.0,67.19,0.4
2020-05-19,Canada,North America,Original,1,0,0.0,12,19.0,0.0462,0.1057,0.0,0.0,58.08,0.4
2020-05-22,Canada,North America,Original,5,0,4.0,50,60.0,0.0768,0.1542,2.0,0.0,70.71,0.4
2020-05-23,Canada,North America,Original,1,0,0.0,13,16.0,0.049,0.1209,0.0,0.0,46.94,0.491
2020-05-25,Canada,North America,Original,1,0,0.0,15,14.0,0.0582,0.1958,0.0,0.0,65.02,0.4
2020-05-30,Canada,North America,Original,1,0,0.0,15,14.0,0.0683,0.1473,0.0,0.0,49.83,0.517
2020-05-31,Canada,North America,Original,5,0,4.0,73,23.0,0.05625,0.1473,1.0,0.0,63.62,0.478
2020-06-01,Canada,North America,Original,1,0,0.0,17,18.0,0.0623,0.1328,0.0,0.0,63.62,0.727
2020-06-01,Canada,North America,Original,1,0,0.0,12,24.0,0.039,0.1859,0.0,0.0,69.42,0.4
2020-06-03,Canada,North America,Original,1,0,0.0,17,17.0,0.0682,0.1664,0.0,0.0,71.25,0.4
2020-06-04,Canada,North America,Original,2,0,1.0,25,42.0,0.0346,0.1939,0.0,0.0,71.25,0.405
2020-06-08,Canada,North America,Original,1,0,0.0,12,22.0,0.0324,0.1305,0.0,0.0,64.44,0.428
2020-06-12,Canada,North America,Original,1,0,0.0,13,14.0,0.0522,0.1796,0.0,0.0,64.44,0.4
2020-06-12,Canada,North America,Original,1,0,0.0,17,22.0,0.0605,0.0946,0.0,0.0,76.97,0.4
2020-06-14,Canada,North America,Original,5,0,4.0,85,115.0,0.0455,0.1782,3.0,0.0,73.74,0.4
2020-06-18,Canada,North America,Original,7,0,6.0,94,112.0,0.0756,0.1473,5.0,0.0,73.74,0.73
2020-06-19,Canada,North America,Original,1,0,0.0,15,12.0,0.0695,0.1001,0.0,0.0,59.72,0.536
2020-06-21,Canada,North America,Original,3,0,2.0,52,45.0,0.0675,0.1169,1.0,0.0,45.6,0.747
2020-06-24,Canada,North America,Original,18,0,16.0,230,432.0,0.0449,0.1406,8.0,0.0,70.71,0.4
2020-06-26,Canada,North America,Original,1,0,0.0,12,15.0,0.0616,0.1473,0.0,0.0,53.79,0.428
2020-06-26,Canada,North America,Original,1,0,0.0,12,24.0,0.0297,0.1796,0.0,0.0,53.79,0.4
2020-06-29,Canada,North America,Original,1,0,0.0,15,20.0,0.0517,0.138,0.0,0.0,55.23,0.585
2020-07-01,Canada,North America,Original,1,0,0.0,16,23.0,0.0489,0.1276,0.0,0.0,78.61,0.4
2020-07-04,Canada,North America,Original,4,0,3.0,50,92.0,0.0497,0.2098,2.0,0.0,70.3,0.4
2020-07-07,Canada,North America,Original,20,0,19.0,231,260.0,0.0535,0.208,13.0,0.0,64.36,0.4
2020-07-08,Canada,North America,Original,1,0,0.0,13,21.0,0.0437,0.1358,0.0,0.0,70.65,0.4
2020-07-09,Canada,North America,Original,5,0,4.0,80,110.0,0.0594,0.198,4.0,0.0,52.69,0.4
2020-07-12,Canada,North America,Original,1,0,0.0,16,18.0,0.0769,0.2021,0.0,0.0,52.69,0.479
2020-07-13,Canada,North America,Original,1,0,0.0,11,13.0,0.0804,0.1051,0.0,0.0,70.44,0.4
2020-07-14,Canada,North America,Original,1,0,0.0,11,18.0,0.0543,0.1473,0.0,0.0,53.47,0.4
2020-07-19,Canada,North America,Original,1,0,0.0,14,17.0,0.0708,0.1473,0.0,0.0,72.5,0.4
2020-07-20,Canada,North America,Original,1,0,0.0,10,22.0,0.0261,0.1436,0.0,0.0,74.59,0.4
2020-07-22,Canada,North America,Original,1,0,0.0,12,23.0,0.0334,0.1867,0.0,0.0,68.42,0.4
2020-07-22,Canada,North America,Original,1,0,0.0,16,20.0,0.047,0.1706,0.0,0.0,54.86,0.4
2020-07-26,Canada,North America,Original,8,0,7.0,118,128.0,0.0661,0.1878,6.0,0.0,57.01,0.478
2020-07-26,Canada,North America,Original,3,0,2.0,42,66.0,0.0468,0.1406,1.0,0.0,53.68,0.584
2020-07-30,Canada,North America,Original,1,0,0.0,16,18.0,0.0376,0.1904,0.0,0.0,59.3,0.519
2020-08-01,Canada,North America,Original,4,0,3.0,60,80.0,0.0595,0.1588,2.0,0.0,52.89,0.499
2020-08-01,Canada,North America,Original,1,0,0.0,11,19.0,0.0388,0.134,0.0,0.0,47.52,0.668
2020-08-02,Canada,North America,Original,1,0,0.0,16,23.0,0.0377,0.2065,0.0,0.0,49.73,0.424
2020-08-02,Canada,North America,Original,1,0,0.0,13,20.0,0.0572,0.1473,0.0,0.0,78.23,0.4
2020-08-09,Canada,North America,Original,33,0,30.0,434,759.0,0.0262,0.1615,11.0,0.0,51.85,0.45
2020-08-11,Canada,North America,Original,2,0,1.0,24,26.0,0.0648,0.2026,1.0,0.0,49.91,0.4
2020-08-11,Canada,North America,Original,3,0,2.0,31,69.0,0.0519,0.1318,0.0,0.0,44.77,0.602
2020-08-14,Canada,North America,Original,1,0,0.0,14,23.0,0.0386,0.1515,0.0,0.0,52.25,0.526
2020-08-14,Canada,North America,Original,2,0,1.0,34,42.0,0.0421,0.2001,1.0,0.0,38.94,0.575
2020-08-19,Canada,North America,Original,1,0,0.0,11,14.0,0.0748,0.1526,0.0,0.0,51.17,0.428
2020-08-19,Canada,North America,Original,1,0,0.0,14,12.0,0.0731,0.1581,0.0,0.0,36.08,0.594
2020-08-23,Canada,North America,Original,2,0,1.0,22,26.0,0.098,0.1571,0.0,0.0,46.52,0.621
2020-08-23,Canada,North America,Original,1,0,0.0,11,15.0,0.068,0.18,0.0,0.0,49.73,0.516
2020-08-28,Canada,North America,Original,1,0,0.0,12,22.0,0.0425,0.1348,0.0,0.0,49.73,0.629
2020-08-29,Canada,North America,Original,1,0,0.0,16,19.0,0.0763,0.1207,0.0,0.0,50.85,0.487
2020-08-29,Canada,North America,Original,4,0,3.0,46,88.0,0.0354,0.1769,1.0,0.0,50.82,0.658
2020-08-29,Canada,North America,Original,3,0,2.0,37,36.0,0.0909,0.1449,1.0,0.0,53.05,0.4
2020-09-01,Canada,North America,Original,8,0,7.0,105,144.0,0.0598,0.1976,3.0,0.0,56.05,0.4
2020-09-08,Canada,North America,Original,1,0,0.0,14,15.0,0.0603,0.1023,0.0,0.0,50.13,0.598
2020-09-10,Canada,North America,Original,2,0,1.0,31,38.0,0.0553,0.1117,0.0,0.0,46.73,0.632
2020-09-19,Canada,North America,Original,2,0,1.0,30,36.0,0.0519,0.1613,1.0,0.0,34.99,0.834
2020-09-21,Canada,North America,Original,10,0,9.0,133,130.0,0.0771,0.1685,6.0,0.0,42.57,0.792
2020-09-23,Canada,North America,Original,1,0,0.0,15,24.0,0.0239,0.0992,0.0,0.0,40.29,0.761
2020-09-26,Canada,North America,Original,5,0,4.0,60,60.0,0.0886,0.207,2.0,0.0,39.43,0.786
2020-09-26,Canada,North America,Original,1,0,0.0,16,14.0,0.0763,0.1473,0.0,0.0,34.48,0.902
2020-09-28,Canada,North America,Original,9,0,8.0,139,216.0,0.0635,0.1569,5.0,0.0,34.48,0.401
2020-10-07,Canada,North America,Original,6,0,5.0,79,138.0,0.0333,0.1473,2.0,0.0,45.82,0.439
2020-10-15,Canada,North America,Original,3,0,2.0,40,66.0,0.0486,0.1473,1.0,0.0,45.82,0.488
2020-10-15,Canada,North America,Original,25,0,23.0,427,575.0,0.0383,0.2084,14.0,0.0,38.23,0.532
2020-10-16,Canada,North America,Original,1,0,0.0,15,20.0,0.0638,0.139,0.0,0.0,50.44,0.4
2020-10-22,Canada,North America,Original,1,0,0.0,12,17.0,0.0641,0.1414,0.0,0.0,57.0,0.444
2020-10-25,Canada,North America,Original,6,0,5.0,98,96.0,0.0644,0.1158,2.0,0.0,56.9,0.568
2020-10-25,Canada,North America,Original,2,0,1.0,24,46.0,0.0348,0.1539,0.0,0.0,45.42,0.495
2020-10-27,Canada,North America,Original,1,0,0.0,14,14.0,0.0666,0.1393,0.0,0.0,55.77,0.439
2020-10-27,Canada,North America,Original,1,0,0.0,11,13.0,0.0702,0.1006,0.0,0.0,38.65,0.584
2020-10-30,Canada,North America,Original,22,0,21.0,352,396.0,0.0292,0.1397,10.0,0.0,54.99,0.428
2020-11-07,Canada,North America,Original,3,0,2.0,34,72.0,0.0262,0.105,0.0,0.0,41.45,0.552
2020-11-12,Canada,North America,Original,12,0,11.0,215,288.0,0.0405,0.1061,6.0,0.0,52.59,0.427
2020-11-17,Canada,North America,Original,1,0,0.0,15,21.0,0.0568,0.169,0.0,0.0,37.49,0.556
2020-11-19,Canada,North America,Alpha,1,0,0.0,17,18.0,0.0531,0.2035,0.0,0.0,54.76,0.606
2020-11-19,Canada,North America,Alpha,21,0,20.0,274,399.0,0.0626,0.2084,16.0,0.0,42.54,0.712
2020-11-23,Canada,North America,Alpha,2,0,1.0,34,48.0,0.0559,0.1759,1.0,0.0,43.3,0.961
2020-11-26,Canada,North America,Alpha,5,0,4.0,59,85.0,0.0481,0.2224,3.0,0.0,61.47,0.666
2020-11-27,Canada,North America,Alpha,1,0,0.0,14,20.0,0.0449,0.1584,0.0,0.0,43.94,0.94
2020-11-28,Canada,North America,Alpha,3,0,2.0,41,69.0,0.0424,0.2143,1.0,0.0,45.99,0.793
2020-11-29,Canada,North America,Alpha,70,0,65.0,1082,1540.0,0.0591,0.1554,49.0,0.0,40.18,0.873
2020-12-05,Canada,North America,Alpha,2,0,1.0,33,42.0,0.0643,0.1954,1.0,0.0,40.18,1.027
2020-12-07,Canada,North America,Alpha,2,0,1.0,22,46.0,0.0567,0.1146,0.0,0.0,62.8,0.4
2020-12-07,Canada,North America,Alpha,2,0,1.0,32,34.0,0.0732,0.1379,0.0,0.0,71.64,0.5
2020-12-10,Canada,North America,Alpha,1,0,0.0,11,16.0,0.0565,0.1101,0.0,0.0,64.39,0.493
2020-12-11,Canada,North America,Alpha,6,0,5.0,59,90.0,0.0731,0.1516,2.0,0.0,52.41,0.493
2020-12-13,Canada,North America,Alpha,1,0,0.0,12,19.0,0.0539,0.1163,0.0,0.0,55.29,0.446
2020-12-17,Canada,North America,Alpha,2,0,1.0,27,28.0,0.0624,0.2204,1.0,0.0,54.89,0.799
2020-12-19,Canada,North America,Alpha,2,0,1.0,28,48.0,0.0281,0.1028,0.0,0.0,54.89,0.645
2020-12-19,Canada,North America,Alpha,15,0,14.0,195,240.0,0.0571,0.1689,8.0,0.0,62.86,0.432
2020-12-22,Canada,North America,Alpha,3,0,2.0,53,57.0,0.0455,0.222,3.0,0.0,76.72,0.4
2020-12-29,Canada,North America,Alpha,2,0,1.0,32,44.0,0.0353,0.1884,1.0,0.0,65.36,0.579
2020-12-31,Canada,North America,Alpha,2,0,1.0,33,40.0,0.0673,0.1303,0.0,0.0,59.47,0.653
2020-12-31,Canada,North America,Alpha,1,0,0.0,14,16.0,0.0557,0.21,0.0,0.0,60.55,0.593
2021-01-02,Canada,North America,Alpha,3,0,2.0,46,66.0,0.0474,0.1098,1.0,0.0,72.0,0.4
2021-01-02,Canada,North America,Alpha,5,0,4.0,49,65.0,0.0786,0.1053,1.0,0.0,70.63,0.4
2021-01-04,Canada,North America,Alpha,1,0,0.0,17,19.0,0.0503,0.1554,0.0,0.0,57.01,0.447
2021-01-05,Canada,North America,Alpha,1,0,0.0,14,14.0,0.0811,0.1408,0.0,0.0,74.76,0.493
2021-01-11,Canada,North America,Alpha,2,0,1.0,22,40.0,0.0646,0.1245,0.0,0.0,76.48,0.4
2021-01-12,Canada,North America,Alpha,1,0,0.0,17,21.0,0.0418,0.2295,1.0,0.0086,63.06,0.602
2021-01-18,Canada,North America,Alpha,3,0,2.0,52,72.0,0.0427,0.1486,1.0,0.0079,69.18,0.4
2021-01-19,Canada,North America,Alpha,4,0,3.0,49,80.0,0.0607,0.1607,1.0,0.0071,78.63,0.4
2021-01-19,Canada,North America,Alpha,2,0,1.0,35,48.0,0.0613,0.2121,1.0,0.0338,79.39,0.4
2021-01-19,Canada,North America,Alpha,1,0,0.0,10,13.0,0.0664,0.1354,0.0,0.0379,62.64,0.493
2021-01-21,Canada,North America,Alpha,11,0,10.0,114,253.0,0.0369,0.1139,2.0,0.0308,63.42,0.493
2021-01-25,Canada,North America,Alpha,1,0,0.0,12,13.0,0.0741,0.1598,0.0,0.0171,70.53,0.4
2021-01-25,Canada,North America,Alpha,1,0,0.0,15,15.0,0.0762,0.1015,0.0,0.0171,70.53,0.495
2021-01-27,Canada,North America,Alpha,1,0,0.0,14,18.0,0.0326,0.155,0.0,0.035,59.35,0.482
2021-01-27,Canada,North America,Alpha,7,0,6.0,94,84.0,0.0743,0.11,1.0,0.058,71.29,0.422
2021-01-28,Canada,North America,Alpha,2,0,1.0,24,24.0,0.083,0.1554,1.0,0.0485,61.74,0.654
2021-01-30,Canada,North America,Alpha,2,0,1.0,32,46.0,0.0424,0.2211,1.0,0.0177,61.74,0.621
2021-02-01,Canada,North America,Alpha,2,0,1.0,27,26.0,0.0714,0.1031,0.0,0.0177,63.54,0.57
2021-02-03,Canada,North America,Alpha,1,0,0.0,17,16.0,0.0566,0.1583,0.0,0.0212,52.32,0.83
2021-02-06,Canada,North America,Alpha,3,0,2.0,50,69.0,0.0418,0.168,1.0,0.0662,49.52,0.672
2021-02-07,Canada,North America,Alpha,1,0,0.0,11,23.0,0.0626,0.1374,0.0,0.0466,79.89,0.4
2021-02-09,Canada,North America,Alpha,1,0,0.0,11,21.0,0.0545,0.1761,0.0,0.0466,79.89,0.4
2021-02-11,Canada,North America,Alpha,1,0,0.0,14,18.0,0.0322,0.1348,0.0,0.0435,82.44,0.4
2021-02-12,Canada,North America,Alpha,1,0,0.0,15,18.0,0.0589,0.1928,0.0,0.0435,51.83,0.652
2021-02-17,Canada,North America,Alpha,2,0,1.0,34,28.0,0.0897,0.1557,1.0,0.0529,60.6,0.683
2021-02-21,Canada,North America,Alpha,7,0,6.0,105,147.0,0.0563,0.133,2.0,0.0796,72.7,0.478
2021-02-22,Canada,North America,Alpha,1,0,0.0,12,24.0,0.0489,0.1057,0.0,0.0662,59.55,0.479
2021-02-25,Canada,North America,Alpha,6,0,5.0,81,114.0,0.0286,0.1137,1.0,0.0747,62.42,0.57
2021-02-28,Canada,North America,Alpha,1,0,0.0,15,18.0,0.0488,0.1448,0.0,0.0811,52.1,0.782
2021-03-02,Canada,North America,Alpha,56,1,53.0,803,1008.0,0.0597,0.2094,35.0,0.0838,52.1,0.72
2021-03-02,Canada,North America,Alpha,26,0,24.0,463,468.0,0.0633,0.1449,17.0,0.0875,74.87,0.4
2021-03-04,Canada,North America,Alpha,3,0,2.0,33,36.0,0.0962,0.1771,0.0,0.0711,66.08,0.507
2021-03-06,Canada,North America,Alpha,128,1,122.0,1589,2176.0,0.0541,0.2022,78.0,0.0865,56.11,0.417
2021-03-07,Canada,North America,Alpha,2,0,1.0,35,42.0,0.0431,0.1076,0.0,0.0955,56.11,0.493
2021-03-07,Canada,North America,Alpha,1,0,0.0,14,17.0,0.0636,0.1666,0.0,0.0706,57.84,0.445
2021-03-08,Canada,North America,Alpha,6,0,5.0,100,102.0,0.0531,0.1503,3.0,0.1048,52.07,0.541
2021-03-09,Canada,North America,Alpha,2,0,1.0,21,24.0,0.0716,0.1757,0.0,0.0895,66.68,0.4
2021-03-13,Canada,North America,Alpha,8,0,7.0,118,136.0,0.0584,0.1383,3.0,0.0768,77.76,0.4
2021-03-14,Canada,North America,Alpha,1,0,0.0,10,23.0,0.0396,0.1225,0.0,0.0878,61.29,0.605
2021-03-16,Canada,North America,Alpha,6,0,5.0,100,138.0,0.0496,0.1197,3.0,0.0965,58.94,0.675
2021-03-17,Canada,North America,Alpha,1,0,0.0,18,20.0,0.0465,0.0996,0.0,0.0994,67.84,0.52
2021-03-18,Canada,North America,Alpha,2,0,1.0,34,28.0,0.0661,0.1554,1.0,0.0874,72.93,0.4
2021-03-18,Canada,North America,Alpha,5,0,4.0,88,85.0,0.0568,0.1135,2.0,0.0873,72.93,0.4
2021-03-19,Canada,North America,Delta,3,0,2.0,52,45.0,0.0414,0.2472,3.0,0.0979,76.64,0.4
2021-03-23,Canada,North America,Delta,9,0,8.0,138,153.0,0.0635,0.1322,2.0,0.1094,53.55,0.623
2021-03-24,Canada,North America,Delta,6,0,5.0,72,102.0,0.0572,0.1656,3.0,0.1081,78.81,0.4
2021-03-26,Canada,North America,Delta,1,0,0.0,13,20.0,0.0343,0.1617,0.0,0.1147,69.86,0.469
2021-03-27,Canada,North America,Delta,2,0,1.0,35,34.0,0.0574,0.1804,1.0,0.0925,62.09,0.602
2021-03-27,Canada,North America,Alpha,9,0,8.0,125,108.0,0.073,0.1335,2.0,0.1147,56.12,0.493
2021-03-28,Canada,North America,Delta,31,0,29.0,426,744.0,0.0511,0.1674,12.0,0.1123,73.16,0.4
2021-03-31,Canada,North America,Delta,13,0,12.0,203,312.0,0.034,0.1731,9.0,0.1229,87.01,0.4
2021-04-01,Canada,North America,Delta,1,0,0.0,15,18.0,0.0432,0.1741,0.0,0.1198,59.06,0.816
2021-04-03,Canada,North America,Delta,14,0,13.0,203,238.0,0.0642,0.1601,9.0,0.117,61.55,0.502
2021-04-11,Canada,North America,Alpha,1,0,0.0,18,14.0,0.0775,0.1128,0.0,0.1344,59.04,0.589
2021-04-12,Canada,North America,Delta,5,0,4.0,66,80.0,0.0678,0.1865,2.0,0.1334,68.07,0.581
2021-04-14,Canada,North America,Delta,1,0,0.0,11,15.0,0.0774,0.1875,0.0,0.151,82.98,0.4
2021-04-16,Canada,North America,Alpha,1,0,0.0,10,14.0,0.0846,0.1229,0.0,0.1318,67.9,0.4
2021-04-17,Canada,North America,Delta,1,0,0.0,18,12.0,0.083,0.2274,0.0,0.1211,84.84,0.4
2021-04-22,Canada,North America,Delta,5,0,4.0,72,90.0,0.0551,0.2395,2.0,0.1535,66.03,0.534
2021-04-22,Canada,North America,Delta,2,0,1.0,27,44.0,0.0564,0.14,0.0,0.1395,64.85,0.508
2021-04-23,Canada,North America,Delta,13,0,12.0,152,260.0,0.0449,0.1709,6.0,0.1437,82.54,0.4
2021-04-24,Canada,North America,Delta,2,0,1.0,29,38.0,0.0523,0.1642,1.0,0.1452,85.81,0.581
2021-04-27,Canada,North America,Delta,1,0,0.0,11,18.0,0.0509,0.1508,0.0,0.1535,79.0,0.428
2021-04-27,Canada,North America,Delta,32,0,30.0,477,736.0,0.0478,0.2047,27.0,0.1533,74.98,0.4
2021-04-30,Canada,North America,Delta,1,0,0.0,13,12.0,0.0774,0.1189,0.0,0.162,63.69,0.829
2021-05-02,Canada,North America,Delta,3,0,2.0,42,36.0,0.0805,0.1108,0.0,0.1659,73.38,0.58
2021-05-03,Canada,North America,Delta,19,0,18.0,233,247.0,0.0713,0.1617,9.0,0.1701,77.55,0.4
2021-05-04,Canada,North America,Delta,4,0,3.0,53,52.0,0.0702,0.1434,1.0,0.1654,69.26,0.47
2021-05-07,Canada,North America,Delta,6,0,5.0,86,90.0,0.0521,0.2182,4.0,0.1616,87.55,0.4
2021-05-09,Canada,North America,Delta,1,0,0.0,11,14.0,0.0816,0.2149,0.0,0.1837,68.75,0.498
2021-05-11,Canada,North America,Delta,3,0,2.0,34,39.0,0.0588,0.1361,0.0,0.1802,71.08,0.595
2021-05-12,Canada,North America,Delta,6,0,5.0,94,114.0,0.0535,0.1368,2.0,0.1622,71.08,0.4
2021-05-13,Canada,North America,Delta,2,0,1.0,22,46.0,0.0436,0.2287,1.0,0.1643,80.13,0.4
2021-05-14,Canada,North America,Delta,2,0,1.0,34,42.0,0.0524,0.2015,1.0,0.1874,61.18,0.826
2021-05-20,Canada,North America,Delta,1,0,0.0,12,23.0,0.0156,0.1317,0.0,0.1972,71.8,0.4
2021-05-22,Canada,North America,Delta,1,0,0.0,18,15.0,0.0644,0.2133,0.0,0.1886,73.69,0.448
2021-05-24,Canada,North America,Delta,3,0,2.0,38,66.0,0.0329,0.148,1.0,0.1864,78.48,0.4
2021-05-29,Canada,North America,Delta,2,0,1.0,20,46.0,0.0446,0.2203,1.0,0.2041,68.93,0.675
2021-06-02,Canada,North America,Delta,2,0,1.0,35,36.0,0.0384,0.1797,1.0,0.2173,84.55,0.4
2021-06-03,Canada,North America,Delta,2,0,1.0,32,36.0,0.058,0.1787,1.0,0.2038,79.09,0.4
2021-06-04,Canada,North America,Delta,3,0,2.0,43,60.0,0.0444,0.1468,1.0,0.2103,68.41,0.411
2021-06-05,Canada,North America,Delta,3,0,2.0,32,39.0,0.0896,0.1617,1.0,0.2143,58.48,0.763
2021-06-09,Canada,North America,Delta,4,0,3.0,72,52.0,0.0853,0.179,2.0,0.2195,58.48,0.597
2021-06-09,Canada,North America,Delta,2,0,1.0,20,24.0,0.09,0.1502,0.0,0.2257,82.63,0.4
2021-06-10,Canada,North America,Delta,4,0,3.0,40,88.0,0.0436,0.1062,1.0,0.2199,67.44,0.4
2021-06-13,Canada,North America,Delta,1,0,0.0,10,12.0,0.0892,0.1904,0.0,0.214,80.93,0.4
2021-06-15,Canada,North America,Delta,3,0,2.0,38,51.0,0.0757,0.1809,1.0,0.2217,62.74,0.44
2021-06-16,Canada,North America,Delta,1,0,0.0,15,16.0,0.0671,0.2155,0.0,0.2345,76.25,0.4
2021-06-21,Canada,North America,Delta,81,1,77.0,1304,1215.0,0.0611,0.1442,47.0,0.2535,54.28,0.52
2021-06-27,Canada,North America,Delta,5,0,4.0,63,65.0,0.0861,0.1915,3.0,0.242,57.94,0.571
2021-07-02,Canada,North America,Delta,21,0,19.0,284,399.0,0.0302,0.1492,10.0,0.2302,57.94,0.4
2021-07-06,Canada,North America,Delta,4,0,3.0,56,60.0,0.065,0.2188,2.0,0.2639,57.94,0.784
2021-07-07,Canada,North America,Delta,3,0,2.0,35,72.0,0.0197,0.132,0.0,0.2595,58.96,0.657
2021-07-07,Canada,North America,Delta,1,0,0.0,14,13.0,0.0549,0.1303,0.0,0.241,81.9,0.581
2021-07-08,Canada,North America,Delta,1,0,0.0,12,22.0,0.0407,0.2041,0.0,0.2558,75.76,0.491
2021-07-09,Canada,North America,Delta,3,0,2.0,41,60.0,0.0482,0.1018,0.0,0.2536,66.89,0.682
2021-07-10,Canada,North America,Delta,2,0,1.0,26,26.0,0.0641,0.1386,0.0,0.257,64.43,0.667
2021-07-11,Canada,North America,Delta,1,0,0.0,12,14.0,0.0629,0.176,0.0,0.2624,53.62,0.642
2021-07-23,Canada,North America,Delta,1,0,0.0,15,19.0,0.0444,0.1617,0.0,0.2947,59.78,0.504
2021-07-23,Canada,North America,Delta,1,0,0.0,18,24.0,0.0444,0.1823,0.0,0.2737,62.26,0.725
2021-07-26,Canada,North America,Delta,3,0,2.0,43,60.0,0.061,0.0985,1.0,0.2869,79.92,0.4
2021-07-26,Canada,North America,Delta,1,0,0.0,17,13.0,0.0705,0.18,0.0,0.2828,74.14,0.486
2021-07-30,Canada,North America,Delta,4,0,3.0,71,84.0,0.0527,0.1444,1.0,0.2854,55.85,0.581
2021-07-31,Canada,North America,Delta,1,0,0.0,14,15.0,0.0618,0.1977,0.0,0.2894,70.65,0.4
2021-08-03,Canada,North America,Delta,3,0,2.0,39,72.0,0.0424,0.1903,1.0,0.3043,55.91,0.948
2021-08-03,Canada,North America,Delta,1,0,0.0,12,16.0,0.0597,0.2121,0.0,0.2917,60.97,0.564
2021-08-03,Canada,North America,Delta,1,0,0.0,13,20.0,0.041,0.1757,0.0,0.2888,70.42,0.558
2021-08-07,Canada,North America,Delta,13,0,12.0,176,156.0,0.0858,0.1565,6.0,0.2836,43.59,1.172
2021-08-08,Canada,North America,Delta,12,0,11.0,165,168.0,0.0765,0.1371,3.0,0.2967,48.51,0.706
2021-08-10,Canada,North America,Delta,1,0,0.0,14,19.0,0.0487,0.1197,0.0,0.3028,55.35,0.801
2021-08-11,Canada,North America,Delta,3,0,2.0,39,36.0,0.0945,0.2054,2.0,0.293,55.35,1.019
2021-08-13,Canada,North America,Delta,5,0,4.0,71,115.0,0.0569,0.1152,1.0,0.3166,57.07,0.558
2021-08-13,Canada,North America,Delta,7,0,6.0,109,161.0,0.0664,0.2008,5.0,0.3245,45.92,0.95
2021-08-14,Canada,North America,Delta,3,0,2.0,37,36.0,0.079,0.1617,0.0,0.3107,45.97,0.581
2021-08-17,Canada,North America,Delta,13,0,12.0,192,286.0,0.0447,0.1385,4.0,0.3017,63.87,0.576
2021-08-29,Canada,North America,Delta,6,0,5.0,106,90.0,0.0563,0.1617,2.0,0.3133,60.03,0.59
2021-09-04,Canada,North America,Delta,7,0,6.0,69,84.0,0.0856,0.1305,2.0,0.3092,60.74,0.548
2021-09-07,Canada,North America,Delta,1,0,0.0,12,23.0,0.0449,0.1228,0.0,0.3549,61.26,0.674
2021-09-09,Canada,North America,Delta,2,0,1.0,20,26.0,0.0857,0.1872,0.0,0.3426,63.37,0.699
2021-09-09,Canada,North America,Delta,2,0,1.0,29,26.0,0.0671,0.0901,0.0,0.3331,68.43,0.478
2021-09-11,Canada,North America,Delta,1,0,0.0,12,19.0,0.0544,0.1465,0.0,0.3456,52.79,0.628
2021-09-12,Canada,North America,Delta,8,0,7.0,130,184.0,0.0673,0.1033,3.0,0.3504,55.86,0.851
2021-09-12,Canada,North America,Delta,10,0,9.0,108,220.0,0.0429,0.1914,6.0,0.3397,45.31,0.727
2021-09-17,Canada,North America,Delta,4,0,3.0,55,92.0,0.059,0.1005,1.0,0.363,68.26,0.486
2021-09-17,Canada,North America,Delta,4,0,3.0,42,84.0,0.0393,0.1957,1.0,0.3424,71.44,0.553
2021-09-18,Canada,North America,Delta,1,0,0.0,14,17.0,0.0356,0.1617,0.0,0.3553,71.44,0.603
2021-09-24,Canada,North America,Delta,25,0,23.0,305,450.0,0.0471,0.133,11.0,0.3716,63.02,0.581
2021-09-24,Canada,North America,Delta,1,0,0.0,15,15.0,0.0594,0.1058,0.0,0.3713,45.59,1.032
2021-09-29,Canada,North America,Delta,1,0,0.0,17,22.0,0.0416,0.149,0.0,0.3861,33.94,0.743
2021-10-01,Canada,North America,Delta,1,0,0.0,15,19.0,0.0498,0.1096,0.0,0.3786,69.76,0.555
2021-10-04,Canada,North America,Omicron,10,0,9.0,100,170.0,0.0637,0.0786,2.0,0.3681,49.82,1.075
2021-10-04,Canada,North America,Delta,1,0,0.0,11,22.0,0.0523,0.1731,0.0,0.3713,66.84,0.4
2021-10-09,Canada,North America,Omicron,9,0,8.0,151,216.0,0.0528,0.0662,2.0,0.4017,55.79,0.877
2021-10-09,Canada,North America,Delta,4,0,3.0,64,76.0,0.0625,0.1796,2.0,0.3652,51.38,0.692
2021-10-14,Canada,North America,Delta,15,0,14.0,154,345.0,0.0526,0.1399,4.0,0.3752,51.47,0.524
2021-10-15,Canada,North America,Delta,1,0,0.0,13,16.0,0.0626,0.1362,0.0,0.3828,70.53,0.581
2021-10-16,Canada,North America,Omicron,1,0,0.0,11,16.0,0.0679,0.0839,0.0,0.3932,48.72,0.996
2021-10-17,Canada,North America,Omicron,22,0,21.0,391,308.0,0.076,0.0769,6.0,0.3912,56.88,0.915
2021-10-19,Canada,North America,Delta,1,0,0.0,14,15.0,0.0708,0.1184,0.0,0.4153,56.88,0.652
2021-10-19,Canada,North America,Omicron,2,0,1.0,27,26.0,0.082,0.0887,0.0,0.4022,36.93,1.331
2021-10-19,Canada,North America,Delta,2,0,1.0,23,42.0,0.063,0.1242,0.0,0.3837,65.32,0.581
2021-10-20,Canada,North America,Delta,3,0,2.0,54,36.0,0.0961,0.138,1.0,0.4053,60.53,0.775
2021-10-28,Canada,North America,Delta,1,0,0.0,16,21.0,0.0522,0.161,0.0,0.4249,60.43,0.452
2021-11-04,Canada,North America,Delta,4,0,3.0,56,56.0,0.0648,0.1156,1.0,0.4213,43.69,0.997
2021-11-05,Canada,North America,Omicron,2,0,1.0,35,36.0,0.0412,0.0715,0.0,0.4248,55.35,0.802
2021-11-06,Canada,North America,Omicron,3,0,2.0,33,51.0,0.0601,0.0774,0.0,0.4332,67.13,1.2415
2021-11-07,Canada,North America,Delta,1,0,0.0,13,23.0,0.0424,0.1135,0.0,0.43,71.34,0.553
2021-11-07,Canada,North America,Delta,2,0,1.0,27,44.0,0.0444,0.163,1.0,0.4191,71.34,0.714
2021-11-12,Canada,North America,Delta,3,0,2.0,31,36.0,0.0796,0.1827,1.0,0.4485,40.11,0.581
2021-11-15,Canada,North America,Omicron,1,0,0.0,10,20.0,0.0552,0.0816,0.0,0.4425,30.44,1.746
2021-11-16,Canada,North America,Omicron,8,0,7.0,128,184.0,0.0273,0.06365,1.0,0.4389,30.44,1.2415
2021-11-17,Canada,North America,Omicron,1,0,0.0,10,22.0,0.0401,0.06365,0.0,0.4406,32.79,1.592
2021-11-19,Canada,North America,Omicron,1,0,0.0,17,14.0,0.0571,0.0692,0.0,0.4554,44.89,0.978
2021-11-19,Canada,North America,Omicron,1,0,0.0,17,12.0,0.0799,0.0733,0.0,0.4137,32.44,1.916
2021-11-23,Canada,North America,Omicron,1,0,0.0,15,13.0,0.0682,0.0467,0.0,0.4356,29.02,1.416
2021-11-23,Canada,North America,Omicron,2,0,1.0,28,30.0,0.0682,0.0817,0.0,0.4592,37.77,1.36
2021-11-26,Canada,North America,Omicron,7,0,6.0,82,133.0,0.0691,0.0771,1.0,0.4768,37.77,1.05
2021-11-30,Canada,North America,Omicron,4,0,3.0,61,76.0,0.055,0.0794,1.0,0.4457,28.82,1.107
2021-12-01,Canada,North America,Omicron,1,0,0.0,13,14.0,0.0765,0.0396,0.0,0.4622,45.42,1.034
2021-12-08,Canada,North America,Omicron,88,0,81.0,1329,1672.0,0.0429,0.0406,15.0,0.4585,45.42,1.714
2021-12-18,Canada,North America,Omicron,1,0,0.0,16,19.0,0.0496,0.06365,0.0,0.4842,54.35,0.74
2021-12-18,Canada,North America,Omicron,10,0,9.0,180,240.0,0.0339,0.0723,2.0,0.4871,28.69,1.34
2021-12-18,Canada,North America,Omicron,1,0,0.0,10,24.0,0.0578,0.0619,0.0,0.4787,50.94,1.2
2021-12-18,Canada,North America,Omicron,1,0,0.0,11,15.0,0.0799,0.0756,0.0,0.4833,51.46,1.211
2021-12-21,Canada,North America,Omicron,30,0,29.0,381,510.0,0.0494,0.0374,2.0,0.4928,44.1,1.365
2021-12-22,Canada,North America,Omicron,1,0,0.0,12,15.0,0.0593,0.0369,0.0,0.4895,37.0,1.468
2021-12-22,Canada,North America,Omicron,1,0,0.0,11,13.0,0.1017,0.08,0.0,0.4811,37.0,0.845
2021-12-23,Canada,North America,Omicron,2,0,1.0,34,28.0,0.066,0.06365,0.0,0.4902,35.85,1.564
2021-12-23,Canada,North America,Omicron,3,0,2.0,36,39.0,0.0858,0.0648,0.0,0.4904,31.87,1.364
2021-12-26,Canada,North America,Omicron,1,0,0.0,11,23.0,0.0327,0.0604,0.0,0.4809,33.58,1.568
2021-12-26,Canada,North America,Omicron,10,0,9.0,153,160.0,0.0563,0.0721,1.0,0.4923,33.58,1.587
2021-12-26,Canada,North America,Omicron,5,0,4.0,88,100.0,0.0519,0.0657,1.0,0.494,33.58,1.654
2021-12-27,Canada,North America,Omicron,1,0,0.0,15,20.0,0.062,0.0469,0.0,0.501,47.04,1.376
2021-12-29,Canada,North America,Omicron,12,0,11.0,170,240.0,0.0492,0.0364,1.0,0.4951,26.07,1.595
2022-01-01,Canada,North America,Omicron,3,0,2.0,34,66.0,0.0445,0.0473,0.0,0.495,26.35,1.2415
2022-01-01,Canada,North America,Omicron,1,0,0.0,16,22.0,0.053,0.06365,0.0,0.4922,26.35,1.108
2022-01-01,Canada,North America,Omicron,4,0,3.0,47,72.0,0.0484,0.0632,0.0,0.4925,28.76,1.839
2022-01-07,Canada,North America,Omicron,1,0,0.0,17,14.0,0.0637,0.06365,0.0,0.5113,47.19,1.138
2022-01-13,Canada,North America,Omicron,1,0,0.0,11,24.0,0.028,0.0662,0.0,0.5077,34.68,0.909
2022-01-15,Canada,North America,Omicron,6,0,5.0,61,132.0,0.0446,0.0579,0.0,0.5166,40.64,1.432
2022-01-16,Canada,North America,Omicron,4,0,3.0,64,76.0,0.055,0.0342,0.0,0.5278,44.2,1.2
2022-01-17,Canada,North America,Omicron,16,0,15.0,212,352.0,0.0363,0.0494,2.0,0.5411,33.6,1.392
2022-01-20,Canada,North America,Omicron,8,0,7.0,123,112.0,0.08,0.0585,2.0,0.535,41.37,1.2415
2022-01-21,Canada,North America,Omicron,1,0,0.0,13,13.0,0.0809,0.067,0.0,0.5235,31.41,1.767
2022-01-22,Canada,North America,Omicron,21,0,20.0,301,399.0,0.0692,0.0588,3.0,0.5291,53.12,0.856
2022-01-22,Canada,North America,Omicron,3,0,2.0,37,72.0,0.0297,0.0443,0.0,0.5323,35.02,1.263
2022-01-22,Canada,North America,Omicron,1,0,0.0,15,14.0,0.0828,0.0482,0.0,0.5309,33.73,1.2415
2022-01-23,Canada,North America,Omicron,3,0,2.0,40,54.0,0.0481,0.0569,0.0,0.5427,42.42,1.466
2022-01-25,Canada,North America,Omicron,5,0,4.0,89,120.0,0.0438,0.0606,1.0,0.5529,31.67,1.427
2022-01-28,Canada,North America,Omicron,19,0,17.0,254,342.0,0.049,0.0475,2.0,0.547,46.81,1.191
2022-01-30,Canada,North America,Omicron,1,0,0.0,16,17.0,0.0622,0.0635,0.0,0.538,48.84,1.2415
2022-01-31,Canada,North America,Omicron BA.2,1,0,0.0,15,21.0,0.0489,0.0674,0.0,0.5534,25.59,1.895
2022-01-31,Canada,North America,Omicron,2,0,1.0,34,40.0,0.049,0.0703,0.0,0.5438,23.0,1.547
2022-01-31,Canada,North America,Omicron,2,0,1.0,32,40.0,0.0626,0.06365,0.0,0.5618,43.79,1.192
2022-02-11,Canada,North America,Omicron BA.2,2,0,1.0,31,30.0,0.0717,0.0608,0.0,0.5519,33.08,1.783
2022-02-12,Canada,North America,Omicron BA.2,1,0,0.0,14,15.0,0.0628,0.059,0.0,0.5834,28.6,1.645
2022-02-17,Canada,North America,Omicron,4,0,3.0,68,84.0,0.0394,0.0327,0.0,0.5783,47.36,0.969
2022-02-18,Canada,North America,Omicron,7,0,6.0,117,91.0,0.0658,0.06365,2.0,0.5789,40.14,1.315
2022-02-18,Canada,North America,Omicron,11,0,10.0,146,176.0,0.062,0.0538,2.0,0.5597,29.78,1.61
2022-02-20,Canada,North America,Omicron BA.2,1,0,0.0,10,16.0,0.052,0.061,0.0,0.5576,27.34,2.216
2022-02-21,Canada,North America,Omicron BA.2,1,0,0.0,17,12.0,0.1037,0.0309,0.0,0.5909,57.19,0.779
2022-02-22,Canada,North America,Omicron,1,0,0.0,17,18.0,0.0516,0.0635,0.0,0.5547,30.2,1.052
2022-02-22,Canada,North America,Omicron BA.2,24,0,23.0,282,384.0,0.0662,0.0368,2.0,0.5746,40.11,1.684
2022-02-22,Canada,North America,Omicron,1,0,0.0,10,16.0,0.0615,0.0541,0.0,0.5943,43.86,1.066
2022-02-24,Canada,North America,Omicron BA.2,1,0,0.0,13,12.0,0.0819,0.0335,0.0,0.566,57.16,1.237
2022-02-25,Canada,North America,Omicron BA.2,4,0,3.0,63,68.0,0.0411,0.0587,0.0,0.582,52.14,1.645
2022-02-27,Canada,North America,Omicron,1,0,0.0,12,23.0,0.0392,0.0606,0.0,0.5948,43.07,1.231
2022-03-03,Canada,North America,Omicron BA.2,1,0,0.0,13,21.0,0.0282,0.0451,0.0,0.5829,50.81,0.921
2022-03-04,Canada,North America,Omicron BA.2,2,0,2.0,34,40.0,0.0489,0.0581,0.0,0.6007,56.97,0.839
2022-03-04,Canada,North America,Omicron BA.2,1,0,0.0,15,23.0,0.04,0.0304,0.0,0.599,33.57,1.307
2022-03-04,Canada,North America,Omicron BA.2,2,0,2.0,33,44.0,0.0605,0.0418,0.0,0.5871,42.92,1.592
2022-03-04,Canada,North America,Omicron BA.2,1,0,1.0,13,17.0,0.0593,0.0422,0.0,0.5892,37.33,1.671
2022-03-10,Canada,North America,Omicron BA.2,29,0,28.0,351,580.0,0.0652,0.029,2.0,0.5947,47.98,1.555
2022-03-10,Canada,North America,Omicron,4,0,3.0,51,92.0,0.0448,0.06365,0.0,0.5975,39.07,0.8
2022-03-10,Canada,North America,Omicron BA.2,1,0,1.0,12,22.0,0.048,0.0475,0.0,0.5953,53.14,1.645
2022-03-11,Canada,North America,Omicron,3,0,2.0,43,51.0,0.0674,0.0577,0.0,0.5924,34.42,1.49
2022-03-13,Canada,North America,Omicron BA.2,1,0,1.0,15,12.0,0.0856,0.0594,0.0,0.6123,22.47,1.645
2022-03-13,Canada,North America,Omicron BA.2,1,0,0.0,11,14.0,0.0778,0.0352,0.0,0.6013,14.89,1.641
2022-03-13,Canada,North America,Omicron BA.2,5,0,5.0,68,105.0,0.0433,0.03955,0.0,0.5991,35.3,1.643
2022-03-16,Canada,North America,Omicron BA.2,10,0,9.0,150,200.0,0.0365,0.0566,2.0,0.6007,25.96,1.645
2022-03-17,Canada,North America,Omicron BA.2,1,0,1.0,10,24.0,0.0413,0.0634,0.0,0.6241,26.08,1.264
2022-03-19,Canada,North America,Omicron BA.2,5,0,5.0,52,105.0,0.056,0.0643,0.0,0.6087,23.58,1.73
2022-03-25,Canada,North America,Omicron BA.2,8,0,7.0,123,168.0,0.0668,0.053,1.0,0.6236,41.05,1.336
2022-03-27,Canada,North America,Omicron BA.2,1,0,0.0,14,12.0,0.0894,0.0512,0.0,0.6167,25.83,1.881
2022-03-29,Canada,North America,Omicron BA.2,2,0,2.0,32,24.0,0.0794,0.0372,0.0,0.6536,29.46,1.96
2022-03-29,Canada,North America,Omicron BA.2,8,0,8.0,103,160.0,0.0526,0.0524,1.0,0.6358,20.35,2.221
2022-03-29,Canada,North America,Omicron BA.2,7,0,6.0,70,147.0,0.0521,0.0394,0.0,0.643,39.35,1.144
2022-04-02,Canada,North America,Omicron BA.2,3,0,3.0,48,39.0,0.0891,0.0456,0.0,0.6303,39.35,1.645
2022-04-11,Canada,North America,Omicron BA.2,3,0,3.0,38,57.0,0.0556,0.0355,0.0,0.6521,26.53,1.907
2022-04-15,Canada,North America,Omicron BA.2,1,0,1.0,11,24.0,0.0445,0.03955,0.0,0.6508,12.17,1.519
2022-04-15,Canada,North America,Omicron BA.2,1,0,0.0,16,21.0,0.0152,0.0563,0.0,0.6552,24.9,1.252
2022-04-15,Canada,North America,Omicron BA.2,7,0,6.0,116,105.0,0.0756,0.0603,1.0,0.6448,29.59,1.779
2022-04-20,Canada,North America,Omicron BA.2,3,0,2.0,54,69.0,0.0297,0.0332,0.0,0.6605,32.98,1.791
2022-04-22,Canada,North America,Omicron BA.2,5,0,5.0,77,65.0,0.075,0.0506,0.0,0.6561,37.3,1.355
2022-04-22,Canada,North America,Omicron BA.2,50,0,48.0,808,1000.0,0.0603,0.0374,4.0,0.6689,22.2,1.25
2022-04-29,Canada,North America,Omicron BA.2,2,0,1.0,20,40.0,0.0517,0.0493,0.0,0.6631,21.02,1.854
2022-04-30,Canada,North America,Omicron BA.2,2,0,1.0,33,28.0,0.0646,0.0437,0.0,0.6822,34.78,1.288
2022-05-03,Canada,North America,Omicron BA.2,1,0,0.0,11,19.0,0.0634,0.03955,0.0,0.6767,12.43,1.645
2022-05-03,Canada,North America,Omicron BA.2,2,0,2.0,20,28.0,0.0646,0.0379,0.0,0.6772,18.3,2.186
2022-05-10,Canada,North America,Omicron BA.2,6,0,5.0,99,102.0,0.0613,0.0436,0.0,0.6746,34.59,1.536
2022-05-12,Canada,North America,Omicron BA.2,1,0,0.0,10,16.0,0.0511,0.0382,0.0,0.6972,39.4,1.605
2022-05-12,Canada,North America,Omicron BA.2,3,0,3.0,43,51.0,0.0782,0.049,0.0,0.6749,9.73,2.146
2022-05-14,Canada,North America,Omicron BA.2,4,0,3.0,69,96.0,0.0607,0.03955,0.0,0.6863,12.6,1.56
2022-05-14,Canada,North America,Omicron BA.2,3,0,2.0,45,66.0,0.051,0.0249,0.0,0.6918,14.89,1.865
2022-05-15,Canada,North America,Omicron BA.2,20,0,19.0,298,460.0,0.0404,0.0437,3.0,0.6675,35.06,1.557
2022-05-17,Canada,North America,Omicron BA.2,3,0,3.0,47,63.0,0.0499,0.0376,0.0,0.6875,14.32,2.235
2022-05-20,Canada,North America,Omicron BA.2,1,0,1.0,11,22.0,0.0357,0.03955,0.0,0.6954,25.0,1.645
2022-05-21,Canada,North America,Omicron BA.2,12,0,11.0,201,264.0,0.0399,0.0469,2.0,0.6965,20.5,1.645
2022-05-23,Canada,North America,Omicron BA.2,9,0,8.0,138,207.0,0.0433,0.0537,1.0,0.7095,14.82,1.257
2022-05-26,Canada,North America,Omicron BA.2,17,0,16.0,183,340.0,0.0302,0.0397,1.0,0.6993,26.24,1.584
2022-05-28,Canada,North America,Omicron BA.2,6,0,6.0,87,114.0,0.0681,0.0353,0.0,0.7076,18.37,1.854
2022-05-31,Canada,North America,Omicron BA.2,4,0,3.0,64,52.0,0.073,0.0466,0.0,0.7068,27.77,1.467
2022-06-03,Canada,North America,Omicron BA.2,11,0,11.0,168,209.0,0.0564,0.0506,2.0,0.7211,26.98,1.645
2022-06-06,Canada,North America,Omicron BA.2,124,0,118.0,2137,1984.0,0.076,0.036,17.0,0.7175,26.38,1.578
2022-06-07,Canada,North America,Omicron BA.2,6,0,5.0,100,108.0,0.0587,0.0445,0.0,0.7206,44.07,1.194
2022-06-07,Canada,North America,Omicron BA.2,1,0,1.0,17,18.0,0.0794,0.03955,0.0,0.7434,29.22,1.558
2022-06-13,Canada,North America,Omicron BA.2,3,0,3.0,49,42.0,0.0687,0.0499,0.0,0.7381,28.69,1.004
2022-06-19,Canada,North America,Omicron BA.2,15,0,14.0,250,240.0,0.0532,0.0398,2.0,0.7392,18.22,1.184
2022-06-19,Canada,North America,Omicron BA.2,9,0,8.0,126,171.0,0.0525,0.028,0.0,0.7321,18.72,1.411
2022-06-19,Canada,North America,Omicron BA.2,14,0,13.0,204,266.0,0.038,0.0555,1.0,0.7186,33.6,1.122
2022-06-19,Canada,North America,Omicron BA.2,1,0,1.0,17,24.0,0.0606,0.0312,0.0,0.7451,16.94,1.822
2022-06-21,Canada,North America,Omicron BA.2,8,0,7.0,130,152.0,0.0578,0.03955,1.0,0.7577,6.41,2.513
2022-06-21,Canada,North America,Omicron BA.2,1,0,1.0,10,16.0,0.055,0.0483,0.0,0.7413,16.52,1.697
2022-06-25,Canada,North America,Omicron BA.2,19,0,18.0,303,323.0,0.0516,0.03955,2.0,0.7569,25.2,1.952
2022-06-26,Canada,North America,Omicron BA.2,1,0,0.0,12,13.0,0.0736,0.0435,0.0,0.7572,19.79,1.586
2022-06-28,Canada,North America,Omicron BA.2,1,0,0.0,15,15.0,0.0735,0.0326,0.0,0.7457,17.98,1.891
2022-07-01,Canada,North America,Omicron BA.2,6,0,6.0,69,120.0,0.0435,0.03955,0.0,0.7681,22.13,1.366
2022-07-02,Canada,North America,Omicron BA.2,1,0,0.0,13,12.0,0.0739,0.0481,0.0,0.7498,14.76,2.125
2022-07-02,Canada,North America,Omicron BA.2,15,0,14.0,154,360.0,0.0408,0.0387,1.0,0.7641,14.76,1.412
2022-07-03,Canada,North America,Omicron BA.2,1,0,0.0,14,15.0,0.067,0.036,0.0,0.7522,25.4,1.7
2022-07-04,Canada,North America,Omicron BA.2,6,0,5.0,108,72.0,0.0878,0.03955,1.0,0.7619,17.69,1.4
2022-07-05,Canada,North America,Omicron BA.2,1,0,0.0,15,12.0,0.0832,0.0324,0.0,0.7612,31.19,1.675
2022-07-06,Canada,North America,Omicron BA.2,2,0,2.0,24,40.0,0.0555,0.0226,0.0,0.7599,35.77,1.444
2022-07-11,Canada,North America,Omicron BA.2,1,0,0.0,12,13.0,0.0937,0.0402,0.0,0.7777,12.9,1.521
2022-07-19,Canada,North America,Omicron BA.2,3,0,2.0,53,57.0,0.0557,0.0513,0.0,0.7448,23.45,1.705
2022-08-03,Canada,North America,Omicron BA.2,8,0,7.0,121,184.0,0.0262,0.03955,0.0,0.8069,12.81,2.091
2022-08-03,Canada,North America,Omicron BA.2,1,0,0.0,12,12.0,0.0866,0.03955,0.0,0.7862,35.05,1.436
2022-08-04,Canada,North America,Omicron BA.2,10,0,9.0,160,150.0,0.0721,0.0349,1.0,0.794,27.7,1.645
2022-08-07,Canada,North America,Omicron BA.2,12,0,11.0,203,276.0,0.0445,0.024,1.0,0.8128,32.97,1.645
2022-08-07,Canada,North America,Omicron BA.2,2,0,2.0,34,36.0,0.056,0.0328,0.0,0.8238,32.11,1.675
2022-08-07,Canada,North America,Omicron BA.2,1,0,1.0,13,22.0,0.0355,0.0212,0.0,0.8148,42.33,1.391
2022-08-07,Canada,North America,Omicron BA.2,1,0,1.0,17,18.0,0.0558,0.0466,0.0,0.8066,36.99,1.679
2022-08-13,Canada,North America,Omicron BA.2,5,0,5.0,83,115.0,0.046,0.0257,0.0,0.8152,35.49,1.636
2022-08-14,Canada,North America,Omicron BA.2,15,0,0.0,15,14.0,0.0852,0.0465,0.0,0.8242,19.5,1.284
2022-08-16,Canada,North America,Omicron BA.2,1,0,0.0,17,14.0,0.0889,0.0335,0.0,0.8167,38.84,1.074
2022-08-18,Canada,North America,Omicron BA.2,2,0,2.0,23,36.0,0.0396,0.0305,0.0,0.8265,14.97,1.714
2022-08-21,Canada,North America,Omicron BA.2,1,0,0.0,15,20.0,0.0563,0.0383,0.0,0.8358,14.97,1.983
2022-08-27,Canada,North America,Omicron BA.2,1,0,1.0,11,20.0,0.0583,0.0443,0.0,0.819,7.93,1.352
2022-08-30,Canada,North America,Omicron BA.2,18,0,17.0,228,252.0,0.0839,0.0216,1.0,0.8319,29.07,1.534
2022-09-02,Canada,North America,Omicron BA.2,9,0,8.0,154,171.0,0.0586,0.0426,1.0,0.8523,30.48,1.045
2022-09-03,Canada,North America,Omicron BA.2,4,0,4.0,63,64.0,0.0708,0.0335,0.0,0.8498,32.04,1.447
2022-09-04,Canada,North America,Omicron BA.2,1,0,1.0,11,20.0,0.0619,0.0355,0.0,0.844,15.94,1.213
2022-09-05,Canada,North America,Omicron BA.2,1,0,1.0,14,19.0,0.0382,0.03955,0.0,0.8451,15.94,1.522
2022-09-06,Canada,North America,Omicron BA.2,20,0,18.0,266,480.0,0.0382,0.03955,3.0,0.8502,30.45,1.337
2022-09-07,Canada,North America,Omicron BA.2,5,0,5.0,81,65.0,0.0691,0.0337,0.0,0.8645,13.37,1.165
2022-09-14,Canada,North America,Omicron BA.2,1,0,0.0,17,13.0,0.0802,0.026,0.0,0.8827,31.59,1.49
2022-09-15,Canada,North America,Omicron BA.2,1,0,1.0,17,20.0,0.0356,0.0369,0.0,0.8754,26.16,1.645
2022-09-16,Canada,North America,Omicron BA.2,1,0,1.0,11,23.0,0.0652,0.0372,0.0,0.8651,28.45,1.645
2022-09-21,Canada,North America,Omicron BA.2,11,0,10.0,182,187.0,0.0502,0.0421,1.0,0.8736,14.33,1.894
2022-09-22,Canada,North America,Omicron BA.2,1,0,0.0,14,23.0,0.0387,0.0258,0.0,0.8738,25.62,1.484
2022-09-25,Canada,North America,Omicron BA.2,2,0,2.0,32,26.0,0.0909,0.0238,0.0,0.8904,27.68,1.761
2022-10-03,Canada,North America,Omicron BA.2,1,0,0.0,15,24.0,0.024,0.0251,0.0,0.8878,11.26,1.372
2022-10-05,Canada,North America,Omicron BA.2,1,0,0.0,15,17.0,0.0575,0.019,0.0,0.8939,33.5,1.27
2022-10-06,Canada,North America,Omicron BA.2,114,0,108.0,1960,2736.0,0.0504,0.0229,8.0,0.886,31.41,0.931
2022-10-06,Canada,North America,Omicron BA.2,1,0,0.0,18,21.0,0.0576,0.0334,0.0,0.9008,13.02,1.961
2022-10-10,Canada,North America,Omicron BA.2,1,0,1.0,12,22.0,0.0292,0.0267,0.0,0.9,30.83,1.175
2022-10-13,Canada,North America,Omicron BA.2,7,0,7.0,71,91.0,0.0682,0.037,0.0,0.9037,30.83,0.931
2022-10-16,Canada,North America,Omicron BA.2,6,0,6.0,75,78.0,0.078,0.0391,0.0,0.9113,15.74,1.059
2022-10-19,Canada,North America,Omicron BA.2,13,0,12.0,234,299.0,0.0313,0.03955,1.0,0.9123,20.9,1.158
2022-10-28,Canada,North America,Omicron BA.2,4,0,4.0,67,84.0,0.048,0.03955,0.0,0.92,19.24,1.033
2022-10-29,Canada,North America,Omicron BA.2,1,0,0.0,16,23.0,0.046,0.0301,0.0,0.92,21.07,1.64
2022-10-30,Canada,North America,Omicron BA.2,49,0,47.0,630,1078.0,0.0278,0.0262,3.0,0.9167,34.14,1.552
2022-10-31,Canada,North America,Omicron BA.2,1,0,0.0,10,24.0,0.0429,0.0223,0.0,0.92,9.54,2.02
2022-11-09,Canada,North America,Omicron BA.2,1,0,0.0,13,12.0,0.0896,0.0304,0.0,0.92,18.35,1.806
2022-11-13,Canada,North America,Omicron BA.2,4,0,3.0,40,52.0,0.0653,0.0331,0.0,0.92,32.93,1.161
2022-11-18,Canada,North America,Omicron BA.2,1,0,1.0,12,18.0,0.0532,0.018,0.0,0.92,18.55,1.59
2022-11-22,Canada,North America,Omicron BA.2,1,0,1.0,13,19.0,0.0507,0.0234,0.0,0.92,17.63,1.783
2022-11-24,Canada,North America,Omicron BA.2,11,0,11.0,168,220.0,0.0525,0.0293,0.0,0.92,39.35,1.349
2022-11-26,Canada,North America,Omicron BA.2,1,0,0.0,10,14.0,0.0788,0.0377,0.0,0.92,39.35,1.475
2022-11-29,Canada,North America,Omicron BA.2,1,0,0.0,16,16.0,0.0684,0.0309,0.0,0.92,29.13,1.504
2022-12-03,Canada,North America,Omicron BA.2,26,0,25.0,274,390.0,0.0574,0.019,1.0,0.92,14.81,1.512
2022-12-03,Canada,North America,Omicron BA.2,2,0,1.0,22,32.0,0.0616,0.0272,0.0,0.92,38.85,1.48
2022-12-06,Canada,North America,Omicron BA.2,3,0,3.0,30,63.0,0.0481,0.0353,0.0,0.92,29.6,1.645
2022-12-15,Canada,North America,Omicron BA.2,1,0,0.0,17,20.0,0.0524,0.0252,0.0,0.92,29.6,1.645
2022-12-16,Canada,North America,Omicron BA.2,5,0,4.0,69,65.0,0.0679,0.0305,0.0,0.92,41.75,0.778
2022-12-20,Canada,North America,Omicron BA.2,1,0,1.0,12,18.0,0.069,0.0331,0.0,0.92,32.73,0.854
2022-12-22,Canada,North America,Omicron BA.2,1,0,0.0,12,24.0,0.035,0.0231,0.0,0.92,38.42,1.406
2022-12-23,Canada,North America,Omicron BA.2,1,0,0.0,15,14.0,0.0624,0.0384,0.0,0.92,25.07,0.937
2020-01-23,Colombia,South America,Original,11,0,10.0,133,77.0,0.1516,0.0947,3.0,0.0,12.42,1.02
2020-01-23,Colombia,South America,Original,9,0,8.0,92,72.0,0.1242,0.1376,3.0,0.0,7.63,1.124
2020-01-23,Colombia,South America,Original,1,0,0.0,15,8.0,0.1286,0.0916,0.0,0.0,7.63,1.067
2020-01-23,Colombia,South America,Original,1,0,0.0,11,6.0,0.1791,0.0916,0.0,0.0,10.63,1.143
2020-01-25,Colombia,South America,Original,4,0,3.0,65,32.0,0.1202,0.2082,3.0,0.0,19.18,1.121
2020-01-25,Colombia,South America,Original,8,0,7.0,88,88.0,0.0705,0.1461,1.0,0.0,1.54,0.963
2020-02-01,Colombia,South America,Original,3,0,2.0,34,18.0,0.1227,0.1388,1.0,0.0,6.59,1.008
2020-02-03,Colombia,South America,Original,1,0,0.0,17,11.0,0.0982,0.196,0.0,0.0,17.96,1.141
2020-02-10,Colombia,South America,Original,1,0,0.0,15,18.0,0.1227,0.1225,0.0,0.0,15.89,0.428
2020-02-13,Colombia,South America,Original,1,0,0.0,10,8.0,0.1139,0.0995,0.0,0.0,22.92,0.99
2020-02-13,Colombia,South America,Original,1,0,0.0,13,6.0,0.1685,0.1461,0.0,0.0,10.34,0.428
2020-02-14,Colombia,South America,Original,4,0,3.0,48,18.0,0.1227,0.1851,2.0,0.0,11.48,0.428
2020-02-14,Colombia,South America,Original,3,0,2.0,48,27.0,0.1285,0.1543,1.0,0.0,16.57,0.661
2020-02-14,Colombia,South America,Original,1,0,0.0,15,18.0,0.1227,0.168,0.0,0.0,5.09,0.785
2020-02-15,Colombia,South America,Original,2,0,1.0,29,20.0,0.0791,0.1357,1.0,0.0,11.24,1.237
2020-02-17,Colombia,South America,Original,4,0,3.0,43,28.0,0.1321,0.1211,1.0,0.0,10.99,1.162
2020-02-18,Colombia,South America,Original,4,0,3.0,68,36.0,0.1035,0.1346,1.0,0.0,16.47,0.633
2020-02-20,Colombia,South America,Original,1,0,0.0,16,7.0,0.1511,0.2026,0.0,0.0,16.74,0.657
2020-02-24,Colombia,South America,Original,9,0,8.0,154,18.0,0.1227,0.1786,6.0,0.0,16.74,0.4
2020-02-26,Colombia,South America,Original,1,0,0.0,13,18.0,0.1227,0.1461,0.0,0.0,91.64,0.4
2020-02-29,Colombia,South America,Original,4,0,3.0,44,44.0,0.0859,0.1256,1.0,0.0,90.02,0.4
2020-03-02,Colombia,South America,Original,1,0,0.0,11,18.0,0.1227,0.1152,0.0,0.0,90.02,0.42
2020-03-05,Colombia,South America,Original,2,0,1.0,32,18.0,0.1227,0.1808,1.0,0.0,69.26,0.4
2020-03-06,Colombia,South America,Original,1,0,0.0,14,11.0,0.0946,0.1344,0.0,0.0,69.3,0.404
2020-03-07,Colombia,South America,Original,4,0,3.0,50,40.0,0.11,0.0928,1.0,0.0,69.37,0.4
2020-03-07,Colombia,South America,Original,1,0,0.0,17,18.0,0.1227,0.1092,0.0,0.0,62.6,0.4
2020-03-07,Colombia,South America,Original,5,0,4.0,66,18.0,0.1227,0.159,1.0,0.0,63.74,0.446
2020-03-10,Colombia,South America,Original,1,0,0.0,11,11.0,0.1079,0.1157,0.0,0.0,85.5,0.4
2020-03-11,Colombia,South America,Original,1,0,0.0,14,18.0,0.1227,0.1461,0.0,0.0,68.84,0.4
2020-03-13,Colombia,South America,Original,1,0,0.0,13,8.0,0.1258,0.1339,0.0,0.0,78.05,0.4
2020-03-16,Colombia,South America,Original,1,0,0.0,14,6.0,0.1678,0.1547,0.0,0.0,66.6,0.4
2020-03-16,Colombia,South America,Original,1,0,0.0,16,11.0,0.0918,0.1144,0.0,0.0,74.11,0.4
2020-03-18,Colombia,South America,Original,1,0,0.0,14,6.0,0.1674,0.1745,0.0,0.0,86.09,0.4
2020-03-22,Colombia,South America,Original,5,0,4.0,90,18.0,0.1227,0.1461,1.0,0.0,95.97,0.4
2020-03-22,Colombia,South America,Original,7,0,6.0,115,18.0,0.1227,0.1461,3.0,0.0,68.89,0.428
2020-03-23,Colombia,South America,Original,1,0,0.0,10,18.0,0.1227,0.197,0.0,0.0,81.4,0.4
2020-03-24,Colombia,South America,Original,19,0,18.0,229,18.0,0.1227,0.1931,10.0,0.0,72.47,0.4
2020-03-25,Colombia,South America,Original,13,0,12.0,213,78.0,0.1557,0.1662,8.0,0.0,74.29,0.428
2020-03-26,Colombia,South America,Original,4,0,3.0,55,36.0,0.0881,0.1298,1.0,0.0,74.35,0.428
2020-03-30,Colombia,South America,Original,16,0,14.0,169,176.0,0.0976,0.1641,6.0,0.0,93.51,0.4
2020-04-06,Colombia,South America,Original,1,0,0.0,16,6.0,0.1521,0.1139,0.0,0.0,96.62,0.428
2020-04-11,Colombia,South America,Original,1,0,0.0,14,18.0,0.1227,0.1461,0.0,0.0,96.62,0.4
2020-04-14,Colombia,South America,Original,1,0,0.0,12,9.0,0.0969,0.1808,0.0,0.0,90.96,0.4
2020-04-14,Colombia,South America,Original,3,0,2.0,41,21.0,0.1426,0.1541,1.0,0.0,86.72,0.428
2020-04-15,Colombia,South America,Original,2,0,1.0,34,18.0,0.1227,0.1629,0.0,0.0,86.43,0.4
2020-04-17,Colombia,South America,Original,11,0,10.0,113,18.0,0.1227,0.203,5.0,0.0,67.12,0.435
2020-04-19,Colombia,South America,Original,3,0,2.0,51,18.0,0.1641,0.1461,2.0,0.0,70.07,0.4
2020-04-21,Colombia,South America,Original,8,0,7.0,110,56.0,0.1342,0.1867,4.0,0.0,67.0,0.4
2020-04-22,Colombia,South America,Original,6,0,5.0,81,18.0,0.1227,0.0982,2.0,0.0,78.39,0.4
2020-04-22,Colombia,South America,Original,4,0,3.0,64,36.0,0.1143,0.1378,2.0,0.0,68.42,0.4
2020-04-25,Colombia,South America,Original,3,0,2.0,49,18.0,0.1227,0.1152,1.0,0.0,68.42,0.4
2020-04-28,Colombia,South America,Original,1,0,0.0,15,18.0,0.1227,0.1706,1.0,0.0,88.5,0.4
2020-05-01,Colombia,South America,Original,1,0,0.0,16,6.0,0.1546,0.1895,0.0,0.0,61.69,0.4
2020-05-02,Colombia,South America,Original,1,0,0.0,17,7.0,0.1284,0.1495,0.0,0.0,57.27,0.598
2020-05-02,Colombia,South America,Original,2,0,1.0,28,12.0,0.1586,0.1131,1.0,0.0,48.82,0.647
2020-05-03,Colombia,South America,Original,18,0,16.0,281,18.0,0.1227,0.109,4.0,0.0,63.31,0.458
2020-05-04,Colombia,South America,Original,3,0,2.0,45,18.0,0.1227,0.1459,1.0,0.0,69.65,0.428
2020-05-04,Colombia,South America,Original,3,0,2.0,29,30.0,0.1221,0.161,1.0,0.0,65.48,0.4
2020-05-07,Colombia,South America,Original,3,0,2.0,51,30.0,0.0872,0.1311,1.0,0.0,67.67,0.4
2020-05-09,Colombia,South America,Original,1,0,0.0,14,18.0,0.1227,0.1568,0.0,0.0,65.24,0.4
2020-05-10,Colombia,South America,Original,7,0,6.0,81,70.0,0.1083,0.1303,2.0,0.0,58.97,0.4
2020-05-10,Colombia,South America,Original,2,0,1.0,21,22.0,0.0878,0.17,1.0,0.0,45.44,0.695
2020-05-12,Colombia,South America,Original,3,0,2.0,45,18.0,0.1227,0.1461,1.0,0.0,52.23,0.428
2020-05-17,Colombia,South America,Original,2,0,1.0,25,18.0,0.109,0.1571,1.0,0.0,66.7,0.446
2020-05-18,Colombia,South America,Original,3,0,2.0,50,24.0,0.1372,0.1692,1.0,0.0,47.28,0.414
2020-05-19,Colombia,South America,Original,3,0,2.0,52,27.0,0.1035,0.1792,2.0,0.0,54.88,0.571
2020-05-27,Colombia,South America,Original,1,0,0.0,11,7.0,0.1535,0.0901,0.0,0.0,54.88,0.499
2020-05-29,Colombia,South America,Original,1,0,0.0,9,18.0,0.1227,0.1461,0.0,0.0,71.54,0.4
2020-06-01,Colombia,South America,Original,11,0,10.0,196,110.0,0.101,0.2015,9.0,0.0,60.13,0.428
2020-06-09,Colombia,South America,Original,2,0,1.0,26,14.0,0.1104,0.1839,1.0,0.0,55.55,0.545
2020-06-12,Colombia,South America,Original,1,0,0.0,14,8.0,0.124,0.1186,0.0,0.0,62.47,0.492
2020-06-15,Colombia,South America,Original,1,0,0.0,16,10.0,0.1016,0.1071,0.0,0.0,54.77,0.601
2020-06-20,Colombia,South America,Original,1,0,0.0,15,9.0,0.1136,0.1432,0.0,0.0,60.79,0.424
2020-06-22,Colombia,South America,Original,2,0,1.0,27,18.0,0.1139,0.2006,1.0,0.0,49.36,0.691
2020-06-24,Colombia,South America,Original,13,0,12.0,157,78.0,0.169,0.1969,7.0,0.0,59.55,0.513
2020-06-24,Colombia,South America,Original,2,0,1.0,20,18.0,0.0983,0.116,1.0,0.0,59.55,0.4
2020-06-25,Colombia,South America,Original,8,0,7.0,99,88.0,0.085,0.1453,3.0,0.0,75.23,0.4
2020-06-26,Colombia,South America,Original,3,0,2.0,51,24.0,0.1292,0.1674,2.0,0.0,60.64,0.505
2020-06-27,Colombia,South America,Original,1,0,0.0,10,11.0,0.0985,0.0988,0.0,0.0,65.24,0.4
2020-07-02,Colombia,South America,Original,4,0,3.0,72,40.0,0.1081,0.1784,3.0,0.0,58.95,0.555
2020-07-04,Colombia,South America,Original,3,0,2.0,32,21.0,0.1401,0.1986,1.0,0.0,69.54,0.428
2020-07-04,Colombia,South America,Original,1,0,0.0,11,9.0,0.096,0.098,0.0,0.0,57.45,0.439
2020-07-04,Colombia,South America,Original,2,0,1.0,20,22.0,0.0974,0.1087,0.0,0.0,55.69,0.496
2020-07-06,Colombia,South America,Original,2,0,1.0,26,18.0,0.1251,0.1635,1.0,0.0,65.3,0.4
2020-07-08,Colombia,South America,Original,2,0,1.0,25,16.0,0.1302,0.0933,0.0,0.0,47.62,0.467
2020-07-09,Colombia,South America,Original,3,0,2.0,36,24.0,0.115,0.1461,1.0,0.0,67.81,0.4
2020-07-10,Colombia,South America,Original,1,0,0.0,11,7.0,0.1417,0.1636,0.0,0.0,57.76,0.445
2020-07-14,Colombia,South America,Original,1,0,0.0,17,11.0,0.0858,0.1622,0.0,0.0,48.39,0.524
2020-07-17,Colombia,South America,Original,9,0,8.0,112,63.0,0.1449,0.1119,2.0,0.0,50.92,0.475
2020-07-19,Colombia,South America,Original,1,0,0.0,12,7.0,0.1474,0.1034,0.0,0.0,80.44,0.4
2020-07-19,Colombia,South America,Original,1,0,0.0,14,8.0,0.136,0.1019,0.0,0.0,60.93,0.4
2020-07-20,Colombia,South America,Original,1,0,0.0,14,6.0,0.1587,0.1681,0.0,0.0,73.49,0.4
2020-07-20,Colombia,South America,Original,11,0,10.0,138,88.0,0.1194,0.1914,6.0,0.0,61.0,0.4
2020-07-21,Colombia,South America,Original,9,0,8.0,158,99.0,0.105,0.1918,7.0,0.0,66.0,0.4
2020-07-25,Colombia,South America,Original,18,1,16.0,307,144.0,0.1209,0.1943,12.0,0.0,43.8,0.523
2020-08-01,Colombia,South America,Original,4,0,3.0,62,36.0,0.1092,0.1338,2.0,0.0,63.58,0.5
2020-08-01,Colombia,South America,Original,1,0,0.0,15,9.0,0.1253,0.1925,1.0,0.0,55.39,0.544
2020-08-07,Colombia,South America,Original,4,0,3.0,53,24.0,0.1611,0.1306,2.0,0.0,61.37,0.514
2020-08-08,Colombia,South America,Original,2,0,1.0,26,22.0,0.0995,0.1461,1.0,0.0,43.52,0.605
2020-08-11,Colombia,South America,Original,2,0,1.0,25,14.0,0.1417,0.1925,1.0,0.0,49.89,0.625
2020-08-13,Colombia,South America,Original,1,0,0.0,11,6.0,0.1542,0.1937,0.0,0.0,48.46,0.71
2020-08-17,Colombia,South America,Original,5,0,4.0,53,50.0,0.0892,0.1546,2.0,0.0,55.33,0.4
2020-08-19,Colombia,South America,Original,23,1,21.0,387,161.0,0.1311,0.1904,16.0,0.0,49.47,0.525
2020-08-28,Colombia,South America,Original,1,0,0.0,11,8.0,0.126,0.2054,0.0,0.0,52.55,0.597
2020-08-28,Colombia,South America,Original,1,0,0.0,15,6.0,0.1579,0.1663,1.0,0.0,41.95,0.737
2020-08-30,Colombia,South America,Original,1,0,0.0,17,7.0,0.1325,0.1038,0.0,0.0,34.18,0.629
2020-09-01,Colombia,South America,Original,2,0,1.0,36,16.0,0.1309,0.1278,1.0,0.0,55.36,0.591
2020-09-03,Colombia,South America,Original,1,0,0.0,12,9.0,0.1019,0.1936,0.0,0.0,46.73,0.428
2020-09-06,Colombia,South America,Original,9,0,8.0,103,81.0,0.1076,0.1106,2.0,0.0,38.85,0.509
2020-09-07,Colombia,South America,Original,8,0,7.0,99,64.0,0.1233,0.1886,5.0,0.0,54.06,0.626
2020-09-11,Colombia,South America,Original,2,0,1.0,34,16.0,0.1332,0.1136,1.0,0.0,56.17,0.4
2020-09-12,Colombia,South America,Original,1,0,0.0,16,7.0,0.1425,0.1288,0.0,0.0,50.4,0.67
2020-09-14,Colombia,South America,Original,3,0,2.0,54,30.0,0.122,0.1941,2.0,0.0,54.97,0.523
2020-09-15,Colombia,South America,Original,1,0,0.0,11,6.0,0.1577,0.1651,0.0,0.0,45.62,0.428
2020-09-15,Colombia,South America,Original,2,0,1.0,24,22.0,0.081,0.1672,0.0,0.0,54.79,0.4
2020-09-18,Colombia,South America,Original,1,0,0.0,15,7.0,0.1618,0.1393,0.0,0.0,39.48,0.823
2020-09-18,Colombia,South America,Original,2,0,1.0,31,22.0,0.1025,0.1458,1.0,0.0,37.06,0.451
2020-09-21,Colombia,South America,Original,2,0,1.0,22,18.0,0.1,0.1813,1.0,0.0,44.23,0.683
2020-09-25,Colombia,South America,Original,4,0,3.0,67,36.0,0.1058,0.1461,2.0,0.0,40.81,0.432
2020-09-29,Colombia,South America,Original,6,0,5.0,92,48.0,0.1269,0.1162,2.0,0.0,43.24,0.588
2020-10-02,Colombia,South America,Original,1,0,0.0,14,6.0,0.1564,0.1932,1.0,0.0,45.63,0.479
2020-10-03,Colombia,South America,Original,4,0,3.0,53,40.0,0.098,0.1461,1.0,0.0,49.4,0.541
2020-10-03,Colombia,South America,Original,12,0,11.0,208,84.0,0.1517,0.1174,6.0,0.0,64.06,0.44
2020-10-05,Colombia,South America,Original,2,0,1.0,29,16.0,0.1334,0.1461,1.0,0.0,64.06,0.758
2020-10-06,Colombia,South America,Original,1,0,0.0,11,11.0,0.1029,0.1526,0.0,0.0,55.88,0.56
2020-10-09,Colombia,South America,Original,5,0,4.0,54,35.0,0.1452,0.1536,2.0,0.0,36.58,0.884
2020-10-10,Colombia,South America,Original,2,0,1.0,19,18.0,0.1119,0.1209,1.0,0.0,56.36,0.428
2020-10-11,Colombia,South America,Original,3,0,2.0,51,33.0,0.0947,0.1461,1.0,0.0,47.64,0.71
2020-10-16,Colombia,South America,Original,3,0,2.0,53,21.0,0.1547,0.1413,2.0,0.0,52.48,0.601
2020-10-17,Colombia,South America,Original,1,0,0.0,13,6.0,0.1807,0.1908,1.0,0.0,54.4,0.597
2020-10-17,Colombia,South America,Original,43,1,39.0,761,301.0,0.1382,0.1896,33.0,0.0,54.06,0.55
2020-10-21,Colombia,South America,Original,20,0,18.0,284,220.0,0.0959,0.1461,9.0,0.0,51.5,0.492
2020-10-21,Colombia,South America,Original,1,0,0.0,12,11.0,0.0891,0.0962,0.0,0.0,51.0,0.428
2020-10-29,Colombia,South America,Alpha,7,0,6.0,89,49.0,0.139,0.2051,4.0,0.0,57.58,0.493
2020-10-31,Colombia,South America,Alpha,1,0,0.0,12,8.0,0.117,0.1074,0.0,0.0,47.08,0.493
2020-11-04,Colombia,South America,Alpha,53,1,50.0,757,530.0,0.105,0.1677,28.0,0.0,60.25,0.554
2020-11-06,Colombia,South America,Original,1,0,0.0,11,8.0,0.1217,0.1026,0.0,0.0,44.99,0.428
2020-11-08,Colombia,South America,Alpha,4,0,3.0,58,44.0,0.093,0.2119,3.0,0.0,54.17,0.47
2020-11-09,Colombia,South America,Original,1,0,0.0,13,8.0,0.1292,0.1675,0.0,0.0,54.64,0.518
2020-11-09,Colombia,South America,Alpha,11,0,10.0,142,110.0,0.1028,0.1084,3.0,0.0,52.15,0.803
2020-11-12,Colombia,South America,Original,1,0,0.0,10,7.0,0.1391,0.1718,0.0,0.0,49.68,0.554
2020-11-12,Colombia,South America,Alpha,2,0,1.0,34,14.0,0.1573,0.1824,1.0,0.0,52.0,0.68
2020-11-13,Colombia,South America,Original,1,0,0.0,12,9.0,0.1164,0.1434,0.0,0.0,52.54,0.4
2020-11-15,Colombia,South America,Original,3,0,2.0,51,33.0,0.0821,0.1461,1.0,0.0,53.57,0.454
2020-11-19,Colombia,South America,Alpha,1,0,0.0,13,7.0,0.15,0.1524,0.0,0.0,50.7,0.817
2020-11-19,Colombia,South America,Alpha,2,0,1.0,24,18.0,0.1179,0.2112,1.0,0.0,47.97,0.655
2020-11-22,Colombia,South America,Alpha,1,0,0.0,11,8.0,0.1309,0.2293,0.0,0.0,39.4,0.807
2020-11-22,Colombia,South America,Alpha,5,0,4.0,70,45.0,0.1023,0.2215,4.0,0.0,49.21,0.681
2020-11-24,Colombia,South America,Alpha,16,1,15.0,230,128.0,0.1502,0.1463,7.0,0.0,40.21,0.493
2020-11-27,Colombia,South America,Alpha,11,0,10.0,118,121.0,0.0967,0.1661,4.0,0.0,39.64,0.983
2020-11-30,Colombia,South America,Alpha,3,0,2.0,32,21.0,0.1414,0.1708,0.0,0.0,55.26,0.687
2020-12-06,Colombia,South America,Alpha,1,0,0.0,18,9.0,0.1001,0.1129,0.0,0.0,56.71,0.738
2020-12-09,Colombia,South America,Alpha,1,0,0.0,15,8.0,0.1284,0.1292,0.0,0.0,74.3,0.4
2020-12-11,Colombia,South America,Alpha,53,1,49.0,726,583.0,0.0922,0.195,31.0,0.0,76.34,0.4
2020-12-12,Colombia,South America,Alpha,5,0,4.0,60,30.0,0.156,0.1228,2.0,0.0,78.32,0.4
2020-12-13,Colombia,South America,Alpha,4,0,3.0,72,32.0,0.1257,0.1661,4.0,0.0,57.59,0.446
2020-12-13,Colombia,South America,Alpha,5,0,4.0,64,30.0,0.1686,0.2065,3.0,0.0,57.59,0.4
2020-12-16,Colombia,South America,Alpha,15,1,14.0,204,135.0,0.1132,0.1704,8.0,0.0,67.34,0.493
2020-12-23,Colombia,South America,Alpha,1,0,0.0,18,8.0,0.1238,0.1661,1.0,0.0,69.82,0.414
2020-12-23,Colombia,South America,Alpha,2,0,1.0,31,14.0,0.1387,0.2182,1.0,0.0,85.85,0.493
2020-12-24,Colombia,South America,Alpha,14,0,13.0,239,112.0,0.1256,0.1726,9.0,0.0,85.85,0.477
2020-12-26,Colombia,South America,Alpha,7,0,6.0,95,49.0,0.1272,0.2295,6.0,0.0,85.85,0.509
2020-12-26,Colombia,South America,Alpha,4,0,3.0,43,24.0,0.1626,0.1428,1.0,0.0,51.1,0.796
2020-12-26,Colombia,South America,Alpha,19,0,18.0,220,190.0,0.1145,0.1746,10.0,0.0,78.72,0.4
2020-12-27,Colombia,South America,Alpha,13,0,12.0,156,130.0,0.102,0.1009,2.0,0.0,65.65,0.504
2021-01-05,Colombia,South America,Alpha,1,0,0.0,15,11.0,0.1066,0.2073,0.0,0.0,78.25,0.4
2021-01-05,Colombia,South America,Alpha,17,1,15.0,198,119.0,0.1468,0.2002,9.0,0.0,78.25,0.675
2021-01-05,Colombia,South America,Alpha,1,0,0.0,16,6.0,0.1688,0.1501,0.0,0.0,78.25,0.5
2021-01-06,Colombia,South America,Alpha,1,0,0.0,14,7.0,0.1345,0.125,0.0,0.0,51.29,0.716
2021-01-07,Colombia,South America,Alpha,6,0,5.0,85,54.0,0.1047,0.1379,3.0,0.0086,54.72,0.571
2021-01-08,Colombia,South America,Alpha,2,0,1.0,34,16.0,0.1069,0.1309,1.0,0.0118,76.77,0.4
2021-01-10,Colombia,South America,Alpha,1,0,0.0,11,10.0,0.1132,0.157,0.0,0.0,70.7,0.493
2021-01-11,Colombia,South America,Alpha,32,1,30.0,408,352.0,0.0796,0.1512,14.0,0.0053,78.92,0.4
2021-01-12,Colombia,South America,Alpha,2,0,1.0,31,12.0,0.176,0.1605,1.0,0.0053,74.7,0.4
2021-01-17,Colombia,South America,Alpha,2,0,1.0,24,18.0,0.0989,0.2221,1.0,0.003,66.44,0.592
2021-01-18,Colombia,South America,Alpha,2,0,1.0,21,12.0,0.1684,0.1039,0.0,0.0153,66.07,0.4
2021-01-21,Colombia,South America,Alpha,1,0,0.0,16,7.0,0.1605,0.1868,0.0,0.014,79.95,0.493
2021-01-23,Colombia,South America,Alpha,1,0,0.0,16,8.0,0.1378,0.1891,1.0,0.014,59.73,0.404
2021-01-24,Colombia,South America,Alpha,1,0,0.0,13,9.0,0.1024,0.1086,0.0,0.0158,58.71,0.7
2021-01-26,Colombia,South America,Alpha,1,0,0.0,15,11.0,0.0862,0.1661,0.0,0.0158,70.08,0.417
2021-01-30,Colombia,South America,Alpha,1,0,0.0,9,11.0,0.1116,0.1481,0.0,0.0106,63.34,0.493
2021-01-31,Colombia,South America,Alpha,1,0,0.0,12,9.0,0.1107,0.1229,0.0,0.0333,64.74,0.482
2021-02-05,Colombia,South America,Alpha,4,0,3.0,43,24.0,0.1579,0.1512,1.0,0.0307,48.04,0.843
2021-02-07,Colombia,South America,Alpha,28,0,26.0,503,168.0,0.1634,0.1311,15.0,0.0333,59.42,0.662
2021-02-10,Colombia,South America,Alpha,2,0,1.0,21,14.0,0.1329,0.2088,0.0,0.0487,68.88,0.4
2021-02-22,Colombia,South America,Alpha,1,0,0.0,9,10.0,0.1164,0.1661,0.0,0.0487,64.13,0.487
2021-03-03,Colombia,South America,Alpha,2,0,1.0,34,20.0,0.0977,0.2189,2.0,0.0618,63.77,0.529
2021-03-06,Colombia,South America,Alpha,12,0,11.0,188,84.0,0.1415,0.1661,7.0,0.0414,49.48,0.866
2021-03-16,Colombia,South America,Alpha,2,0,1.0,20,18.0,0.1192,0.1434,0.0,0.0514,63.27,0.469
2021-03-17,Colombia,South America,Delta,1,0,0.0,15,8.0,0.1166,0.1603,0.0,0.0667,61.82,0.518
2021-03-20,Colombia,South America,Delta,1,0,0.0,16,6.0,0.1682,0.1662,1.0,0.0627,69.48,0.523
2021-03-20,Colombia,South America,Delta,8,0,7.0,87,88.0,0.0933,0.127,2.0,0.0638,58.31,0.92
2021-03-23,Colombia,South America,Delta,16,0,15.0,261,144.0,0.1238,0.1172,5.0,0.076,66.02,0.414
2021-03-24,Colombia,South America,Delta,1,0,0.0,13,9.0,0.1139,0.2411,1.0,0.0673,87.86,0.4
2021-03-26,Colombia,South America,Delta,1,0,0.0,11,11.0,0.1021,0.2386,0.0,0.0608,68.89,0.713
2021-03-29,Colombia,South America,Delta,1,0,0.0,17,6.0,0.163,0.2289,1.0,0.0622,80.43,0.4
2021-04-04,Colombia,South America,Delta,6,0,5.0,98,66.0,0.0778,0.2346,5.0,0.0845,71.62,0.562
2021-04-05,Colombia,South America,Delta,1,0,0.0,9,6.0,0.1762,0.2164,0.0,0.0779,54.67,0.947
2021-04-08,Colombia,South America,Alpha,4,0,3.0,40,40.0,0.1044,0.0941,1.0,0.0737,56.87,0.66
2021-04-08,Colombia,South America,Delta,1,0,0.0,14,8.0,0.1292,0.2431,1.0,0.0847,61.39,0.857
2021-04-12,Colombia,South America,Delta,1,0,0.0,16,11.0,0.0836,0.1617,0.0,0.1016,78.91,0.4
2021-04-13,Colombia,South America,Delta,2,0,1.0,27,16.0,0.114,0.167,0.0,0.0901,65.28,0.572
2021-04-16,Colombia,South America,Alpha,11,0,9.0,175,77.0,0.135,0.1407,5.0,0.1152,66.41,0.404
2021-04-17,Colombia,South America,Delta,1,0,0.0,17,6.0,0.1512,0.1974,0.0,0.0916,83.13,0.4
2021-04-24,Colombia,South America,Delta,2,0,1.0,35,16.0,0.146,0.2128,1.0,0.0974,64.19,0.524
2021-04-28,Colombia,South America,Delta,1,0,0.0,11,11.0,0.1069,0.1532,0.0,0.1033,61.4,0.831
2021-05-03,Colombia,South America,Delta,11,0,10.0,172,66.0,0.1801,0.1419,4.0,0.1131,52.74,0.683
2021-05-03,Colombia,South America,Delta,3,0,2.0,35,30.0,0.0931,0.1722,1.0,0.0957,79.27,0.4
2021-05-04,Colombia,South America,Delta,11,0,10.0,128,110.0,0.107,0.15,5.0,0.1035,67.84,0.422
2021-05-07,Colombia,South America,Delta,11,0,10.0,136,77.0,0.1321,0.1733,6.0,0.1002,61.81,0.57
2021-05-15,Colombia,South America,Delta,65,2,59.0,945,715.0,0.084,0.2007,42.0,0.1114,62.49,0.733
2021-05-16,Colombia,South America,Delta,2,0,1.0,27,16.0,0.1411,0.1605,1.0,0.1059,64.79,0.731
2021-05-26,Colombia,South America,Delta,9,0,8.0,105,63.0,0.1379,0.1743,3.0,0.1236,74.61,0.4
2021-05-27,Colombia,South America,Delta,1,0,0.0,15,6.0,0.1764,0.2012,0.0,0.1376,74.61,0.4
2021-05-28,Colombia,South America,Delta,6,0,5.0,105,66.0,0.1113,0.2012,5.0,0.1116,72.56,0.406
2021-06-02,Colombia,South America,Delta,3,0,2.0,44,18.0,0.1489,0.1483,1.0,0.1475,86.29,0.4
2021-06-03,Colombia,South America,Delta,1,0,0.0,15,10.0,0.0985,0.1831,0.0,0.1272,79.96,0.4
2021-06-04,Colombia,South America,Delta,6,0,5.0,69,42.0,0.1391,0.1924,3.0,0.1405,78.85,0.4
2021-06-15,Colombia,South America,Delta,10,0,9.0,124,110.0,0.0635,0.1369,4.0,0.1314,65.63,0.687
2021-06-17,Colombia,South America,Delta,2,0,1.0,28,16.0,0.1255,0.135,1.0,0.1323,62.15,0.741
2021-06-21,Colombia,South America,Delta,5,0,4.0,72,35.0,0.1363,0.1741,2.0,0.157,77.28,0.462
2021-06-25,Colombia,South America,Delta,4,0,3.0,57,40.0,0.1022,0.2364,2.0,0.1646,84.6,0.4
2021-06-27,Colombia,South America,Delta,3,0,2.0,32,18.0,0.1608,0.1459,1.0,0.1527,72.87,0.581
2021-06-29,Colombia,South America,Delta,2,0,1.0,35,22.0,0.0976,0.2087,1.0,0.1482,72.6,0.4
2021-07-03,Colombia,South America,Delta,1,0,0.0,12,8.0,0.1371,0.1548,0.0,0.1683,67.18,0.708
2021-07-03,Colombia,South America,Delta,1,0,0.0,10,11.0,0.0862,0.1193,0.0,0.1733,62.02,0.47
2021-07-05,Colombia,South America,Delta,12,0,11.0,207,120.0,0.1054,0.2146,10.0,0.1691,71.14,0.4
2021-07-06,Colombia,South America,Delta,21,0,19.0,382,168.0,0.1408,0.19,20.0,0.1764,63.28,0.741
2021-07-08,Colombia,South America,Delta,11,0,10.0,118,110.0,0.0918,0.1187,3.0,0.1651,63.28,0.714
2021-07-12,Colombia,South America,Delta,19,1,17.0,332,171.0,0.1184,0.1672,14.0,0.1699,74.39,0.42
2021-07-13,Colombia,South America,Delta,1,0,0.0,11,9.0,0.1207,0.1089,0.0,0.1749,67.29,0.556
2021-07-14,Colombia,South America,Delta,20,1,18.0,275,140.0,0.1552,0.177,11.0,0.1604,62.36,0.875
2021-07-17,Colombia,South America,Delta,28,0,26.0,327,224.0,0.1095,0.2107,15.0,0.1673,60.3,0.61
2021-07-22,Colombia,South America,Delta,39,1,35.0,442,390.0,0.0822,0.1958,24.0,0.1828,68.69,0.639
2021-07-22,Colombia,South America,Delta,1,0,0.0,12,11.0,0.0917,0.233,1.0,0.1685,79.51,0.425
2021-07-29,Colombia,South America,Delta,1,0,0.0,12,9.0,0.1019,0.1785,0.0,0.1761,79.51,0.638
2021-07-29,Colombia,South America,Delta,4,0,3.0,70,40.0,0.1129,0.1859,2.0,0.1674,73.68,0.589
2021-07-31,Colombia,South America,Delta,6,0,5.0,109,66.0,0.084,0.1722,4.0,0.1854,60.38,0.559
2021-07-31,Colombia,South America,Delta,3,0,2.0,43,18.0,0.1647,0.1618,1.0,0.1692,76.35,0.523
2021-08-01,Colombia,South America,Delta,14,0,13.0,216,140.0,0.1074,0.1223,6.0,0.1816,77.57,0.48
2021-08-02,Colombia,South America,Delta,1,0,0.0,12,6.0,0.1823,0.2075,1.0,0.1895,64.51,0.798
2021-08-03,Colombia,South America,Delta,3,0,2.0,49,21.0,0.1578,0.1158,0.0,0.1788,69.1,0.4
2021-08-03,Colombia,South America,Delta,9,0,8.0,109,99.0,0.1012,0.1016,2.0,0.189,86.63,0.581
2021-08-04,Colombia,South America,Delta,8,0,7.0,96,80.0,0.1148,0.1067,1.0,0.1831,48.42,0.843
2021-08-09,Colombia,South America,Delta,21,0,19.0,289,189.0,0.1096,0.1032,7.0,0.194,44.85,0.963
2021-08-10,Colombia,South America,Delta,1,0,0.0,15,9.0,0.1208,0.2187,0.0,0.205,45.87,0.862
2021-08-11,Colombia,South America,Delta,4,0,3.0,70,28.0,0.1522,0.1804,2.0,0.1952,45.87,1.021
2021-08-20,Colombia,South America,Delta,29,1,27.0,522,319.0,0.0762,0.2039,28.0,0.1928,45.87,0.831
2021-08-21,Colombia,South America,Delta,1,0,0.0,17,9.0,0.1142,0.1722,0.0,0.2039,41.26,1.186
2021-08-22,Colombia,South America,Delta,3,0,2.0,51,30.0,0.1037,0.2231,2.0,0.2027,40.73,0.793
2021-09-02,Colombia,South America,Delta,2,0,1.0,29,16.0,0.1233,0.1722,0.0,0.2019,71.79,0.604
2021-09-02,Colombia,South America,Delta,1,0,0.0,10,7.0,0.1682,0.1722,0.0,0.2145,73.69,0.462
2021-09-08,Colombia,South America,Delta,5,0,4.0,60,35.0,0.1474,0.1002,1.0,0.2432,47.9,0.978
2021-09-19,Colombia,South America,Delta,17,0,16.0,231,170.0,0.1013,0.1722,7.0,0.2229,66.29,0.581
2021-09-23,Colombia,South America,Delta,12,0,11.0,169,120.0,0.1028,0.1617,8.0,0.2301,57.37,0.877
2021-09-24,Colombia,South America,Delta,1,0,0.0,10,6.0,0.1644,0.1394,0.0,0.2296,44.07,0.695
2021-09-30,Colombia,South America,Delta,9,0,8.0,137,72.0,0.1264,0.2067,7.0,0.2411,47.33,0.707
2021-09-30,Colombia,South America,Delta,2,0,1.0,22,18.0,0.1151,0.1722,0.0,0.2303,64.2,0.777
2021-10-01,Colombia,South America,Delta,2,0,1.0,32,18.0,0.1361,0.1148,0.0,0.2492,40.68,1.291
2021-10-01,Colombia,South America,Delta,6,0,5.0,99,36.0,0.1712,0.2149,4.0,0.2429,52.47,0.91
2021-10-02,Colombia,South America,Delta,2,0,1.0,35,16.0,0.1204,0.1283,0.0,0.2476,48.92,1.066
2021-10-09,Colombia,South America,Omicron,7,0,6.0,73,56.0,0.1138,0.1028,2.0,0.2471,70.8,0.835
2021-10-14,Colombia,South America,Omicron,10,0,9.0,127,70.0,0.1382,0.0561,1.0,0.2563,69.5,0.737
2021-10-17,Colombia,South America,Omicron,3,0,2.0,33,24.0,0.1293,0.1008,0.0,0.2585,69.6,0.597
2021-10-20,Colombia,South America,Delta,7,0,6.0,76,42.0,0.1502,0.1722,3.0,0.2717,70.2,0.43
2021-10-26,Colombia,South America,Omicron,1,0,0.0,15,9.0,0.1391,0.0847,0.0,0.2523,70.2,0.862
2021-11-05,Colombia,South America,Delta,9,0,8.0,91,99.0,0.0777,0.1038,1.0,0.2852,46.26,1.115
2021-11-13,Colombia,South America,Omicron,11,0,10.0,169,99.0,0.1043,0.0583,1.0,0.2908,46.26,1.743
2021-11-15,Colombia,South America,Omicron,17,0,16.0,268,153.0,0.1003,0.0607,4.0,0.2769,43.53,1.328
2021-11-16,Colombia,South America,Omicron,2,0,1.0,27,14.0,0.1502,0.0884,0.0,0.2716,52.57,1.433
2021-11-18,Colombia,South America,Omicron,2,0,1.0,26,20.0,0.1021,0.0447,0.0,0.2966,48.11,1.034
2021-11-21,Colombia,South America,Omicron,5,0,4.0,66,40.0,0.107,0.0933,1.0,0.2987,50.82,1.457
2021-11-29,Colombia,South America,Omicron,6,0,5.0,78,42.0,0.148,0.0706,1.0,0.275,27.48,1.397
2021-11-30,Colombia,South America,Omicron,2,0,1.0,27,20.0,0.0911,0.0757,0.0,0.3005,25.48,1.422
2021-12-04,Colombia,South America,Omicron,11,0,10.0,140,110.0,0.1266,0.0685,2.0,0.2974,32.06,1.628
2021-12-07,Colombia,South America,Omicron,1,0,0.0,11,11.0,0.0899,0.0835,0.0,0.2977,39.83,1.815
2021-12-08,Colombia,South America,Omicron,9,0,8.0,113,72.0,0.1392,0.0628,1.0,0.2911,23.72,2.094
2021-12-10,Colombia,South America,Omicron,5,0,4.0,62,35.0,0.129,0.0793,0.0,0.2799,50.31,1.2415
2021-12-16,Colombia,South America,Omicron,2,0,1.0,31,14.0,0.1364,0.0637,0.0,0.3276,50.31,1.233
2021-12-17,Colombia,South America,Omicron,15,0,14.0,199,120.0,0.1191,0.0483,2.0,0.3198,41.47,1.751
2021-12-19,Colombia,South America,Omicron,11,0,10.0,112,88.0,0.1193,0.0629,2.0,0.2999,26.48,1.26
2021-12-20,Colombia,South America,Omicron,3,0,2.0,40,21.0,0.1597,0.0712,0.0,0.3033,32.13,1.062
2021-12-23,Colombia,South America,Omicron,106,1,99.0,1526,1166.0,0.0928,0.0657,22.0,0.3265,42.6,1.397
2021-12-29,Colombia,South America,Omicron,12,0,11.0,180,132.0,0.0917,0.0685,3.0,0.3177,27.13,1.724
2022-01-01,Colombia,South America,Omicron,15,0,14.0,148,105.0,0.1427,0.0448,1.0,0.3274,32.74,1.397
2022-01-02,Colombia,South America,Omicron,4,0,3.0,51,36.0,0.1094,0.0949,1.0,0.3262,51.47,1.43
2022-01-03,Colombia,South America,Omicron,6,0,5.0,81,54.0,0.1035,0.0436,1.0,0.3411,30.17,1.051
2022-01-03,Colombia,South America,Omicron,6,0,5.0,98,36.0,0.1724,0.0685,1.0,0.3265,26.85,2.178
2022-01-03,Colombia,South America,Omicron,15,0,14.0,255,120.0,0.1116,0.0773,4.0,0.327,31.71,1.061
2022-01-06,Colombia,South America,Omicron,7,0,6.0,111,42.0,0.1712,0.0499,1.0,0.3251,48.9,0.925
2022-01-08,Colombia,South America,Omicron,4,0,3.0,48,32.0,0.1262,0.0452,0.0,0.3282,48.12,1.145
2022-01-10,Colombia,South America,Omicron,8,0,7.0,105,80.0,0.0967,0.0685,2.0,0.3302,25.53,2.002
2022-01-10,Colombia,South America,Omicron,6,0,5.0,61,60.0,0.0888,0.0685,1.0,0.3215,34.92,0.987
2022-01-17,Colombia,South America,Omicron,1,0,0.0,16,10.0,0.0857,0.0902,0.0,0.3546,51.38,1.282
2022-01-21,Colombia,South America,Omicron,1,0,0.0,10,7.0,0.1311,0.0484,0.0,0.3485,57.66,1.144
2022-01-21,Colombia,South America,Omicron,7,0,6.0,106,42.0,0.1517,0.0452,0.0,0.3354,22.31,2.295
2022-01-24,Colombia,South America,Omicron,16,0,14.0,288,176.0,0.0934,0.0436,2.0,0.3614,47.48,0.959
2022-01-24,Colombia,South America,Omicron,1,0,0.0,10,10.0,0.0973,0.0525,0.0,0.3293,43.48,1.488
2022-01-28,Colombia,South America,Omicron,2,0,1.0,25,20.0,0.1168,0.0837,0.0,0.3614,51.36,1.2415
2022-02-02,Colombia,South America,Omicron BA.2,16,0,14.0,179,112.0,0.1329,0.0692,2.0,0.357,42.15,1.183
2022-02-03,Colombia,South America,Omicron BA.2,5,0,4.0,69,35.0,0.1158,0.0715,1.0,0.3608,42.15,1.213
2022-02-07,Colombia,South America,Omicron,1,0,0.0,11,9.0,0.0933,0.0685,0.0,0.3656,41.65,1.666
2022-02-11,Colombia,South America,Omicron BA.2,1,0,0.0,10,7.0,0.1368,0.0669,0.0,0.3557,33.66,1.475
2022-02-11,Colombia,South America,Omicron,1,0,0.0,17,10.0,0.0948,0.0423,0.0,0.3722,38.39,0.948
2022-02-14,Colombia,South America,Omicron BA.2,5,0,4.0,87,50.0,0.0898,0.0657,1.0,0.3746,45.54,1.573
2022-02-17,Colombia,South America,Omicron BA.2,3,0,2.0,44,24.0,0.1228,0.0847,0.0,0.3628,46.39,1.672
2022-02-17,Colombia,South America,Omicron,14,0,12.0,193,112.0,0.1393,0.0838,3.0,0.3683,26.36,1.958
2022-02-18,Colombia,South America,Omicron,12,0,11.0,192,108.0,0.1156,0.0602,3.0,0.3719,24.69,1.381
2022-02-19,Colombia,South America,Omicron BA.2,35,0,33.0,430,350.0,0.1042,0.0541,5.0,0.3714,57.04,1.01
2022-02-19,Colombia,South America,Omicron BA.2,3,0,2.0,31,33.0,0.1058,0.0436,0.0,0.3673,32.53,1.852
2022-02-19,Colombia,South America,Omicron BA.2,17,0,15.0,307,153.0,0.1069,0.0803,7.0,0.3584,56.61,1.489
2022-02-20,Colombia,South America,Omicron,5,0,4.0,72,35.0,0.1458,0.0463,0.0,0.3832,33.39,1.2415
2022-02-25,Colombia,South America,Omicron BA.2,18,0,17.0,226,108.0,0.1832,0.0653,4.0,0.3888,50.89,1.534
2022-02-26,Colombia,South America,Omicron,1,0,0.0,16,10.0,0.0832,0.0815,0.0,0.3749,44.76,0.927
2022-02-26,Colombia,South America,Omicron BA.2,58,1,54.0,842,406.0,0.1642,0.0831,17.0,0.3761,38.79,1.101
2022-03-02,Colombia,South America,Omicron,1,0,1.0,14,6.0,0.1818,0.0558,0.0,0.3762,50.53,1.231
2022-03-04,Colombia,South America,Omicron BA.2,3,0,2.0,38,24.0,0.1237,0.0743,0.0,0.3909,35.53,1.361
2022-03-05,Colombia,South America,Omicron,4,0,4.0,67,40.0,0.1032,0.0741,1.0,0.3842,53.38,1.2415
2022-03-05,Colombia,South America,Omicron BA.2,29,0,27.0,345,232.0,0.1145,0.0717,6.0,0.384,53.38,1.657
2022-03-08,Colombia,South America,Omicron BA.2,15,0,14.0,210,135.0,0.1139,0.0808,4.0,0.3648,42.67,1.606
2022-03-09,Colombia,South America,Omicron BA.2,2,0,1.0,29,22.0,0.0917,0.0483,0.0,0.3728,42.67,1.747
2022-03-12,Colombia,South America,Omicron,4,0,4.0,51,28.0,0.1351,0.0553,1.0,0.3919,18.55,2.074
2022-03-12,Colombia,South America,Omicron,1,0,0.0,12,11.0,0.079,0.0715,0.0,0.3826,18.55,1.938
2022-03-12,Colombia,South America,Omicron BA.2,6,0,5.0,83,42.0,0.146,0.0405,0.0,0.3902,12.46,2.488
2022-03-13,Colombia,South America,Omicron BA.2,1,0,1.0,14,7.0,0.1396,0.0505,0.0,0.3884,36.54,1.493
2022-03-16,Colombia,South America,Omicron BA.2,3,0,2.0,39,21.0,0.1599,0.0367,0.0,0.401,34.73,1.468
2022-03-23,Colombia,South America,Omicron BA.2,3,0,3.0,51,33.0,0.0879,0.0505,1.0,0.3914,34.73,2.403
2022-03-23,Colombia,South America,Omicron BA.2,1,0,0.0,16,6.0,0.1508,0.0749,0.0,0.3955,40.93,1.709
2022-03-27,Colombia,South America,Omicron BA.2,2,0,1.0,23,14.0,0.1483,0.0505,0.0,0.3858,32.92,1.514
2022-03-28,Colombia,South America,Omicron BA.2,2,0,1.0,26,18.0,0.0947,0.051,0.0,0.4187,18.34,2.383
2022-03-29,Colombia,South America,Omicron BA.2,1,0,0.0,14,11.0,0.0847,0.0456,0.0,0.3941,33.18,1.645
2022-04-04,Colombia,South America,Omicron BA.2,1,0,1.0,14,11.0,0.0916,0.0724,0.0,0.4141,29.08,1.594
2022-04-08,Colombia,South America,Omicron BA.2,1,0,0.0,17,7.0,0.1413,0.0658,0.0,0.4097,11.14,1.814
2022-04-10,Colombia,South America,Omicron BA.2,3,0,2.0,35,21.0,0.1317,0.0727,0.0,0.4046,30.29,1.303
2022-04-11,Colombia,South America,Omicron BA.2,285,3,269.0,4458,3135.0,0.0938,0.042,55.0,0.4114,32.94,1.454
2022-04-12,Colombia,South America,Omicron BA.2,2,0,1.0,35,16.0,0.1112,0.0641,0.0,0.4067,38.34,1.542
2022-04-13,Colombia,South America,Omicron BA.2,1,0,0.0,14,11.0,0.0911,0.0756,0.0,0.4228,15.48,1.839
2022-04-17,Colombia,South America,Omicron BA.2,2,0,1.0,33,22.0,0.0711,0.0393,0.0,0.422,20.52,1.923
2022-04-23,Colombia,South America,Omicron BA.2,6,0,6.0,78,54.0,0.1113,0.0676,1.0,0.4187,37.37,1.645
2022-04-23,Colombia,South America,Omicron BA.2,2,0,1.0,25,14.0,0.1363,0.0755,0.0,0.4271,30.8,2.123
2022-04-27,Colombia,South America,Omicron BA.2,49,0,47.0,675,441.0,0.1216,0.054,10.0,0.4224,32.84,1.645
2022-04-28,Colombia,South America,Omicron BA.2,6,0,6.0,79,42.0,0.1365,0.0733,1.0,0.4405,29.59,1.864
2022-04-29,Colombia,South America,Omicron BA.2,10,0,10.0,120,90.0,0.1089,0.0534,1.0,0.4391,36.82,1.639
2022-05-03,Colombia,South America,Omicron BA.2,49,1,46.0,860,539.0,0.0894,0.0413,8.0,0.4353,16.28,1.715
2022-05-10,Colombia,South America,Omicron BA.2,4,0,4.0,40,24.0,0.1653,0.0571,0.0,0.4521,12.34,2.405
2022-05-10,Colombia,South America,Omicron BA.2,2,0,1.0,36,20.0,0.0832,0.0429,0.0,0.4618,20.24,1.393
2022-05-15,Colombia,South America,Omicron BA.2,44,0,42.0,59,44.0,0.1031,0.0677,1.0,0.4447,20.78,1.645
2022-05-17,Colombia,South America,Omicron BA.2,3,0,3.0,48,21.0,0.1387,0.0505,0.0,0.4503,34.82,1.324
2022-05-18,Colombia,South America,Omicron BA.2,26,0,24.0,460,156.0,0.1601,0.0648,7.0,0.4431,34.82,2.132
2022-05-19,Colombia,South America,Omicron BA.2,1,0,0.0,17,10.0,0.0997,0.0578,0.0,0.45,39.23,1.036
2022-05-21,Colombia,South America,Omicron BA.2,49,0,46.0,723,343.0,0.1368,0.0686,13.0,0.4368,16.15,2.298
2022-05-22,Colombia,South America,Omicron BA.2,3,0,2.0,50,30.0,0.0787,0.0688,1.0,0.4551,12.68,1.562
2022-05-22,Colombia,South America,Omicron BA.2,36,0,34.0,597,216.0,0.1712,0.0698,9.0,0.4439,21.87,1.385
2022-05-22,Colombia,South America,Omicron BA.2,4,0,4.0,69,28.0,0.1376,0.0707,1.0,0.4535,25.55,2.372
2022-05-22,Colombia,South America,Omicron BA.2,7,0,7.0,123,77.0,0.0753,0.0736,2.0,0.4472,22.76,1.52
2022-05-23,Colombia,South America,Omicron BA.2,21,0,20.0,236,231.0,0.0779,0.0417,2.0,0.4592,37.53,1.867
2022-05-26,Colombia,South America,Omicron BA.2,294,2,280.0,3177,2352.0,0.984625941,0.0761,39.0,0.4589,35.19,2.143
2022-05-27,Colombia,South America,Omicron BA.2,10,0,10.0,129,60.0,0.1673,0.0617,1.0,0.4649,20.13,1.395
2022-05-28,Colombia,South America,Omicron BA.2,2,0,1.0,27,22.0,0.0813,0.0455,0.0,0.46,25.53,1.68
2022-05-29,Colombia,South America,Omicron BA.2,2,0,2.0,27,22.0,0.0946,0.0528,0.0,0.4521,29.07,1.982
2022-05-30,Colombia,South America,Omicron BA.2,2,0,2.0,32,16.0,0.1414,0.0353,0.0,0.4681,31.16,1.645
2022-06-07,Colombia,South America,Omicron BA.2,6,0,5.0,87,60.0,0.1044,0.0618,1.0,0.4408,29.08,1.912
2022-06-08,Colombia,South America,Omicron BA.2,11,0,11.0,136,66.0,0.1524,0.0568,1.0,0.4587,6.66,2.346
2022-06-10,Colombia,South America,Omicron BA.2,36,0,34.0,366,396.0,0.0914,0.0337,2.0,0.4508,13.85,2.105
2022-06-11,Colombia,South America,Omicron BA.2,8,0,7.0,86,48.0,0.1593,0.0723,1.0,0.4863,33.63,2.022
2022-06-11,Colombia,South America,Omicron BA.2,3,0,2.0,31,24.0,0.1007,0.0505,0.0,0.4517,15.73,2.794
2022-06-12,Colombia,South America,Omicron BA.2,21,0,20.0,362,189.0,0.0937,0.0415,4.0,0.472,15.32,2.26
2022-06-12,Colombia,South America,Omicron BA.2,4,0,3.0,71,24.0,0.1654,0.0505,1.0,0.4782,15.32,1.827
2022-06-15,Colombia,South America,Omicron BA.2,14,0,13.0,239,140.0,0.1064,0.0341,1.0,0.4765,33.86,1.362
2022-06-18,Colombia,South America,Omicron BA.2,11,0,10.0,118,66.0,0.1741,0.0634,1.0,0.4831,38.15,1.391
2022-06-25,Colombia,South America,Omicron BA.2,1,0,0.0,10,7.0,0.1496,0.0505,0.0,0.4892,38.15,2.113
2022-06-28,Colombia,South America,Omicron BA.2,42,0,39.0,524,378.0,0.0958,0.0579,6.0,0.4645,22.13,2.301
2022-06-29,Colombia,South America,Omicron BA.2,1,0,1.0,14,6.0,0.1624,0.0529,0.0,0.471,41.82,1.108
2022-07-03,Colombia,South America,Omicron BA.2,6,0,6.0,66,48.0,0.0989,0.0529,0.0,0.4884,13.44,1.571
2022-07-03,Colombia,South America,Omicron BA.2,4,0,3.0,52,32.0,0.1059,0.0467,0.0,0.4968,37.11,1.501
2022-07-07,Colombia,South America,Omicron BA.2,4,0,3.0,46,40.0,0.1018,0.0747,0.0,0.4803,29.25,1.637
2022-07-08,Colombia,South America,Omicron BA.2,32,0,31.0,557,256.0,0.1127,0.0323,4.0,0.5017,30.88,1.615
2022-07-13,Colombia,South America,Omicron BA.2,3,0,2.0,48,33.0,0.0878,0.0494,0.0,0.499,26.14,1.632
2022-07-13,Colombia,South America,Omicron BA.2,2,0,1.0,23,18.0,0.1082,0.0657,0.0,0.5007,21.46,1.763
2022-07-13,Colombia,South America,Omicron BA.2,3,0,2.0,41,18.0,0.1752,0.0391,0.0,0.4842,32.8,1.924
2022-07-15,Colombia,South America,Omicron BA.2,8,0,7.0,109,48.0,0.1721,0.0426,0.0,0.5165,29.21,2.145
2022-07-15,Colombia,South America,Omicron BA.2,8,0,7.0,124,64.0,0.112,0.0586,1.0,0.5027,31.26,1.645
2022-07-16,Colombia,South America,Omicron BA.2,7,0,6.0,86,77.0,0.0821,0.0422,0.0,0.5161,34.71,1.842
2022-07-19,Colombia,South America,Omicron BA.2,5,0,4.0,83,35.0,0.1405,0.0682,1.0,0.509,37.0,1.645
2022-07-21,Colombia,South America,Omicron BA.2,2,0,1.0,26,12.0,0.1688,0.0473,0.0,0.5174,15.42,1.645
2022-07-22,Colombia,South America,Omicron BA.2,17,0,16.0,303,119.0,0.1407,0.0406,3.0,0.4934,34.32,1.369
2022-07-25,Colombia,South America,Omicron BA.2,11,0,11.0,130,121.0,0.0872,0.0711,2.0,0.5051,34.32,1.56
2022-07-26,Colombia,South America,Omicron BA.2,1,0,1.0,12,9.0,0.1086,0.0604,0.0,0.5042,26.88,1.645
2022-08-03,Colombia,South America,Omicron BA.2,1,0,0.0,10,7.0,0.1464,0.0692,0.0,0.5161,28.43,1.289
2022-08-04,Colombia,South America,Omicron BA.2,41,0,39.0,543,287.0,0.1358,0.0471,6.0,0.5275,11.44,2.115
2022-08-05,Colombia,South America,Omicron BA.2,4,0,3.0,52,40.0,0.1088,0.0677,0.0,0.5299,13.22,2.508
2022-08-05,Colombia,South America,Omicron BA.2,1,0,0.0,12,8.0,0.1315,0.0575,0.0,0.5138,13.22,1.514
2022-08-06,Colombia,South America,Omicron BA.2,9,0,9.0,145,81.0,0.1021,0.0505,1.0,0.5224,40.66,1.517
2022-08-09,Colombia,South America,Omicron BA.2,2,0,1.0,30,12.0,0.1584,0.0588,0.0,0.5154,11.39,2.052
2022-08-13,Colombia,South America,Omicron BA.2,3,0,3.0,46,33.0,0.0944,0.0306,0.0,0.5409,42.07,0.944
2022-08-14,Colombia,South America,Omicron BA.2,1,0,1.0,15,11.0,0.1012,0.0399,0.0,0.5286,37.28,1.801
2022-08-15,Colombia,South America,Omicron BA.2,5,0,4.0,75,50.0,0.11,0.0439,0.0,0.515,32.38,1.34
2022-08-18,Colombia,South America,Omicron BA.2,2,0,1.0,22,22.0,0.0933,0.0475,0.0,0.5443,9.81,1.838
2022-08-20,Colombia,South America,Omicron BA.2,1,0,0.0,15,7.0,0.1287,0.0516,0.0,0.5429,25.24,1.673
2022-08-20,Colombia,South America,Omicron BA.2,4,0,4.0,43,32.0,0.137,0.0353,0.0,0.5469,26.31,1.469
2022-08-20,Colombia,South America,Omicron BA.2,8,0,7.0,108,48.0,0.1787,0.0492,1.0,0.5275,38.25,1.952
2022-08-22,Colombia,South America,Omicron BA.2,14,0,13.0,243,140.0,0.0924,0.0435,2.0,0.5332,20.57,2.003
2022-08-26,Colombia,South America,Omicron BA.2,2,0,1.0,24,22.0,0.0838,0.0453,0.0,0.542,27.73,1.455
2022-08-30,Colombia,South America,Omicron BA.2,4,0,3.0,69,44.0,0.1151,0.0359,0.0,0.533,24.85,1.645
2022-08-30,Colombia,South America,Omicron BA.2,6,0,6.0,63,66.0,0.1167,0.0434,0.0,0.5428,34.02,1.689
2022-08-31,Colombia,South America,Omicron BA.2,1,0,0.0,14,8.0,0.1302,0.0356,0.0,0.5514,20.94,2.346
2022-08-31,Colombia,South America,Omicron BA.2,4,0,3.0,44,28.0,0.1304,0.0345,0.0,0.5407,11.21,1.645
2022-09-05,Colombia,South America,Omicron BA.2,11,0,11.0,121,77.0,0.1525,0.0512,1.0,0.5386,40.32,1.645
2022-09-05,Colombia,South America,Omicron BA.2,9,0,8.0,136,63.0,0.1408,0.0429,1.0,0.5467,20.91,1.351
2022-09-06,Colombia,South America,Omicron BA.2,40,0,38.0,637,320.0,0.1289,0.039,6.0,0.542,28.37,1.303
2022-09-13,Colombia,South America,Omicron BA.2,1,0,0.0,16,8.0,0.1169,0.0476,0.0,0.5525,25.63,1.285
2022-09-15,Colombia,South America,Omicron BA.2,5,0,5.0,58,40.0,0.1128,0.0455,0.0,0.5493,36.91,1.282
2022-09-17,Colombia,South America,Omicron BA.2,5,0,5.0,86,45.0,0.1149,0.0505,1.0,0.5462,31.4,1.421
2022-09-19,Colombia,South America,Omicron BA.2,1,0,0.0,10,8.0,0.1188,0.0672,0.0,0.5367,22.63,1.573
2022-09-25,Colombia,South America,Omicron BA.2,30,0,28.0,348,180.0,0.1872,0.058,4.0,0.5618,22.63,1.645
2022-09-27,Colombia,South America,Omicron BA.2,7,0,6.0,108,70.0,0.094,0.0437,1.0,0.5823,33.5,1.322
2022-09-29,Colombia,South America,Omicron BA.2,2,0,1.0,21,12.0,0.1551,0.0454,0.0,0.5745,31.06,1.473
2022-09-30,Colombia,South America,Omicron BA.2,68,1,64.0,1186,408.0,0.1659,0.0546,19.0,0.5542,24.06,1.823
2022-10-02,Colombia,South America,Omicron BA.2,10,0,9.0,116,100.0,0.0961,0.066,2.0,0.5796,15.3,2.61
2022-10-05,Colombia,South America,Omicron BA.2,1,0,0.0,12,7.0,0.153,0.0505,0.0,0.5707,43.57,1.686
2022-10-07,Colombia,South America,Omicron BA.2,1,0,0.0,11,7.0,0.1353,0.0658,0.0,0.5931,25.4,1.282
2022-10-08,Colombia,South America,Omicron BA.2,5,0,5.0,80,50.0,0.1142,0.0352,1.0,0.5826,34.3,1.645
2022-10-09,Colombia,South America,Omicron BA.2,49,0,47.0,823,539.0,0.0935,0.0478,8.0,0.5838,23.74,1.475
2022-10-10,Colombia,South America,Omicron BA.2,1,0,0.0,12,6.0,0.1731,0.0317,0.0,0.568,27.92,1.31
2022-10-10,Colombia,South America,Omicron BA.2,2,0,2.0,20,16.0,0.1341,0.0475,0.0,0.5754,12.17,2.277
2022-10-11,Colombia,South America,Omicron BA.2,12,0,11.0,209,132.0,0.0886,0.0495,1.0,0.5776,33.96,2.009
2022-10-13,Colombia,South America,Omicron BA.2,4,0,3.0,70,32.0,0.1357,0.0505,0.0,0.5721,26.42,2.186
2022-10-16,Colombia,South America,Omicron BA.2,8,0,8.0,83,56.0,0.1358,0.0464,0.0,0.5695,39.53,1.856
2022-10-17,Colombia,South America,Omicron BA.2,6,0,6.0,65,36.0,0.169,0.0412,1.0,0.5829,35.69,1.455
2022-10-18,Colombia,South America,Omicron BA.2,59,0,56.0,612,354.0,0.1736,0.0505,8.0,0.5697,46.95,0.926
2022-10-20,Colombia,South America,Omicron BA.2,1,0,1.0,10,9.0,0.1012,0.034,0.0,0.5923,19.89,2.16
2022-10-24,Colombia,South America,Omicron BA.2,6,0,5.0,85,42.0,0.1554,0.0333,0.0,0.5941,14.05,1.748
2022-10-27,Colombia,South America,Omicron BA.2,2,0,2.0,35,16.0,0.1183,0.046,0.0,0.6106,10.6,2.544
2022-10-27,Colombia,South America,Omicron BA.2,8,0,7.0,129,72.0,0.1136,0.0644,2.0,0.5936,29.36,2.169
2022-10-27,Colombia,South America,Omicron BA.2,9,0,8.0,134,81.0,0.1194,0.0426,1.0,0.5954,28.67,2.033
2022-10-31,Colombia,South America,Omicron BA.2,2,0,1.0,34,14.0,0.1451,0.0442,0.0,0.5965,31.41,1.32
2022-10-31,Colombia,South America,Omicron BA.2,5,0,5.0,62,50.0,0.0941,0.0428,1.0,0.613,31.59,1.164
2022-11-01,Colombia,South America,Omicron BA.2,33,0,31.0,415,363.0,0.0866,0.0634,5.0,0.601,12.93,1.433
2022-11-02,Colombia,South America,Omicron BA.2,11,0,10.0,127,99.0,0.1132,0.0429,1.0,0.6069,39.3,1.645
2022-11-04,Colombia,South America,Omicron BA.2,2,0,1.0,28,20.0,0.0982,0.0597,0.0,0.6106,41.08,1.645
2022-11-04,Colombia,South America,Omicron BA.2,4,0,3.0,44,44.0,0.095,0.0589,1.0,0.6036,37.31,1.718
2022-11-06,Colombia,South America,Omicron BA.2,2,0,2.0,26,20.0,0.1034,0.0419,0.0,0.609,31.79,1.714
2022-11-06,Colombia,South America,Omicron BA.2,4,0,3.0,41,36.0,0.1125,0.0303,0.0,0.6223,31.97,1.825
2022-11-08,Colombia,South America,Omicron BA.2,3,0,2.0,51,18.0,0.1571,0.0312,0.0,0.6162,37.56,1.611
2022-11-11,Colombia,South America,Omicron BA.2,8,0,8.0,86,56.0,0.1452,0.0505,0.0,0.6095,18.3,2.137
2022-11-11,Colombia,South America,Omicron BA.2,13,0,12.0,158,78.0,0.1737,0.0403,1.0,0.6182,37.0,1.549
2022-11-12,Colombia,South America,Omicron BA.2,146,1,138.0,1973,1606.0,0.0862,0.0497,22.0,0.5979,29.24,1.757
2022-11-12,Colombia,South America,Omicron BA.2,1,0,0.0,12,11.0,0.0801,0.0545,0.0,0.5976,26.19,2.142
2022-11-13,Colombia,South America,Omicron BA.2,3,0,2.0,44,18.0,0.1558,0.0387,0.0,0.6224,22.63,1.437
2022-11-18,Colombia,South America,Omicron BA.2,1,0,1.0,16,11.0,0.0791,0.0502,0.0,0.6066,10.36,2.422
2022-11-19,Colombia,South America,Omicron BA.2,81,0,77.0,886,729.0,0.1049,0.055,11.0,0.6193,24.24,1.645
2022-11-21,Colombia,South America,Omicron BA.2,1,0,1.0,10,11.0,0.0975,0.0544,0.0,0.6086,17.88,1.689
2022-11-23,Colombia,South America,Omicron BA.2,1,0,0.0,16,10.0,0.1074,0.0312,0.0,0.6239,31.97,1.941
2022-11-26,Colombia,South America,Omicron BA.2,3,0,2.0,44,24.0,0.1179,0.0373,0.0,0.6354,19.91,1.776
2022-11-26,Colombia,South America,Omicron BA.2,2,0,1.0,34,22.0,0.0774,0.0282,0.0,0.633,19.58,2.104
2022-11-30,Colombia,South America,Omicron BA.2,7,0,6.0,73,63.0,0.1037,0.0617,1.0,0.6197,12.2,1.923
2022-12-03,Colombia,South America,Omicron BA.2,3,0,2.0,53,24.0,0.1373,0.0421,0.0,0.6416,23.95,1.893
2022-12-03,Colombia,South America,Omicron BA.2,1,0,1.0,13,6.0,0.1735,0.0486,0.0,0.6126,24.08,2.301
2022-12-05,Colombia,South America,Omicron BA.2,4,0,4.0,60,40.0,0.1019,0.0505,1.0,0.6128,32.84,1.882
2022-12-06,Colombia,South America,Omicron BA.2,15,0,14.0,211,150.0,0.0907,0.043,2.0,0.617,27.37,1.387
2022-12-06,Colombia,South America,Omicron BA.2,7,0,7.0,72,63.0,0.1154,0.0297,0.0,0.6189,18.29,1.712
2022-12-08,Colombia,South America,Omicron BA.2,4,0,4.0,47,24.0,0.1832,0.0277,0.0,0.6302,19.43,1.411
2022-12-11,Colombia,South America,Omicron BA.2,3,0,2.0,49,24.0,0.1325,0.0355,0.0,0.6163,39.36,1.055
2022-12-16,Colombia,South America,Omicron BA.2,36,0,34.0,551,252.0,0.1461,0.0395,5.0,0.6374,24.84,1.785
2022-12-27,Colombia,South America,Omicron BA.2,12,0,11.0,128,72.0,0.1661,0.0454,1.0,0.653,24.62,2.065
2022-12-30,Colombia,South America,Omicron BA.2,2,0,2.0,22,22.0,0.1067,0.0341,0.0,0.6381,18.0,1.253
2022-12-31,Colombia,South America,Omicron BA.2,2,0,1.0,24,12.0,0.1743,0.0412,0.0,0.6725,38.54,1.412
2020-01-23,France,Europe,Original,4,0,3.0,64,96.0,0.0395,0.1015,1.0,0.0,9.84,0.791
2020-01-25,France,Europe,Original,1,0,0.0,10,20.0,0.0471,0.1043,0.0,0.0,6.97,0.753
2020-01-28,France,Europe,Original,1,0,0.0,17,40.0,0.060450000000000004,0.1141,0.0,0.0,16.66,1.072
2020-01-29,France,Europe,Original,50,1,46.0,828,1200.0,0.0282,0.1872,34.0,0.0,9.36,0.428
2020-01-29,France,Europe,Original,1,0,0.0,12,40.0,0.060450000000000004,0.1837,0.0,0.0,12.12,0.628
2020-01-30,France,Europe,Original,1,0,0.0,15,16.0,0.0682,0.206,0.0,0.0,16.34,0.754
2020-02-04,France,Europe,Original,2,0,1.0,23,40.0,0.060450000000000004,0.1714,0.0,0.0,19.39,0.986
2020-02-04,France,Europe,Original,1,0,0.0,16,20.0,0.0598,0.1151,0.0,0.0,2.7,1.056
2020-02-08,France,Europe,Original,2,0,1.0,25,40.0,0.060450000000000004,0.1048,0.0,0.0,13.31,1.157
2020-02-08,France,Europe,Original,3,0,2.0,54,40.0,0.060450000000000004,0.1551,2.0,0.0,11.5,1.176
2020-02-08,France,Europe,Original,4,0,3.0,53,60.0,0.0655,0.1334,1.0,0.0,7.08,1.263
2020-02-10,France,Europe,Original,5,0,4.0,71,105.0,0.0319,0.1324,2.0,0.0,7.08,0.719
2020-02-12,France,Europe,Original,1,0,0.0,13,40.0,0.060450000000000004,0.1068,0.0,0.0,7.08,1.195
2020-02-20,France,Europe,Original,2,0,1.0,34,40.0,0.060450000000000004,0.1171,0.0,0.0,7.08,1.022
2020-02-20,France,Europe,Original,1,0,0.0,10,14.0,0.06,0.1668,0.0,0.0,12.04,0.851
2020-02-21,France,Europe,Original,1,0,0.0,17,40.0,0.060450000000000004,0.1127,0.0,0.0,90.39,0.4
2020-02-23,France,Europe,Original,4,0,3.0,71,40.0,0.060450000000000004,0.109,1.0,0.0,72.13,0.4
2020-02-29,France,Europe,Original,2,0,1.0,33,46.0,0.930252111,0.15155000000000002,1.0,0.0,91.58,0.4
2020-03-02,France,Europe,Original,1,0,0.0,10,40.0,0.060450000000000004,0.2043,0.0,0.0,69.66,0.4
2020-03-05,France,Europe,Original,1,0,0.0,11,40.0,0.907604097,0.1989,0.0,0.0,76.03,0.4
2020-03-06,France,Europe,Original,3,0,2.0,54,51.0,0.0461,0.1534,1.0,0.0,64.94,0.428
2020-03-07,France,Europe,Original,8,0,7.0,132,96.0,0.063,0.0988,3.0,0.0,87.73,0.4
2020-03-09,France,Europe,Original,50,1,47.0,855,40.0,0.060450000000000004,0.1637,28.0,0.0,85.91,0.428
2020-03-10,France,Europe,Original,10,0,9.0,135,140.0,0.0919,0.1319,4.0,0.0,85.91,0.419
2020-03-12,France,Europe,Original,5,0,4.0,55,105.0,0.0711,0.1194,1.0,0.0,91.13,0.4
2020-03-13,France,Europe,Original,8,0,7.0,108,96.0,0.1046,0.1063,3.0,0.0,91.13,0.4
2020-03-14,France,Europe,Original,39,0,37.0,395,702.0,0.0478,0.15155000000000002,7.0,0.0,85.8,0.4
2020-03-16,France,Europe,Original,5,0,4.0,89,105.0,0.0437,0.1158,2.0,0.0,66.93,0.4
2020-03-18,France,Europe,Original,6,0,5.0,97,40.0,0.060450000000000004,0.2024,5.0,0.0,66.93,0.4
2020-03-21,France,Europe,Original,9,0,8.0,146,40.0,0.060450000000000004,0.0944,3.0,0.0,84.69,0.4
2020-03-27,France,Europe,Original,47,1,44.0,550,752.0,0.0524,0.1423,19.0,0.0,83.78,0.4
2020-03-28,France,Europe,Original,15,0,14.0,222,270.0,0.0494,0.1601,7.0,0.0,75.91,0.4
2020-03-29,France,Europe,Original,2,0,1.0,28,40.0,0.060450000000000004,0.15155000000000002,0.0,0.0,70.84,0.408
2020-03-31,France,Europe,Original,5,0,4.0,86,40.0,0.060450000000000004,0.1059,1.0,0.0,93.82,0.4
2020-04-02,France,Europe,Original,3,0,2.0,46,40.0,0.060450000000000004,0.1503,2.0,0.0,77.11,0.4
2020-04-03,France,Europe,Original,1,0,0.0,12,40.0,0.060450000000000004,0.2004,0.0,0.0,73.47,0.4
2020-04-07,France,Europe,Original,1,0,0.0,15,40.0,0.060450000000000004,0.1129,0.0,0.0,73.22,0.4
2020-04-08,France,Europe,Original,1,0,0.0,10,23.0,0.0616,0.1685,0.0,0.0,89.86,0.428
2020-04-11,France,Europe,Original,1,0,0.0,12,40.0,0.060450000000000004,0.1017,0.0,0.0,89.86,0.428
2020-04-11,France,Europe,Original,1,0,0.0,11,40.0,0.060450000000000004,0.1169,0.0,0.0,66.36,0.4
2020-04-12,France,Europe,Original,1,0,0.0,13,22.0,0.0585,0.1879,0.0,0.0,75.33,0.4
2020-04-12,France,Europe,Original,20,0,18.0,290,280.0,0.0772,0.1635,11.0,0.0,74.35,0.4
2020-04-13,France,Europe,Original,1,0,0.0,10,13.0,0.0695,0.1648,0.0,0.0,84.48,0.4
2020-04-16,France,Europe,Original,10,0,9.0,162,240.0,0.0377,0.1481,6.0,0.0,82.42,0.4
2020-04-16,France,Europe,Original,3,0,2.0,52,40.0,0.060450000000000004,0.15155000000000002,1.0,0.0,86.49,0.428
2020-04-17,France,Europe,Original,1,0,0.0,11,15.0,0.0662,0.15155000000000002,0.0,0.0,86.55,0.4
2020-04-21,France,Europe,Original,24,0,22.0,296,432.0,0.0669,0.15155000000000002,11.0,0.0,86.07,0.4
2020-04-22,France,Europe,Original,2,0,1.0,34,32.0,0.0595,0.1358,0.0,0.0,94.38,0.4
2020-04-27,France,Europe,Original,42,1,38.0,650,504.0,0.0719,0.1903,34.0,0.0,73.1,0.4
2020-04-27,France,Europe,Original,2,0,1.0,28,40.0,0.060450000000000004,0.1218,0.0,0.0,78.75,0.4
2020-05-02,France,Europe,Original,3,0,2.0,53,40.0,0.060450000000000004,0.1736,1.0,0.0,63.03,0.482
2020-05-03,France,Europe,Original,1,0,0.0,15,40.0,0.060450000000000004,0.1085,0.0,0.0,67.55,0.4
2020-05-06,France,Europe,Original,16,0,15.0,195,336.0,0.0339,0.186,7.0,0.0,52.08,0.626
2020-05-10,France,Europe,Original,1,0,0.0,15,16.0,0.0661,0.1666,0.0,0.0,53.75,0.567
2020-05-11,France,Europe,Original,3,0,2.0,44,40.0,0.060450000000000004,0.1053,1.0,0.0,62.63,0.4
2020-05-12,France,Europe,Original,2,0,1.0,35,40.0,0.060450000000000004,0.1177,0.0,0.0,52.34,0.532
2020-05-15,France,Europe,Original,1,0,0.0,16,16.0,0.047,0.1323,0.0,0.0,50.63,0.457
2020-05-16,France,Europe,Original,1,0,0.0,13,40.0,0.060450000000000004,0.1493,0.0,0.0,68.17,0.4
2020-05-16,France,Europe,Original,19,0,17.0,306,228.0,0.1058,0.14,8.0,0.0,71.54,0.4
2020-05-18,France,Europe,Original,1,0,0.0,17,40.0,0.060450000000000004,0.1287,0.0,0.0,51.54,0.534
2020-05-20,France,Europe,Original,7,0,6.0,85,40.0,0.060450000000000004,0.1907,3.0,0.0,52.89,0.4
2020-05-21,France,Europe,Original,2,0,1.0,22,36.0,0.0617,0.1046,0.0,0.0,67.53,0.4
2020-05-24,France,Europe,Original,3,0,2.0,37,40.0,0.060450000000000004,0.1956,2.0,0.0,66.53,0.41
2020-05-26,France,Europe,Original,1,0,0.0,11,19.0,0.0617,0.2047,0.0,0.0,59.74,0.4
2020-05-28,France,Europe,Original,2,0,1.0,30,40.0,0.04,0.2004,1.0,0.0,44.43,0.483
2020-05-30,France,Europe,Original,3,0,2.0,36,40.0,0.060450000000000004,0.183,1.0,0.0,77.62,0.4
2020-05-30,France,Europe,Original,1,0,0.0,12,40.0,0.060450000000000004,0.1197,0.0,0.0,46.88,0.428
2020-06-04,France,Europe,Original,86,2,79.0,1257,1032.0,0.0813,0.1715,51.0,0.0,61.14,0.4
2020-06-06,France,Europe,Original,1,0,0.0,17,18.0,0.044,0.1226,0.0,0.0,70.31,0.4
2020-06-10,France,Europe,Original,1,0,0.0,10,21.0,0.0572,0.1811,0.0,0.0,69.11,0.4
2020-06-16,France,Europe,Original,1,0,0.0,16,12.0,0.0925,0.1463,0.0,0.0,60.07,0.4
2020-06-16,France,Europe,Original,2,0,1.0,20,24.0,0.0914,0.1565,0.0,0.0,43.49,0.514
2020-06-19,France,Europe,Original,16,0,15.0,226,336.0,0.0482,0.15155000000000002,3.0,0.0,56.62,0.4
2020-06-23,France,Europe,Original,5,0,4.0,74,75.0,0.0752,0.2063,4.0,0.0,56.89,0.4
2020-06-23,France,Europe,Original,1,0,0.0,16,23.0,0.0471,0.1441,0.0,0.0,42.77,0.797
2020-06-23,France,Europe,Original,1,0,0.0,13,22.0,0.0611,0.187,0.0,0.0,72.54,0.4
2020-06-24,France,Europe,Original,1,0,0.0,10,12.0,0.0961,0.1578,0.0,0.0,57.2,0.573
2020-06-27,France,Europe,Original,2,0,1.0,29,24.0,0.0877,0.1901,1.0,0.0,46.91,0.539
2020-06-28,France,Europe,Original,1,0,0.0,14,13.0,0.0634,0.1187,0.0,0.0,56.63,0.428
2020-06-29,France,Europe,Original,27,1,25.0,434,405.0,0.0766,0.1366,14.0,0.0,42.62,0.493
2020-07-01,France,Europe,Original,1,0,0.0,10,21.0,0.929106521,0.1528,0.0,0.0,49.02,0.463
2020-07-06,France,Europe,Original,1,0,0.0,14,20.0,0.0528,0.15155000000000002,0.0,0.0,48.8,0.4
2020-07-06,France,Europe,Original,1,0,0.0,9,13.0,0.0917,0.1224,0.0,0.0,48.2,0.562
2020-07-07,France,Europe,Original,37,0,34.0,628,481.0,0.0853,0.2061,37.0,0.0,46.53,0.743
2020-07-15,France,Europe,Original,1,0,0.0,14,18.0,0.0563,0.1098,0.0,0.0,72.6,0.4
2020-07-16,France,Europe,Original,1,0,0.0,13,22.0,0.0394,0.139,0.0,0.0,47.22,0.61
2020-07-17,France,Europe,Original,7,0,6.0,112,91.0,0.076,0.1322,2.0,0.0,70.8,0.428
2020-07-20,France,Europe,Original,1,0,0.0,17,13.0,0.0853,0.198,0.0,0.0,54.13,0.428
2020-07-21,France,Europe,Original,12,0,11.0,204,216.0,0.0679,0.1745,9.0,0.0,59.99,0.4
2020-07-22,France,Europe,Original,1,0,0.0,11,15.0,0.0569,0.2092,0.0,0.0,53.06,0.585
2020-07-23,France,Europe,Original,38,0,36.0,575,874.0,0.0392,0.15155000000000002,12.0,0.0,63.52,0.476
2020-07-25,France,Europe,Original,26,1,24.0,341,468.0,0.0678,0.1403,8.0,0.0,54.71,0.4
2020-07-27,France,Europe,Original,14,0,13.0,191,252.0,0.056,0.15155000000000002,8.0,0.0,75.0,0.4
2020-07-27,France,Europe,Original,1,0,0.0,16,18.0,0.0567,0.205,0.0,0.0,59.6,0.508
2020-07-29,France,Europe,Original,3,0,2.0,34,57.0,0.0622,0.1751,1.0,0.0,51.37,0.552
2020-07-30,France,Europe,Original,1,0,0.0,11,24.0,0.0398,0.1793,0.0,0.0,71.48,0.4
2020-08-01,France,Europe,Original,2,0,1.0,29,48.0,0.0437,0.1401,0.0,0.0,57.29,0.456
2020-08-01,France,Europe,Original,11,0,10.0,115,242.0,0.0561,0.1477,4.0,0.0,41.89,0.428
2020-08-02,France,Europe,Original,1,0,0.0,12,12.0,0.0785,0.1314,0.0,0.0,51.69,0.625
2020-08-06,France,Europe,Original,2,0,1.0,27,42.0,0.0507,0.1379,1.0,0.0,50.64,0.511
2020-08-10,France,Europe,Original,11,0,10.0,139,154.0,0.0966,0.1535,5.0,0.0,44.45,0.748
2020-08-12,France,Europe,Original,2,0,1.0,31,32.0,0.0727,0.2024,1.0,0.0,50.65,0.4
2020-08-13,France,Europe,Original,5,0,4.0,72,100.0,0.061,0.133,1.0,0.0,50.65,0.4
2020-08-14,France,Europe,Original,1,0,0.0,14,21.0,0.0558,0.2056,0.0,0.0,55.87,0.4
2020-08-15,France,Europe,Original,1,0,0.0,17,13.0,0.0685,0.1785,0.0,0.0,38.06,0.428
2020-08-18,France,Europe,Original,1,0,0.0,13,13.0,0.0789,0.2082,0.0,0.0,45.37,0.618
2020-08-21,France,Europe,Original,50,1,46.0,635,600.0,0.0943,0.1397,20.0,0.0,56.04,0.4
2020-08-28,France,Europe,Original,1,0,0.0,12,14.0,0.0694,0.1656,0.0,0.0,39.55,0.431
2020-09-03,France,Europe,Original,2,0,1.0,20,38.0,0.0548,0.1178,0.0,0.0,51.15,0.478
2020-09-04,France,Europe,Original,2,0,1.0,33,36.0,0.0554,0.1526,1.0,0.0,51.15,0.53
2020-09-07,France,Europe,Original,2,0,1.0,25,24.0,0.104,0.1741,1.0,0.0,45.78,0.735
2020-09-09,France,Europe,Original,2,0,1.0,30,30.0,0.0519,0.1543,0.0,0.0,45.78,0.481
2020-09-09,France,Europe,Original,13,0,12.0,191,247.0,0.0415,0.2097,6.0,0.0,48.95,0.428
2020-09-10,France,Europe,Original,13,0,12.0,167,182.0,0.076,0.1737,5.0,0.0,48.95,0.409
2020-09-11,France,Europe,Original,1,0,0.0,12,24.0,0.055,0.2099,0.0,0.0,40.59,0.468
2020-09-12,France,Europe,Original,3,0,2.0,45,69.0,0.0582,0.15155000000000002,1.0,0.0,57.31,0.4
2020-09-13,France,Europe,Original,2,0,1.0,21,40.0,0.0458,0.1701,0.0,0.0,37.51,0.857
2020-09-17,France,Europe,Original,3,0,2.0,36,69.0,0.0366,0.176,1.0,0.0,54.0,0.632
2020-09-18,France,Europe,Original,1,0,0.0,15,16.0,0.0606,0.1453,0.0,0.0,50.45,0.633
2020-09-18,France,Europe,Original,4,0,3.0,62,64.0,0.0475,0.1821,2.0,0.0,38.23,0.519
2020-09-19,France,Europe,Original,1,0,0.0,9,24.0,0.0413,0.1385,0.0,0.0,33.79,0.613
2020-09-19,France,Europe,Original,7,0,6.0,89,119.0,0.0575,0.15155000000000002,5.0,0.0,55.7,0.498
2020-09-20,France,Europe,Original,1,0,0.0,14,23.0,0.0272,0.1623,0.0,0.0,57.13,0.458
2020-09-22,France,Europe,Original,4,0,3.0,64,84.0,0.0462,0.109,1.0,0.0,38.33,0.709
2020-09-23,France,Europe,Original,11,0,10.0,149,154.0,0.0738,0.15155000000000002,3.0,0.0,45.91,0.446
2020-09-25,France,Europe,Original,2,0,1.0,19,24.0,0.0942,0.15155000000000002,0.0,0.0,44.85,0.506
2020-09-26,France,Europe,Original,16,0,15.0,273,384.0,0.0301,0.2047,13.0,0.0,43.64,0.761
2020-10-01,France,Europe,Original,6,0,5.0,80,72.0,0.0862,0.1417,3.0,0.0,62.94,0.428
2020-10-08,France,Europe,Original,1,0,0.0,13,15.0,0.0831,0.1119,0.0,0.0,53.38,0.588
2020-10-11,France,Europe,Original,1,0,0.0,13,15.0,0.0576,0.1353,0.0,0.0,60.07,0.4
2020-10-19,France,Europe,Original,5,0,4.0,51,75.0,0.052,0.1579,2.0,0.0,37.82,0.78
2020-10-21,France,Europe,Original,8,0,7.0,121,128.0,0.0683,0.2014,5.0,0.0,51.55,0.581
2020-10-24,France,Europe,Original,1,0,0.0,17,21.0,0.0455,0.1088,0.0,0.0,49.64,0.521
2020-10-24,France,Europe,Original,34,0,31.0,486,714.0,0.0463,0.0906,12.0,0.0,43.2,0.44
2020-10-25,France,Europe,Original,1,0,0.0,10,21.0,0.0657,0.1662,0.0,0.0,52.34,0.516
2020-10-28,France,Europe,Alpha,3,0,2.0,42,60.0,0.0661,0.1603,0.0,0.0,41.32,0.493
2020-11-02,France,Europe,Original,16,0,14.0,194,384.0,0.0547,0.1233,3.0,0.0,52.19,0.422
2020-11-02,France,Europe,Original,3,0,2.0,53,36.0,0.08,0.1066,0.0,0.0,50.65,0.428
2020-11-03,France,Europe,Alpha,2,0,1.0,33,28.0,0.0874,0.1641,1.0,0.0,41.11,0.944
2020-11-05,France,Europe,Alpha,13,0,12.0,179,195.0,0.0583,0.2027,6.0,0.0,42.56,0.702
2020-11-07,France,Europe,Original,41,1,37.0,675,861.0,0.0698,0.1778,19.0,0.0,55.67,0.4
2020-11-08,France,Europe,Alpha,13,0,12.0,193,182.0,0.0587,0.1714,6.0,0.0,55.49,0.632
2020-11-12,France,Europe,Original,2,0,1.0,36,40.0,0.0487,0.1128,0.0,0.0,56.75,0.514
2020-11-13,France,Europe,Original,1,0,0.0,13,20.0,0.0603,0.15155000000000002,0.0,0.0,44.14,0.501
2020-11-15,France,Europe,Alpha,8,0,7.0,129,112.0,0.0654,0.1788,5.0,0.0,42.5,0.493
2020-11-21,France,Europe,Alpha,28,1,25.0,405,364.0,0.0771,0.1118,10.0,0.0,57.78,0.644
2020-11-25,France,Europe,Alpha,7,0,6.0,81,154.0,0.048,0.1547,2.0,0.0,51.31,0.54
2020-11-26,France,Europe,Alpha,7,0,6.0,89,168.0,0.0392,0.1125,2.0,0.0,37.07,0.746
2020-11-27,France,Europe,Alpha,5,0,4.0,57,60.0,0.0897,0.0995,1.0,0.0,59.51,0.629
2020-11-27,France,Europe,Alpha,1,0,0.0,11,17.0,0.0635,0.1866,0.0,0.0,43.93,0.543
2020-11-28,France,Europe,Alpha,251,3,240.0,4351,5773.0,0.0512,0.2083,158.0,0.0,39.78,0.712
2020-12-04,France,Europe,Alpha,43,1,41.0,622,817.0,0.0551,0.1779,28.0,0.0,40.62,0.848
2020-12-05,France,Europe,Alpha,3,0,2.0,48,63.0,0.0471,0.2174,2.0,0.0,40.62,0.869
2020-12-05,France,Europe,Alpha,43,1,39.0,480,946.0,0.036,0.1276,13.0,0.0,44.73,0.714
2020-12-08,France,Europe,Alpha,7,0,6.0,105,161.0,0.0359,0.137,2.0,0.0,70.55,0.4
2020-12-11,France,Europe,Alpha,1,0,0.0,10,22.0,0.0354,0.1421,0.0,0.0,70.92,0.4
2020-12-12,France,Europe,Alpha,10,0,9.0,149,210.0,0.0428,0.213,7.0,0.0,74.59,0.425
2020-12-14,France,Europe,Alpha,5,0,4.0,51,95.0,0.0533,0.2037,2.0,0.0,70.93,0.439
2020-12-18,France,Europe,Alpha,18,0,17.0,225,342.0,0.0382,0.1861,8.0,0.0,78.56,0.4
2020-12-18,France,Europe,Alpha,1,0,0.0,16,23.0,0.0505,0.2054,0.0,0.0,63.78,0.57
2020-12-26,France,Europe,Alpha,47,1,43.0,532,799.0,0.0584,0.2257,32.0,0.0,61.28,0.458
2020-12-31,France,Europe,Alpha,6,0,5.0,85,120.0,0.0429,0.1468,2.0,0.0,58.94,0.499
2021-01-01,France,Europe,Alpha,10,0,9.0,161,160.0,0.0612,0.2305,8.0,0.0,74.26,0.4
2021-01-01,France,Europe,Alpha,1,0,0.0,12,20.0,0.0364,0.2106,0.0,0.0,54.96,0.587
2021-01-07,France,Europe,Alpha,8,0,7.0,104,96.0,0.0769,0.1774,4.0,0.0,49.29,0.707
2021-01-13,France,Europe,Alpha,1,0,0.0,13,12.0,0.0895,0.1654,0.0,0.0,50.16,0.454
2021-01-15,France,Europe,Alpha,3,0,2.0,52,69.0,0.0419,0.1309,1.0,0.0,79.62,0.4
2021-01-15,France,Europe,Alpha,3,0,2.0,53,63.0,0.0463,0.2,2.0,0.0161,56.31,0.733
2021-01-15,France,Europe,Alpha,24,0,22.0,236,288.0,0.0999,0.1191,4.0,0.0135,56.31,0.681
2021-01-16,France,Europe,Alpha,1,0,0.0,18,21.0,0.0427,0.1696,0.0,0.012,50.4,0.8
2021-01-16,France,Europe,Alpha,3,0,2.0,51,57.0,0.0518,0.1869,2.0,0.0127,72.55,0.4
2021-01-21,France,Europe,Alpha,47,1,44.0,550,893.0,0.0443,0.1035,11.0,0.0235,57.97,0.503
2021-01-22,France,Europe,Alpha,19,0,18.0,282,342.0,0.049,0.1212,9.0,0.0323,63.02,0.603
2021-01-25,France,Europe,Alpha,4,0,3.0,42,84.0,0.071,0.1478,1.0,0.0299,76.54,0.493
2021-02-01,France,Europe,Alpha,27,0,2.0,46,36.0,0.1013,0.168,1.0,0.0475,71.42,0.463
2021-02-02,France,Europe,Alpha,1,0,0.0,11,16.0,0.0617,0.1417,0.0,0.0507,63.17,0.587
2021-02-06,France,Europe,Alpha,1,0,0.0,16,22.0,0.0401,0.2075,0.0,0.0544,62.93,0.576
2021-02-07,France,Europe,Alpha,3,0,2.0,35,66.0,0.0473,0.1202,0.0,0.0441,64.0,0.567
2021-02-11,France,Europe,Alpha,4,0,3.0,61,88.0,0.0388,0.1541,2.0,0.0523,73.45,0.4
2021-02-11,France,Europe,Alpha,3,0,2.0,38,69.0,0.0404,0.12,0.0,0.0546,65.84,0.4
2021-02-12,France,Europe,Alpha,1,0,0.0,13,16.0,0.0562,0.1518,0.0,0.0383,63.66,0.519
2021-02-18,France,Europe,Alpha,38,1,34.0,397,608.0,0.0681,0.1128,10.0,0.0383,68.17,0.4
2021-02-19,France,Europe,Alpha,9,0,8.0,116,180.0,0.0521,0.1952,6.0,0.0575,72.06,0.469
2021-02-20,France,Europe,Alpha,8,0,7.0,100,192.0,0.0439,0.1155,2.0,0.0561,72.06,0.4
2021-02-21,France,Europe,Alpha,3,0,2.0,38,39.0,0.1,0.1603,0.0,0.069,48.05,0.493
2021-02-23,France,Europe,Alpha,1,0,0.0,12,21.0,0.0478,0.1578,0.0,0.0457,57.03,0.44
2021-02-23,France,Europe,Alpha,1,0,0.0,11,23.0,0.0387,0.1402,0.0,0.0457,69.35,0.4
2021-02-24,France,Europe,Alpha,1,0,0.0,16,23.0,0.0453,0.0995,0.0,0.0709,81.91,0.4
2021-02-26,France,Europe,Alpha,9,0,8.0,163,216.0,0.0412,0.1675,7.0,0.0709,55.67,0.491
2021-03-01,France,Europe,Alpha,1,0,0.0,10,19.0,0.0491,0.1873,0.0,0.0717,49.93,0.493
2021-03-03,France,Europe,Alpha,3,0,2.0,37,36.0,0.082,0.1724,1.0,0.0752,69.35,0.4
2021-03-04,France,Europe,Alpha,4,0,3.0,52,48.0,0.094,0.1426,1.0,0.0894,58.34,0.601
2021-03-04,France,Europe,Alpha,4,0,3.0,66,72.0,0.0596,0.1611,2.0,0.1024,69.77,0.4
2021-03-04,France,Europe,Alpha,12,0,11.0,150,252.0,0.023,0.1395,4.0,0.0582,75.68,0.4
2021-03-05,France,Europe,Alpha,4,0,3.0,40,72.0,0.0449,0.1096,1.0,0.0986,59.61,0.57
2021-03-05,France,Europe,Alpha,2,0,1.0,20,44.0,0.0524,0.1978,0.0,0.0793,72.44,0.4
2021-03-09,France,Europe,Alpha,1,0,0.0,15,23.0,0.0338,0.1723,0.0,0.0908,54.67,0.499
2021-03-13,France,Europe,Alpha,7,0,6.0,111,126.0,0.061,0.1062,3.0,0.0865,64.85,0.4
2021-03-15,France,Europe,Alpha,16,0,15.0,166,320.0,0.0421,0.14,3.0,0.0923,60.17,0.465
2021-03-17,France,Europe,Alpha,12,0,11.0,165,144.0,0.0836,0.1695,5.0,0.0963,76.2,0.4
2021-03-18,France,Europe,Alpha,1,0,0.0,13,16.0,0.0389,0.1096,0.0,0.0953,79.07,0.4
2021-03-21,France,Europe,Delta,56,0,6.0,122,161.0,0.0298,0.1708,4.0,0.0901,66.15,0.581
2021-03-21,France,Europe,Delta,8,0,7.0,138,120.0,0.0574,0.2498,8.0,0.0952,75.31,0.581
2021-03-25,France,Europe,Delta,19,0,18.0,308,399.0,0.0769,0.1239,10.0,0.1071,70.68,0.4
2021-03-26,France,Europe,Alpha,1,0,0.0,12,17.0,0.0781,0.1619,0.0,0.1231,82.15,0.4
2021-03-29,France,Europe,Alpha,1,0,0.0,16,17.0,0.0623,0.1952,0.0,0.1021,68.13,0.517
2021-03-30,France,Europe,Alpha,4,0,3.0,45,52.0,0.0883,0.0932,1.0,0.1107,73.02,0.4
2021-03-30,France,Europe,Alpha,20,0,19.0,345,320.0,0.067,0.0974,8.0,0.1348,85.2,0.4
2021-04-01,France,Europe,Delta,2,0,1.0,23,32.0,0.0549,0.1311,0.0,0.1187,76.58,0.481
2021-04-03,France,Europe,Alpha,3,0,2.0,38,63.0,0.0597,0.2084,2.0,0.1195,75.54,0.4
2021-04-05,France,Europe,Delta,9,0,8.0,145,126.0,0.0581,0.1426,5.0,0.123,78.69,0.4
2021-04-07,France,Europe,Alpha,1,0,0.0,16,21.0,0.0241,0.2049,0.0,0.1423,84.72,0.4
2021-04-09,France,Europe,Delta,3,0,2.0,35,69.0,0.0553,0.194,1.0,0.1338,81.69,0.4
2021-04-11,France,Europe,Alpha,1,0,0.0,15,14.0,0.0668,0.1252,0.0,0.121,63.65,0.427
2021-04-13,France,Europe,Delta,17,0,16.0,214,374.0,0.034,0.1599,8.0,0.1513,72.84,0.624
2021-04-15,France,Europe,Delta,10,0,9.0,173,230.0,0.0599,0.141,6.0,0.1449,67.7,0.544
2021-04-16,France,Europe,Alpha,2,0,1.0,31,32.0,0.0568,0.1679,1.0,0.1428,71.27,0.465
2021-04-19,France,Europe,Delta,13,0,12.0,235,182.0,0.0751,0.2023,7.0,0.1553,66.41,0.581
2021-04-29,France,Europe,Delta,13,0,12.0,196,247.0,0.0312,0.2312,12.0,0.1724,66.41,0.4
2021-04-30,France,Europe,Delta,2,0,1.0,31,30.0,0.0714,0.2401,1.0,0.1635,55.86,0.704
2021-05-01,France,Europe,Delta,2,0,1.0,27,30.0,0.0521,0.1429,0.0,0.1712,75.98,0.436
2021-05-05,France,Europe,Delta,1,0,0.0,17,21.0,0.0577,0.142,0.0,0.1665,80.56,0.4
2021-05-08,France,Europe,Delta,15,0,13.0,149,345.0,0.0398,0.1599,6.0,0.168,59.44,0.922
2021-05-12,France,Europe,Delta,4,0,3.0,48,72.0,0.0413,0.16,2.0,0.1768,58.08,0.938
2021-05-13,France,Europe,Delta,43,1,39.0,757,903.0,0.0412,0.1145,20.0,0.1679,82.89,0.581
2021-05-16,France,Europe,Delta,3,0,2.0,42,48.0,0.0544,0.1388,1.0,0.1924,65.82,0.5
2021-05-17,France,Europe,Delta,1,0,0.0,13,22.0,0.0522,0.1876,0.0,0.1848,72.34,0.581
2021-05-17,France,Europe,Delta,38,1,36.0,645,570.0,0.053,0.16,17.0,0.1796,71.19,0.663
2021-05-19,France,Europe,Delta,1,0,0.0,10,15.0,0.0592,0.1035,0.0,0.1855,70.57,0.49
2021-05-22,France,Europe,Delta,13,0,12.0,199,247.0,0.0678,0.16,8.0,0.2,74.49,0.4
2021-05-23,France,Europe,Delta,7,0,6.0,75,119.0,0.0583,0.1946,3.0,0.1758,68.47,0.585
2021-05-27,France,Europe,Delta,1,0,0.0,10,13.0,0.0729,0.1591,0.0,0.2051,80.26,0.4
2021-05-30,France,Europe,Delta,10,0,9.0,131,240.0,0.0355,0.16,6.0,0.1981,63.39,0.673
2021-05-31,France,Europe,Delta,1,0,0.0,17,19.0,0.0545,0.2165,0.0,0.2136,58.45,0.934
2021-06-02,France,Europe,Delta,12,0,11.0,165,156.0,0.0626,0.1278,6.0,0.2124,72.18,0.48
2021-06-08,France,Europe,Delta,19,0,18.0,203,247.0,0.0931,0.16,7.0,0.2221,83.49,0.4
2021-06-10,France,Europe,Delta,21,0,20.0,294,294.0,0.0742,0.2052,17.0,0.2202,63.84,0.467
2021-06-12,France,Europe,Delta,1,0,0.0,17,17.0,0.0693,0.1136,0.0,0.2219,62.77,0.581
2021-06-14,France,Europe,Delta,1,0,0.0,10,13.0,0.0706,0.1632,0.0,0.2156,71.66,0.581
2021-06-15,France,Europe,Delta,1,0,0.0,16,24.0,0.0555,0.186,0.0,0.2197,71.82,0.433
2021-06-18,France,Europe,Delta,3,0,2.0,53,45.0,0.0553,0.1199,1.0,0.2304,80.99,0.4
2021-06-18,France,Europe,Delta,6,0,5.0,91,72.0,0.0699,0.2282,3.0,0.2171,73.61,0.525
2021-06-23,France,Europe,Delta,1,0,0.0,15,13.0,0.0623,0.2083,0.0,0.2358,54.63,1.003
2021-06-26,France,Europe,Delta,2,0,1.0,29,42.0,0.0459,0.2171,1.0,0.2483,74.83,0.581
2021-06-27,France,Europe,Delta,33,1,31.0,539,462.0,0.0619,0.1068,12.0,0.2413,59.68,0.497
2021-06-30,France,Europe,Delta,22,0,20.0,355,308.0,0.0532,0.1716,9.0,0.2446,66.54,0.581
2021-07-01,France,Europe,Delta,4,0,3.0,45,76.0,0.0516,0.16,1.0,0.241,71.34,0.4
2021-07-03,France,Europe,Delta,27,0,25.0,345,648.0,0.0414,0.1108,6.0,0.2434,67.57,0.709
2021-07-07,France,Europe,Delta,3,0,2.0,37,63.0,0.0646,0.1252,1.0,0.2561,67.62,0.442
2021-07-08,France,Europe,Delta,35,1,33.0,570,700.0,0.0437,0.1932,17.0,0.2411,75.4,0.4
2021-07-09,France,Europe,Delta,32,1,29.0,330,640.0,0.0396,0.1567,10.0,0.2691,58.73,0.552
2021-07-11,France,Europe,Delta,1,0,0.0,11,18.0,0.051,0.1863,0.0,0.2674,65.41,0.689
2021-07-11,France,Europe,Delta,7,0,6.0,72,98.0,0.0729,0.2007,2.0,0.2603,52.98,0.699
2021-07-13,France,Europe,Delta,4,0,3.0,64,60.0,0.0895,0.1771,2.0,0.2644,57.41,0.914
2021-07-15,France,Europe,Delta,20,0,18.0,306,300.0,0.0525,0.16,12.0,0.2734,57.6,0.581
2021-07-18,France,Europe,Delta,58,1,55.0,661,696.0,0.082,0.2085,32.0,0.2701,55.53,0.867
2021-07-18,France,Europe,Delta,7,0,6.0,116,112.0,0.0825,0.0963,1.0,0.2791,66.96,0.445
2021-07-21,France,Europe,Delta,39,0,37.0,691,663.0,0.0358,0.2121,29.0,0.2912,83.32,0.4
2021-07-23,France,Europe,Delta,1,0,0.0,12,14.0,0.0731,0.1197,0.0,0.2701,68.52,0.679
2021-08-04,France,Europe,Delta,6,0,5.0,83,114.0,0.0539,0.1803,3.0,0.2857,60.08,0.823
2021-08-05,France,Europe,Delta,13,0,12.0,234,208.0,0.0548,0.2015,11.0,0.2848,68.05,0.4
2021-08-05,France,Europe,Delta,2,0,1.0,34,32.0,0.0549,0.16,0.0,0.2975,66.55,0.613
2021-08-08,France,Europe,Delta,1,0,0.0,11,16.0,0.0672,0.0963,0.0,0.3049,51.44,0.849
2021-08-09,France,Europe,Delta,25,0,23.0,276,550.0,0.0359,0.2008,13.0,0.3139,40.51,1.067
2021-08-09,France,Europe,Delta,14,0,12.0,195,210.0,0.0684,0.1634,6.0,0.2977,56.47,0.787
2021-08-10,France,Europe,Delta,4,0,3.0,68,52.0,0.0825,0.1218,2.0,0.31,72.15,0.576
2021-08-12,France,Europe,Delta,5,0,4.0,54,65.0,0.857991155,0.1463,2.0,0.3159,48.17,1.012
2021-08-12,France,Europe,Delta,7,0,6.0,78,91.0,0.0661,0.16,3.0,0.3078,48.17,0.674
2021-08-14,France,Europe,Delta,14,0,13.0,147,336.0,0.0385,0.16,2.0,0.3177,62.4,0.698
2021-08-19,France,Europe,Delta,3,0,2.0,35,54.0,0.0513,0.1141,1.0,0.3208,45.28,0.803
2021-08-19,France,Europe,Delta,2,0,1.0,27,30.0,0.0764,0.1073,0.0,0.3177,59.12,0.493
2021-08-21,France,Europe,Delta,5,0,4.0,72,70.0,0.0717,0.1968,3.0,0.317,47.21,0.998
2021-08-21,France,Europe,Delta,35,1,32.0,384,770.0,0.0562,0.16,11.0,0.3288,64.18,0.559
2021-08-22,France,Europe,Delta,6,0,5.0,94,114.0,0.0368,0.1094,2.0,0.3277,66.14,0.625
2021-08-26,France,Europe,Delta,1,0,0.0,11,13.0,0.0901,0.16,0.0,0.3392,43.78,1.093
2021-09-02,France,Europe,Delta,1,0,0.0,13,23.0,0.0508,0.134,0.0,0.3361,49.98,0.65
2021-09-02,France,Europe,Delta,2,0,1.0,23,42.0,0.0431,0.1604,0.0,0.3447,59.31,0.762
2021-09-03,France,Europe,Delta,1,0,0.0,16,18.0,0.0346,0.102,0.0,0.3146,52.17,0.574
2021-09-10,France,Europe,Delta,86,1,82.0,1332,1978.0,0.0372,0.0905,35.0,0.3437,64.1,0.408
2021-09-11,France,Europe,Delta,8,0,7.0,79,96.0,0.0747,0.16,1.0,0.3615,39.65,0.954
2021-09-11,France,Europe,Delta,13,0,12.0,208,208.0,0.0741,0.1467,6.0,0.3487,50.28,0.794
2021-09-12,France,Europe,Delta,1,0,0.0,10,15.0,0.061,0.16,0.0,0.3378,42.06,1.229
2021-09-14,France,Europe,Delta,2,0,1.0,29,40.0,0.0385,0.1011,0.0,0.351,37.67,0.695
2021-09-18,France,Europe,Delta,4,0,3.0,53,60.0,0.0465,0.1296,1.0,0.3446,47.12,0.749
2021-09-23,France,Europe,Delta,4,0,3.0,51,80.0,0.0503,0.1257,1.0,0.361,58.39,0.679
2021-09-26,France,Europe,Delta,6,0,5.0,82,114.0,0.0407,0.1825,3.0,0.3624,68.14,0.663
2021-09-26,France,Europe,Delta,4,0,3.0,59,64.0,0.0568,0.15,1.0,0.3657,59.92,0.504
2021-09-27,France,Europe,Delta,22,0,21.0,390,308.0,0.0691,0.125,8.0,0.3544,63.25,0.565
2021-09-29,France,Europe,Delta,2,0,1.0,20,34.0,0.0587,0.119,0.0,0.3687,69.8,0.589
2021-10-06,France,Europe,Delta,12,0,11.0,176,192.0,0.0748,0.1316,6.0,0.4077,43.58,0.595
2021-10-06,France,Europe,Delta,3,0,2.0,34,54.0,0.0645,0.1031,0.0,0.3934,63.77,0.689
2021-10-08,France,Europe,Delta,1,0,0.0,13,24.0,0.0481,0.1766,0.0,0.3894,41.59,1.101
2021-10-10,France,Europe,Omicron,3,0,2.0,46,39.0,0.0684,0.0696,0.0,0.3851,41.59,1.066
2021-10-13,France,Europe,Omicron,4,0,3.0,59,56.0,0.0618,0.0437,0.0,0.3893,64.53,0.821
2021-10-17,France,Europe,Omicron,32,0,30.0,358,480.0,0.0547,0.0819,5.0,0.412,64.59,0.715
2021-10-24,France,Europe,Delta,1,0,0.0,16,18.0,0.0531,0.1287,0.0,0.4125,55.78,0.904
2021-10-27,France,Europe,Omicron,47,0,45.0,820,846.0,0.06,0.0392,8.0,0.4109,47.95,1.258
2021-10-30,France,Europe,Omicron,1,0,0.0,14,20.0,0.0571,0.0479,0.0,0.4259,65.12,0.929
2021-10-30,France,Europe,Delta,4,0,3.0,61,76.0,0.0612,0.1659,2.0,0.4155,77.33,0.4
2021-11-02,France,Europe,Delta,9,0,8.0,111,144.0,0.0661,0.092,2.0,0.4132,65.7,0.692
2021-11-02,France,Europe,Delta,9,0,8.0,90,198.0,0.0468,0.1767,2.0,0.4196,45.21,0.769
2021-11-03,France,Europe,Delta,1,0,0.0,18,20.0,0.0671,0.1216,0.0,0.4307,47.05,0.824
2021-11-05,France,Europe,Delta,1,0,0.0,13,24.0,0.0414,0.1427,0.0,0.4379,55.66,0.604
2021-11-09,France,Europe,Delta,1,0,0.0,17,13.0,0.0822,0.144,0.0,0.4276,68.36,0.463
2021-11-09,France,Europe,Omicron,3,0,2.0,50,39.0,0.0881,0.0606,0.0,0.4367,64.03,0.809
2021-11-10,France,Europe,Delta,3,0,2.0,45,60.0,0.0361,0.0873,1.0,0.4502,59.53,0.575
2021-11-12,France,Europe,Delta,1,0,0.0,11,24.0,0.0552,0.1261,0.0,0.4396,51.05,0.699
2021-11-17,France,Europe,Omicron,2,0,1.0,27,44.0,0.0488,0.0606,0.0,0.4327,37.95,1.626
2021-11-20,France,Europe,Omicron,1,0,0.0,16,19.0,0.0556,0.0797,0.0,0.4443,26.96,1.355
2021-12-02,France,Europe,Omicron,34,0,33.0,611,782.0,0.0588,0.0582,7.0,0.4685,48.44,1.298
2021-12-06,France,Europe,Omicron,12,0,11.0,136,192.0,0.0641,0.0605,1.0,0.4589,30.84,1.553
2021-12-07,France,Europe,Omicron,10,0,9.0,111,200.0,0.04,0.0635,1.0,0.4716,43.55,1.401
2021-12-08,France,Europe,Omicron,13,0,12.0,159,273.0,0.0552,0.0606,2.0,0.4582,29.87,1.916
2021-12-13,France,Europe,Omicron,8,0,7.0,113,176.0,0.066,0.0543,1.0,0.4781,30.56,1.2415
2021-12-13,France,Europe,Omicron,2,0,1.0,33,36.0,0.0607,0.0647,0.0,0.4791,52.2,0.984
2021-12-13,France,Europe,Omicron,1,0,0.0,16,20.0,0.0189,0.0591,0.0,0.4752,41.63,0.869
2021-12-19,France,Europe,Omicron,1,0,0.0,12,23.0,0.0397,0.0606,0.0,0.4898,39.59,1.19
2021-12-23,France,Europe,Omicron,1,0,0.0,10,18.0,0.0541,0.0606,0.0,0.4914,33.04,1.688
2021-12-24,France,Europe,Omicron,7,0,6.0,101,119.0,0.0611,0.0558,1.0,0.4964,31.7,1.536
2021-12-25,France,Europe,Omicron,18,0,16.0,280,396.0,0.0608,0.0416,3.0,0.5009,41.4,1.39
2021-12-25,France,Europe,Omicron,8,0,7.0,115,104.0,0.0845,0.0496,0.0,0.4837,31.94,1.227
2021-12-26,France,Europe,Omicron,6,0,5.0,103,120.0,0.0527,0.0748,1.0,0.5008,44.65,1.421
2022-01-01,France,Europe,Omicron,29,0,27.0,351,609.0,0.0371,0.06,3.0,0.5081,42.18,1.078
2022-01-01,France,Europe,Omicron,2,0,1.0,22,46.0,0.0573,0.0602,0.0,0.4889,30.98,1.514
2022-01-01,France,Europe,Omicron,4,0,3.0,67,92.0,0.0259,0.0606,0.0,0.4848,32.02,1.637
2022-01-05,France,Europe,Omicron,4,0,3.0,43,76.0,0.0555,0.0356,0.0,0.5006,56.13,0.812
2022-01-07,France,Europe,Omicron,1,0,0.0,14,19.0,0.0579,0.0493,0.0,0.5163,35.47,1.615
2022-01-08,France,Europe,Omicron,3,0,2.0,37,60.0,0.0563,0.0428,0.0,0.5148,50.12,1.2415
2022-01-08,France,Europe,Omicron,3,0,2.0,47,42.0,0.0766,0.05,0.0,0.5083,43.42,0.946
2022-01-10,France,Europe,Omicron,1,0,0.0,10,20.0,0.0568,0.0475,0.0,0.5317,29.4,1.011
2022-01-12,France,Europe,Omicron,11,0,10.0,197,143.0,0.0606,0.074,3.0,0.5208,27.35,1.309
2022-01-15,France,Europe,Omicron,6,0,5.0,76,72.0,0.076,0.0673,1.0,0.5225,29.33,1.277
2022-01-17,France,Europe,Omicron,9,0,8.0,133,180.0,0.0379,0.0532,1.0,0.5269,56.12,0.981
2022-01-19,France,Europe,Omicron,7,0,6.0,112,154.0,0.0332,0.0415,1.0,0.5177,46.89,0.911
2022-01-23,France,Europe,Omicron,1,0,0.0,10,22.0,0.0432,0.0667,0.0,0.5585,43.66,0.796
2022-01-28,France,Europe,Omicron,13,0,12.0,208,208.0,0.0598,0.0615,3.0,0.5321,41.27,1.41
2022-02-01,France,Europe,Omicron,6,0,5.0,108,114.0,0.0431,0.0606,1.0,0.5547,56.6,0.616
2022-02-10,France,Europe,Omicron BA.2,15,0,13.0,245,210.0,0.0527,0.064,2.0,0.5748,37.33,1.645
2022-02-13,France,Europe,Omicron,4,0,3.0,47,80.0,0.0459,0.0606,0.0,0.5719,26.03,1.847
2022-02-13,France,Europe,Omicron BA.2,39,0,36.0,505,702.0,0.0601,0.0669,7.0,0.5661,45.31,1.553
2022-02-16,France,Europe,Omicron,5,0,4.0,79,110.0,0.0321,0.0411,0.0,0.5554,39.25,1.003
2022-02-17,France,Europe,Omicron,56,0,52.0,575,1064.0,0.0563,0.0466,7.0,0.5864,41.15,0.776
2022-02-17,France,Europe,Omicron BA.2,21,0,20.0,217,357.0,0.0749,0.0606,2.0,0.5734,35.73,1.645
2022-02-18,France,Europe,Omicron BA.2,8,0,7.0,78,184.0,0.0456,0.0339,0.0,0.5764,45.29,0.924
2022-02-18,France,Europe,Omicron BA.2,8,0,7.0,117,136.0,0.0441,0.0562,1.0,0.5783,34.51,1.257
2022-02-19,France,Europe,Omicron BA.2,12,0,11.0,171,264.0,0.0421,0.0372,1.0,0.5631,46.83,1.356
2022-02-21,France,Europe,Omicron,6,0,5.0,89,108.0,0.0528,0.0323,0.0,0.56,32.41,1.586
2022-02-21,France,Europe,Omicron,1,0,0.0,17,17.0,0.0488,0.0394,0.0,0.5785,27.95,1.814
2022-03-03,France,Europe,Omicron,39,0,37.0,660,663.0,0.0534,0.0478,5.0,0.5688,47.15,1.018
2022-03-09,France,Europe,Omicron BA.2,9,0,8.0,127,108.0,0.0728,0.0334,1.0,0.6025,38.05,1.764
2022-03-10,France,Europe,Omicron,2,0,2.0,29,46.0,0.0459,0.0606,0.0,0.6032,39.86,1.2415
2022-03-12,France,Europe,Omicron BA.2,37,0,35.0,597,555.0,0.0508,0.0372,4.0,0.5894,19.37,2.182
2022-03-13,France,Europe,Omicron BA.2,2,0,1.0,28,30.0,0.0776,0.0372,0.0,0.604,17.24,1.397
2022-03-15,France,Europe,Omicron BA.2,5,0,4.0,60,85.0,0.0526,0.0372,0.0,0.6014,31.34,1.507
2022-03-18,France,Europe,Omicron BA.2,1,0,0.0,12,14.0,0.0873,0.036,0.0,0.6268,8.73,1.823
2022-03-20,France,Europe,Omicron BA.2,2,0,1.0,34,40.0,0.0618,0.0596,0.0,0.6185,30.58,1.904
2022-03-26,France,Europe,Omicron BA.2,3,0,2.0,44,51.0,0.0809,0.0527,0.0,0.6137,20.8,1.61
2022-03-27,France,Europe,Omicron BA.2,23,0,22.0,407,345.0,0.067,0.0372,4.0,0.618,37.08,1.906
2022-03-27,France,Europe,Omicron BA.2,81,0,77.0,1237,1863.0,0.0532,0.0428,10.0,0.6184,23.4,1.729
2022-04-01,France,Europe,Omicron BA.2,8,0,7.0,94,192.0,0.0465,0.0612,1.0,0.6334,28.38,1.728
2022-04-01,France,Europe,Omicron BA.2,5,0,4.0,51,105.0,0.0387,0.0397,0.0,0.6203,34.07,1.472
2022-04-06,France,Europe,Omicron BA.2,1,0,1.0,11,13.0,0.072,0.0344,0.0,0.6353,26.71,1.101
2022-04-09,France,Europe,Omicron BA.2,1,0,1.0,10,21.0,0.0305,0.0361,0.0,0.6301,35.26,1.514
2022-04-10,France,Europe,Omicron BA.2,1,0,0.0,16,13.0,0.0765,0.0372,0.0,0.6428,25.2,1.292
2022-04-11,France,Europe,Omicron BA.2,2,0,2.0,35,36.0,0.0539,0.0433,0.0,0.6306,25.2,1.66
2022-04-14,France,Europe,Omicron BA.2,2,0,1.0,32,44.0,0.073,0.0518,0.0,0.6488,32.29,2.002
2022-04-15,France,Europe,Omicron BA.2,58,0,54.0,648,812.0,0.0621,0.0574,6.0,0.6475,18.78,2.309
2022-04-18,France,Europe,Omicron BA.2,3,0,3.0,53,63.0,0.0324,0.0397,0.0,0.6567,40.58,1.212
2022-04-18,France,Europe,Omicron BA.2,3,0,2.0,45,57.0,0.0566,0.0372,0.0,0.6496,13.75,1.645
2022-04-18,France,Europe,Omicron BA.2,4,0,3.0,65,96.0,0.0602,0.0423,0.0,0.6593,28.84,1.191
2022-04-20,France,Europe,Omicron BA.2,1,0,0.0,13,18.0,0.0642,0.0301,0.0,0.6525,30.75,1.322
2022-04-22,France,Europe,Omicron BA.2,7,0,6.0,103,98.0,0.087,0.0418,1.0,0.6541,35.47,1.802
2022-04-22,France,Europe,Omicron BA.2,21,0,20.0,276,462.0,0.036,0.0375,1.0,0.658,46.9,1.441
2022-04-23,France,Europe,Omicron BA.2,127,0,121.0,2073,1651.0,0.0867,0.0382,12.0,0.6553,39.07,1.242
2022-04-23,France,Europe,Omicron BA.2,2,0,2.0,29,48.0,0.021,0.0271,0.0,0.6731,36.81,1.042
2022-04-24,France,Europe,Omicron BA.2,15,0,14.0,163,270.0,0.0398,0.0589,2.0,0.6554,18.62,2.225
2022-04-27,France,Europe,Omicron BA.2,1,0,1.0,17,13.0,0.0813,0.0372,0.0,0.6564,17.47,1.773
2022-04-28,France,Europe,Omicron BA.2,1,0,1.0,12,12.0,0.0819,0.0392,0.0,0.6822,34.3,1.437
2022-04-30,France,Europe,Omicron BA.2,2,0,1.0,27,34.0,0.0663,0.0296,0.0,0.6667,26.87,1.52
2022-05-01,France,Europe,Omicron BA.2,7,0,7.0,98,133.0,0.0339,0.0499,1.0,0.6698,29.73,1.89
2022-05-01,France,Europe,Omicron BA.2,1,0,1.0,16,23.0,0.0298,0.0258,0.0,0.673,23.23,1.486
2022-05-18,France,Europe,Omicron BA.2,10,0,9.0,180,190.0,0.0489,0.0443,1.0,0.6956,23.23,1.645
2022-05-19,France,Europe,Omicron BA.2,9,0,9.0,145,198.0,0.0425,0.0372,0.0,0.7141,28.95,1.598
2022-05-20,France,Europe,Omicron BA.2,13,0,12.0,210,221.0,0.0734,0.024,1.0,0.7145,7.34,2.407
2022-05-21,France,Europe,Omicron BA.2,6,0,5.0,97,78.0,0.0741,0.0298,0.0,0.698,21.43,2.025
2022-05-21,France,Europe,Omicron BA.2,1,0,0.0,15,23.0,0.0517,0.0504,0.0,0.6998,18.3,2.336
2022-05-24,France,Europe,Omicron BA.2,20,0,18.0,261,240.0,0.0606,0.057,4.0,0.7025,40.58,1.057
2022-06-01,France,Europe,Omicron BA.2,6,0,5.0,89,144.0,0.0306,0.0306,0.0,0.7178,33.89,1.878
2022-06-01,France,Europe,Omicron BA.2,2,0,2.0,23,40.0,0.0609,0.0298,0.0,0.7346,23.91,1.645
2022-06-04,France,Europe,Omicron BA.2,24,0,23.0,311,336.0,0.0667,0.0489,3.0,0.7149,13.24,1.76
2022-06-07,France,Europe,Omicron BA.2,9,0,9.0,127,216.0,0.03,0.0321,1.0,0.7184,30.02,1.504
2022-06-08,France,Europe,Omicron BA.2,16,0,15.0,210,208.0,0.0725,0.0375,1.0,0.7286,39.64,1.645
2022-06-10,France,Europe,Omicron BA.2,65,0,62.0,1086,780.0,0.0668,0.0526,14.0,0.7279,31.86,1.417
2022-06-11,France,Europe,Omicron BA.2,13,0,12.0,194,169.0,0.0797,0.0316,1.0,0.7275,31.79,1.293
2022-06-15,France,Europe,Omicron BA.2,2,0,1.0,31,34.0,0.0606,0.0381,0.0,0.7357,23.72,1.138
2022-06-20,France,Europe,Omicron BA.2,32,0,30.0,323,416.0,0.0885,0.0372,3.0,0.7374,23.72,1.57
2022-06-22,France,Europe,Omicron BA.2,6,0,5.0,105,132.0,0.0458,0.0409,0.0,0.7564,16.88,1.683
2022-06-25,France,Europe,Omicron BA.2,1,0,0.0,14,21.0,0.0445,0.051,0.0,0.7455,38.47,1.498
2022-06-28,France,Europe,Omicron BA.2,1,0,1.0,15,22.0,0.0496,0.049,0.0,0.7526,38.47,1.481
2022-06-30,France,Europe,Omicron BA.2,11,0,10.0,136,264.0,0.044,0.0372,0.0,0.7565,21.25,1.331
2022-07-06,France,Europe,Omicron BA.2,9,0,9.0,144,189.0,0.0532,0.0345,1.0,0.7631,19.69,1.195
2022-07-07,France,Europe,Omicron BA.2,1,0,0.0,10,17.0,0.0651,0.0474,0.0,0.7542,10.92,2.064
2022-07-09,France,Europe,Omicron BA.2,53,0,51.0,855,689.0,0.0715,0.0462,7.0,0.7635,25.45,1.499
2022-07-10,France,Europe,Omicron BA.2,11,0,10.0,130,253.0,0.0578,0.0475,1.0,0.7764,32.56,1.159
2022-07-14,France,Europe,Omicron BA.2,11,0,11.0,161,253.0,0.0449,0.0471,1.0,0.776,7.84,1.909
2022-07-15,France,Europe,Omicron BA.2,8,0,7.0,131,136.0,0.0662,0.0242,0.0,0.7785,6.72,1.887
2022-07-15,France,Europe,Omicron BA.2,2,0,2.0,21,30.0,0.0739,0.0296,0.0,0.7665,31.64,1.645
2022-07-17,France,Europe,Omicron BA.2,6,0,6.0,106,72.0,0.0819,0.0487,1.0,0.7685,38.84,1.076
2022-07-18,France,Europe,Omicron BA.2,5,0,5.0,82,95.0,0.0596,0.0334,0.0,0.7834,39.82,1.11
2022-07-18,France,Europe,Omicron BA.2,12,0,11.0,195,180.0,0.0685,0.0241,0.0,0.7818,11.57,2.285
2022-07-18,France,Europe,Omicron BA.2,1,0,1.0,9,23.0,0.0322,0.0405,0.0,0.7788,27.03,1.81
2022-07-28,France,Europe,Omicron BA.2,22,0,20.0,305,352.0,0.0392,0.0379,2.0,0.7908,33.29,1.093
2022-07-28,France,Europe,Omicron BA.2,8,0,8.0,114,112.0,0.064,0.0222,0.0,0.7989,15.58,1.931
2022-08-04,France,Europe,Omicron BA.2,54,0,51.0,734,702.0,0.0729,0.0244,3.0,0.8063,32.65,1.551
2022-08-04,France,Europe,Omicron BA.2,3,0,2.0,34,51.0,0.0518,0.046,0.0,0.8074,32.65,1.816
2022-08-08,France,Europe,Omicron BA.2,6,0,5.0,59,108.0,0.0679,0.0433,0.0,0.8243,32.65,2.12
2022-08-08,France,Europe,Omicron BA.2,17,0,16.0,270,374.0,0.0451,0.0283,2.0,0.7992,23.42,1.455
2022-08-08,France,Europe,Omicron BA.2,1,0,0.0,11,19.0,0.0538,0.0215,0.0,0.8071,25.39,1.641
2022-08-08,France,Europe,Omicron BA.2,4,0,3.0,62,60.0,0.068,0.0412,0.0,0.8133,24.74,1.212
2022-08-16,France,Europe,Omicron BA.2,6,0,6.0,60,126.0,0.959686275,0.0445,0.0,0.8088,19.57,1.821
2022-08-19,France,Europe,Omicron BA.2,7,0,7.0,83,112.0,0.053,0.0212,0.0,0.8397,35.36,1.239
2022-08-19,France,Europe,Omicron BA.2,11,0,11.0,174,198.0,0.0513,0.0372,1.0,0.8488,27.3,1.769
2022-08-20,France,Europe,Omicron BA.2,6,0,5.0,96,144.0,0.0455,0.043,0.0,0.841,39.95,1.414
2022-08-21,France,Europe,Omicron BA.2,1,0,1.0,13,19.0,0.0412,0.0223,0.0,0.8346,37.05,1.645
2022-08-22,France,Europe,Omicron BA.2,11,0,10.0,164,253.0,0.0336,0.0372,1.0,0.8352,31.39,0.997
2022-08-22,France,Europe,Omicron BA.2,20,0,19.0,208,360.0,0.0437,0.0372,2.0,0.8351,15.57,1.799
2022-08-23,France,Europe,Omicron BA.2,6,0,5.0,62,132.0,0.0367,0.0312,0.0,0.8318,10.81,1.401
2022-08-23,France,Europe,Omicron BA.2,21,0,20.0,256,441.0,0.0465,0.0211,1.0,0.8341,24.23,1.346
2022-08-29,France,Europe,Omicron BA.2,5,0,5.0,50,70.0,0.0703,0.0372,0.0,0.8379,22.76,1.59
2022-08-30,France,Europe,Omicron BA.2,1,0,0.0,14,24.0,0.033,0.028,0.0,0.8434,23.4,1.475
2022-09-04,France,Europe,Omicron BA.2,1,0,0.0,17,23.0,0.0476,0.04,0.0,0.8451,25.72,1.641
2022-09-10,France,Europe,Omicron BA.2,20,0,18.0,304,360.0,0.0422,0.0399,1.0,0.8728,36.99,1.29
2022-09-12,France,Europe,Omicron BA.2,1,0,0.0,14,22.0,0.052,0.0238,0.0,0.8739,22.94,1.645
2022-09-16,France,Europe,Omicron BA.2,3,0,2.0,42,60.0,0.0433,0.0344,0.0,0.8754,38.13,1.143
2022-09-17,France,Europe,Omicron BA.2,20,0,19.0,363,400.0,0.0377,0.0333,3.0,0.8766,25.25,1.37
2022-09-19,France,Europe,Omicron BA.2,3,0,2.0,54,39.0,0.0804,0.034,0.0,0.8744,37.93,1.512
2022-09-21,France,Europe,Omicron BA.2,2,0,1.0,28,32.0,0.0754,0.0201,0.0,0.892,16.81,1.645
2022-09-24,France,Europe,Omicron BA.2,7,0,6.0,107,168.0,0.0417,0.027,0.0,0.88,36.28,1.5
2022-09-25,France,Europe,Omicron BA.2,3,0,2.0,35,69.0,0.0472,0.0339,0.0,0.8805,30.51,1.686
2022-09-28,France,Europe,Omicron BA.2,11,0,10.0,142,143.0,0.0685,0.0357,0.0,0.8963,30.51,1.645
2022-10-09,France,Europe,Omicron BA.2,11,0,11.0,184,187.0,0.0525,0.0202,0.0,0.8976,30.53,1.027
2022-10-16,France,Europe,Omicron BA.2,2,0,2.0,24,48.0,0.038,0.0267,0.0,0.92,11.9,1.436
2022-10-16,France,Europe,Omicron BA.2,1,0,0.0,13,23.0,0.0465,0.021,0.0,0.8909,40.77,1.138
2022-10-17,France,Europe,Omicron BA.2,6,0,5.0,89,78.0,0.0736,0.0275,0.0,0.9088,21.45,1.674
2022-10-19,France,Europe,Omicron BA.2,2,0,2.0,29,30.0,0.0659,0.0385,0.0,0.9064,18.95,1.38
2022-10-20,France,Europe,Omicron BA.2,4,0,3.0,54,84.0,0.0514,0.0285,0.0,0.9125,29.28,1.645
2022-10-25,France,Europe,Omicron BA.2,11,0,10.0,141,209.0,0.0509,0.0228,0.0,0.914,17.81,1.017
2022-10-25,France,Europe,Omicron BA.2,2,0,1.0,27,44.0,0.0449,0.0337,0.0,0.92,11.84,1.647
2022-10-26,France,Europe,Omicron BA.2,4,0,3.0,62,92.0,0.0316,0.0248,0.0,0.9176,26.32,1.805
2022-10-29,France,Europe,Omicron BA.2,2,0,2.0,25,42.0,0.0536,0.0307,0.0,0.92,16.91,1.447
2022-10-30,France,Europe,Omicron BA.2,16,0,14.0,235,240.0,0.0647,0.0309,1.0,0.92,18.92,1.197
2022-11-03,France,Europe,Omicron BA.2,11,0,11.0,143,187.0,0.0692,0.0372,0.0,0.92,18.92,1.013
2022-11-03,France,Europe,Omicron BA.2,12,0,11.0,124,180.0,0.0742,0.0236,0.0,0.92,22.11,1.63
2022-11-03,France,Europe,Omicron BA.2,6,0,5.0,99,84.0,0.0651,0.0321,0.0,0.92,26.46,1.789
2022-11-04,France,Europe,Omicron BA.2,1,0,0.0,10,20.0,0.0535,0.0281,0.0,0.92,23.41,1.357
2022-11-04,France,Europe,Omicron BA.2,7,0,6.0,91,133.0,0.064,0.022,0.0,0.92,34.78,1.468
2022-11-06,France,Europe,Omicron BA.2,30,0,28.0,498,690.0,0.0468,0.0331,3.0,0.92,15.99,1.202
2022-11-07,France,Europe,Omicron BA.2,15,0,14.0,228,255.0,0.0747,0.0311,1.0,0.92,25.59,1.079
2022-11-10,France,Europe,Omicron BA.2,1,0,0.0,12,20.0,0.0445,0.0372,0.0,0.92,14.82,1.645
2022-11-12,France,Europe,Omicron BA.2,10,0,10.0,108,150.0,0.0675,0.0295,0.0,0.92,10.85,1.117
2022-11-12,France,Europe,Omicron BA.2,1,0,0.0,12,20.0,0.0323,0.0187,0.0,0.92,10.85,1.501
2022-11-15,France,Europe,Omicron BA.2,3,0,2.0,29,36.0,0.0858,0.0331,0.0,0.92,34.33,1.072
2022-11-15,France,Europe,Omicron BA.2,10,0,10.0,114,200.0,0.051,0.0198,0.0,0.92,22.11,1.153
2022-11-16,France,Europe,Omicron BA.2,32,0,31.0,393,448.0,0.0673,0.0282,1.0,0.92,22.11,1.073
2022-11-17,France,Europe,Omicron BA.2,1,0,0.0,16,23.0,0.0297,0.0371,0.0,0.92,20.83,1.646
2022-11-18,France,Europe,Omicron BA.2,3,0,3.0,31,39.0,0.0845,0.024,0.0,0.92,33.93,1.605
2022-11-22,France,Europe,Omicron BA.2,24,0,23.0,418,360.0,0.850716448,0.0382,3.0,0.92,24.57,1.266
2022-11-22,France,Europe,Omicron BA.2,1,0,1.0,9,17.0,0.0519,0.0224,0.0,0.92,25.07,0.931
2022-11-24,France,Europe,Omicron BA.2,65,0,62.0,866,1560.0,0.0409,0.0283,5.0,0.92,26.32,1.804
2022-11-26,France,Europe,Omicron BA.2,2,0,2.0,22,24.0,0.0753,0.0277,0.0,0.92,29.0,1.645
2022-11-26,France,Europe,Omicron BA.2,14,0,13.0,241,252.0,0.928090958,0.0235,1.0,0.92,9.38,1.351
2022-11-28,France,Europe,Omicron BA.2,2,0,2.0,32,44.0,0.0507,0.0331,0.0,0.92,10.64,2.198
2022-11-30,France,Europe,Omicron BA.2,11,0,10.0,115,231.0,0.0529,0.0327,0.0,0.92,24.76,1.572
2022-11-30,France,Europe,Omicron BA.2,1,0,1.0,11,15.0,0.089,0.0232,0.0,0.92,28.82,1.381
2022-12-03,France,Europe,Omicron BA.2,21,0,19.0,326,504.0,0.0506,0.0336,1.0,0.92,35.81,1.179
2022-12-04,France,Europe,Omicron BA.2,1,0,0.0,11,18.0,0.062,0.0189,0.0,0.92,35.21,1.484
2022-12-05,France,Europe,Omicron BA.2,83,0,79.0,978,1577.0,0.0566,0.0172,3.0,0.92,22.07,1.68
2022-12-14,France,Europe,Omicron BA.2,21,0,20.0,374,273.0,0.0869,0.0355,3.0,0.92,19.44,1.448
2022-12-15,France,Europe,Omicron BA.2,2,0,1.0,27,46.0,0.0475,0.0376,0.0,0.92,29.13,1.383
2022-12-15,France,Europe,Omicron BA.2,1,0,0.0,16,12.0,0.0858,0.0372,0.0,0.92,29.13,1.236
2022-12-18,France,Europe,Omicron BA.2,9,0,9.0,139,162.0,0.0346,0.0238,0.0,0.92,22.61,1.488
2022-12-19,France,Europe,Omicron BA.2,4,0,4.0,67,92.0,0.0493,0.0326,0.0,0.92,5.88,1.165
2022-12-21,France,Europe,Omicron BA.2,3,0,2.0,32,60.0,0.052,0.0316,0.0,0.92,15.99,1.976
2022-12-24,France,Europe,Omicron BA.2,9,0,8.0,97,216.0,0.0275,0.0201,0.0,0.92,17.87,1.077
2022-12-24,France,Europe,Omicron BA.2,9,0,8.0,138,135.0,0.0677,0.0217,0.0,0.92,27.88,1.531
2022-12-25,France,Europe,Omicron BA.2,5,0,5.0,87,75.0,0.0675,0.0169,0.0,0.92,34.6,1.58
2022-12-26,France,Europe,Omicron BA.2,22,0,21.0,244,506.0,0.055,0.0377,2.0,0.92,34.48,0.927
2022-12-28,France,Europe,Omicron BA.2,2,0,1.0,28,40.0,0.0542,0.0372,0.0,0.92,22.25,1.796
2022-12-29,France,Europe,Omicron BA.2,3,0,2.0,49,48.0,0.0492,0.0377,0.0,0.92,22.25,1.464
2022-12-29,France,Europe,Omicron BA.2,1,0,1.0,17,15.0,0.0708,0.0196,0.0,0.92,21.38,1.529
2020-01-23,Germany,Europe,Original,1,0,0.0,16,13.0,0.0754,0.1887,0.0,0.0,15.93,0.911
2020-01-23,Germany,Europe,Original,4,0,3.0,71,64.0,0.057,0.1672,2.0,0.0,13.63,0.428
2020-01-26,Germany,Europe,Original,1,0,0.0,13,61.5,0.05885,0.1902,0.0,0.0,15.8,1.085
2020-01-30,Germany,Europe,Original,2,0,1.0,36,38.0,0.0584,0.161,0.0,0.0,3.68,0.996
2020-02-02,Germany,Europe,Original,11,0,10.0,185,61.5,0.05885,0.0978,4.0,0.0,4.16,0.693
2020-02-03,Germany,Europe,Original,6,0,5.0,79,78.0,0.085,0.1952,2.0,0.0,10.83,0.926
2020-02-04,Germany,Europe,Original,1,0,0.0,15,22.0,0.0521,0.1716,0.0,0.0,16.85,0.862
2020-02-05,Germany,Europe,Original,9,0,8.0,127,189.0,0.0476,0.15155000000000002,3.0,0.0,10.2,0.824
2020-02-05,Germany,Europe,Original,3,0,2.0,39,61.5,0.05885,0.2007,1.0,0.0,17.04,1.126
2020-02-06,Germany,Europe,Original,2,0,1.0,28,61.5,0.05885,0.1699,1.0,0.0,14.24,1.02
2020-02-07,Germany,Europe,Original,3,0,2.0,40,42.0,0.0828,0.15155000000000002,1.0,0.0,9.17,0.428
2020-02-10,Germany,Europe,Original,7,0,6.0,73,91.0,0.0743,0.2025,2.0,0.0,15.97,1.111
2020-02-17,Germany,Europe,Original,1,0,0.0,17,16.0,0.0589,0.1575,0.0,0.0,20.0,0.631
2020-02-17,Germany,Europe,Original,2,0,1.0,30,30.0,0.0598,0.109,0.0,0.0,13.1,0.785
2020-02-18,Germany,Europe,Original,10,0,9.0,137,61.5,0.05885,0.1185,4.0,0.0,10.74,0.794
2020-02-19,Germany,Europe,Original,11,0,10.0,134,61.5,0.05885,0.15155000000000002,3.0,0.0,10.74,1.057
2020-02-20,Germany,Europe,Original,30,0,28.0,460,61.5,0.05885,0.1784,21.0,0.0,12.84,0.615
2020-02-21,Germany,Europe,Original,1,0,0.0,15,16.0,0.0732,0.1556,0.0,0.0,68.07,0.4
2020-02-24,Germany,Europe,Original,8,0,7.0,114,61.5,0.05885,0.1824,5.0,0.0,86.71,0.4
2020-02-24,Germany,Europe,Original,1,0,0.0,13,21.0,0.0391,0.1536,0.0,0.0,86.5,0.4
2020-02-25,Germany,Europe,Original,1,0,0.0,15,61.5,0.05885,0.152,0.0,0.0,81.28,0.4
2020-02-26,Germany,Europe,Original,2,0,1.0,26,32.0,0.0664,0.097,0.0,0.0,79.27,0.4
2020-02-26,Germany,Europe,Original,1,0,0.0,14,15.0,0.0703,0.194,0.0,0.0,78.02,0.4
2020-02-28,Germany,Europe,Original,6,0,5.0,99,144.0,0.0439,0.0998,1.0,0.0,82.15,0.4
2020-03-08,Germany,Europe,Original,3,0,2.0,54,61.5,0.05885,0.1297,2.0,0.0,82.15,0.428
2020-03-08,Germany,Europe,Original,30,0,28.0,322,61.5,0.05885,0.1682,14.0,0.0,86.99,0.4
2020-03-09,Germany,Europe,Original,1,0,0.0,14,15.0,0.0822,0.1211,0.0,0.0,80.84,0.4
2020-03-09,Germany,Europe,Original,8,0,7.0,106,112.0,0.0721,0.1387,2.0,0.0,82.2,0.4
2020-03-10,Germany,Europe,Original,18,0,17.0,198,234.0,0.0751,0.166,9.0,0.0,86.42,0.4
2020-03-14,Germany,Europe,Original,11,0,10.0,125,209.0,0.0558,0.15155000000000002,5.0,0.0,94.23,0.4
2020-03-14,Germany,Europe,Original,1,0,0.0,14,16.0,0.0557,0.1761,0.0,0.0,90.97,0.4
2020-03-14,Germany,Europe,Original,1,0,0.0,10,23.0,0.0532,0.1227,0.0,0.0,71.53,0.428
2020-03-16,Germany,Europe,Original,1,0,0.0,15,12.0,0.071,0.116,0.0,0.0,76.62,0.4
2020-03-16,Germany,Europe,Original,1,0,0.0,17,61.5,0.05885,0.1713,0.0,0.0,78.73,0.4
2020-03-21,Germany,Europe,Original,3,0,2.0,41,61.5,0.05885,0.1971,1.0,0.0,72.86,0.4
2020-03-21,Germany,Europe,Original,1,0,0.0,13,17.0,0.058,0.1024,0.0,0.0,68.03,0.429
2020-03-22,Germany,Europe,Original,10,0,9.0,158,61.5,0.05885,0.1772,4.0,0.0,81.72,0.4
2020-03-24,Germany,Europe,Original,2,0,1.0,27,61.5,0.05885,0.1449,0.0,0.0,91.02,0.4
2020-03-24,Germany,Europe,Original,13,0,12.0,132,61.5,0.05885,0.1326,4.0,0.0,91.02,0.4
2020-03-24,Germany,Europe,Original,1,0,0.0,17,61.5,0.05885,0.1954,0.0,0.0,87.87,0.4
2020-03-26,Germany,Europe,Original,4,0,3.0,39,48.0,0.0827,0.1209,1.0,0.0,88.82,0.4
2020-03-27,Germany,Europe,Original,5,0,4.0,52,61.5,0.05885,0.0931,0.0,0.0,77.05,0.4
2020-03-28,Germany,Europe,Original,2,0,1.0,23,61.5,0.05885,0.1289,0.0,0.0,92.52,0.4
2020-03-29,Germany,Europe,Original,1,0,0.0,10,18.0,0.0618,0.1449,0.0,0.0,96.48,0.428
2020-03-30,Germany,Europe,Original,15,0,14.0,271,330.0,0.0373,0.15155000000000002,6.0,0.0,66.95,0.428
2020-03-31,Germany,Europe,Original,6,0,5.0,68,144.0,0.0354,0.1535,2.0,0.0,66.95,0.47
2020-04-04,Germany,Europe,Original,36,0,34.0,481,648.0,0.0603,0.1462,20.0,0.0,76.9,0.4
2020-04-05,Germany,Europe,Original,1,0,0.0,14,12.0,0.0843,0.1593,0.0,0.0,79.73,0.4
2020-04-05,Germany,Europe,Original,7,0,6.0,101,61.5,0.05885,0.1955,3.0,0.0,84.93,0.4
2020-04-07,Germany,Europe,Original,8,0,7.0,104,112.0,0.0643,0.129,3.0,0.0,77.27,0.4
2020-04-08,Germany,Europe,Original,51,0,48.0,708,1224.0,0.0446,0.1237,21.0,0.0,89.6,0.4
2020-04-09,Germany,Europe,Original,1,0,0.0,12,23.0,0.0392,0.1202,0.0,0.0,93.91,0.4
2020-04-13,Germany,Europe,Original,3,0,2.0,50,61.5,0.05885,0.0936,1.0,0.0,69.23,0.419
2020-04-15,Germany,Europe,Original,1,0,0.0,15,22.0,0.0622,0.1711,0.0,0.0,82.0,0.4
2020-04-16,Germany,Europe,Original,10,0,9.0,118,140.0,0.0717,0.1157,3.0,0.0,93.75,0.4
2020-04-16,Germany,Europe,Original,4,0,3.0,64,60.0,0.0771,0.1815,3.0,0.0,93.8,0.4
2020-04-17,Germany,Europe,Original,2,0,1.0,35,34.0,0.044,0.2009,1.0,0.0,93.8,0.4
2020-04-18,Germany,Europe,Original,3,0,2.0,51,61.5,0.05885,0.1241,1.0,0.0,71.57,0.4
2020-04-19,Germany,Europe,Original,2,0,1.0,28,26.0,0.0701,0.1402,0.0,0.0,91.53,0.4
2020-04-21,Germany,Europe,Original,2,0,1.0,23,48.0,0.0531,0.15155000000000002,0.0,0.0,72.28,0.4
2020-04-24,Germany,Europe,Original,2,0,1.0,30,48.0,0.0272,0.1187,0.0,0.0,63.45,0.4
2020-05-02,Germany,Europe,Original,2,0,1.0,28,61.5,0.05885,0.1039,0.0,0.0,63.45,0.4
2020-05-04,Germany,Europe,Original,5,0,4.0,73,90.0,0.0525,0.15155000000000002,2.0,0.0,70.82,0.4
2020-05-06,Germany,Europe,Original,3,0,2.0,51,61.5,0.05885,0.1817,2.0,0.0,68.24,0.428
2020-05-12,Germany,Europe,Original,2,0,1.0,33,61.5,0.05885,0.15155000000000002,1.0,0.0,62.31,0.498
2020-05-15,Germany,Europe,Original,2,0,1.0,35,46.0,0.0415,0.1974,1.0,0.0,73.35,0.4
2020-05-15,Germany,Europe,Original,4,0,3.0,62,61.5,0.05885,0.1101,2.0,0.0,46.69,0.635
2020-05-19,Germany,Europe,Original,1,0,0.0,15,61.5,0.05885,0.1105,0.0,0.0,54.84,0.4
2020-05-23,Germany,Europe,Original,13,0,12.0,140,61.5,0.05885,0.2012,7.0,0.0,63.57,0.467
2020-05-26,Germany,Europe,Original,2,0,1.0,34,44.0,0.0348,0.1371,0.0,0.0,62.73,0.482
2020-06-02,Germany,Europe,Original,11,0,10.0,166,264.0,0.0468,0.1905,5.0,0.0,50.29,0.548
2020-06-03,Germany,Europe,Original,6,0,5.0,65,102.0,0.0504,0.1043,1.0,0.0,69.23,0.4
2020-06-04,Germany,Europe,Original,5,0,4.0,53,115.0,0.0473,0.1649,2.0,0.0,70.02,0.4
2020-06-07,Germany,Europe,Original,6,0,5.0,68,132.0,0.0543,0.1058,1.0,0.0,46.64,0.428
2020-06-09,Germany,Europe,Original,15,0,13.0,200,270.0,0.0646,0.1004,4.0,0.0,66.83,0.4
2020-06-10,Germany,Europe,Original,4,0,3.0,69,72.0,0.0588,0.1798,2.0,0.0,52.06,0.423
2020-06-13,Germany,Europe,Original,9,0,8.0,100,117.0,0.085,0.1017,2.0,0.0,70.33,0.428
2020-06-15,Germany,Europe,Original,7,0,6.0,117,98.0,0.0626,0.156,5.0,0.0,62.08,0.4
2020-06-16,Germany,Europe,Original,19,0,17.0,255,456.0,0.0433,0.1515,7.0,0.0,58.78,0.433
2020-06-17,Germany,Europe,Original,1,0,0.0,10,24.0,0.034,0.1675,0.0,0.0,66.06,0.4
2020-06-17,Germany,Europe,Original,12,0,11.0,137,192.0,0.0658,0.1056,3.0,0.0,43.27,0.672
2020-06-19,Germany,Europe,Original,4,0,3.0,66,88.0,0.0614,0.1627,2.0,0.0,51.04,0.459
2020-06-19,Germany,Europe,Original,6,0,5.0,104,132.0,0.0425,0.2015,6.0,0.0,67.37,0.4
2020-06-21,Germany,Europe,Original,8,0,7.0,101,192.0,0.057,0.15155000000000002,4.0,0.0,68.44,0.4
2020-06-28,Germany,Europe,Original,1,0,0.0,15,18.0,0.0708,0.1359,0.0,0.0,68.98,0.428
2020-06-28,Germany,Europe,Original,1,0,0.0,13,20.0,0.0492,0.1106,0.0,0.0,59.05,0.559
2020-06-30,Germany,Europe,Original,27,0,26.0,429,486.0,0.0619,0.1293,10.0,0.0,50.74,0.438
2020-07-01,Germany,Europe,Original,6,0,5.0,69,114.0,0.0361,0.1802,3.0,0.0,51.04,0.4
2020-07-09,Germany,Europe,Original,1,0,0.0,10,12.0,0.0761,0.15155000000000002,0.0,0.0,73.38,0.4
2020-07-19,Germany,Europe,Original,1,0,0.0,17,16.0,0.079,0.1895,0.0,0.0,60.59,0.428
2020-07-21,Germany,Europe,Original,3,0,2.0,37,48.0,0.0717,0.0938,0.0,0.0,72.23,0.4
2020-07-22,Germany,Europe,Original,3,0,2.0,51,51.0,0.0577,0.15155000000000002,1.0,0.0,56.94,0.428
2020-07-23,Germany,Europe,Original,5,0,4.0,74,105.0,0.0551,0.15155000000000002,3.0,0.0,59.62,0.477
2020-07-23,Germany,Europe,Original,5,0,4.0,53,65.0,0.0797,0.0923,1.0,0.0,59.62,0.4
2020-07-24,Germany,Europe,Original,21,0,20.0,363,399.0,0.0564,0.1337,9.0,0.0,75.43,0.4
2020-07-24,Germany,Europe,Original,1,0,0.0,15,15.0,0.0518,0.0982,0.0,0.0,75.41,0.4
2020-07-24,Germany,Europe,Original,1,0,0.0,16,18.0,0.0606,0.1897,0.0,0.0,51.72,0.473
2020-07-25,Germany,Europe,Original,2,0,1.0,21,42.0,0.0545,0.0974,0.0,0.0,42.58,0.421
2020-07-30,Germany,Europe,Original,3,0,2.0,49,39.0,0.0859,0.1941,1.0,0.0,57.41,0.4
2020-07-31,Germany,Europe,Original,15,0,13.0,253,360.0,0.0402,0.1917,13.0,0.0,58.45,0.4
2020-07-31,Germany,Europe,Original,3,0,2.0,39,63.0,0.0254,0.1912,1.0,0.0,45.09,0.634
2020-08-01,Germany,Europe,Original,1,0,0.0,17,12.0,0.0892,0.1973,0.0,0.0,59.69,0.4
2020-08-02,Germany,Europe,Original,1,0,0.0,12,16.0,0.0666,0.1778,0.0,0.0,51.01,0.594
2020-08-02,Germany,Europe,Original,3,0,2.0,48,69.0,0.0319,0.1871,1.0,0.0,57.71,0.549
2020-08-06,Germany,Europe,Original,1,0,0.0,14,24.0,0.051,0.0983,0.0,0.0,72.67,0.4
2020-08-07,Germany,Europe,Original,17,0,16.0,279,306.0,0.0472,0.15155000000000002,7.0,0.0,62.52,0.428
2020-08-07,Germany,Europe,Original,3,0,2.0,51,54.0,0.05,0.1329,1.0,0.0,66.73,0.428
2020-08-08,Germany,Europe,Original,12,0,11.0,119,192.0,0.0531,0.0944,2.0,0.0,60.71,0.402
2020-08-10,Germany,Europe,Original,3,0,2.0,32,42.0,0.0703,0.1536,0.0,0.0,43.63,0.558
2020-08-10,Germany,Europe,Original,19,0,17.0,208,323.0,0.066,0.1864,11.0,0.0,54.06,0.642
2020-08-13,Germany,Europe,Original,25,0,23.0,364,325.0,0.0631,0.1213,10.0,0.0,54.06,0.428
2020-08-14,Germany,Europe,Original,2,0,1.0,31,44.0,0.0552,0.1574,1.0,0.0,51.42,0.62
2020-08-14,Germany,Europe,Original,2,0,1.0,23,46.0,0.0517,0.1822,1.0,0.0,40.42,0.46
2020-08-15,Germany,Europe,Original,4,0,3.0,51,72.0,0.0719,0.1663,1.0,0.0,54.84,0.552
2020-08-16,Germany,Europe,Original,10,0,9.0,153,180.0,0.048,0.1227,5.0,0.0,39.4,0.503
2020-08-18,Germany,Europe,Original,3,0,2.0,34,39.0,0.0752,0.1683,1.0,0.0,44.32,0.41
2020-08-19,Germany,Europe,Original,22,0,20.0,375,440.0,0.0393,0.1775,19.0,0.0,49.86,0.631
2020-08-20,Germany,Europe,Original,8,0,7.0,111,104.0,0.0695,0.1286,3.0,0.0,43.17,0.641
2020-08-21,Germany,Europe,Original,6,0,5.0,75,102.0,0.0617,0.15155000000000002,1.0,0.0,29.43,0.705
2020-08-21,Germany,Europe,Original,3,0,2.0,30,63.0,0.0586,0.1465,0.0,0.0,29.43,0.636
2020-08-27,Germany,Europe,Original,1,0,0.0,10,22.0,0.0505,0.1995,0.0,0.0,45.63,0.448
2020-08-29,Germany,Europe,Original,2,0,1.0,35,40.0,0.0675,0.0925,0.0,0.0,46.28,0.5
2020-09-01,Germany,Europe,Original,1,0,0.0,13,14.0,0.0768,0.15155000000000002,0.0,0.0,59.49,0.455
2020-09-05,Germany,Europe,Original,2,0,1.0,32,24.0,0.073,0.15155000000000002,1.0,0.0,55.11,0.441
2020-09-05,Germany,Europe,Original,10,0,9.0,175,120.0,0.0714,0.1429,4.0,0.0,51.97,0.54
2020-09-07,Germany,Europe,Original,1,0,0.0,10,23.0,0.0596,0.142,0.0,0.0,51.97,0.551
2020-09-14,Germany,Europe,Original,5,0,4.0,52,90.0,0.0714,0.1844,2.0,0.0,41.07,0.542
2020-09-24,Germany,Europe,Original,1,0,0.0,16,21.0,0.0612,0.1806,0.0,0.0,53.31,0.45
2020-09-25,Germany,Europe,Original,1,0,0.0,10,23.0,0.0347,0.0972,0.0,0.0,50.22,0.679
2020-09-26,Germany,Europe,Original,14,0,13.0,221,196.0,0.074,0.1453,6.0,0.0,47.2,0.736
2020-09-26,Germany,Europe,Original,3,0,2.0,49,51.0,0.0402,0.1834,2.0,0.0,34.44,0.498
2020-09-29,Germany,Europe,Original,4,0,3.0,57,96.0,0.0473,0.1216,1.0,0.0,52.06,0.493
2020-09-30,Germany,Europe,Original,1,0,0.0,11,23.0,0.0494,0.1479,0.0,0.0,37.61,0.664
2020-10-01,Germany,Europe,Original,3,0,2.0,39,69.0,0.0548,0.1069,1.0,0.0,31.23,0.574
2020-10-01,Germany,Europe,Original,1,0,0.0,12,13.0,0.0728,0.1472,0.0,0.0,54.32,0.406
2020-10-05,Germany,Europe,Original,6,0,5.0,65,144.0,0.0402,0.157,2.0,0.0,57.96,0.428
2020-10-06,Germany,Europe,Original,3,0,2.0,44,51.0,0.07,0.15155000000000002,2.0,0.0,43.68,0.765
2020-10-09,Germany,Europe,Original,1,0,0.0,10,12.0,0.0773,0.1798,0.0,0.0,57.92,0.4
2020-10-10,Germany,Europe,Original,2,0,1.0,32,34.0,0.0473,0.0979,0.0,0.0,46.12,0.7
2020-10-10,Germany,Europe,Original,8,0,7.0,124,192.0,0.0334,0.15155000000000002,5.0,0.0,53.14,0.527
2020-10-11,Germany,Europe,Original,45,0,43.0,466,675.0,0.0661,0.2088,19.0,0.0,53.14,0.428
2020-10-11,Germany,Europe,Original,13,0,12.0,233,247.0,0.0606,0.1471,8.0,0.0,58.31,0.4
2020-10-14,Germany,Europe,Original,5,0,4.0,51,65.0,0.0922,0.1899,1.0,0.0,49.06,0.428
2020-10-14,Germany,Europe,Original,1,0,0.0,14,24.0,0.0478,0.1312,0.0,0.0,59.75,0.4
2020-10-19,Germany,Europe,Original,24,0,23.0,253,432.0,0.0462,0.15155000000000002,7.0,0.0,40.9,0.427
2020-10-20,Germany,Europe,Original,4,0,3.0,56,68.0,0.067,0.0929,1.0,0.0,54.82,0.56
2020-10-21,Germany,Europe,Original,2,0,1.0,27,46.0,0.0407,0.1121,0.0,0.0,49.49,0.4
2020-10-23,Germany,Europe,Original,8,0,7.0,125,96.0,0.1076,0.0997,2.0,0.0,38.81,0.724
2020-10-25,Germany,Europe,Original,6,0,5.0,63,144.0,0.0374,0.1567,1.0,0.0,38.86,0.467
2020-10-28,Germany,Europe,Alpha,10,0,9.0,159,240.0,0.0427,0.1698,4.0,0.0,39.83,0.757
2020-10-28,Germany,Europe,Alpha,2,0,1.0,25,38.0,0.0366,0.1866,0.0,0.0,50.57,0.547
2020-10-29,Germany,Europe,Alpha,2,0,1.0,27,34.0,0.0616,0.1719,0.0,0.0,45.38,0.493
2020-11-07,Germany,Europe,Original,4,0,3.0,40,88.0,0.0648,0.15155000000000002,1.0,0.0,45.38,0.432
2020-11-07,Germany,Europe,Alpha,2,0,1.0,29,38.0,0.0596,0.223,1.0,0.0,55.67,0.736
2020-11-09,Germany,Europe,Alpha,3,0,2.0,39,66.0,0.0354,0.1739,1.0,0.0,53.97,0.79
2020-11-20,Germany,Europe,Alpha,17,0,15.0,185,408.0,0.0449,0.1171,4.0,0.0,53.97,0.856
2020-11-22,Germany,Europe,Alpha,1,0,0.0,13,19.0,0.0495,0.1052,0.0,0.0,42.67,0.564
2020-11-22,Germany,Europe,Alpha,8,0,7.0,98,192.0,0.0502,0.1603,5.0,0.0,50.34,0.493
2020-11-24,Germany,Europe,Alpha,1,0,0.0,17,12.0,0.878186484,0.2186,1.0,0.0,55.44,0.639
2020-11-26,Germany,Europe,Alpha,1,0,0.0,15,13.0,0.0813,0.1603,0.0,0.0,34.09,0.74
2020-11-27,Germany,Europe,Alpha,16,0,15.0,209,272.0,0.0626,0.2026,10.0,0.0,49.09,0.683
2020-12-01,Germany,Europe,Alpha,9,0,8.0,90,198.0,0.0519,0.1223,1.0,0.0,56.26,0.544
2020-12-04,Germany,Europe,Alpha,1,0,0.0,14,19.0,0.0485,0.2017,0.0,0.0,52.08,0.493
2020-12-05,Germany,Europe,Alpha,17,0,15.0,246,374.0,0.0607,0.1851,10.0,0.0,47.31,0.758
2020-12-09,Germany,Europe,Alpha,64,1,60.0,1066,1472.0,0.0337,0.195,55.0,0.0,57.13,0.562
2020-12-09,Germany,Europe,Alpha,1,0,0.0,18,22.0,0.0311,0.139,0.0,0.0,61.36,0.478
2020-12-09,Germany,Europe,Alpha,1,0,0.0,11,17.0,0.0505,0.1603,0.0,0.0,60.65,0.483
2020-12-17,Germany,Europe,Alpha,1,0,0.0,15,20.0,0.0631,0.1868,0.0,0.0,65.33,0.498
2020-12-19,Germany,Europe,Alpha,48,0,45.0,538,912.0,0.0561,0.1868,16.0,0.0,52.06,0.729
2020-12-26,Germany,Europe,Alpha,4,0,3.0,46,84.0,0.0467,0.1153,1.0,0.0,77.13,0.4
2020-12-26,Germany,Europe,Alpha,1,0,0.0,15,20.0,0.0499,0.2088,0.0,0.0,72.59,0.46
2020-12-29,Germany,Europe,Alpha,4,0,3.0,41,68.0,0.0574,0.1034,0.0,0.0,74.51,0.4
2021-01-01,Germany,Europe,Alpha,3,0,2.0,46,57.0,0.0518,0.206,1.0,0.0,61.87,0.51
2021-01-06,Germany,Europe,Alpha,6,0,5.0,82,138.0,0.0503,0.1737,2.0,0.0034,60.48,0.71
2021-01-07,Germany,Europe,Alpha,9,0,8.0,128,216.0,0.042,0.1603,4.0,0.0,72.56,0.4
2021-01-10,Germany,Europe,Alpha,6,0,5.0,83,84.0,0.0573,0.1386,2.0,0.0142,56.96,0.732
2021-01-15,Germany,Europe,Alpha,14,0,12.0,148,322.0,0.0407,0.1621,5.0,0.0206,53.9,0.51
2021-01-22,Germany,Europe,Alpha,2,0,1.0,36,32.0,0.0583,0.1922,1.0,0.0233,54.69,0.505
2021-01-22,Germany,Europe,Alpha,8,0,7.0,80,136.0,0.0377,0.1013,2.0,0.0233,63.93,0.4
2021-01-28,Germany,Europe,Alpha,3,0,2.0,47,69.0,0.0431,0.1544,1.0,0.0255,62.06,0.503
2021-01-28,Germany,Europe,Alpha,4,0,3.0,50,84.0,0.0322,0.2009,1.0,0.0517,62.06,0.668
2021-01-29,Germany,Europe,Alpha,18,0,17.0,192,288.0,0.0677,0.1233,5.0,0.0375,59.41,0.4
2021-01-30,Germany,Europe,Alpha,59,1,54.0,761,1298.0,0.0539,0.1349,17.0,0.0297,78.31,0.493
2021-02-01,Germany,Europe,Alpha,1,0,0.0,12,21.0,0.0555,0.1131,0.0,0.0384,61.5,0.493
2021-02-02,Germany,Europe,Alpha,5,0,4.0,65,75.0,0.069,0.2233,3.0,0.0311,61.71,0.57
2021-02-07,Germany,Europe,Alpha,2,0,1.0,30,30.0,0.0652,0.1447,1.0,0.0214,51.45,0.483
2021-02-10,Germany,Europe,Alpha,19,0,18.0,218,456.0,0.0401,0.2135,9.0,0.052,64.25,0.418
2021-02-13,Germany,Europe,Alpha,34,0,32.0,340,646.0,0.0357,0.1024,6.0,0.0699,61.44,0.44
2021-02-23,Germany,Europe,Alpha,1,0,0.0,12,24.0,0.0298,0.1841,0.0,0.0632,71.77,0.4
2021-02-26,Germany,Europe,Alpha,10,0,9.0,169,120.0,0.0888,0.0951,3.0,0.0632,58.58,0.675
2021-02-26,Germany,Europe,Alpha,1,0,0.0,15,15.0,0.0643,0.1603,0.0,0.0632,52.68,0.599
2021-02-27,Germany,Europe,Alpha,5,0,4.0,58,70.0,0.0765,0.1679,2.0,0.0785,69.82,0.4
2021-02-27,Germany,Europe,Alpha,6,0,5.0,100,72.0,0.0832,0.1099,1.0,0.0696,69.35,0.4
2021-02-27,Germany,Europe,Alpha,3,0,2.0,53,66.0,0.0331,0.1838,2.0,0.0696,56.43,0.46
2021-02-28,Germany,Europe,Alpha,1,0,0.0,16,24.0,0.058,0.2008,0.0,0.0656,82.39,0.4
2021-03-01,Germany,Europe,Alpha,14,0,13.0,218,168.0,0.0874,0.1603,5.0,0.0866,51.6,0.493
2021-03-03,Germany,Europe,Alpha,2,0,1.0,32,28.0,0.0628,0.1214,1.0,0.0858,63.05,0.443
2021-03-04,Germany,Europe,Alpha,47,0,45.0,605,1034.0,0.0498,0.1619,26.0,0.0622,46.5,0.522
2021-03-05,Germany,Europe,Alpha,122,1,116.0,1771,2196.0,0.0675,0.1105,57.0,0.0705,81.25,0.4
2021-03-06,Germany,Europe,Alpha,3,0,2.0,35,72.0,0.0328,0.0997,0.0,0.0881,54.14,0.493
2021-03-06,Germany,Europe,Alpha,4,0,3.0,61,96.0,0.0382,0.1728,2.0,0.0954,69.87,0.52
2021-03-11,Germany,Europe,Alpha,14,0,12.0,149,182.0,0.0754,0.1717,4.0,0.0966,73.65,0.4
2021-03-12,Germany,Europe,Alpha,1,0,0.0,18,24.0,0.0556,0.1603,0.0,0.0962,73.72,0.4
2021-03-16,Germany,Europe,Alpha,8,0,7.0,117,176.0,0.0465,0.1452,3.0,0.1021,61.48,0.478
2021-03-17,Germany,Europe,Alpha,3,0,2.0,35,36.0,0.0843,0.1603,0.0,0.0773,71.8,0.4
2021-03-18,Germany,Europe,Alpha,2,0,1.0,35,26.0,0.0619,0.1603,1.0,0.102,54.55,0.533
2021-03-18,Germany,Europe,Delta,3,0,2.0,51,48.0,0.0694,0.2097,2.0,0.0874,56.3,0.892
2021-03-22,Germany,Europe,Delta,1,0,0.0,10,24.0,0.0426,0.1207,0.0,0.1011,67.18,0.567
2021-03-26,Germany,Europe,Alpha,1,0,0.0,10,20.0,0.045,0.2092,0.0,0.1101,59.21,0.611
2021-03-26,Germany,Europe,Alpha,3,0,2.0,49,36.0,0.0922,0.1371,1.0,0.0949,65.35,0.49
2021-03-27,Germany,Europe,Delta,2,0,1.0,26,36.0,0.0692,0.1866,1.0,0.1197,60.34,0.526
2021-03-30,Germany,Europe,Delta,1,0,0.0,10,18.0,0.0405,0.16,0.0,0.1031,71.14,0.581
2021-03-31,Germany,Europe,Delta,2,0,1.0,29,40.0,0.0565,0.1266,0.0,0.1169,67.21,0.728
2021-04-03,Germany,Europe,Delta,7,0,6.0,93,154.0,0.0376,0.1176,2.0,0.1187,78.96,0.412
2021-04-04,Germany,Europe,Alpha,6,0,5.0,96,126.0,0.047,0.2046,3.0,0.1343,71.04,0.423
2021-04-04,Germany,Europe,Delta,1,0,0.0,12,14.0,0.0853,0.2297,0.0,0.1162,68.13,0.4
2021-04-04,Germany,Europe,Delta,44,0,42.0,701,660.0,0.0631,0.1555,19.0,0.124,80.3,0.4
2021-04-07,Germany,Europe,Alpha,14,0,13.0,182,308.0,0.0497,0.0913,3.0,0.1326,80.3,0.4
2021-04-09,Germany,Europe,Delta,15,0,13.0,186,255.0,0.0525,0.1127,4.0,0.1197,73.07,0.459
2021-04-11,Germany,Europe,Delta,5,0,4.0,57,80.0,0.0648,0.154,1.0,0.1294,56.04,0.698
2021-04-12,Germany,Europe,Alpha,1,0,0.0,15,18.0,0.0599,0.1146,0.0,0.1286,65.06,0.563
2021-04-16,Germany,Europe,Alpha,1,0,0.0,10,24.0,0.0558,0.0979,0.0,0.1386,76.57,0.4
2021-04-20,Germany,Europe,Delta,2,0,1.0,30,30.0,0.0622,0.1459,0.0,0.1283,64.63,0.692
2021-04-21,Germany,Europe,Delta,10,0,9.0,149,180.0,0.0433,0.1761,7.0,0.1481,54.22,0.95
2021-04-27,Germany,Europe,Delta,13,0,12.0,173,247.0,0.0574,0.1163,4.0,0.145,54.22,0.581
2021-04-30,Germany,Europe,Delta,6,0,5.0,87,120.0,0.047,0.1355,2.0,0.1634,56.73,0.991
2021-05-01,Germany,Europe,Delta,16,0,15.0,268,256.0,0.0678,0.2299,10.0,0.1803,55.43,0.883
2021-05-05,Germany,Europe,Delta,5,0,4.0,69,90.0,0.0528,0.16,3.0,0.1535,64.78,0.42
2021-05-09,Germany,Europe,Delta,14,0,13.0,240,308.0,0.0395,0.1769,7.0,0.1868,64.78,0.4
2021-05-10,Germany,Europe,Delta,2,0,1.0,26,26.0,0.0877,0.2229,0.0,0.1542,76.59,0.4
2021-05-11,Germany,Europe,Delta,1,0,0.0,15,14.0,0.0524,0.1475,0.0,0.1579,75.39,0.4
2021-05-18,Germany,Europe,Delta,3,0,2.0,46,63.0,0.0462,0.185,1.0,0.1832,59.09,0.933
2021-05-22,Germany,Europe,Delta,35,0,33.0,423,665.0,0.0622,0.2204,25.0,0.1868,73.78,0.517
2021-05-26,Germany,Europe,Delta,4,0,3.0,47,76.0,0.0389,0.1755,2.0,0.1901,63.73,0.813
2021-05-28,Germany,Europe,Delta,5,0,4.0,76,70.0,0.067,0.1235,1.0,0.2117,79.08,0.43
2021-05-31,Germany,Europe,Delta,23,0,22.0,387,414.0,0.0532,0.1231,11.0,0.2238,69.39,0.661
2021-05-31,Germany,Europe,Delta,1,0,0.0,11,16.0,0.0798,0.1546,0.0,0.2072,55.95,0.534
2021-06-04,Germany,Europe,Delta,2,0,1.0,26,28.0,0.0711,0.2201,1.0,0.2119,59.37,0.663
2021-06-05,Germany,Europe,Delta,9,0,8.0,123,189.0,0.0277,0.16,5.0,0.1965,79.7,0.4
2021-06-08,Germany,Europe,Delta,3,0,2.0,31,57.0,0.0525,0.1509,1.0,0.2053,78.63,0.4
2021-06-10,Germany,Europe,Delta,17,0,16.0,291,255.0,0.0712,0.16,10.0,0.2108,53.93,0.824
2021-06-14,Germany,Europe,Delta,1,0,0.0,13,18.0,0.0772,0.1909,0.0,0.2245,57.99,0.865
2021-06-24,Germany,Europe,Delta,2,0,1.0,22,32.0,0.0641,0.16,0.0,0.2506,66.9,0.471
2021-06-25,Germany,Europe,Delta,2,0,1.0,32,40.0,0.0475,0.1555,0.0,0.2419,65.96,0.447
2021-06-26,Germany,Europe,Delta,9,0,8.0,139,180.0,0.0716,0.1119,4.0,0.2471,74.0,0.519
2021-06-26,Germany,Europe,Delta,110,1,105.0,1898,1760.0,0.0624,0.1735,87.0,0.2336,76.53,0.4
2021-06-28,Germany,Europe,Delta,2,0,1.0,25,48.0,0.0421,0.1928,1.0,0.2442,66.18,0.496
2021-07-03,Germany,Europe,Delta,13,0,12.0,230,273.0,0.0629,0.16,10.0,0.2459,59.11,0.493
2021-07-04,Germany,Europe,Delta,11,0,10.0,163,231.0,0.0684,0.1797,7.0,0.2371,71.55,0.4
2021-07-06,Germany,Europe,Delta,3,0,2.0,37,72.0,0.0383,0.2144,2.0,0.2666,65.34,0.717
2021-07-08,Germany,Europe,Delta,15,0,13.0,241,240.0,0.063,0.1685,7.0,0.2381,70.84,0.442
2021-07-08,Germany,Europe,Delta,5,0,4.0,51,120.0,0.0296,0.1737,2.0,0.2635,68.79,0.4
2021-07-10,Germany,Europe,Delta,2,0,1.0,21,44.0,0.0441,0.0999,0.0,0.2472,74.97,0.4
2021-07-10,Germany,Europe,Delta,27,0,26.0,333,324.0,0.085,0.1405,8.0,0.265,72.91,0.4
2021-07-12,Germany,Europe,Delta,54,0,50.0,846,648.0,0.0882,0.1861,37.0,0.2724,78.87,0.4
2021-07-12,Germany,Europe,Delta,5,0,4.0,52,90.0,0.06,0.1161,0.0,0.2588,73.02,0.4
2021-07-13,Germany,Europe,Delta,20,0,18.0,284,340.0,0.0531,0.2203,18.0,0.264,71.13,0.627
2021-07-16,Germany,Europe,Delta,20,0,18.0,201,300.0,0.0518,0.1267,5.0,0.2672,70.11,0.509
2021-07-19,Germany,Europe,Delta,9,0,8.0,156,198.0,0.0298,0.16,6.0,0.2621,72.27,0.443
2021-07-23,Germany,Europe,Delta,9,0,8.0,128,144.0,0.0612,0.121,2.0,0.2786,78.84,0.4
2021-07-25,Germany,Europe,Delta,1,0,0.0,16,13.0,0.0729,0.16,0.0,0.2835,78.84,0.4
2021-07-25,Germany,Europe,Delta,18,0,16.0,322,324.0,0.0605,0.1623,8.0,0.2771,55.86,0.75
2021-07-26,Germany,Europe,Delta,2,0,1.0,22,26.0,0.867139309,0.1217,0.0,0.2791,73.01,0.484
2021-07-27,Germany,Europe,Delta,61,1,59.0,1088,1403.0,0.0559,0.143,28.0,0.2646,69.51,0.581
2021-07-28,Germany,Europe,Delta,4,0,3.0,47,64.0,0.0588,0.099,1.0,0.299,57.81,0.62
2021-08-07,Germany,Europe,Delta,47,0,45.0,665,752.0,0.0661,0.1264,18.0,0.2979,48.45,0.581
2021-08-12,Germany,Europe,Delta,14,0,13.0,172,210.0,0.0663,0.2082,8.0,0.3163,48.45,1.147
2021-08-13,Germany,Europe,Delta,3,0,2.0,39,57.0,0.0595,0.1805,1.0,0.3063,47.08,0.949
2021-08-14,Germany,Europe,Delta,7,0,6.0,116,140.0,0.0557,0.1868,6.0,0.3135,59.24,0.689
2021-08-14,Germany,Europe,Delta,18,0,16.0,299,342.0,0.0688,0.1664,11.0,0.3048,57.26,0.826
2021-08-16,Germany,Europe,Delta,12,0,11.0,203,264.0,0.0384,0.1265,6.0,0.3205,62.63,0.593
2021-08-18,Germany,Europe,Delta,15,0,14.0,237,360.0,0.0451,0.1358,8.0,0.3165,47.33,0.867
2021-08-21,Germany,Europe,Delta,55,0,50.0,994,825.0,0.0698,0.16,31.0,0.3108,56.92,0.531
2021-08-22,Germany,Europe,Delta,23,0,21.0,246,322.0,0.0794,0.1733,12.0,0.3201,35.09,1.178
2021-09-01,Germany,Europe,Delta,2,0,1.0,34,34.0,0.0394,0.1742,1.0,0.332,56.21,0.647
2021-09-02,Germany,Europe,Delta,3,0,2.0,38,54.0,0.0557,0.1252,1.0,0.3234,56.27,0.761
2021-09-06,Germany,Europe,Delta,4,0,3.0,58,52.0,0.0677,0.1593,2.0,0.34,66.08,0.67
2021-09-06,Germany,Europe,Delta,3,0,2.0,39,60.0,0.0463,0.16,2.0,0.338,60.12,0.46
2021-09-07,Germany,Europe,Delta,13,0,12.0,219,169.0,0.0928,0.1615,10.0,0.3347,58.4,0.839
2021-09-13,Germany,Europe,Delta,1,0,0.0,18,12.0,0.0836,0.1311,0.0,0.3483,59.77,0.457
2021-09-13,Germany,Europe,Delta,46,0,44.0,796,920.0,0.0435,0.16,32.0,0.3532,40.41,0.643
2021-09-15,Germany,Europe,Delta,1,0,0.0,10,15.0,0.0564,0.1255,0.0,0.3435,43.04,1.12
2021-09-17,Germany,Europe,Delta,2,0,1.0,35,40.0,0.0344,0.16,0.0,0.3778,55.14,0.744
2021-09-20,Germany,Europe,Delta,1,0,0.0,12,22.0,0.0434,0.2012,0.0,0.3443,54.38,0.487
2021-09-22,Germany,Europe,Delta,3,0,2.0,42,39.0,0.0832,0.1941,1.0,0.3639,37.31,0.868
2021-09-23,Germany,Europe,Delta,8,0,7.0,140,168.0,0.0388,0.16,6.0,0.3562,65.01,0.482
2021-09-24,Germany,Europe,Delta,1,0,0.0,11,23.0,0.0374,0.1453,0.0,0.362,69.8,0.581
2021-09-25,Germany,Europe,Delta,2,0,1.0,28,34.0,0.0458,0.1884,0.0,0.3548,64.06,0.4
2021-09-26,Germany,Europe,Delta,1,0,0.0,13,21.0,0.0264,0.1835,0.0,0.3658,50.15,0.657
2021-09-27,Germany,Europe,Delta,1,0,0.0,16,18.0,0.0529,0.17,0.0,0.3765,42.59,0.832
2021-09-27,Germany,Europe,Delta,22,0,20.0,244,286.0,0.0646,0.1735,10.0,0.3887,40.62,0.754
2021-09-27,Germany,Europe,Delta,3,0,2.0,47,42.0,0.0626,0.1551,1.0,0.3704,40.62,0.567
2021-09-28,Germany,Europe,Delta,19,0,18.0,330,266.0,0.0784,0.1895,12.0,0.3692,61.4,0.681
2021-09-28,Germany,Europe,Delta,2,0,1.0,25,24.0,0.0878,0.16,0.0,0.3688,40.43,1.091
2021-10-03,Germany,Europe,Delta,3,0,2.0,30,57.0,0.0495,0.1235,0.0,0.3679,57.42,0.581
2021-10-04,Germany,Europe,Delta,15,0,14.0,174,255.0,0.0697,0.1868,6.0,0.3825,67.27,0.4
2021-10-04,Germany,Europe,Omicron,12,0,0.0,17,19.0,0.0524,0.0846,0.0,0.3715,57.06,1.2415
2021-10-05,Germany,Europe,Delta,1,0,0.0,17,16.0,0.051,0.143,0.0,0.3747,52.01,0.581
2021-10-06,Germany,Europe,Omicron,11,0,10.0,122,143.0,0.0676,0.0663,1.0,0.355,52.05,1.209
2021-10-10,Germany,Europe,Omicron,581,3,545.0,9000,6972.0,0.0843,0.0786,189.0,0.401,49.11,1.413
2021-10-13,Germany,Europe,Delta,7,0,6.0,124,91.0,0.0719,0.1074,2.0,0.3934,41.22,1.007
2021-10-14,Germany,Europe,Delta,35,0,32.0,553,735.0,0.0588,0.1857,17.0,0.3903,58.37,0.755
2021-10-17,Germany,Europe,Omicron,31,0,29.0,410,682.0,0.0364,0.0682,5.0,0.4055,51.27,0.917
2021-10-26,Germany,Europe,Delta,2,0,1.0,28,48.0,0.0504,0.1373,1.0,0.4101,74.44,0.4
2021-10-27,Germany,Europe,Delta,8,0,7.0,121,112.0,0.0749,0.1657,5.0,0.4054,61.03,0.731
2021-10-28,Germany,Europe,Omicron,19,0,17.0,261,304.0,0.0832,0.0855,6.0,0.4164,42.02,1.2415
2021-10-28,Germany,Europe,Omicron,1,0,0.0,13,12.0,0.1051,0.0785,0.0,0.4012,42.48,1.335
2021-10-29,Germany,Europe,Omicron,4,0,3.0,42,80.0,0.0695,0.0606,0.0,0.4043,62.4,0.546
2021-11-05,Germany,Europe,Delta,9,0,8.0,89,108.0,0.0834,0.1031,2.0,0.4332,61.41,0.623
2021-11-05,Germany,Europe,Delta,1,0,0.0,13,12.0,0.0988,0.1363,0.0,0.431,45.04,0.911
2021-11-05,Germany,Europe,Omicron,1,0,0.0,12,21.0,0.0429,0.066,0.0,0.4402,45.65,1.25
2021-11-06,Germany,Europe,Omicron,3,0,2.0,32,60.0,0.0561,0.0712,0.0,0.4304,64.41,1.2415
2021-11-06,Germany,Europe,Delta,10,0,9.0,145,220.0,0.0356,0.16,5.0,0.4341,55.83,0.716
2021-11-07,Germany,Europe,Delta,4,0,3.0,54,80.0,0.047,0.13,1.0,0.4329,49.81,0.913
2021-11-10,Germany,Europe,Delta,5,0,4.0,57,60.0,0.0994,0.1735,2.0,0.4391,58.42,0.778
2021-11-11,Germany,Europe,Delta,6,0,5.0,73,72.0,0.0819,0.0964,1.0,0.4417,55.46,0.624
2021-11-13,Germany,Europe,Omicron,5,0,4.0,59,110.0,0.0604,0.0779,1.0,0.4481,25.7,2.016
2021-11-14,Germany,Europe,Omicron,8,0,7.0,125,120.0,0.0723,0.058,2.0,0.44,28.09,1.583
2021-11-14,Germany,Europe,Omicron,4,0,3.0,40,92.0,0.0232,0.0687,0.0,0.43,35.75,1.569
2021-11-15,Germany,Europe,Omicron,1,0,0.0,11,12.0,0.0764,0.0487,0.0,0.4415,50.46,0.954
2021-11-17,Germany,Europe,Omicron,15,0,13.0,253,195.0,0.0774,0.0407,2.0,0.4593,33.05,1.31
2021-11-21,Germany,Europe,Omicron,1,0,0.0,15,23.0,0.0596,0.0501,0.0,0.449,34.3,1.562
2021-11-23,Germany,Europe,Omicron,7,0,6.0,112,91.0,0.0853,0.0401,0.0,0.448,40.95,1.249
2021-11-23,Germany,Europe,Omicron,1,0,0.0,17,18.0,0.0564,0.0425,0.0,0.4408,34.99,1.585
2021-11-30,Germany,Europe,Omicron,1,0,0.0,10,19.0,0.0516,0.0757,0.0,0.464,50.46,0.83
2021-12-01,Germany,Europe,Omicron,1,0,0.0,14,20.0,0.0385,0.0782,0.0,0.4403,27.3,1.2415
2021-12-02,Germany,Europe,Omicron,26,0,24.0,369,312.0,0.0847,0.0649,5.0,0.4493,39.71,0.853
2021-12-05,Germany,Europe,Omicron,27,0,25.0,402,432.0,0.0736,0.0471,4.0,0.4744,53.02,1.115
2021-12-10,Germany,Europe,Omicron,41,0,39.0,632,697.0,0.0424,0.0489,6.0,0.4613,51.19,0.724
2021-12-14,Germany,Europe,Omicron,14,0,13.0,222,210.0,0.0605,0.0604,3.0,0.4847,46.4,0.755
2021-12-18,Germany,Europe,Omicron,15,0,14.0,192,180.0,0.0848,0.0693,2.0,0.4887,52.89,0.67
2021-12-20,Germany,Europe,Omicron,16,0,14.0,167,320.0,0.0499,0.0599,2.0,0.4819,38.24,1.389
2021-12-21,Germany,Europe,Omicron,6,0,5.0,88,138.0,0.0444,0.0769,1.0,0.4899,38.24,0.724
2021-12-21,Germany,Europe,Omicron,1,0,0.0,9,13.0,0.0762,0.0446,0.0,0.4596,27.31,1.259
2021-12-24,Germany,Europe,Omicron,9,0,8.0,94,126.0,0.0828,0.076,2.0,0.4836,21.6,1.725
2021-12-25,Germany,Europe,Omicron,36,0,34.0,639,612.0,0.049,0.0434,6.0,0.4957,41.33,0.959
2021-12-30,Germany,Europe,Omicron,1,0,0.0,13,17.0,0.0337,0.042,0.0,0.4867,59.62,0.673
2022-01-05,Germany,Europe,Omicron,4,0,3.0,48,76.0,0.0556,0.0408,0.0,0.5145,41.49,1.322
2022-01-11,Germany,Europe,Omicron,8,0,7.0,111,96.0,0.0856,0.0361,0.0,0.5042,37.09,0.882
2022-01-12,Germany,Europe,Omicron,6,0,5.0,61,120.0,0.0668,0.0378,0.0,0.5114,29.54,1.2415
2022-01-13,Germany,Europe,Omicron,1,0,0.0,11,22.0,0.0282,0.065,0.0,0.5242,47.06,1.357
2022-01-13,Germany,Europe,Omicron,2,0,1.0,28,44.0,0.0565,0.0385,0.0,0.5203,26.42,1.008
2022-01-14,Germany,Europe,Omicron,1,0,0.0,11,22.0,0.0553,0.0625,0.0,0.504,26.42,1.544
2022-01-16,Germany,Europe,Omicron,8,0,7.0,90,136.0,0.0467,0.0643,1.0,0.5254,50.85,1.0
2022-01-17,Germany,Europe,Omicron,2,0,1.0,36,40.0,0.0427,0.0606,0.0,0.5035,46.42,1.2415
2022-01-22,Germany,Europe,Omicron,2,0,1.0,23,26.0,0.0983,0.042,0.0,0.5173,44.26,1.042
2022-01-22,Germany,Europe,Omicron,2,0,1.0,19,44.0,0.0537,0.0606,0.0,0.5339,45.32,0.882
2022-02-04,Germany,Europe,Omicron BA.2,31,0,28.0,546,465.0,0.0701,0.0461,4.0,0.5602,39.01,1.084
2022-02-08,Germany,Europe,Omicron,12,0,11.0,207,144.0,0.1068,0.0581,2.0,0.5467,52.42,1.047
2022-02-09,Germany,Europe,Omicron BA.2,11,0,10.0,126,231.0,0.0404,0.0651,2.0,0.5526,31.58,1.205
2022-02-10,Germany,Europe,Omicron,5,0,4.0,66,65.0,0.0751,0.0606,0.0,0.5456,34.59,1.359
2022-02-15,Germany,Europe,Omicron BA.2,12,0,11.0,194,264.0,0.0541,0.0372,1.0,0.578,52.66,1.32
2022-02-16,Germany,Europe,Omicron,13,0,12.0,229,156.0,0.083,0.0578,2.0,0.5669,27.33,1.629
2022-02-16,Germany,Europe,Omicron,8,0,7.0,81,160.0,0.0495,0.0339,0.0,0.5695,56.24,0.758
2022-02-20,Germany,Europe,Omicron,15,0,14.0,259,180.0,0.0743,0.0606,2.0,0.5661,41.39,1.2415
2022-02-24,Germany,Europe,Omicron,1,0,0.0,14,13.0,0.0715,0.0689,0.0,0.583,30.08,1.347
2022-02-25,Germany,Europe,Omicron,19,0,18.0,247,266.0,0.0669,0.0388,2.0,0.6056,30.08,1.676
2022-02-25,Germany,Europe,Omicron BA.2,3,0,2.0,37,63.0,0.0323,0.0456,0.0,0.5965,29.6,1.645
2022-02-27,Germany,Europe,Omicron BA.2,80,0,77.0,1316,1760.0,0.04,0.0318,6.0,0.5866,31.21,1.622
2022-03-03,Germany,Europe,Omicron BA.2,13,0,12.0,142,273.0,0.0423,0.0304,1.0,0.5806,24.89,2.274
2022-03-05,Germany,Europe,Omicron,11,0,11.0,126,198.0,0.0603,0.0627,1.0,0.6078,31.23,1.022
2022-03-05,Germany,Europe,Omicron BA.2,8,0,7.0,114,152.0,0.0393,0.0582,1.0,0.5893,49.56,1.285
2022-03-07,Germany,Europe,Omicron BA.2,25,0,24.0,403,325.0,0.0776,0.0564,4.0,0.5978,49.56,1.426
2022-03-08,Germany,Europe,Omicron,23,0,22.0,402,460.0,0.0591,0.0632,5.0,0.5892,29.25,1.611
2022-03-08,Germany,Europe,Omicron,4,0,3.0,39,84.0,0.0555,0.0373,0.0,0.5802,42.02,0.785
2022-03-09,Germany,Europe,Omicron BA.2,15,0,14.0,176,345.0,0.0413,0.053,2.0,0.5972,49.33,1.426
2022-03-10,Germany,Europe,Omicron,4,0,4.0,57,84.0,0.0598,0.0378,0.0,0.5895,48.12,0.817
2022-03-10,Germany,Europe,Omicron,116,0,111.0,1845,1740.0,0.0617,0.0606,14.0,0.5857,48.12,1.315
2022-03-12,Germany,Europe,Omicron BA.2,11,0,11.0,179,187.0,0.0662,0.0583,2.0,0.5891,12.78,2.215
2022-03-12,Germany,Europe,Omicron,1,0,0.0,16,18.0,0.0594,0.0697,0.0,0.6026,38.58,0.909
2022-03-15,Germany,Europe,Omicron BA.2,1,0,0.0,16,20.0,0.0577,0.0307,0.0,0.5817,20.51,1.688
2022-03-20,Germany,Europe,Omicron BA.2,180,0,172.0,203,345.0,0.0534,0.0638,2.0,0.5976,20.51,1.305
2022-03-26,Germany,Europe,Omicron BA.2,34,0,32.0,377,578.0,0.052,0.0537,3.0,0.6121,34.73,1.645
2022-03-27,Germany,Europe,Omicron BA.2,6,0,5.0,74,90.0,0.0636,0.0496,0.0,0.6166,9.63,2.086
2022-04-01,Germany,Europe,Omicron BA.2,2,0,2.0,32,48.0,0.0282,0.041,0.0,0.6328,23.67,1.781
2022-04-01,Germany,Europe,Omicron BA.2,10,0,9.0,102,220.0,0.058,0.0516,1.0,0.6476,9.31,2.477
2022-04-01,Germany,Europe,Omicron BA.2,15,0,14.0,165,315.0,0.0318,0.0353,1.0,0.6497,29.15,1.645
2022-04-01,Germany,Europe,Omicron BA.2,11,0,10.0,109,231.0,0.0496,0.0556,1.0,0.6123,24.32,1.847
2022-04-07,Germany,Europe,Omicron BA.2,4,0,4.0,45,72.0,0.0753,0.0602,0.0,0.6466,20.73,1.455
2022-04-09,Germany,Europe,Omicron BA.2,104,0,101.0,1545,1768.0,0.0544,0.0498,12.0,0.6477,36.81,1.05
2022-04-10,Germany,Europe,Omicron BA.2,12,0,11.0,208,276.0,0.0387,0.0507,2.0,0.6433,20.47,2.211
2022-04-11,Germany,Europe,Omicron BA.2,2,0,1.0,22,28.0,0.0721,0.0472,0.0,0.6444,18.11,2.143
2022-04-12,Germany,Europe,Omicron BA.2,4,0,3.0,62,88.0,0.037,0.0462,0.0,0.6475,18.44,2.026
2022-04-12,Germany,Europe,Omicron BA.2,7,0,6.0,109,168.0,0.0376,0.0433,1.0,0.632,13.32,2.422
2022-04-13,Germany,Europe,Omicron BA.2,17,0,16.0,178,255.0,0.0962,0.0433,1.0,0.6555,34.95,1.493
2022-04-16,Germany,Europe,Omicron BA.2,6,0,5.0,59,72.0,0.0898,0.0468,0.0,0.6596,34.95,1.159
2022-04-19,Germany,Europe,Omicron BA.2,6,0,6.0,68,114.0,0.031,0.0514,0.0,0.6755,37.99,1.085
2022-04-22,Germany,Europe,Omicron BA.2,2,0,1.0,32,42.0,0.0456,0.0348,0.0,0.6419,36.75,1.75
2022-04-23,Germany,Europe,Omicron BA.2,1,0,1.0,9,12.0,0.0791,0.0421,0.0,0.6623,32.53,1.756
2022-04-26,Germany,Europe,Omicron BA.2,13,0,12.0,155,260.0,0.0412,0.0345,1.0,0.6702,36.76,1.294
2022-04-29,Germany,Europe,Omicron BA.2,1,0,0.0,16,15.0,0.0726,0.0467,0.0,0.6605,41.62,1.645
2022-04-29,Germany,Europe,Omicron BA.2,3,0,2.0,46,36.0,0.0738,0.0394,0.0,0.6535,41.62,2.155
2022-05-03,Germany,Europe,Omicron BA.2,12,0,11.0,167,276.0,0.0507,0.0532,2.0,0.6849,11.45,1.368
2022-05-03,Germany,Europe,Omicron BA.2,26,0,25.0,259,416.0,0.0501,0.0372,3.0,0.6634,23.58,1.799
2022-05-05,Germany,Europe,Omicron BA.2,71,0,69.0,1154,923.0,0.0622,0.056,14.0,0.6815,23.58,1.074
2022-05-07,Germany,Europe,Omicron BA.2,6,0,6.0,93,144.0,0.0389,0.0364,0.0,0.6751,36.76,1.79
2022-05-07,Germany,Europe,Omicron BA.2,10,0,10.0,105,240.0,0.0276,0.0372,1.0,0.6794,34.73,1.486
2022-05-10,Germany,Europe,Omicron BA.2,8,0,7.0,135,152.0,0.0496,0.0586,2.0,0.6776,39.64,1.647
2022-05-10,Germany,Europe,Omicron BA.2,6,0,5.0,76,84.0,0.0668,0.0441,0.0,0.6893,18.7,1.519
2022-05-11,Germany,Europe,Omicron BA.2,1,0,0.0,17,17.0,0.064,0.0295,0.0,0.6821,15.21,1.451
2022-05-13,Germany,Europe,Omicron BA.2,81,0,77.0,921,1944.0,0.0433,0.0551,14.0,0.6683,30.09,1.875
2022-05-13,Germany,Europe,Omicron BA.2,1,0,1.0,15,14.0,0.0685,0.0412,0.0,0.6822,18.15,1.693
2022-05-16,Germany,Europe,Omicron BA.2,12,0,11.0,144,144.0,0.0691,0.0254,0.0,0.6912,13.87,1.645
2022-05-21,Germany,Europe,Omicron BA.2,28,0,26.0,277,476.0,0.0695,0.039,2.0,0.6982,28.27,1.569
2022-05-24,Germany,Europe,Omicron BA.2,3,0,3.0,38,57.0,0.0608,0.055,0.0,0.6983,12.42,1.274
2022-05-27,Germany,Europe,Omicron BA.2,99,0,93.0,1004,1287.0,0.0794,0.0482,13.0,0.6992,26.62,1.54
2022-05-28,Germany,Europe,Omicron BA.2,5,0,5.0,52,75.0,0.071,0.0372,0.0,0.7011,20.37,1.837
2022-05-29,Germany,Europe,Omicron BA.2,5,0,4.0,84,70.0,0.07,0.0411,0.0,0.7226,20.37,1.978
2022-06-02,Germany,Europe,Omicron BA.2,4,0,4.0,64,76.0,0.0626,0.0372,0.0,0.7114,26.21,1.108
2022-06-03,Germany,Europe,Omicron BA.2,3,0,2.0,43,51.0,0.0434,0.0494,0.0,0.7207,21.0,2.056
2022-06-03,Germany,Europe,Omicron BA.2,9,0,8.0,101,162.0,0.059,0.0396,0.0,0.7319,35.16,1.626
2022-06-04,Germany,Europe,Omicron BA.2,6,0,5.0,96,78.0,0.0803,0.0442,0.0,0.716,27.75,1.172
2022-06-06,Germany,Europe,Omicron BA.2,1,0,0.0,13,24.0,0.0488,0.0533,0.0,0.708,24.16,1.829
2022-06-09,Germany,Europe,Omicron BA.2,2,0,1.0,29,34.0,0.0461,0.0372,0.0,0.7217,24.16,1.583
2022-06-11,Germany,Europe,Omicron BA.2,12,0,11.0,164,180.0,0.0738,0.0318,1.0,0.7215,27.37,1.784
2022-06-11,Germany,Europe,Omicron BA.2,1,0,1.0,11,12.0,0.0846,0.0299,0.0,0.7322,10.45,1.645
2022-06-13,Germany,Europe,Omicron BA.2,47,0,43.0,750,752.0,0.068,0.0457,7.0,0.7244,42.13,1.645
2022-06-14,Germany,Europe,Omicron BA.2,21,0,20.0,245,420.0,0.0474,0.0434,1.0,0.7325,31.77,1.639
2022-06-14,Germany,Europe,Omicron BA.2,33,0,32.0,482,462.0,0.0663,0.0394,5.0,0.7344,14.02,2.344
2022-06-18,Germany,Europe,Omicron BA.2,2,0,1.0,36,36.0,0.0626,0.0511,0.0,0.7514,13.59,2.072
2022-06-20,Germany,Europe,Omicron BA.2,28,0,26.0,452,420.0,0.0784,0.0454,5.0,0.7553,28.78,1.812
2022-06-21,Germany,Europe,Omicron BA.2,11,0,10.0,118,165.0,0.042,0.0398,1.0,0.7246,28.78,1.734
2022-06-23,Germany,Europe,Omicron BA.2,23,0,22.0,250,529.0,0.0329,0.0421,2.0,0.7417,28.78,1.802
2022-06-25,Germany,Europe,Omicron BA.2,27,0,26.0,352,621.0,0.0498,0.0372,3.0,0.7446,38.76,1.621
2022-06-28,Germany,Europe,Omicron BA.2,1,0,1.0,14,21.0,0.0631,0.0421,0.0,0.7448,8.21,1.478
2022-06-29,Germany,Europe,Omicron BA.2,1,0,0.0,11,16.0,0.0628,0.0498,0.0,0.7616,23.63,1.723
2022-06-30,Germany,Europe,Omicron BA.2,6,0,5.0,86,132.0,0.0279,0.0506,1.0,0.7604,24.66,1.971
2022-07-01,Germany,Europe,Omicron BA.2,4,0,3.0,40,72.0,0.0404,0.0397,0.0,0.7606,39.75,1.237
2022-07-02,Germany,Europe,Omicron BA.2,42,0,39.0,715,630.0,0.0646,0.0464,5.0,0.75,11.02,1.935
2022-07-06,Germany,Europe,Omicron BA.2,15,0,14.0,198,240.0,0.0648,0.0372,0.0,0.7618,10.5,1.753
2022-07-07,Germany,Europe,Omicron BA.2,157,0,153.0,2266,3454.0,0.0379,0.025,16.0,0.7595,12.27,2.069
2022-07-10,Germany,Europe,Omicron BA.2,3,0,3.0,33,42.0,0.0801,0.0291,0.0,0.7639,12.27,1.429
2022-07-10,Germany,Europe,Omicron BA.2,5,0,5.0,66,70.0,0.0593,0.0425,0.0,0.7711,17.51,1.9
2022-07-15,Germany,Europe,Omicron BA.2,3,0,3.0,36,63.0,0.0419,0.0391,0.0,0.7657,18.74,1.645
2022-07-15,Germany,Europe,Omicron BA.2,4,0,3.0,70,84.0,0.0261,0.031,0.0,0.7775,8.4,2.354
2022-07-15,Germany,Europe,Omicron BA.2,2,0,2.0,23,32.0,0.0537,0.0356,0.0,0.778,38.61,1.473
2022-07-16,Germany,Europe,Omicron BA.2,57,0,54.0,647,969.0,0.067,0.0364,4.0,0.7781,34.65,1.087
2022-07-23,Germany,Europe,Omicron BA.2,7,0,6.0,74,105.0,0.0655,0.048,0.0,0.7889,12.61,1.961
2022-07-24,Germany,Europe,Omicron BA.2,4,0,4.0,58,72.0,0.0543,0.0388,0.0,0.773,17.24,1.38
2022-07-25,Germany,Europe,Omicron BA.2,3,0,2.0,34,42.0,0.063,0.027,0.0,0.7767,40.33,0.941
2022-07-26,Germany,Europe,Omicron BA.2,4,0,3.0,45,80.0,0.0515,0.0365,0.0,0.7984,20.37,1.122
2022-08-06,Germany,Europe,Omicron BA.2,5,0,5.0,60,120.0,0.0343,0.0235,0.0,0.8091,7.36,1.645
2022-08-09,Germany,Europe,Omicron BA.2,14,0,13.0,161,336.0,0.0342,0.0372,0.0,0.8247,27.35,1.087
2022-08-13,Germany,Europe,Omicron BA.2,8,0,8.0,136,104.0,0.088,0.0434,1.0,0.828,37.77,1.397
2022-08-14,Germany,Europe,Omicron BA.2,11,0,10.0,128,132.0,0.095,0.0399,1.0,0.8156,18.67,1.186
2022-08-17,Germany,Europe,Omicron BA.2,8,0,7.0,82,96.0,0.0725,0.0372,1.0,0.8193,17.54,1.452
2022-08-18,Germany,Europe,Omicron BA.2,5,0,5.0,90,70.0,0.0647,0.022,0.0,0.8044,28.71,1.574
2022-08-19,Germany,Europe,Omicron BA.2,13,0,12.0,155,169.0,0.0607,0.0357,0.0,0.826,40.56,1.533
2022-08-25,Germany,Europe,Omicron BA.2,7,0,6.0,82,119.0,0.033,0.0345,0.0,0.8437,13.14,1.914
2022-08-27,Germany,Europe,Omicron BA.2,10,0,10.0,175,140.0,0.0702,0.0375,1.0,0.8263,20.45,1.154
2022-09-03,Germany,Europe,Omicron BA.2,11,0,10.0,162,198.0,0.0397,0.0238,0.0,0.832,36.44,1.263
2022-09-04,Germany,Europe,Omicron BA.2,6,0,5.0,65,120.0,0.0586,0.0372,0.0,0.8621,25.91,1.888
2022-09-05,Germany,Europe,Omicron BA.2,8,0,7.0,142,184.0,0.0498,0.0242,1.0,0.8613,12.72,1.268
2022-09-08,Germany,Europe,Omicron BA.2,5,0,4.0,82,60.0,0.0893,0.043,0.0,0.8365,17.14,1.645
2022-09-11,Germany,Europe,Omicron BA.2,9,0,9.0,159,153.0,0.0651,0.0438,1.0,0.8474,12.13,1.663
2022-09-11,Germany,Europe,Omicron BA.2,28,0,27.0,434,588.0,0.0585,0.037,4.0,0.8702,17.49,1.63
2022-09-11,Germany,Europe,Omicron BA.2,8,0,8.0,121,96.0,0.0749,0.0441,0.0,0.8488,32.58,1.101
2022-09-13,Germany,Europe,Omicron BA.2,7,0,7.0,78,154.0,0.0442,0.0213,0.0,0.8586,19.57,1.645
2022-09-15,Germany,Europe,Omicron BA.2,10,0,9.0,123,130.0,0.0622,0.0258,0.0,0.8613,19.57,1.032
2022-09-17,Germany,Europe,Omicron BA.2,35,0,33.0,531,420.0,0.082,0.0372,4.0,0.8697,19.57,1.787
2022-09-18,Germany,Europe,Omicron BA.2,11,0,11.0,166,165.0,0.0436,0.0214,0.0,0.8784,30.53,1.266
2022-09-19,Germany,Europe,Omicron BA.2,1,0,1.0,10,14.0,0.0805,0.0361,0.0,0.8653,30.07,1.645
2022-09-20,Germany,Europe,Omicron BA.2,2,0,1.0,26,36.0,0.0571,0.0229,0.0,0.8798,21.91,1.626
2022-09-21,Germany,Europe,Omicron BA.2,11,0,11.0,141,231.0,0.0335,0.0301,0.0,0.881,30.68,1.699
2022-09-25,Germany,Europe,Omicron BA.2,8,0,7.0,119,120.0,0.051,0.0297,0.0,0.8735,30.68,1.719
2022-09-27,Germany,Europe,Omicron BA.2,18,0,17.0,317,396.0,0.0408,0.0314,2.0,0.8669,30.68,1.56
2022-10-02,Germany,Europe,Omicron BA.2,4,0,4.0,43,48.0,0.091,0.0292,0.0,0.899,36.95,0.917
2022-10-04,Germany,Europe,Omicron BA.2,4,0,3.0,51,48.0,0.0772,0.0228,0.0,0.8912,17.69,1.741
2022-10-04,Germany,Europe,Omicron BA.2,20,0,19.0,339,320.0,0.0591,0.0346,1.0,0.891,17.69,0.827
2022-10-04,Germany,Europe,Omicron BA.2,1,0,0.0,15,18.0,0.0591,0.0314,0.0,0.8827,8.92,2.125
2022-10-05,Germany,Europe,Omicron BA.2,5,0,4.0,90,70.0,0.0608,0.0408,0.0,0.8869,8.92,1.434
2022-10-05,Germany,Europe,Omicron BA.2,25,0,23.0,292,400.0,0.0373,0.036,2.0,0.8944,24.18,1.648
2022-10-17,Germany,Europe,Omicron BA.2,4,0,4.0,39,88.0,0.0584,0.0195,0.0,0.8931,34.71,1.0
2022-10-18,Germany,Europe,Omicron BA.2,3,0,3.0,35,42.0,0.0664,0.0372,0.0,0.9068,28.68,1.678
2022-10-20,Germany,Europe,Omicron BA.2,25,0,24.0,375,600.0,0.0472,0.026,2.0,0.9193,16.17,1.134
2022-10-28,Germany,Europe,Omicron BA.2,14,0,13.0,226,252.0,0.049,0.0371,1.0,0.9103,22.29,1.789
2022-10-30,Germany,Europe,Omicron BA.2,1,0,1.0,18,16.0,0.0559,0.0303,0.0,0.92,19.63,1.424
2022-10-30,Germany,Europe,Omicron BA.2,1,0,0.0,15,13.0,0.0816,0.024,0.0,0.9135,39.76,0.915
2022-11-01,Germany,Europe,Omicron BA.2,10,0,9.0,133,220.0,0.0428,0.0352,0.0,0.9123,32.31,1.027
2022-11-02,Germany,Europe,Omicron BA.2,69,0,66.0,1000,1587.0,0.0434,0.0198,5.0,0.92,20.79,1.596
2022-11-03,Germany,Europe,Omicron BA.2,1,0,0.0,11,18.0,0.0508,0.0381,0.0,0.92,16.13,1.645
2022-11-03,Germany,Europe,Omicron BA.2,1,0,1.0,13,15.0,0.0765,0.0389,0.0,0.9195,16.15,1.994
2022-11-04,Germany,Europe,Omicron BA.2,22,0,21.0,335,440.0,0.0392,0.0251,1.0,0.92,35.59,1.645
2022-11-06,Germany,Europe,Omicron BA.2,179,0,170.0,2521,3222.0,0.065,0.0371,14.0,0.92,19.54,1.089
2022-11-13,Germany,Europe,Omicron BA.2,6,0,5.0,62,114.0,0.0301,0.0372,0.0,0.92,7.84,2.067
2022-11-15,Germany,Europe,Omicron BA.2,13,0,12.0,163,195.0,0.0589,0.0322,1.0,0.92,17.43,1.236
2022-11-17,Germany,Europe,Omicron BA.2,87,0,84.0,973,1044.0,0.0746,0.0288,4.0,0.92,36.16,0.839
2022-11-17,Germany,Europe,Omicron BA.2,6,0,5.0,78,138.0,0.0688,0.0362,0.0,0.92,32.47,1.645
2022-11-18,Germany,Europe,Omicron BA.2,2,0,2.0,30,40.0,0.0509,0.0209,0.0,0.92,19.38,1.337
2022-11-19,Germany,Europe,Omicron BA.2,1,0,1.0,11,13.0,0.0726,0.0335,0.0,0.92,18.08,1.13
2022-11-19,Germany,Europe,Omicron BA.2,4,0,4.0,62,68.0,0.0689,0.024,0.0,0.92,14.71,1.325
2022-11-28,Germany,Europe,Omicron BA.2,1,0,1.0,9,21.0,0.0604,0.0321,0.0,0.92,33.9,1.345
2022-11-29,Germany,Europe,Omicron BA.2,6,0,5.0,89,102.0,0.0567,0.0389,0.0,0.92,33.9,1.415
2022-12-01,Germany,Europe,Omicron BA.2,2,0,2.0,35,38.0,0.0528,0.0344,0.0,0.92,15.19,1.645
2022-12-04,Germany,Europe,Omicron BA.2,1,0,1.0,16,24.0,0.0325,0.0329,0.0,0.92,29.45,1.522
2022-12-06,Germany,Europe,Omicron BA.2,2,0,2.0,36,26.0,0.0796,0.0316,0.0,0.92,20.25,1.566
2022-12-08,Germany,Europe,Omicron BA.2,16,0,15.0,259,256.0,0.0822,0.0201,0.0,0.92,21.98,1.577
2022-12-09,Germany,Europe,Omicron BA.2,6,0,5.0,103,138.0,0.0305,0.0372,0.0,0.92,29.9,1.645
2022-12-11,Germany,Europe,Omicron BA.2,2,0,2.0,31,38.0,0.0634,0.0314,0.0,0.92,23.89,1.73
2022-12-12,Germany,Europe,Omicron BA.2,80,0,77.0,915,1200.0,0.0478,0.0268,6.0,0.92,9.01,1.199
2022-12-12,Germany,Europe,Omicron BA.2,12,0,11.0,128,252.0,0.0656,0.0315,0.0,0.92,25.31,1.036
2022-12-17,Germany,Europe,Omicron BA.2,10,0,10.0,115,210.0,0.046,0.0334,0.0,0.92,13.98,1.995
2022-12-18,Germany,Europe,Omicron BA.2,4,0,3.0,47,88.0,0.0576,0.0183,0.0,0.92,37.08,0.885
2022-12-18,Germany,Europe,Omicron BA.2,42,0,40.0,536,966.0,0.0456,0.0358,3.0,0.92,23.2,1.645
2022-12-18,Germany,Europe,Omicron BA.2,19,0,17.0,246,285.0,0.0697,0.0323,1.0,0.92,37.76,1.645
2022-12-19,Germany,Europe,Omicron BA.2,14,0,13.0,156,280.0,0.0577,0.0201,0.0,0.92,40.87,0.912
2022-12-19,Germany,Europe,Omicron BA.2,13,0,12.0,180,260.0,0.0402,0.0314,1.0,0.92,33.4,1.645
2022-12-21,Germany,Europe,Omicron BA.2,4,0,3.0,46,56.0,0.0553,0.0242,0.0,0.92,12.57,1.977
2022-12-22,Germany,Europe,Omicron BA.2,15,0,14.0,259,285.0,0.0661,0.0382,1.0,0.92,8.95,1.198
2022-12-22,Germany,Europe,Omicron BA.2,1,0,1.0,13,14.0,0.063,0.0375,0.0,0.92,31.2,1.0
2022-12-22,Germany,Europe,Omicron BA.2,15,0,14.0,218,330.0,0.0304,0.0244,1.0,0.92,37.91,1.053
2022-12-28,Germany,Europe,Omicron BA.2,135,0,127.0,2202,1890.0,0.0674,0.032,13.0,0.92,8.39,1.67
2022-12-30,Germany,Europe,Omicron BA.2,3,0,3.0,42,72.0,0.0335,0.0244,0.0,0.92,18.6,1.121
2022-12-30,Germany,Europe,Omicron BA.2,1,0,1.0,13,20.0,0.0439,0.0381,0.0,0.92,14.42,1.103
2020-01-22,India,Asia,Original,153,2,146.0,2048,514.5,0.1241,0.0962,43.0,0.0,6.66,1.055
2020-01-23,India,Asia,Original,259,5,246.0,2922,514.5,0.1241,0.2019,130.0,0.0,20.93,0.892
2020-01-23,India,Asia,Original,34,1,32.0,458,204.0,0.1754,0.1903,19.0,0.0,5.96,0.779
2020-01-24,India,Asia,Original,19,0,18.0,265,514.5,0.1241,0.203,11.0,0.0,10.32,1.005
2020-01-26,India,Asia,Original,239,2,224.0,3498,2390.0,0.0869,0.1665,167.0,0.0,14.25,1.135
2020-01-29,India,Asia,Original,3,0,2.0,30,514.5,0.1241,0.1047,1.0,0.0,13.16,0.779
2020-01-31,India,Asia,Original,52,1,48.0,653,468.0,0.1059,0.1141,13.0,0.0,13.16,1.008
2020-02-01,India,Asia,Original,49,1,46.0,839,539.0,0.0822,0.1668,31.0,0.0,5.0,1.317
2020-02-03,India,Asia,Original,53,1,50.0,691,424.0,0.1325,0.1081,12.0,0.0,10.51,1.179
2020-02-09,India,Asia,Original,211,2,197.0,3569,2321.0,0.0766,0.18,160.0,0.0,14.18,1.143
2020-02-10,India,Asia,Original,187,0,174.0,2368,514.5,0.1241,0.0992,52.0,0.0,12.71,1.221
2020-02-12,India,Asia,Original,69,1,63.0,1143,514.5,0.1241,0.1678,42.0,0.0,19.19,0.752
2020-02-12,India,Asia,Original,117,2,112.0,1676,936.0,0.1321,0.1847,68.0,0.0,15.56,0.954
2020-02-12,India,Asia,Original,94,24,1709.0,18606,10728.0,0.1703,0.15175,655.0,0.0,1.08,1.133
2020-02-12,India,Asia,Original,168,2,156.0,2794,514.5,0.1241,0.0994,77.0,0.0,8.83,0.428
2020-02-18,India,Asia,Original,81,1,77.0,864,486.0,0.1797,0.1363,26.0,0.0,3.42,1.163
2020-02-18,India,Asia,Original,152,1,143.0,2103,514.5,0.1241,0.1164,67.0,0.0,19.42,0.428
2020-02-21,India,Asia,Original,131,2,122.0,2075,514.5,0.1241,0.2045,72.0,0.0,63.18,0.4
2020-02-26,India,Asia,Original,12,0,11.0,123,108.0,0.1127,0.1517,4.0,0.0,73.02,0.4
2020-02-29,India,Asia,Original,94,33,1959.0,27879,514.5,0.1241,0.16,823.0,0.0,84.24,0.4
2020-03-03,India,Asia,Original,60,1,56.0,597,480.0,0.1369,0.1201,16.0,0.0,90.53,0.4
2020-03-04,India,Asia,Original,31,1,29.0,473,514.5,0.1241,0.15175,16.0,0.0,89.86,0.4
2020-03-06,India,Asia,Original,10,0,9.0,155,514.5,0.1241,0.15175,5.0,0.0,64.93,0.49
2020-03-06,India,Asia,Original,77,1,73.0,754,514.5,0.1241,0.1659,29.0,0.0,72.4,0.4
2020-03-07,India,Asia,Original,34,0,32.0,613,272.0,0.1184,0.1694,17.0,0.0,72.4,0.4
2020-03-10,India,Asia,Original,16,0,15.0,204,144.0,0.103,0.15175,10.0,0.0,95.76,0.428
2020-03-11,India,Asia,Original,74,1,69.0,899,518.0,0.1451,0.1773,35.0,0.0,91.94,0.4
2020-03-12,India,Asia,Original,73,1,67.0,840,514.5,0.1241,0.15175,23.0,0.0,74.32,0.4
2020-03-12,India,Asia,Original,14,0,13.0,227,514.5,0.1241,0.1882,11.0,0.0,81.02,0.428
2020-03-13,India,Asia,Original,21,0,19.0,246,514.5,0.1241,0.1391,8.0,0.0,68.66,0.4
2020-03-14,India,Asia,Original,60,1,55.0,957,660.0,0.0687,0.15175,44.0,0.0,71.64,0.4
2020-03-15,India,Asia,Original,164,3,152.0,2098,1640.0,0.1006,0.1037,54.0,0.0,89.55,0.4
2020-03-22,India,Asia,Original,17,0,16.0,277,102.0,0.1654,0.192,12.0,0.0,73.37,0.4
2020-03-22,India,Asia,Original,44,1,41.0,727,514.5,0.1241,0.1936,40.0,0.0,72.94,0.4
2020-03-23,India,Asia,Original,61,1,57.0,757,671.0,0.0941,0.0938,19.0,0.0,67.06,0.428
2020-03-24,India,Asia,Original,25,0,23.0,276,200.0,0.879599494,0.1511,9.0,0.0,67.06,0.4
2020-03-26,India,Asia,Original,109,2,100.0,1288,763.0,0.1523,0.15175,43.0,0.0,72.46,0.4
2020-03-27,India,Asia,Original,10,0,9.0,140,70.0,0.149,0.1906,5.0,0.0,93.96,0.4
2020-03-29,India,Asia,Original,294,4,278.0,4882,2058.0,0.1455,0.2049,214.0,0.0,78.63,0.4
2020-03-30,India,Asia,Original,94,41,2145.0,31539,514.5,0.1241,0.1499,946.0,0.0,84.62,0.4
2020-04-01,India,Asia,Original,42,0,40.0,539,336.0,0.1136,0.0901,12.0,0.0,88.87,0.4
2020-04-08,India,Asia,Original,32,0,30.0,346,192.0,0.1823,0.185,14.0,0.0,86.6,0.4
2020-04-11,India,Asia,Original,17,0,15.0,301,170.0,0.1008,0.1392,11.0,0.0,96.96,0.4
2020-04-11,India,Asia,Original,171,2,159.0,2076,1026.0,0.169,0.1478,53.0,0.0,77.09,0.4
2020-04-12,India,Asia,Original,56,1,53.0,706,616.0,0.101,0.1112,17.0,0.0,85.0,0.4
2020-04-12,India,Asia,Original,46,1,44.0,525,322.0,0.1264,0.1342,16.0,0.0,75.75,0.4
2020-04-13,India,Asia,Original,98,1,91.0,1271,784.0,0.1341,0.0937,26.0,0.0,81.02,0.4
2020-04-16,India,Asia,Original,28,0,26.0,391,514.5,0.1241,0.1789,15.0,0.0,68.46,0.4
2020-04-18,India,Asia,Original,10,0,9.0,110,80.0,0.1151,0.1992,3.0,0.0,65.54,0.442
2020-04-27,India,Asia,Original,10,0,9.0,174,90.0,0.1227,0.1028,2.0,0.0,72.43,0.4
2020-04-29,India,Asia,Original,178,2,172.0,2491,1780.0,0.082,0.1791,77.0,0.0,72.43,0.4
2020-05-02,India,Asia,Original,5,0,4.0,77,40.0,0.1349,0.1087,1.0,0.0,49.37,0.532
2020-05-03,India,Asia,Original,88,2,84.0,1593,792.0,0.1116,0.0978,32.0,0.0,49.37,0.642
2020-05-16,India,Asia,Original,196,2,180.0,3106,1960.0,0.0916,0.1732,144.0,0.0,44.91,0.485
2020-05-17,India,Asia,Original,82,1,77.0,1091,514.5,0.1241,0.1928,56.0,0.0,62.68,0.43
2020-05-17,India,Asia,Original,17,0,15.0,240,514.5,0.1241,0.1481,8.0,0.0,74.34,0.4
2020-05-18,India,Asia,Original,50,1,46.0,604,350.0,0.1306,0.0993,17.0,0.0,49.72,0.52
2020-05-20,India,Asia,Original,7,0,6.0,103,514.5,0.1241,0.1711,3.0,0.0,65.76,0.4
2020-05-22,India,Asia,Original,346,4,327.0,6162,3460.0,0.0978,0.1692,179.0,0.0,52.99,0.513
2020-05-23,India,Asia,Original,296,3,283.0,4898,514.5,0.1241,0.1659,141.0,0.0,42.41,0.611
2020-05-24,India,Asia,Original,42,1,38.0,587,294.0,0.141,0.1831,31.0,0.0,64.04,0.482
2020-05-24,India,Asia,Original,17,0,15.0,185,102.0,0.1754,0.1578,7.0,0.0,69.04,0.4
2020-05-25,India,Asia,Original,34,1,31.0,593,204.0,0.1642,0.1049,18.0,0.0,61.38,0.486
2020-05-30,India,Asia,Original,27,0,25.0,417,162.0,0.1584,0.174,16.0,0.0,48.67,0.642
2020-06-05,India,Asia,Original,72,1,66.0,756,576.0,0.1242,0.1878,31.0,0.0,58.43,0.529
2020-06-05,India,Asia,Original,27,1,25.0,382,216.0,0.1488,0.1921,14.0,0.0,63.2,0.4
2020-06-11,India,Asia,Original,6,0,5.0,69,48.0,0.1304,0.2002,2.0,0.0,73.04,0.4
2020-06-13,India,Asia,Original,203,3,186.0,2163,1624.0,0.1208,0.1874,95.0,0.0,53.27,0.597
2020-06-14,India,Asia,Original,55,1,51.0,792,385.0,0.1375,0.129,21.0,0.0,60.61,0.408
2020-06-15,India,Asia,Original,15,0,13.0,252,90.0,0.1753,0.1888,9.0,0.0,49.95,0.518
2020-06-21,India,Asia,Original,98,1,93.0,1490,686.0,0.1523,0.1813,65.0,0.0,49.95,0.552
2020-06-24,India,Asia,Original,56,1,53.0,977,392.0,0.1421,0.1102,24.0,0.0,55.59,0.48
2020-06-25,India,Asia,Original,60,1,56.0,689,480.0,0.1349,0.1094,16.0,0.0,48.98,0.541
2020-06-26,India,Asia,Original,311,4,297.0,4333,2799.0,0.1351,0.14,107.0,0.0,66.82,0.4
2020-06-26,India,Asia,Original,96,1,91.0,1382,864.0,0.1111,0.0947,30.0,0.0,48.71,0.523
2020-06-30,India,Asia,Original,265,5,243.0,3971,1855.0,0.1421,0.1914,194.0,0.0,76.77,0.4
2020-06-30,India,Asia,Original,121,1,111.0,1596,1089.0,0.1042,0.15175,53.0,0.0,61.11,0.516
2020-07-01,India,Asia,Original,23,0,21.0,365,230.0,0.087,0.2044,12.0,0.0,64.79,0.459
2020-07-11,India,Asia,Original,18,0,17.0,297,162.0,0.1002,0.1715,15.0,0.0,68.11,0.4
2020-07-12,India,Asia,Original,112,2,106.0,1150,1232.0,0.0994,0.1561,50.0,0.0,65.88,0.406
2020-07-13,India,Asia,Original,59,1,56.0,882,649.0,0.0862,0.1694,29.0,0.0,47.47,0.527
2020-07-14,India,Asia,Original,233,3,219.0,2526,1631.0,0.1548,0.1039,71.0,0.0,53.39,0.58
2020-07-16,India,Asia,Original,49,1,47.0,715,490.0,0.0941,0.1741,27.0,0.0,59.29,0.411
2020-07-19,India,Asia,Original,224,2,206.0,3101,1344.0,0.1613,0.107,73.0,0.0,61.08,0.4
2020-07-21,India,Asia,Original,114,2,109.0,1577,1254.0,0.0716,0.155,62.0,0.0,68.36,0.426
2020-07-23,India,Asia,Original,65,1,60.0,881,520.0,0.139,0.1008,20.0,0.0,52.96,0.527
2020-07-29,India,Asia,Original,83,1,77.0,1489,581.0,0.16,0.1376,38.0,0.0,51.66,0.418
2020-08-02,India,Asia,Original,127,1,121.0,1697,762.0,0.1681,0.1934,72.0,0.0,51.48,0.4
2020-08-04,India,Asia,Original,94,2,88.0,1424,752.0,0.113,0.1553,66.0,0.0,53.21,0.645
2020-08-05,India,Asia,Original,17,0,16.0,241,102.0,0.1602,0.1616,9.0,0.0,66.75,0.4
2020-08-09,India,Asia,Original,12,0,11.0,119,132.0,0.0939,0.1735,6.0,0.0,66.75,0.516
2020-08-13,India,Asia,Original,17,0,16.0,176,170.0,0.097,0.1552,8.0,0.0,52.87,0.422
2020-08-14,India,Asia,Original,86,1,83.0,1146,602.0,0.1504,0.1264,32.0,0.0,29.96,0.499
2020-08-18,India,Asia,Original,20,0,18.0,236,120.0,0.1636,0.1239,4.0,0.0,66.04,0.4
2020-08-20,India,Asia,Original,28,0,26.0,408,252.0,0.1009,0.0999,8.0,0.0,45.83,0.447
2020-08-21,India,Asia,Original,17,0,15.0,182,153.0,0.1144,0.1715,7.0,0.0,59.46,0.4
2020-08-23,India,Asia,Original,15,0,14.0,230,150.0,0.0906,0.1235,4.0,0.0,32.99,0.613
2020-08-23,India,Asia,Original,69,1,63.0,695,621.0,0.1111,0.0963,15.0,0.0,50.83,0.591
2020-08-23,India,Asia,Original,65,1,59.0,994,715.0,0.0945,0.1406,25.0,0.0,53.42,0.527
2020-08-24,India,Asia,Original,70,1,66.0,1177,770.0,0.0893,0.152,36.0,0.0,57.03,0.4
2020-08-25,India,Asia,Original,314,5,302.0,5212,2512.0,0.117,0.1113,102.0,0.0,62.36,0.426
2020-08-29,India,Asia,Original,69,1,65.0,849,483.0,0.1297,0.1757,33.0,0.0,37.99,0.428
2020-08-31,India,Asia,Original,22,0,20.0,259,198.0,0.1008,0.0973,7.0,0.0,40.12,0.724
2020-09-01,India,Asia,Original,63,1,59.0,725,630.0,0.0946,0.15,31.0,0.0,55.02,0.4
2020-09-02,India,Asia,Original,21,0,19.0,223,231.0,0.0877,0.1741,6.0,0.0,54.5,0.58
2020-09-02,India,Asia,Original,336,4,317.0,3573,2016.0,0.1604,0.1114,76.0,0.0,37.32,0.428
2020-09-03,India,Asia,Original,176,2,162.0,2011,1760.0,0.1077,0.1441,64.0,0.0,56.13,0.4
2020-09-03,India,Asia,Original,374,5,359.0,4150,3740.0,0.1127,0.1572,144.0,0.0,44.07,0.5
2020-09-04,India,Asia,Original,153,2,144.0,1552,1683.0,0.0968,0.1767,60.0,0.0,58.41,0.428
2020-09-07,India,Asia,Original,169,2,156.0,1883,1352.0,0.1241,0.15175,63.0,0.0,51.19,0.626
2020-09-11,India,Asia,Original,152,1,143.0,2330,1064.0,0.1521,0.1506,80.0,0.0,45.94,0.754
2020-09-12,India,Asia,Original,23,0,21.0,344,161.0,0.134,0.1481,11.0,0.0,45.94,0.457
2020-09-13,India,Asia,Original,19,0,18.0,223,133.0,0.1407,0.1775,9.0,0.0,53.82,0.624
2020-09-18,India,Asia,Original,55,1,50.0,562,440.0,0.1293,0.1493,22.0,0.0,52.99,0.4
2020-09-23,India,Asia,Original,77,1,70.0,1353,539.0,0.1524,0.1314,39.0,0.0,39.06,0.509
2020-09-26,India,Asia,Original,221,2,205.0,2923,2431.0,0.0844,0.1144,74.0,0.0,54.79,0.4
2020-09-26,India,Asia,Original,587,9,548.0,9734,3522.0,0.1593,0.2072,565.0,0.0,51.87,0.4
2020-09-28,India,Asia,Original,70,1,66.0,839,490.0,0.1329,0.15175,13.0,0.0,46.44,0.403
2020-09-29,India,Asia,Original,51,0,48.0,909,459.0,0.1104,0.1061,22.0,0.0,56.62,0.596
2020-09-30,India,Asia,Original,97,1,91.0,1733,776.0,0.1241,0.1248,49.0,0.0,61.93,0.48
2020-10-06,India,Asia,Original,58,1,53.0,800,522.0,0.1052,0.1377,21.0,0.0,44.07,0.776
2020-10-07,India,Asia,Original,64,1,59.0,767,640.0,0.1018,0.15175,26.0,0.0,35.9,0.428
2020-10-08,India,Asia,Original,20,0,19.0,341,180.0,0.1098,0.1994,15.0,0.0,37.92,0.59
2020-10-09,India,Asia,Original,31,0,29.0,382,217.0,0.1433,0.1183,10.0,0.0,37.92,0.428
2020-10-09,India,Asia,Original,57,1,53.0,724,570.0,0.098,0.0915,19.0,0.0,60.04,0.4
2020-10-12,India,Asia,Original,9,0,8.0,155,99.0,0.0826,0.15175,5.0,0.0,50.13,0.543
2020-10-13,India,Asia,Original,13,0,12.0,228,143.0,0.0838,0.1888,8.0,0.0,50.96,0.49
2020-10-14,India,Asia,Original,103,1,94.0,1188,618.0,0.1544,0.15175,30.0,0.0,64.78,0.4
2020-10-18,India,Asia,Original,31,0,29.0,407,217.0,0.1378,0.1593,14.0,0.0,46.01,0.643
2020-10-19,India,Asia,Original,8,0,7.0,105,56.0,0.1341,0.1634,2.0,0.0,54.58,0.551
2020-10-20,India,Asia,Original,22,0,21.0,387,242.0,0.0906,0.1043,9.0,0.0,44.88,0.497
2020-10-27,India,Asia,Original,79,1,75.0,953,711.0,0.1195,0.1153,26.0,0.0,44.88,0.458
2020-10-28,India,Asia,Alpha,68,1,64.0,780,544.0,0.126,0.1384,26.0,0.0,25.73,0.871
2020-10-30,India,Asia,Original,73,1,69.0,1109,511.0,0.1374,0.1063,26.0,0.0,49.07,0.597
2020-11-02,India,Asia,Original,157,2,148.0,2329,1727.0,0.0848,0.1938,99.0,0.0,38.31,0.594
2020-11-13,India,Asia,Original,59,1,56.0,581,354.0,0.1706,0.15175,21.0,0.0,39.66,0.68
2020-11-20,India,Asia,Alpha,52,1,50.0,676,572.0,0.0872,0.1473,22.0,0.0,37.6,0.964
2020-11-22,India,Asia,Alpha,148,2,140.0,2623,888.0,0.154,0.113,65.0,0.0,44.78,0.546
2020-11-25,India,Asia,Alpha,344,4,331.0,4694,2408.0,0.1468,0.124,170.0,0.0,48.98,0.744
2020-11-25,India,Asia,Alpha,117,2,112.0,2023,1053.0,0.1246,0.1277,57.0,0.0,37.79,0.908
2020-11-26,India,Asia,Alpha,383,6,361.0,6384,3447.0,0.123,0.165,232.0,0.0,56.4,0.465
2020-12-01,India,Asia,Alpha,34,0,32.0,385,340.0,0.1069,0.2097,21.0,0.0,37.95,0.749
2020-12-02,India,Asia,Alpha,83,2,77.0,1162,747.0,0.1321,0.1245,32.0,0.0,41.09,0.746
2020-12-04,India,Asia,Alpha,174,2,162.0,1933,1740.0,0.0999,0.2151,110.0,0.0,50.47,0.561
2020-12-06,India,Asia,Alpha,130,2,119.0,1690,1170.0,0.0855,0.1566,47.0,0.0,53.32,0.794
2020-12-06,India,Asia,Alpha,94,101,8126.0,88742,78345.0,0.1313,0.1573,3394.0,0.0,53.32,0.493
2020-12-06,India,Asia,Alpha,69,1,65.0,761,414.0,0.1459,0.2015,28.0,0.0,55.28,0.622
2020-12-07,India,Asia,Alpha,16,0,15.0,232,160.0,0.0896,0.1894,10.0,0.0,67.59,0.4
2020-12-08,India,Asia,Alpha,68,1,65.0,1146,612.0,0.1038,0.1043,26.0,0.0,69.2,0.506
2020-12-10,India,Asia,Alpha,444,8,417.0,6848,2664.0,0.1644,0.2154,325.0,0.0,47.59,0.493
2020-12-15,India,Asia,Alpha,65,1,62.0,662,585.0,0.119,0.2016,29.0,0.0,50.39,0.494
2020-12-17,India,Asia,Alpha,13,0,12.0,224,117.0,0.1046,0.2214,11.0,0.0,70.87,0.401
2020-12-18,India,Asia,Alpha,10,0,9.0,148,80.0,0.1175,0.19,6.0,0.0,75.9,0.4
2020-12-24,India,Asia,Alpha,435,9,415.0,7716,3045.0,0.1383,0.168,285.0,0.0,56.21,0.51
2020-12-27,India,Asia,Alpha,192,3,180.0,2555,1728.0,0.0989,0.1843,85.0,0.0,56.21,0.493
2021-01-01,India,Asia,Alpha,13,0,12.0,202,130.0,0.1093,0.2028,8.0,0.0,64.01,0.529
2021-01-05,India,Asia,Alpha,172,2,158.0,1712,1032.0,0.1674,0.16425,86.0,0.0,72.43,0.472
2021-01-11,India,Asia,Alpha,311,6,297.0,3346,2177.0,0.1433,0.1912,111.0,0.0089,50.37,0.693
2021-01-14,India,Asia,Alpha,296,3,286.0,4537,2072.0,0.1307,0.1703,171.0,0.0209,56.82,0.693
2021-01-19,India,Asia,Alpha,21,0,19.0,251,231.0,0.0751,0.1998,10.0,0.0152,56.82,0.693
2021-02-03,India,Asia,Alpha,874,19,806.0,10789,8740.0,0.1048,0.163,296.0,0.0268,64.6,0.414
2021-02-09,India,Asia,Alpha,84,1,77.0,840,588.0,0.1377,0.1242,23.0,0.0357,63.29,0.482
2021-02-10,India,Asia,Alpha,18,0,16.0,314,126.0,0.1458,0.1739,12.0,0.0015,72.27,0.4
2021-02-11,India,Asia,Alpha,493,9,460.0,5876,5423.0,0.0805,0.1974,328.0,0.0306,70.69,0.4
2021-02-12,India,Asia,Alpha,6,0,5.0,89,42.0,0.1593,0.16425,2.0,0.0433,65.48,0.475
2021-02-13,India,Asia,Alpha,124,1,117.0,1396,1364.0,0.1006,0.1034,32.0,0.035,62.73,0.506
2021-02-15,India,Asia,Alpha,112,1,106.0,1291,1232.0,0.0758,0.1249,35.0,0.0267,75.07,0.4
2021-02-19,India,Asia,Alpha,59,1,55.0,842,590.0,0.0952,0.16425,30.0,0.0267,71.94,0.4
2021-02-21,India,Asia,Alpha,188,3,176.0,2217,1128.0,0.1609,0.1151,69.0,0.0267,61.68,0.523
2021-02-24,India,Asia,Alpha,407,6,375.0,5525,4070.0,0.0947,0.1738,183.0,0.0312,51.06,0.761
2021-02-24,India,Asia,Alpha,71,1,67.0,695,426.0,0.1657,0.107,18.0,0.0459,77.86,0.4
2021-02-26,India,Asia,Alpha,190,3,176.0,2737,2090.0,0.1037,0.1721,134.0,0.0337,51.04,0.81
2021-02-28,India,Asia,Alpha,50,1,48.0,525,500.0,0.1038,0.1252,14.0,0.0337,45.11,0.755
2021-03-05,India,Asia,Alpha,22,0,20.0,312,242.0,0.0931,0.1724,11.0,0.0533,56.68,0.756
2021-03-07,India,Asia,Alpha,36,0,33.0,479,288.0,0.1219,0.1646,17.0,0.0665,76.82,0.4
2021-03-09,India,Asia,Alpha,15,0,13.0,173,90.0,0.157,0.1471,6.0,0.0779,67.16,0.456
2021-03-10,India,Asia,Alpha,78,1,71.0,1321,780.0,0.1173,0.16425,36.0,0.0449,75.23,0.4
2021-03-10,India,Asia,Alpha,49,1,45.0,834,490.0,0.0906,0.1216,22.0,0.0652,59.12,0.524
2021-03-10,India,Asia,Alpha,24,0,23.0,260,216.0,0.1132,0.1239,6.0,0.0731,67.76,0.4
2021-03-10,India,Asia,Alpha,626,7,580.0,9923,5008.0,0.1392,0.1321,292.0,0.0478,62.02,0.565
2021-03-11,India,Asia,Alpha,477,7,437.0,4690,4770.0,0.0955,0.16425,138.0,0.0718,61.03,0.4
2021-03-13,India,Asia,Alpha,11,0,10.0,172,99.0,0.1062,0.1572,6.0,0.0616,61.5,0.661
2021-03-13,India,Asia,Alpha,87,1,81.0,874,696.0,0.138,0.1312,17.0,0.0668,61.96,0.55
2021-03-14,India,Asia,Alpha,236,2,217.0,2440,1652.0,0.1576,0.1421,76.0,0.0614,51.53,0.61
2021-03-20,India,Asia,Delta,105,2,100.0,1731,1155.0,0.0848,0.1679,47.0,0.0469,77.06,0.523
2021-03-20,India,Asia,Delta,119,3,111.0,1229,1071.0,0.1064,0.1443,39.0,0.0647,77.06,0.461
2021-03-21,India,Asia,Alpha,109,1,105.0,1306,872.0,0.1235,0.1784,54.0,0.0756,81.3,0.4
2021-03-26,India,Asia,Delta,246,4,231.0,4474,2460.0,0.1078,0.16665000000000002,91.0,0.068,81.3,0.948
2021-03-28,India,Asia,Delta,135,2,128.0,2146,810.0,0.149,0.16665000000000002,136.0,0.0761,82.31,0.4
2021-03-31,India,Asia,Alpha,36,1,33.0,477,288.0,0.1245,0.1826,13.0,0.0973,60.74,0.551
2021-04-01,India,Asia,Alpha,74,1,71.0,1076,444.0,0.1731,0.16425,28.0,0.0642,77.56,0.4
2021-04-07,India,Asia,Delta,90,1,82.0,1275,990.0,0.0993,0.2082,58.0,0.0693,73.2,0.527
2021-04-07,India,Asia,Alpha,232,4,215.0,3490,2320.0,0.0843,0.16425,126.0,0.0763,59.7,0.431
2021-04-08,India,Asia,Delta,122,2,114.0,1880,1098.0,0.1045,0.1338,73.0,0.0855,56.77,0.698
2021-04-10,India,Asia,Alpha,172,2,164.0,2251,1204.0,0.142,0.0927,51.0,0.1131,65.01,0.4
2021-04-14,India,Asia,Alpha,334,7,314.0,4784,3006.0,0.1309,0.1913,193.0,0.0845,83.13,0.493
2021-04-17,India,Asia,Delta,47,1,44.0,790,329.0,0.1705,0.16665000000000002,29.0,0.0901,72.56,0.4
2021-04-17,India,Asia,Delta,218,4,202.0,2793,1962.0,0.117,0.1681,86.0,0.0913,59.06,0.663
2021-04-20,India,Asia,Delta,34,0,32.0,510,306.0,0.1091,0.16665000000000002,15.0,0.1041,84.36,0.581
2021-04-22,India,Asia,Delta,167,2,161.0,3008,1002.0,0.1655,0.2337,156.0,0.0919,84.36,0.904
2021-05-01,India,Asia,Delta,94,20,1046.0,12912,10053.0,0.1068,0.213,759.0,0.0797,61.12,0.843
2021-05-01,India,Asia,Delta,236,5,226.0,4040,1888.0,0.1182,0.2359,210.0,0.0966,84.7,0.4
2021-05-02,India,Asia,Delta,920,10,855.0,13254,6440.0,0.1412,0.2024,590.0,0.1007,77.24,0.476
2021-05-04,India,Asia,Delta,81,1,74.0,864,486.0,0.1588,0.129,25.0,0.1136,65.57,0.681
2021-05-05,India,Asia,Delta,40,0,38.0,411,280.0,0.1371,0.1318,10.0,0.094,71.35,0.581
2021-05-06,India,Asia,Delta,18,0,16.0,287,180.0,0.1176,0.16665000000000002,7.0,0.0991,79.0,0.4
2021-05-06,India,Asia,Delta,6,0,5.0,74,42.0,0.1432,0.1215,2.0,0.1095,76.47,0.581
2021-05-06,India,Asia,Delta,146,3,139.0,2505,1314.0,0.1093,0.2467,171.0,0.1247,69.94,0.478
2021-05-08,India,Asia,Delta,122,2,112.0,1549,1098.0,0.1191,0.1497,51.0,0.1065,78.4,0.4
2021-05-10,India,Asia,Delta,756,12,697.0,13063,7560.0,0.0951,0.16665000000000002,479.0,0.1157,62.43,0.581
2021-05-12,India,Asia,Delta,118,2,111.0,1331,944.0,0.1292,0.157,51.0,0.1156,73.95,0.4
2021-05-15,India,Asia,Delta,188,4,177.0,3000,1880.0,0.0888,0.1169,65.0,0.1124,62.11,0.534
2021-05-17,India,Asia,Delta,278,7,257.0,4599,1946.0,0.1561,0.1383,140.0,0.1041,65.8,0.704
2021-05-20,India,Asia,Delta,17,0,15.0,274,153.0,0.1051,0.1708,11.0,0.132,81.71,0.4
2021-05-23,India,Asia,Delta,746,12,706.0,9590,4476.0,0.1642,0.16665000000000002,414.0,0.1245,59.12,0.545
2021-05-23,India,Asia,Delta,36,0,34.0,640,216.0,0.1732,0.2134,30.0,0.1159,75.84,0.465
2021-05-23,India,Asia,Delta,94,25,1123.0,13904,9384.0,0.1288,0.2265,855.0,0.1199,58.21,0.829
2021-05-25,India,Asia,Delta,34,0,32.0,556,306.0,0.0966,0.1537,22.0,0.1203,70.22,0.448
2021-05-26,India,Asia,Delta,108,2,102.0,1072,756.0,0.129,0.2222,52.0,0.1324,54.9,0.581
2021-05-28,India,Asia,Delta,18,0,16.0,284,180.0,0.0955,0.2029,16.0,0.1296,62.72,0.581
2021-06-06,India,Asia,Delta,177,2,167.0,1856,1593.0,0.1197,0.1267,43.0,0.1359,75.19,0.502
2021-06-07,India,Asia,Delta,453,7,431.0,6604,4077.0,0.1285,0.2226,428.0,0.1344,66.24,0.696
2021-06-08,India,Asia,Delta,143,3,132.0,1649,1001.0,0.1393,0.2285,71.0,0.1342,74.26,0.4
2021-06-12,India,Asia,Delta,94,43,2168.0,24325,15925.0,0.1408,0.1332,713.0,0.1545,84.16,0.4
2021-06-14,India,Asia,Delta,40,1,38.0,512,440.0,0.0733,0.1307,10.0,0.1357,57.79,0.811
2021-06-14,India,Asia,Delta,18,0,16.0,294,198.0,0.0977,0.1622,10.0,0.1417,59.04,0.734
2021-06-15,India,Asia,Delta,45,1,43.0,578,405.0,0.1279,0.1083,14.0,0.1578,81.14,0.581
2021-06-16,India,Asia,Delta,259,5,237.0,3530,2590.0,0.107,0.1471,106.0,0.1398,84.79,0.4
2021-06-19,India,Asia,Delta,155,3,143.0,1815,930.0,0.1619,0.16665000000000002,58.0,0.1504,84.79,0.542
2021-06-21,India,Asia,Delta,890,20,847.0,10963,5340.0,0.1665,0.1919,463.0,0.14,64.97,0.451
2021-06-21,India,Asia,Delta,46,0,43.0,509,322.0,0.1552,0.1925,22.0,0.1576,60.97,0.9
2021-06-27,India,Asia,Delta,44,1,42.0,797,484.0,0.1012,0.231,41.0,0.1713,70.09,0.403
2021-06-27,India,Asia,Delta,12,0,10.0,214,96.0,0.1074,0.1436,6.0,0.173,61.67,0.55
2021-07-14,India,Asia,Delta,57,1,54.0,650,627.0,0.0878,0.1308,20.0,0.1673,86.92,0.4
2021-07-18,India,Asia,Delta,43,0,39.0,746,387.0,0.1074,0.2319,38.0,0.18,62.92,0.72
2021-07-19,India,Asia,Delta,94,172,9508.0,110943,89217.0,0.1203,0.1318,3217.0,0.1425,62.92,0.4
2021-07-19,India,Asia,Delta,231,4,218.0,3870,1617.0,0.1377,0.143,95.0,0.1924,66.48,0.471
2021-07-20,India,Asia,Delta,71,1,65.0,1101,426.0,0.1729,0.141,33.0,0.1737,55.97,0.867
2021-07-22,India,Asia,Delta,403,7,372.0,6675,2821.0,0.1697,0.1356,199.0,0.1748,74.02,0.47
2021-07-22,India,Asia,Delta,912,18,873.0,9947,6384.0,0.1508,0.1285,302.0,0.1779,74.54,0.539
2021-07-23,India,Asia,Delta,39,0,37.0,520,351.0,0.1184,0.1431,16.0,0.1792,78.69,0.416
2021-07-24,India,Asia,Delta,364,5,344.0,6579,2912.0,0.1283,0.2258,327.0,0.1891,84.22,0.4
2021-07-26,India,Asia,Delta,42,1,39.0,620,336.0,0.1255,0.146,19.0,0.1718,65.46,0.471
2021-07-28,India,Asia,Delta,79,1,73.0,1004,711.0,0.1225,0.1754,46.0,0.1765,69.13,0.554
2021-07-28,India,Asia,Delta,146,2,139.0,1497,1314.0,0.118,0.1888,50.0,0.191,66.57,0.733
2021-08-02,India,Asia,Delta,56,1,52.0,840,392.0,0.1476,0.237,42.0,0.1739,72.21,0.564
2021-08-04,India,Asia,Delta,2,0,1.0,30,12.0,0.1695,0.16665000000000002,0.0,0.1822,63.16,0.581
2021-08-07,India,Asia,Delta,162,2,153.0,1986,1782.0,0.0807,0.1474,81.0,0.2087,63.16,0.804
2021-08-10,India,Asia,Delta,285,4,270.0,4102,2565.0,0.1235,0.2317,209.0,0.1788,63.16,0.41
2021-08-11,India,Asia,Delta,35,1,32.0,444,350.0,0.1021,0.1623,16.0,0.1935,70.48,0.572
2021-08-12,India,Asia,Delta,94,1,90.0,1244,1034.0,0.0771,0.2103,39.0,0.1985,51.2,1.025
2021-08-16,India,Asia,Delta,118,1,112.0,1852,944.0,0.1215,0.1542,51.0,0.2014,61.18,0.541
2021-08-17,India,Asia,Delta,493,9,458.0,6373,2958.0,0.1569,0.1217,182.0,0.1887,69.92,0.4
2021-08-20,India,Asia,Delta,173,2,160.0,2152,1038.0,0.1678,0.1336,55.0,0.2104,55.11,0.581
2021-08-21,India,Asia,Delta,13,0,12.0,171,130.0,0.1228,0.16665000000000002,6.0,0.1945,49.26,0.748
2021-08-23,India,Asia,Delta,3,0,2.0,50,24.0,0.1016,0.1422,1.0,0.1941,53.38,0.548
2021-09-02,India,Asia,Delta,67,1,63.0,959,469.0,0.1429,0.1337,28.0,0.2036,62.09,0.84
2021-09-02,India,Asia,Delta,356,5,337.0,3652,3204.0,0.1089,0.1409,108.0,0.2074,56.39,0.749
2021-09-06,India,Asia,Delta,44,1,41.0,434,352.0,0.1419,0.1245,15.0,0.2046,37.03,1.068
2021-09-09,India,Asia,Delta,34,1,31.0,468,306.0,0.1299,0.2155,27.0,0.2112,54.08,1.013
2021-09-14,India,Asia,Delta,42,1,39.0,701,294.0,0.1622,0.16665000000000002,26.0,0.2176,50.8,0.727
2021-09-27,India,Asia,Delta,405,6,374.0,6227,2430.0,0.1572,0.2226,272.0,0.2508,50.8,0.825
2021-10-03,India,Asia,Omicron,8,0,7.0,145,72.0,0.1027,0.0888,3.0,0.2434,50.8,0.81
2021-10-03,India,Asia,Delta,65,1,59.0,700,390.0,0.1795,0.1825,28.0,0.2424,60.7,0.523
2021-10-04,India,Asia,Delta,7,0,6.0,99,70.0,0.0989,0.1416,4.0,0.257,42.76,0.789
2021-10-06,India,Asia,Delta,312,4,287.0,5325,3120.0,0.0947,0.2143,251.0,0.248,68.36,0.581
2021-10-06,India,Asia,Delta,261,5,244.0,3159,2871.0,0.0832,0.1605,91.0,0.2444,46.64,0.798
2021-10-06,India,Asia,Omicron,53,0,50.0,555,583.0,0.0964,0.0545,4.0,0.2446,68.98,0.83
2021-10-07,India,Asia,Delta,73,1,68.0,856,584.0,0.1186,0.1187,22.0,0.2374,54.95,0.911
2021-10-08,India,Asia,Delta,26,0,24.0,370,260.0,0.0927,0.16665000000000002,9.0,0.2422,55.46,0.962
2021-10-12,India,Asia,Delta,67,1,64.0,915,737.0,0.0841,0.16665000000000002,40.0,0.2525,38.55,1.0
2021-10-14,India,Asia,Omicron,16,0,15.0,239,96.0,0.1708,0.0928,5.0,0.2394,47.49,0.935
2021-10-19,India,Asia,Omicron,93,1,88.0,1008,930.0,0.0947,0.051,11.0,0.2602,57.74,1.013
2021-10-19,India,Asia,Omicron,636,4,593.0,11522,5724.0,0.1131,0.0866,220.0,0.2519,68.11,0.708
2021-10-21,India,Asia,Delta,100,2,92.0,1378,900.0,0.1078,0.1484,45.0,0.2481,65.31,0.755
2021-10-26,India,Asia,Delta,231,3,220.0,3301,1617.0,0.1556,0.1683,122.0,0.2772,49.44,0.931
2021-10-27,India,Asia,Omicron,108,1,102.0,1118,864.0,0.1211,0.0482,14.0,0.2689,42.27,1.479
2021-10-28,India,Asia,Omicron,40,0,38.0,611,360.0,0.0996,0.06584999999999999,11.0,0.2518,67.89,0.937
2021-10-29,India,Asia,Omicron,193,1,187.0,2782,1930.0,0.1025,0.06584999999999999,40.0,0.27,49.01,1.331
2021-10-31,India,Asia,Delta,49,1,45.0,690,539.0,0.0832,0.1359,15.0,0.2649,51.26,1.076
2021-11-07,India,Asia,Omicron,40,0,38.0,459,320.0,0.1138,0.0763,8.0,0.2877,43.02,1.303
2021-11-16,India,Asia,Omicron,69,1,64.0,754,690.0,0.0941,0.0701,11.0,0.2912,38.5,1.798
2021-11-20,India,Asia,Omicron,111,1,105.0,1922,1110.0,0.0782,0.0686,39.0,0.2838,34.83,1.345
2021-11-27,India,Asia,Omicron,551,2,530.0,8752,5510.0,0.1046,0.078,192.0,0.2947,42.02,1.16
2021-11-28,India,Asia,Omicron,301,1,285.0,3648,2107.0,0.1518,0.0881,58.0,0.2877,41.0,1.563
2021-11-29,India,Asia,Omicron,478,3,457.0,5388,3346.0,0.1367,0.06584999999999999,78.0,0.2897,29.41,1.327
2021-11-29,India,Asia,Omicron,600,4,575.0,7031,6600.0,0.1009,0.0604,102.0,0.2957,29.45,1.714
2021-11-30,India,Asia,Omicron,47,0,44.0,520,470.0,0.1142,0.0449,6.0,0.2887,39.61,1.613
2021-12-03,India,Asia,Omicron,26,0,24.0,359,208.0,0.1409,0.0845,7.0,0.3007,59.28,1.018
2021-12-03,India,Asia,Omicron,74,0,72.0,1099,518.0,0.146,0.0954,22.0,0.307,50.83,0.843
2021-12-04,India,Asia,Omicron,371,2,346.0,3862,4081.0,0.909307677,0.0949,81.0,0.2939,38.18,1.381
2021-12-05,India,Asia,Omicron,172,1,163.0,2381,1548.0,0.1047,0.06584999999999999,34.0,0.3069,38.53,1.352
2021-12-05,India,Asia,Omicron,94,10,1938.0,27835,20880.0,0.1105,0.0481,372.0,0.2901,48.23,1.394
2021-12-06,India,Asia,Omicron,20,0,18.0,227,200.0,0.0803,0.064,3.0,0.3062,48.23,1.165
2021-12-07,India,Asia,Omicron,171,1,160.0,3072,1881.0,0.0977,0.0785,68.0,0.3019,50.49,0.828
2021-12-08,India,Asia,Omicron,271,1,260.0,4078,1626.0,0.1544,0.0567,51.0,0.3048,44.41,1.288
2021-12-16,India,Asia,Omicron,49,0,47.0,514,441.0,0.1285,0.0953,12.0,0.3175,57.68,1.042
2021-12-17,India,Asia,Omicron,122,1,117.0,1885,976.0,0.1243,0.0682,32.0,0.3165,30.92,1.343
2021-12-22,India,Asia,Omicron,75,0,72.0,810,450.0,0.1672,0.0563,10.0,0.3095,56.04,1.316
2021-12-23,India,Asia,Omicron,64,0,60.0,914,512.0,0.1246,0.0461,12.0,0.3231,55.18,0.877
2021-12-27,India,Asia,Omicron,130,1,124.0,1923,1430.0,0.0856,0.0905,46.0,0.3244,53.08,1.089
2021-12-31,India,Asia,Omicron,456,3,422.0,5081,2736.0,0.1595,0.0664,70.0,0.3123,38.82,1.231
2021-12-31,India,Asia,Omicron,339,2,326.0,4628,2373.0,0.131,0.0642,65.0,0.3172,26.03,1.858
2022-01-03,India,Asia,Omicron,124,1,115.0,1274,1240.0,0.0825,0.0623,17.0,0.3273,51.42,0.736
2022-01-05,India,Asia,Omicron,246,1,234.0,3358,1476.0,0.1619,0.0837,75.0,0.3193,51.42,1.846
2022-01-12,India,Asia,Omicron,1039,5,1000.0,18840,8312.0,0.1187,0.0924,383.0,0.3143,39.2,1.2415
2022-01-13,India,Asia,Omicron,484,3,449.0,5874,5324.0,0.0918,0.0503,77.0,0.3366,39.2,1.677
2022-01-15,India,Asia,Omicron,35,0,33.0,605,385.0,0.0791,0.0631,11.0,0.3318,42.37,1.013
2022-01-19,India,Asia,Omicron,104,1,99.0,1816,832.0,0.1168,0.0756,30.0,0.3378,39.37,1.288
2022-01-20,India,Asia,Omicron,199,1,191.0,2841,1393.0,0.1423,0.06584999999999999,41.0,0.3595,46.11,1.211
2022-01-21,India,Asia,Omicron,98,1,94.0,1084,686.0,0.1355,0.054,12.0,0.3641,34.16,1.199
2022-01-22,India,Asia,Omicron,146,1,139.0,2648,1022.0,0.1571,0.0883,51.0,0.3334,55.33,1.008
2022-01-30,India,Asia,Omicron,331,2,322.0,3752,1986.0,0.1616,0.06584999999999999,54.0,0.3361,39.9,1.706
2022-01-30,India,Asia,Omicron,80,0,75.0,1411,480.0,0.1702,0.06584999999999999,20.0,0.3471,27.58,1.348
2022-01-31,India,Asia,Omicron BA.2,170,1,160.0,2480,1870.0,0.0929,0.0689,41.0,0.3527,45.13,1.859
2022-01-31,India,Asia,Omicron BA.2,25,0,23.0,399,275.0,0.0991,0.0832,7.0,0.351,55.37,1.487
2022-01-31,India,Asia,Omicron BA.2,136,1,127.0,2052,1224.0,0.1068,0.0617,28.0,0.3412,52.79,0.942
2022-01-31,India,Asia,Omicron,94,9,1413.0,25258,9138.0,0.174,0.0648,367.0,0.3363,54.54,1.2415
2022-02-02,India,Asia,Omicron,106,1,102.0,1113,636.0,0.1706,0.06584999999999999,18.0,0.34,46.26,0.933
2022-02-04,India,Asia,Omicron BA.2,5,0,4.0,55,30.0,0.1631,0.08,0.0,0.3541,49.4,1.572
2022-02-05,India,Asia,Omicron BA.2,55,0,51.0,686,605.0,0.102,0.049,5.0,0.3601,25.87,2.432
2022-02-06,India,Asia,Omicron,16,0,14.0,237,176.0,0.1094,0.0658,2.0,0.3576,48.88,1.455
2022-02-11,India,Asia,Omicron,230,1,221.0,3298,2530.0,0.0845,0.0651,47.0,0.3697,41.86,1.615
2022-02-16,India,Asia,Omicron BA.2,146,1,137.0,1672,1460.0,0.0913,0.0378,14.0,0.3583,45.28,1.388
2022-02-16,India,Asia,Omicron,128,1,121.0,1368,1152.0,0.1111,0.06584999999999999,20.0,0.3581,55.74,0.839
2022-02-20,India,Asia,Omicron BA.2,26,0,25.0,421,156.0,0.1757,0.0746,5.0,0.3618,50.9,1.232
2022-02-24,India,Asia,Omicron,91,0,88.0,982,819.0,0.1209,0.058,14.0,0.3842,43.49,1.006
2022-02-25,India,Asia,Omicron,49,0,45.0,669,392.0,0.1306,0.0425,6.0,0.3781,27.86,1.808
2022-02-26,India,Asia,Omicron BA.2,676,4,649.0,10872,6084.0,0.1255,0.0435,104.0,0.3811,38.51,1.346
2022-02-28,India,Asia,Omicron BA.2,672,4,646.0,9009,5376.0,0.1144,0.0615,112.0,0.3879,38.38,1.27
2022-03-04,India,Asia,Omicron,325,2,308.0,4765,2275.0,0.1411,0.06584999999999999,69.0,0.3716,27.46,1.895
2022-03-05,India,Asia,Omicron,94,7,1096.0,13526,9096.0,0.1069,0.0722,196.0,0.3913,27.46,1.375
2022-03-10,India,Asia,Omicron BA.2,81,0,76.0,1472,891.0,0.0879,0.0493,12.0,0.3887,35.41,1.238
2022-03-13,India,Asia,Omicron BA.2,15,0,14.0,248,120.0,0.1287,0.072,5.0,0.3766,31.26,1.782
2022-03-13,India,Asia,Omicron BA.2,94,8,2118.0,24364,17544.0,0.1059,0.0498,317.0,0.3807,21.32,2.63
2022-03-13,India,Asia,Omicron BA.2,225,1,214.0,3887,2025.0,0.1049,0.0579,56.0,0.4067,7.58,1.857
2022-03-16,India,Asia,Omicron BA.2,140,1,136.0,2351,1120.0,0.1039,0.0498,26.0,0.3892,25.84,1.867
2022-03-16,India,Asia,Omicron BA.2,44,0,42.0,613,440.0,0.0992,0.0355,5.0,0.4141,24.18,1.645
2022-03-21,India,Asia,Omicron BA.2,272,1,259.0,2985,2448.0,0.1036,0.0559,37.0,0.41,24.18,2.809
2022-03-21,India,Asia,Omicron BA.2,646,2,627.0,7232,5168.0,0.1105,0.0404,68.0,0.398,37.44,1.601
2022-03-23,India,Asia,Omicron BA.2,58,0,55.0,774,406.0,0.1603,0.0498,8.0,0.3898,15.16,1.608
2022-03-25,India,Asia,Omicron BA.2,288,1,279.0,3160,2304.0,0.1366,0.059,41.0,0.4013,18.1,1.624
2022-03-25,India,Asia,Omicron BA.2,100,0,96.0,1666,900.0,0.1245,0.0411,11.0,0.4036,25.38,2.33
2022-03-25,India,Asia,Omicron BA.2,94,7,83.0,16782,17040.0,0.0991,0.0533,245.0,0.3925,27.96,2.289
2022-03-27,India,Asia,Omicron BA.2,94,17,73.0,43642,25910.0,0.1009,0.0498,527.0,0.4058,20.09,1.44
2022-04-05,India,Asia,Omicron BA.2,27,0,25.0,347,270.0,0.1119,0.0611,5.0,0.4164,33.9,2.253
2022-04-05,India,Asia,Omicron BA.2,206,1,196.0,3597,1442.0,0.1487,0.0466,35.0,0.4149,26.04,1.893
2022-04-06,India,Asia,Omicron BA.2,53,0,51.0,897,477.0,0.1205,0.0772,18.0,0.3918,14.35,1.841
2022-04-06,India,Asia,Omicron BA.2,49,0,47.0,537,392.0,0.1377,0.0693,8.0,0.4194,19.7,2.35
2022-04-12,India,Asia,Omicron BA.2,183,1,177.0,1871,1647.0,0.1154,0.0562,24.0,0.4061,26.71,1.879
2022-04-13,India,Asia,Omicron BA.2,13,0,12.0,201,117.0,0.1202,0.037,1.0,0.4119,18.1,1.624
2022-04-21,India,Asia,Omicron BA.2,114,1,108.0,1497,1254.0,0.0959,0.0498,20.0,0.4219,13.73,1.645
2022-04-24,India,Asia,Omicron BA.2,153,0,146.0,2254,1377.0,0.1286,0.0376,21.0,0.4296,13.73,2.345
2022-04-25,India,Asia,Omicron BA.2,560,2,533.0,8630,3360.0,0.1738,0.0347,66.0,0.4229,27.06,1.645
2022-04-27,India,Asia,Omicron BA.2,30,0,29.0,396,180.0,0.1534,0.0498,4.0,0.4235,26.71,1.759
2022-05-03,India,Asia,Omicron BA.2,675,4,641.0,9915,6075.0,0.0932,0.0459,118.0,0.4354,35.32,1.578
2022-05-03,India,Asia,Omicron BA.2,93,0,87.0,1203,930.0,0.1173,0.0571,15.0,0.4274,28.63,1.475
2022-05-05,India,Asia,Omicron BA.2,272,2,259.0,3160,2176.0,0.1284,0.0377,29.0,0.4322,19.85,2.549
2022-05-07,India,Asia,Omicron BA.2,126,1,118.0,1480,756.0,0.1593,0.0749,20.0,0.4479,11.69,2.266
2022-05-08,India,Asia,Omicron BA.2,955,6,906.0,16365,5730.0,0.1599,0.0596,215.0,0.448,39.96,1.645
2022-05-12,India,Asia,Omicron BA.2,37,0,35.0,558,259.0,0.1363,0.0601,7.0,0.439,27.9,1.415
2022-05-14,India,Asia,Omicron BA.2,679,3,645.0,8863,4753.0,0.1455,0.0613,120.0,0.452,28.7,1.733
2022-05-22,India,Asia,Omicron BA.2,687,4,655.0,9485,4122.0,0.166,0.0569,109.0,0.4527,24.23,1.45
2022-05-26,India,Asia,Omicron BA.2,75,0,70.0,1080,450.0,0.1572,0.0625,12.0,0.4556,27.31,2.108
2022-05-27,India,Asia,Omicron BA.2,34,0,32.0,476,238.0,0.1591,0.0611,5.0,0.4617,27.31,2.467
2022-05-30,India,Asia,Omicron BA.2,245,1,233.0,3535,2205.0,0.0952,0.0633,49.0,0.4684,38.55,1.085
2022-06-04,India,Asia,Omicron BA.2,150,1,145.0,2084,1050.0,0.974897741,0.0343,12.0,0.4755,10.4,2.366
2022-06-05,India,Asia,Omicron BA.2,125,1,118.0,1487,1125.0,0.108,0.0628,19.0,0.4725,24.77,2.356
2022-06-06,India,Asia,Omicron BA.2,57,0,55.0,694,627.0,0.0892,0.0598,7.0,0.4566,32.05,1.505
2022-06-17,India,Asia,Omicron BA.2,7,0,6.0,95,49.0,0.1364,0.0427,1.0,0.4508,32.05,1.946
2022-06-18,India,Asia,Omicron BA.2,19,0,17.0,275,209.0,0.0779,0.0498,2.0,0.451,26.23,2.252
2022-06-20,India,Asia,Omicron BA.2,1059,7,1005.0,14904,8472.0,0.1331,0.0363,119.0,0.463,14.93,2.021
2022-06-21,India,Asia,Omicron BA.2,316,1,301.0,4692,1896.0,0.1681,0.04,41.0,0.4715,36.43,1.645
2022-06-23,India,Asia,Omicron BA.2,836,3,796.0,11160,5016.0,0.1601,0.0647,176.0,0.4823,23.51,1.645
2022-06-23,India,Asia,Omicron BA.2,51,0,49.0,626,459.0,0.1144,0.0581,8.0,0.4917,14.52,1.989
2022-07-03,India,Asia,Omicron BA.2,460,2,437.0,5361,4600.0,0.1152,0.0592,72.0,0.4816,17.9,1.926
2022-07-04,India,Asia,Omicron BA.2,697,2,656.0,9373,6970.0,0.102,0.0472,125.0,0.4936,33.25,1.708
2022-07-13,India,Asia,Omicron BA.2,207,1,197.0,2383,1656.0,0.1269,0.0655,45.0,0.4991,36.61,1.24
2022-07-15,India,Asia,Omicron BA.2,27,0,25.0,297,243.0,0.0979,0.0443,2.0,0.5017,27.15,1.193
2022-07-16,India,Asia,Omicron BA.2,118,0,113.0,1669,944.0,0.1302,0.0498,18.0,0.5016,17.73,2.27
2022-07-25,India,Asia,Omicron BA.2,94,3,945.0,13026,8901.0,0.1288,0.0419,120.0,0.5107,32.93,1.24
2022-07-28,India,Asia,Omicron BA.2,436,1,406.0,7409,3488.0,0.1318,0.039,64.0,0.5012,24.15,1.607
2022-07-29,India,Asia,Omicron BA.2,100,0,94.0,1421,700.0,0.1437,0.0498,16.0,0.5105,36.92,1.451
2022-07-30,India,Asia,Omicron BA.2,348,2,330.0,3995,2784.0,0.1249,0.0498,73.0,0.5038,17.04,2.484
2022-07-31,India,Asia,Omicron BA.2,880,2,838.0,15347,8800.0,0.0969,0.0405,137.0,0.5293,21.42,2.36
2022-08-01,India,Asia,Omicron BA.2,35,0,33.0,366,350.0,0.0987,0.0704,5.0,0.5101,26.24,2.327
2022-08-02,India,Asia,Omicron BA.2,67,0,64.0,958,536.0,0.137,0.0365,10.0,0.5237,18.55,2.361
2022-08-06,India,Asia,Omicron BA.2,124,0,118.0,1804,992.0,0.114,0.072,19.0,0.5143,18.26,1.387
2022-08-07,India,Asia,Omicron BA.2,137,0,131.0,2409,1096.0,0.1357,0.0544,37.0,0.5301,13.1,2.699
2022-08-10,India,Asia,Omicron BA.2,233,1,222.0,3052,1631.0,0.1534,0.0498,34.0,0.5177,14.01,2.354
2022-08-18,India,Asia,Omicron BA.2,184,1,175.0,2129,1472.0,0.1135,0.0642,30.0,0.5381,29.61,1.71
2022-08-19,India,Asia,Omicron BA.2,816,4,759.0,13722,7344.0,0.0971,0.0518,180.0,0.5232,34.17,1.964
2022-08-19,India,Asia,Omicron BA.2,198,1,188.0,3519,1188.0,0.1795,0.0662,68.0,0.5169,25.05,1.844
2022-08-19,India,Asia,Omicron BA.2,38,0,36.0,392,228.0,0.1704,0.0367,2.0,0.5132,20.92,1.726
2022-08-20,India,Asia,Omicron BA.2,222,1,213.0,3466,1554.0,0.1513,0.0382,24.0,0.5503,23.92,1.608
2022-08-22,India,Asia,Omicron BA.2,262,1,251.0,4384,2096.0,0.1245,0.0337,33.0,0.5188,27.32,1.89
2022-08-30,India,Asia,Omicron BA.2,247,1,234.0,3902,1729.0,0.1533,0.0579,44.0,0.5235,40.47,1.463
2022-08-30,India,Asia,Omicron BA.2,71,0,66.0,849,710.0,0.0817,0.0519,13.0,0.5353,40.47,1.264
2022-08-31,India,Asia,Omicron BA.2,13,0,12.0,166,143.0,0.0825,0.0602,2.0,0.5551,10.12,2.205
2022-09-03,India,Asia,Omicron BA.2,111,0,106.0,1508,666.0,0.1712,0.0517,21.0,0.5393,14.84,2.41
2022-09-08,India,Asia,Omicron BA.2,391,1,372.0,6196,3128.0,0.1161,0.0498,84.0,0.5595,13.25,1.923
2022-09-11,India,Asia,Omicron BA.2,20,0,19.0,256,180.0,0.0964,0.0308,1.0,0.5565,28.68,1.354
2022-09-16,India,Asia,Omicron BA.2,10,0,10.0,175,60.0,0.1769,0.0501,2.0,0.5618,33.11,1.815
2022-09-18,India,Asia,Omicron BA.2,107,1,101.0,1090,1070.0,0.1092,0.0529,9.0,0.5625,33.11,1.941
2022-09-18,India,Asia,Omicron BA.2,750,2,722.0,12913,6000.0,0.1175,0.0345,98.0,0.551,21.55,1.886
2022-09-21,India,Asia,Omicron BA.2,98,0,91.0,1522,1078.0,0.0913,0.0319,9.0,0.5422,24.05,1.298
2022-09-21,India,Asia,Omicron BA.2,151,1,144.0,1863,1359.0,0.1071,0.0303,13.0,0.5819,7.51,2.705
2022-09-26,India,Asia,Omicron BA.2,24,0,23.0,312,168.0,0.1165,0.0545,3.0,0.5677,29.66,1.678
2022-09-27,India,Asia,Omicron BA.2,940,4,894.0,16462,5640.0,0.174,0.0498,124.0,0.5675,22.98,1.492
2022-10-01,India,Asia,Omicron BA.2,18,0,17.0,270,198.0,0.96834377,0.0613,4.0,0.5594,21.7,1.379
2022-10-07,India,Asia,Omicron BA.2,57,0,54.0,574,456.0,0.1225,0.045,6.0,0.576,35.45,1.393
2022-10-11,India,Asia,Omicron BA.2,19,0,17.0,277,171.0,0.0973,0.0324,2.0,0.5757,28.42,1.645
2022-10-13,India,Asia,Omicron BA.2,84,0,80.0,1176,588.0,0.1505,0.0609,13.0,0.5719,17.83,2.448
2022-10-25,India,Asia,Omicron BA.2,181,0,173.0,2146,1267.0,0.1286,0.0348,16.0,0.569,30.44,1.76
2022-10-28,India,Asia,Omicron BA.2,247,1,229.0,3805,1729.0,0.1359,0.0666,56.0,0.5831,34.04,1.566
2022-10-28,India,Asia,Omicron BA.2,30,0,28.0,370,330.0,0.0936,0.052,2.0,0.5721,20.22,2.279
2022-10-31,India,Asia,Omicron BA.2,132,0,127.0,1732,792.0,0.154,0.0481,18.0,0.5915,37.48,1.058
2022-11-04,India,Asia,Omicron BA.2,30,0,28.0,385,300.0,0.1092,0.0534,4.0,0.5899,16.56,2.411
2022-11-05,India,Asia,Omicron BA.2,341,1,325.0,5197,3410.0,0.1024,0.0338,43.0,0.5994,33.53,1.645
2022-11-10,India,Asia,Omicron BA.2,139,1,132.0,1385,973.0,0.1355,0.031,9.0,0.5969,42.82,1.371
2022-11-10,India,Asia,Omicron BA.2,170,1,158.0,2150,1190.0,0.1566,0.0646,37.0,0.5915,33.33,1.705
2022-11-15,India,Asia,Omicron BA.2,250,1,237.0,4181,2250.0,0.1001,0.0425,39.0,0.606,12.11,2.024
2022-11-18,India,Asia,Omicron BA.2,37,0,34.0,404,259.0,0.1294,0.0522,5.0,0.6118,27.26,2.058
2022-11-28,India,Asia,Omicron BA.2,55,0,51.0,913,440.0,0.1103,0.0355,5.0,0.6249,29.32,1.234
2022-11-30,India,Asia,Omicron BA.2,94,4,86.0,22435,13311.0,0.1168,0.059,291.0,0.6175,15.01,1.57
2022-12-08,India,Asia,Omicron BA.2,10,0,9.0,152,90.0,0.1126,0.0519,2.0,0.6195,40.85,1.311
2022-12-12,India,Asia,Omicron BA.2,10,0,9.0,145,100.0,0.1064,0.0339,1.0,0.639,29.83,1.718
2022-12-12,India,Asia,Omicron BA.2,504,1,480.0,5339,4536.0,0.1233,0.0328,43.0,0.6523,33.32,1.419
2022-12-17,India,Asia,Omicron BA.2,459,1,437.0,5692,2754.0,0.1625,0.0382,48.0,0.6508,32.11,1.944
2022-12-19,India,Asia,Omicron BA.2,89,0,85.0,1206,623.0,0.1576,0.0422,8.0,0.6489,28.52,2.049
2022-12-20,India,Asia,Omicron BA.2,20,0,19.0,279,220.0,0.091,0.0427,3.0,0.6449,22.34,1.48
2022-12-20,India,Asia,Omicron BA.2,106,0,101.0,1322,636.0,0.1793,0.0382,7.0,0.639,15.29,2.073
2022-12-22,India,Asia,Omicron BA.2,90,0,87.0,1008,810.0,0.1033,0.0364,10.0,0.6331,21.54,1.936
2022-12-23,India,Asia,Omicron BA.2,98,0,93.0,967,980.0,0.0981,0.0453,11.0,0.6509,38.7,1.431
2022-12-25,India,Asia,Omicron BA.2,25,0,24.0,388,225.0,0.1067,0.0527,5.0,0.6535,18.68,2.335
2022-12-27,India,Asia,Omicron BA.2,42,0,40.0,757,252.0,0.159,0.0267,4.0,0.6424,39.41,1.619
2022-12-27,India,Asia,Omicron BA.2,305,1,293.0,3034,1830.0,0.1663,0.0289,19.0,0.6575,13.39,1.645
2022-12-27,India,Asia,Omicron BA.2,698,2,665.0,12542,6980.0,0.1048,0.0595,164.0,0.6693,7.01,2.614
2022-12-27,India,Asia,Omicron BA.2,123,1,117.0,1866,1107.0,0.108,0.052,18.0,0.637,12.03,1.619
2022-12-28,India,Asia,Omicron BA.2,215,1,204.0,2475,1290.0,0.1646,0.0475,26.0,0.6348,32.72,1.645
2022-12-29,India,Asia,Omicron BA.2,141,0,135.0,2124,1269.0,0.0985,0.057,27.0,0.6475,34.88,1.645
2020-01-23,Indonesia,Asia,Original,13,0,12.0,194,65.0,0.2166,0.0927,3.0,0.0,12.5,0.428
2020-01-24,Indonesia,Asia,Original,55,2,49.0,976,40.0,0.24695,0.1938,42.0,0.0,17.09,0.636
2020-01-25,Indonesia,Asia,Original,2,0,1.0,30,8.0,0.2513,0.1819,0.0,0.0,9.82,1.091
2020-01-27,Indonesia,Asia,Original,13,1,12.0,227,52.0,0.2309,0.1429,7.0,0.0,12.72,0.997
2020-01-28,Indonesia,Asia,Original,131,4,119.0,2160,524.0,0.234,0.1111,53.0,0.0,10.21,1.247
2020-01-31,Indonesia,Asia,Original,40,1,36.0,564,160.0,0.2448,0.1713,21.0,0.0,5.86,1.129
2020-02-05,Indonesia,Asia,Original,6,0,5.0,69,24.0,0.249,0.1504,2.0,0.0,15.87,0.692
2020-02-10,Indonesia,Asia,Original,38,1,34.0,610,40.0,0.24695,0.1617,18.0,0.0,15.31,0.428
2020-02-13,Indonesia,Asia,Original,8,0,7.0,114,32.0,0.2456,0.16,4.0,0.0,3.22,0.428
2020-02-17,Indonesia,Asia,Original,23,1,21.0,244,69.0,0.3339,0.1393,8.0,0.0,8.38,1.082
2020-02-18,Indonesia,Asia,Original,23,1,21.0,315,40.0,0.24695,0.172,12.0,0.0,9.98,1.178
2020-02-18,Indonesia,Asia,Original,14,0,13.0,164,56.0,0.2496,0.1131,4.0,0.0,8.57,1.186
2020-02-20,Indonesia,Asia,Original,5,0,4.0,71,25.0,0.2053,0.1999,3.0,0.0,7.29,1.041
2020-02-20,Indonesia,Asia,Original,84,2,78.0,1344,420.0,0.2131,0.15175,54.0,0.0,22.31,0.565
2020-02-24,Indonesia,Asia,Original,9,0,8.0,88,36.0,0.2549,0.1995,4.0,0.0,22.31,0.4
2020-02-25,Indonesia,Asia,Original,6,0,5.0,101,30.0,0.2067,0.1048,2.0,0.0,22.31,0.4
2020-02-25,Indonesia,Asia,Original,16,1,14.0,278,40.0,0.24695,0.15175,11.0,0.0,64.75,0.431
2020-02-26,Indonesia,Asia,Original,3,0,2.0,47,40.0,0.24695,0.1481,1.0,0.0,72.71,0.4
2020-02-28,Indonesia,Asia,Original,15,0,13.0,204,75.0,0.1903,0.174,7.0,0.0,76.21,0.4
2020-03-04,Indonesia,Asia,Original,71,3,65.0,858,213.0,0.339,0.1268,28.0,0.0,86.92,0.4
2020-03-09,Indonesia,Asia,Original,5,0,4.0,63,20.0,0.2434,0.1727,3.0,0.0,82.26,0.4
2020-03-10,Indonesia,Asia,Original,111,3,102.0,1973,333.0,0.3373,0.1398,72.0,0.0,87.57,0.4
2020-03-24,Indonesia,Asia,Original,28,1,26.0,467,112.0,0.2373,0.0993,10.0,0.0,87.66,0.4
2020-03-24,Indonesia,Asia,Original,14,1,12.0,235,42.0,0.331,0.2077,7.0,0.0,83.06,0.4
2020-03-25,Indonesia,Asia,Original,13,1,11.0,231,40.0,0.24695,0.2039,9.0,0.0,75.25,0.4
2020-03-26,Indonesia,Asia,Original,3,0,2.0,38,15.0,0.2002,0.2074,2.0,0.0,89.12,0.4
2020-03-27,Indonesia,Asia,Original,22,1,20.0,381,110.0,0.1879,0.1143,7.0,0.0,75.17,0.428
2020-03-28,Indonesia,Asia,Original,1,0,0.0,16,3.0,0.33,0.1675,0.0,0.0,71.52,0.4
2020-03-30,Indonesia,Asia,Original,81,3,75.0,806,40.0,0.24695,0.1594,28.0,0.0,71.52,0.4
2020-03-30,Indonesia,Asia,Original,274,9,254.0,3884,1370.0,0.2065,0.1906,163.0,0.0,67.81,0.4
2020-04-05,Indonesia,Asia,Original,31,1,28.0,343,40.0,0.24695,0.1743,9.0,0.0,68.51,0.4
2020-04-09,Indonesia,Asia,Original,6,0,5.0,108,24.0,0.2532,0.091,2.0,0.0,75.12,0.4
2020-04-13,Indonesia,Asia,Original,23,1,21.0,376,69.0,0.3193,0.1766,15.0,0.0,91.64,0.4
2020-04-17,Indonesia,Asia,Original,4,0,3.0,50,16.0,0.2274,0.1139,1.0,0.0,90.08,0.4
2020-04-19,Indonesia,Asia,Original,23,1,21.0,250,115.0,0.1909,0.2081,13.0,0.0,95.56,0.4
2020-05-07,Indonesia,Asia,Original,28,1,25.0,483,84.0,0.3338,0.1428,17.0,0.0,54.62,0.414
2020-05-08,Indonesia,Asia,Original,21,1,19.0,281,40.0,0.24695,0.15175,15.0,0.0,56.05,0.439
2020-05-15,Indonesia,Asia,Original,25,0,23.0,390,40.0,0.24695,0.0982,10.0,0.0,65.57,0.428
2020-05-24,Indonesia,Asia,Original,14,0,13.0,192,40.0,0.24695,0.1662,8.0,0.0,66.16,0.4
2020-05-24,Indonesia,Asia,Original,8,0,7.0,96,32.0,0.2467,0.1293,3.0,0.0,66.57,0.465
2020-05-31,Indonesia,Asia,Original,8,0,7.0,103,32.0,0.2559,0.111,2.0,0.0,48.83,0.649
2020-05-31,Indonesia,Asia,Original,2,0,1.0,21,40.0,0.24695,0.1952,1.0,0.0,58.15,0.4
2020-06-06,Indonesia,Asia,Original,10,0,9.0,109,30.0,0.344,0.1487,4.0,0.0,57.63,0.4
2020-06-07,Indonesia,Asia,Original,5,0,4.0,72,20.0,0.2415,0.2018,3.0,0.0,56.01,0.4
2020-06-08,Indonesia,Asia,Original,54,2,49.0,965,270.0,0.211,0.106,23.0,0.0,46.31,0.709
2020-06-09,Indonesia,Asia,Original,16,1,14.0,188,64.0,0.246,0.1902,6.0,0.0,48.0,0.622
2020-06-09,Indonesia,Asia,Original,105,3,95.0,1722,315.0,0.3169,0.1548,75.0,0.0,74.23,0.4
2020-06-21,Indonesia,Asia,Original,18,1,16.0,324,54.0,0.3375,0.1586,11.0,0.0,55.41,0.423
2020-06-27,Indonesia,Asia,Original,11,0,10.0,125,44.0,0.2548,0.15175,5.0,0.0,45.97,0.558
2020-06-28,Indonesia,Asia,Original,13,1,12.0,175,52.0,0.2392,0.1454,6.0,0.0,75.16,0.4
2020-06-30,Indonesia,Asia,Original,6,0,5.0,87,24.0,0.2426,0.1681,3.0,0.0,44.85,0.421
2020-06-30,Indonesia,Asia,Original,1,0,0.0,15,5.0,0.1859,0.2092,0.0,0.0,52.65,0.558
2020-06-30,Indonesia,Asia,Original,1,0,0.0,13,3.0,0.333,0.099,0.0,0.0,54.91,0.406
2020-07-01,Indonesia,Asia,Original,1,0,0.0,17,3.0,0.314,0.15175,1.0,0.0,64.33,0.406
2020-07-01,Indonesia,Asia,Original,155,5,140.0,2094,620.0,0.2431,0.1318,61.0,0.0,75.13,0.4
2020-07-03,Indonesia,Asia,Original,10,0,9.0,166,40.0,0.2471,0.1103,4.0,0.0,59.65,0.4
2020-07-04,Indonesia,Asia,Original,4,0,3.0,42,12.0,0.3263,0.1369,1.0,0.0,59.65,0.4
2020-07-10,Indonesia,Asia,Original,37,1,34.0,396,148.0,0.2455,0.1455,10.0,0.0,55.42,0.462
2020-07-14,Indonesia,Asia,Original,7,0,6.0,102,21.0,0.3271,0.15175,3.0,0.0,65.36,0.41
2020-07-19,Indonesia,Asia,Original,17,0,16.0,257,51.0,0.3398,0.2028,11.0,0.0,67.98,0.428
2020-07-25,Indonesia,Asia,Original,17,1,15.0,188,68.0,0.2393,0.2026,8.0,0.0,61.37,0.453
2020-07-26,Indonesia,Asia,Original,7,0,6.0,99,21.0,0.3308,0.1582,3.0,0.0,68.5,0.4
2020-07-30,Indonesia,Asia,Original,1,0,0.0,9,4.0,0.2471,0.1498,0.0,0.0,50.52,0.4
2020-07-31,Indonesia,Asia,Original,18,1,16.0,234,90.0,0.1882,0.15175,8.0,0.0,49.52,0.4
2020-08-03,Indonesia,Asia,Original,35,1,33.0,505,175.0,0.1993,0.1135,9.0,0.0,49.69,0.4
2020-08-04,Indonesia,Asia,Original,5,0,4.0,74,15.0,0.3447,0.1798,3.0,0.0,59.73,0.543
2020-08-05,Indonesia,Asia,Original,39,2,36.0,654,195.0,0.1975,0.2061,30.0,0.0,45.23,0.557
2020-08-10,Indonesia,Asia,Original,175,5,159.0,2964,700.0,0.247,0.1334,89.0,0.0,41.75,0.78
2020-08-15,Indonesia,Asia,Original,93,2,87.0,1566,279.0,0.3377,0.1168,40.0,0.0,56.19,0.456
2020-08-20,Indonesia,Asia,Original,8,0,7.0,130,40.0,0.2029,0.15175,4.0,0.0,40.31,0.56
2020-08-21,Indonesia,Asia,Original,4,0,3.0,48,16.0,0.245,0.1133,1.0,0.0,56.19,0.428
2020-08-22,Indonesia,Asia,Original,1,0,0.0,14,3.0,0.3313,0.2065,1.0,0.0,46.48,0.598
2020-08-22,Indonesia,Asia,Original,5,0,4.0,74,25.0,0.199,0.1799,3.0,0.0,49.44,0.428
2020-08-23,Indonesia,Asia,Original,16,0,15.0,176,80.0,0.2036,0.147,6.0,0.0,49.43,0.43
2020-08-23,Indonesia,Asia,Original,92,3,83.0,1104,276.0,0.3149,0.15175,35.0,0.0,33.57,0.57
2020-08-24,Indonesia,Asia,Original,3,0,2.0,34,9.0,0.3126,0.1678,1.0,0.0,39.07,0.624
2020-08-25,Indonesia,Asia,Original,12,0,10.0,142,48.0,0.2515,0.1955,6.0,0.0,36.76,0.77
2020-08-26,Indonesia,Asia,Original,8,0,7.0,143,32.0,0.2475,0.1061,3.0,0.0,36.76,0.92
2020-08-26,Indonesia,Asia,Original,14,0,12.0,222,42.0,0.342,0.1926,12.0,0.0,55.76,0.428
2020-08-27,Indonesia,Asia,Original,22,0,20.0,326,66.0,0.333,0.1608,9.0,0.0,51.92,0.428
2020-08-29,Indonesia,Asia,Original,9,0,8.0,119,36.0,0.2417,0.1793,5.0,0.0,47.51,0.4
2020-09-02,Indonesia,Asia,Original,1,0,0.0,10,5.0,0.1932,0.15175,0.0,0.0,47.51,0.519
2020-09-03,Indonesia,Asia,Original,8,0,7.0,122,40.0,0.2131,0.1231,3.0,0.0,44.07,0.761
2020-09-04,Indonesia,Asia,Original,7,0,6.0,114,35.0,0.2005,0.1219,2.0,0.0,57.83,0.416
2020-09-08,Indonesia,Asia,Original,1,0,0.0,15,5.0,0.184,0.0964,0.0,0.0,57.38,0.4
2020-09-09,Indonesia,Asia,Original,29,1,26.0,340,145.0,0.1702,0.1857,14.0,0.0,41.84,0.67
2020-09-11,Indonesia,Asia,Original,2,0,1.0,21,8.0,0.892312184,0.1262,1.0,0.0,41.2,0.67
2020-09-11,Indonesia,Asia,Original,13,0,12.0,149,39.0,0.332,0.1006,3.0,0.0,48.25,0.718
2020-09-15,Indonesia,Asia,Original,25,1,22.0,259,125.0,0.2058,0.1343,8.0,0.0,37.28,0.572
2020-09-19,Indonesia,Asia,Original,26,1,24.0,425,104.0,0.2495,0.1089,10.0,0.0,37.28,0.502
2020-09-20,Indonesia,Asia,Original,1,0,0.0,15,3.0,0.3508,0.15175,0.0,0.0,43.47,0.483
2020-09-22,Indonesia,Asia,Original,2,0,1.0,28,6.0,0.3263,0.1988,1.0,0.0,56.65,0.575
2020-09-28,Indonesia,Asia,Original,4,0,3.0,68,20.0,0.2058,0.174,2.0,0.0,42.46,0.732
2020-09-29,Indonesia,Asia,Original,10,0,9.0,162,30.0,0.3513,0.2064,7.0,0.0,62.06,0.4
2020-09-29,Indonesia,Asia,Original,3,0,2.0,35,12.0,0.2349,0.1897,1.0,0.0,53.16,0.4
2020-09-30,Indonesia,Asia,Original,192,9,175.0,2876,960.0,0.207,0.15175,77.0,0.0,35.26,0.774
2020-10-02,Indonesia,Asia,Original,320,9,303.0,4818,960.0,0.3325,0.1619,172.0,0.0,30.65,0.521
2020-10-05,Indonesia,Asia,Original,31,1,28.0,421,124.0,0.2269,0.1514,17.0,0.0,47.35,0.55
2020-10-06,Indonesia,Asia,Original,7,0,6.0,113,21.0,0.3236,0.1983,6.0,0.0,53.22,0.458
2020-10-06,Indonesia,Asia,Original,4,0,3.0,47,16.0,0.2469,0.1956,1.0,0.0,42.71,0.564
2020-10-08,Indonesia,Asia,Original,35,1,32.0,346,175.0,0.1894,0.2084,16.0,0.0,38.11,0.7
2020-10-14,Indonesia,Asia,Original,18,1,16.0,183,72.0,0.2502,0.1766,5.0,0.0,40.49,0.541
2020-10-16,Indonesia,Asia,Original,3,0,2.0,41,12.0,0.251,0.1077,1.0,0.0,64.65,0.4
2020-10-30,Indonesia,Asia,Original,3,0,2.0,40,9.0,0.3241,0.1949,1.0,0.0,56.64,0.433
2020-10-31,Indonesia,Asia,Original,1,0,0.0,11,4.0,0.2367,0.1289,0.0,0.0,57.05,0.4
2020-11-13,Indonesia,Asia,Original,115,4,108.0,1968,345.0,0.3369,0.1317,57.0,0.0,49.82,0.694
2020-11-21,Indonesia,Asia,Alpha,54,1,50.0,607,270.0,0.2079,0.1414,19.0,0.0,56.67,0.475
2020-11-22,Indonesia,Asia,Alpha,2,0,1.0,26,10.0,0.2152,0.1065,1.0,0.0,62.85,0.561
2020-11-24,Indonesia,Asia,Alpha,12,0,10.0,218,36.0,0.3459,0.1721,8.0,0.0,55.65,0.51
2020-11-27,Indonesia,Asia,Alpha,39,1,35.0,403,117.0,0.3363,0.1806,16.0,0.0,66.38,0.496
2020-11-28,Indonesia,Asia,Alpha,13,0,12.0,158,65.0,0.2068,0.1847,6.0,0.0,49.5,0.629
2020-12-04,Indonesia,Asia,Alpha,2,0,1.0,34,8.0,0.2652,0.16425,0.0,0.0,51.04,0.816
2020-12-05,Indonesia,Asia,Alpha,3,0,2.0,54,12.0,0.266,0.1538,1.0,0.0,38.82,0.646
2020-12-05,Indonesia,Asia,Alpha,3,0,2.0,42,9.0,0.3412,0.166,1.0,0.0,41.65,0.855
2020-12-09,Indonesia,Asia,Alpha,8,0,7.0,132,32.0,0.2463,0.1991,6.0,0.0,56.53,0.456
2020-12-10,Indonesia,Asia,Alpha,35,1,33.0,421,140.0,0.2317,0.1278,9.0,0.0,68.1,0.4
2020-12-11,Indonesia,Asia,Alpha,30,1,28.0,464,150.0,0.1933,0.23,16.0,0.0,53.4,0.737
2020-12-12,Indonesia,Asia,Alpha,12,0,11.0,175,60.0,0.1957,0.1162,4.0,0.0,57.25,0.455
2020-12-14,Indonesia,Asia,Alpha,25,1,23.0,453,100.0,0.2423,0.2305,15.0,0.0,73.7,0.493
2020-12-23,Indonesia,Asia,Alpha,4,0,3.0,44,16.0,0.2485,0.1652,1.0,0.0,73.7,0.541
2020-12-24,Indonesia,Asia,Alpha,22,1,20.0,266,66.0,0.3277,0.1094,6.0,0.0,60.75,0.531
2020-12-26,Indonesia,Asia,Alpha,1,0,0.0,17,5.0,0.2096,0.116,0.0,0.0,75.01,0.4
2020-12-27,Indonesia,Asia,Alpha,2,0,1.0,30,6.0,0.3221,0.16425,0.0,0.0,56.86,0.4
2021-01-01,Indonesia,Asia,Alpha,1,0,0.0,15,5.0,0.1941,0.1148,0.0,0.0,51.07,0.493
2021-01-04,Indonesia,Asia,Alpha,23,1,21.0,346,69.0,0.3413,0.2163,16.0,0.0,80.75,0.4
2021-01-05,Indonesia,Asia,Alpha,12,0,11.0,193,60.0,0.2147,0.1959,8.0,0.0,70.33,0.4
2021-01-06,Indonesia,Asia,Alpha,106,4,97.0,1887,318.0,0.3453,0.1825,67.0,0.0,49.97,0.715
2021-01-12,Indonesia,Asia,Alpha,141,4,127.0,1487,705.0,0.1975,0.16425,37.0,0.0213,74.37,0.4
2021-01-13,Indonesia,Asia,Alpha,12,0,11.0,131,36.0,0.3311,0.1628,4.0,0.0213,56.45,0.454
2021-01-14,Indonesia,Asia,Alpha,19,1,17.0,293,57.0,0.3384,0.166,13.0,0.0213,59.23,0.429
2021-01-18,Indonesia,Asia,Alpha,55,3,50.0,931,275.0,0.2107,0.1924,33.0,0.0238,75.74,0.4
2021-01-24,Indonesia,Asia,Alpha,4,0,3.0,50,20.0,0.2019,0.1681,2.0,0.0238,50.32,0.706
2021-01-25,Indonesia,Asia,Alpha,11,0,10.0,160,55.0,0.1913,0.1624,4.0,0.0238,72.81,0.493
2021-01-27,Indonesia,Asia,Alpha,8,0,7.0,91,24.0,0.3521,0.1352,3.0,0.0066,59.7,0.571
2021-01-27,Indonesia,Asia,Alpha,10,1,9.0,115,30.0,0.3433,0.1674,4.0,0.0119,69.26,0.512
2021-02-06,Indonesia,Asia,Alpha,34,1,31.0,525,170.0,0.1845,0.1319,15.0,0.0119,59.55,0.4
2021-02-07,Indonesia,Asia,Alpha,8,0,7.0,102,40.0,0.192,0.16425,4.0,0.0028,66.92,0.493
2021-02-07,Indonesia,Asia,Alpha,4,0,3.0,63,16.0,0.263,0.1426,2.0,0.0133,64.06,0.434
2021-02-07,Indonesia,Asia,Alpha,36,2,32.0,521,144.0,0.2455,0.225,26.0,0.0133,82.13,0.4
2021-02-08,Indonesia,Asia,Alpha,235,9,220.0,2645,940.0,0.2441,0.109,63.0,0.0227,69.43,0.4
2021-02-12,Indonesia,Asia,Alpha,172,4,157.0,2838,688.0,0.2458,0.1844,115.0,0.0227,53.33,0.774
2021-02-16,Indonesia,Asia,Alpha,3,0,2.0,29,9.0,0.3423,0.16425,0.0,0.0081,70.69,0.48
2021-02-18,Indonesia,Asia,Alpha,6,0,5.0,63,18.0,0.3358,0.2087,3.0,0.0342,58.01,0.635
2021-02-19,Indonesia,Asia,Alpha,12,1,10.0,176,48.0,0.2437,0.2045,8.0,0.0342,50.86,0.842
2021-02-19,Indonesia,Asia,Alpha,35,1,31.0,348,140.0,0.2373,0.1684,12.0,0.0219,52.46,0.839
2021-02-21,Indonesia,Asia,Alpha,49,2,44.0,637,147.0,0.3428,0.1482,17.0,0.0219,65.69,0.5
2021-02-21,Indonesia,Asia,Alpha,55,2,50.0,970,275.0,0.1882,0.2066,58.0,0.0096,65.69,0.4
2021-02-24,Indonesia,Asia,Alpha,47,1,42.0,577,235.0,0.1961,0.1482,19.0,0.015,52.09,0.831
2021-02-27,Indonesia,Asia,Alpha,16,1,14.0,189,80.0,0.1954,0.16425,5.0,0.015,65.46,0.597
2021-02-28,Indonesia,Asia,Alpha,76,4,67.0,1010,380.0,0.1968,0.1528,41.0,0.0128,60.36,0.567
2021-03-04,Indonesia,Asia,Alpha,38,1,35.0,560,152.0,0.2413,0.1895,24.0,0.0128,65.71,0.493
2021-03-04,Indonesia,Asia,Alpha,21,1,19.0,230,63.0,0.33,0.0967,3.0,0.0358,65.71,0.556
2021-03-07,Indonesia,Asia,Alpha,17,1,15.0,198,85.0,0.2002,0.1342,5.0,0.035,51.21,0.665
2021-03-13,Indonesia,Asia,Alpha,8,0,7.0,95,24.0,0.3275,0.2148,5.0,0.0369,74.28,0.4
2021-03-26,Indonesia,Asia,Alpha,6,0,5.0,72,18.0,0.343,0.1846,2.0,0.0481,64.34,0.493
2021-03-28,Indonesia,Asia,Delta,22,1,20.0,365,66.0,0.31,0.16665000000000002,13.0,0.0433,64.34,0.4
2021-04-04,Indonesia,Asia,Alpha,4,0,3.0,44,12.0,0.3262,0.0971,1.0,0.0433,57.16,0.501
2021-04-04,Indonesia,Asia,Delta,56,2,50.0,766,168.0,0.3171,0.2556,50.0,0.0223,55.09,0.631
2021-04-06,Indonesia,Asia,Delta,4,0,3.0,49,20.0,0.1946,0.1315,1.0,0.0426,55.09,0.546
2021-04-06,Indonesia,Asia,Delta,25,1,23.0,274,100.0,0.2409,0.1371,9.0,0.037,69.41,0.663
2021-04-09,Indonesia,Asia,Delta,17,1,15.0,259,85.0,0.212,0.2087,12.0,0.037,54.87,0.87
2021-04-10,Indonesia,Asia,Delta,26,1,23.0,470,78.0,0.3394,0.1708,15.0,0.0496,80.02,0.4
2021-04-11,Indonesia,Asia,Delta,177,11,157.0,2029,885.0,0.197,0.1479,66.0,0.0594,63.38,0.898
2021-04-18,Indonesia,Asia,Delta,10,0,9.0,147,40.0,0.2629,0.1273,4.0,0.0522,74.37,0.581
2021-04-18,Indonesia,Asia,Delta,11,0,10.0,122,44.0,0.2536,0.1347,4.0,0.0487,79.92,0.481
2021-04-22,Indonesia,Asia,Delta,22,1,19.0,317,110.0,0.2054,0.2284,16.0,0.0539,56.13,0.655
2021-04-26,Indonesia,Asia,Delta,21,1,18.0,218,63.0,0.3391,0.13,6.0,0.0539,57.5,0.578
2021-04-27,Indonesia,Asia,Delta,73,2,67.0,1143,219.0,0.344,0.2396,43.0,0.057,57.5,0.4
2021-04-30,Indonesia,Asia,Delta,50,1,47.0,492,200.0,0.2633,0.1169,9.0,0.0382,80.62,0.4
2021-05-01,Indonesia,Asia,Delta,1,0,0.0,13,4.0,0.2516,0.2449,0.0,0.0522,62.05,0.839
2021-05-02,Indonesia,Asia,Delta,15,1,13.0,231,60.0,0.2389,0.2504,9.0,0.0522,67.97,0.605
2021-05-02,Indonesia,Asia,Delta,38,2,34.0,442,190.0,0.203,0.1223,12.0,0.048,68.45,0.695
2021-05-08,Indonesia,Asia,Delta,3,0,2.0,40,15.0,0.1889,0.1588,1.0,0.0646,64.55,0.516
2021-05-08,Indonesia,Asia,Delta,4,0,3.0,60,16.0,0.2565,0.117,1.0,0.0463,62.29,0.846
2021-05-13,Indonesia,Asia,Delta,6,0,5.0,102,30.0,0.1943,0.2108,5.0,0.0572,68.62,0.767
2021-05-15,Indonesia,Asia,Delta,41,1,37.0,421,123.0,0.3337,0.2265,24.0,0.0664,73.18,0.581
2021-05-16,Indonesia,Asia,Delta,1,0,0.0,11,3.0,0.3267,0.16665000000000002,0.0,0.0605,51.17,0.976
2021-05-23,Indonesia,Asia,Delta,27,1,24.0,307,108.0,0.2496,0.1571,11.0,0.0733,73.21,0.6
2021-05-27,Indonesia,Asia,Delta,7,0,6.0,98,35.0,0.2177,0.2354,5.0,0.0724,77.45,0.478
2021-05-28,Indonesia,Asia,Delta,20,1,18.0,262,80.0,0.2402,0.1527,9.0,0.08,72.86,0.46
2021-05-31,Indonesia,Asia,Delta,6,0,5.0,86,18.0,0.3312,0.2135,5.0,0.08,72.87,0.61
2021-06-04,Indonesia,Asia,Delta,13,0,12.0,132,39.0,0.3183,0.1446,5.0,0.0684,72.87,0.4
2021-06-05,Indonesia,Asia,Delta,117,5,108.0,1934,468.0,0.2463,0.146,56.0,0.0808,80.98,0.4
2021-06-06,Indonesia,Asia,Delta,6,0,5.0,93,30.0,0.2025,0.2226,3.0,0.0659,85.03,0.4
2021-06-19,Indonesia,Asia,Delta,63,2,57.0,773,189.0,0.3227,0.2052,35.0,0.063,85.03,0.581
2021-06-20,Indonesia,Asia,Delta,172,9,157.0,2170,860.0,0.2106,0.2509,119.0,0.0881,61.08,0.859
2021-06-20,Indonesia,Asia,Delta,20,1,18.0,334,80.0,0.2442,0.1287,12.0,0.0881,49.19,0.788
2021-06-20,Indonesia,Asia,Delta,12,1,10.0,176,60.0,0.2247,0.227,9.0,0.0881,60.05,0.521
2021-06-26,Indonesia,Asia,Delta,20,0,18.0,325,80.0,0.2617,0.1875,11.0,0.0881,66.03,0.81
2021-06-26,Indonesia,Asia,Delta,17,1,15.0,262,85.0,0.2112,0.1102,5.0,0.0871,75.79,0.449
2021-06-29,Indonesia,Asia,Delta,255,8,233.0,4431,1275.0,0.1969,0.1514,199.0,0.0961,69.17,0.48
2021-06-29,Indonesia,Asia,Delta,54,3,48.0,891,162.0,0.3296,0.1213,26.0,0.0863,68.32,0.458
2021-07-04,Indonesia,Asia,Delta,11,0,10.0,157,44.0,0.2467,0.1209,4.0,0.0844,60.68,0.608
2021-07-06,Indonesia,Asia,Delta,64,3,59.0,718,320.0,0.1884,0.1823,29.0,0.0844,79.09,0.452
2021-07-08,Indonesia,Asia,Delta,36,2,32.0,612,108.0,0.3207,0.1848,18.0,0.0844,57.75,0.927
2021-07-13,Indonesia,Asia,Delta,9,0,8.0,145,45.0,0.2145,0.2026,5.0,0.0881,69.67,0.671
2021-07-14,Indonesia,Asia,Delta,48,2,43.0,719,192.0,0.2513,0.2417,43.0,0.0824,67.97,0.402
2021-07-22,Indonesia,Asia,Delta,53,2,48.0,629,265.0,0.185,0.1751,19.0,0.0824,68.99,0.4
2021-07-24,Indonesia,Asia,Delta,8,0,7.0,102,32.0,0.2575,0.2294,5.0,0.0824,78.08,0.4
2021-07-26,Indonesia,Asia,Delta,167,5,154.0,2273,501.0,0.3241,0.16665000000000002,109.0,0.0824,78.08,0.615
2021-07-27,Indonesia,Asia,Delta,69,2,65.0,995,276.0,0.2413,0.1497,33.0,0.1093,77.21,0.494
2021-07-31,Indonesia,Asia,Delta,28,1,26.0,469,84.0,0.3397,0.1111,11.0,0.1134,79.62,0.478
2021-08-04,Indonesia,Asia,Delta,12,0,11.0,174,60.0,0.186,0.16665000000000002,6.0,0.1175,46.84,0.816
2021-08-04,Indonesia,Asia,Delta,30,1,28.0,535,150.0,0.2009,0.2086,32.0,0.103,64.96,0.491
2021-08-05,Indonesia,Asia,Delta,2,0,1.0,33,6.0,0.3276,0.2467,1.0,0.103,44.77,1.004
2021-08-07,Indonesia,Asia,Delta,4,0,3.0,48,16.0,0.2376,0.2503,2.0,0.1072,62.91,0.542
2021-08-08,Indonesia,Asia,Delta,118,4,107.0,1744,472.0,0.2473,0.1467,60.0,0.1119,51.36,1.059
2021-08-08,Indonesia,Asia,Delta,9,0,8.0,112,27.0,0.3291,0.1122,3.0,0.1193,57.64,1.004
2021-08-09,Indonesia,Asia,Delta,171,6,156.0,2161,684.0,0.2535,0.2122,92.0,0.0931,58.63,0.764
2021-08-10,Indonesia,Asia,Delta,25,1,22.0,316,100.0,0.25,0.1759,10.0,0.1072,49.25,0.581
2021-08-13,Indonesia,Asia,Delta,10,0,9.0,109,50.0,0.1854,0.211,5.0,0.1096,48.4,0.878
2021-08-15,Indonesia,Asia,Delta,3,0,2.0,44,15.0,0.2022,0.16665000000000002,2.0,0.1096,51.24,0.581
2021-08-17,Indonesia,Asia,Delta,20,1,17.0,203,100.0,0.2196,0.2306,10.0,0.1013,65.1,0.727
2021-08-18,Indonesia,Asia,Delta,10,0,9.0,176,30.0,0.3298,0.16665000000000002,5.0,0.1044,68.42,0.742
2021-08-20,Indonesia,Asia,Delta,54,2,50.0,927,162.0,0.3217,0.2269,52.0,0.1084,67.57,0.572
2021-08-21,Indonesia,Asia,Delta,2,0,1.0,34,6.0,0.3186,0.1272,1.0,0.1101,63.36,0.646
2021-08-23,Indonesia,Asia,Delta,24,1,21.0,312,72.0,0.3346,0.16665000000000002,15.0,0.1101,53.85,1.029
2021-08-25,Indonesia,Asia,Delta,40,2,36.0,617,200.0,0.185,0.1379,19.0,0.1116,66.71,0.47
2021-08-30,Indonesia,Asia,Delta,9,0,8.0,112,27.0,0.3283,0.1292,2.0,0.1315,42.82,1.249
2021-08-30,Indonesia,Asia,Delta,17,1,15.0,238,51.0,0.3257,0.16665000000000002,13.0,0.1098,41.98,1.382
2021-08-31,Indonesia,Asia,Delta,23,1,21.0,327,92.0,0.2421,0.1789,13.0,0.113,56.42,0.581
2021-09-06,Indonesia,Asia,Delta,10,0,9.0,151,50.0,0.1882,0.2233,8.0,0.113,56.42,0.551
2021-09-09,Indonesia,Asia,Delta,4,0,3.0,41,12.0,0.3338,0.1924,1.0,0.1213,40.56,0.581
2021-09-10,Indonesia,Asia,Delta,89,4,83.0,1182,267.0,0.3256,0.1193,31.0,0.1404,42.57,0.928
2021-09-15,Indonesia,Asia,Delta,5,0,4.0,58,20.0,0.2377,0.2251,2.0,0.132,40.66,1.137
2021-09-18,Indonesia,Asia,Delta,79,4,69.0,1373,316.0,0.2466,0.1313,40.0,0.1309,59.72,0.627
2021-09-18,Indonesia,Asia,Delta,8,0,7.0,119,32.0,0.2167,0.1824,5.0,0.1178,49.13,0.789
2021-09-19,Indonesia,Asia,Delta,11,1,10.0,128,44.0,0.2361,0.2086,4.0,0.1401,59.83,0.578
2021-09-23,Indonesia,Asia,Delta,226,10,207.0,3743,904.0,0.2462,0.1146,118.0,0.1309,59.83,0.59
2021-09-26,Indonesia,Asia,Delta,10,0,9.0,177,40.0,0.2358,0.2114,10.0,0.1309,57.17,0.84
2021-09-27,Indonesia,Asia,Delta,1,0,0.0,17,5.0,0.2049,0.16665000000000002,0.0,0.1171,57.17,1.077
2021-10-03,Indonesia,Asia,Delta,182,6,170.0,3038,546.0,0.3468,0.2051,155.0,0.1337,39.75,1.026
2021-10-09,Indonesia,Asia,Delta,10,0,9.0,134,30.0,0.3285,0.133,2.0,0.1337,53.55,0.581
2021-10-10,Indonesia,Asia,Omicron,1,0,0.0,15,3.0,0.3383,0.0736,0.0,0.1439,60.0,1.133
2021-10-10,Indonesia,Asia,Delta,3,0,2.0,50,9.0,0.3491,0.1279,1.0,0.1401,68.27,0.429
2021-10-10,Indonesia,Asia,Delta,144,6,129.0,2296,432.0,0.3339,0.2127,83.0,0.1218,43.45,0.786
2021-10-12,Indonesia,Asia,Omicron,127,2,117.0,2274,381.0,0.3196,0.1052,62.0,0.1221,65.15,0.991
2021-10-18,Indonesia,Asia,Omicron,46,1,43.0,754,184.0,0.2521,0.083,16.0,0.139,68.4,0.922
2021-10-20,Indonesia,Asia,Delta,5,0,4.0,66,20.0,0.2697,0.242,3.0,0.1446,40.47,1.343
2021-10-22,Indonesia,Asia,Delta,15,0,14.0,215,75.0,0.211,0.16665000000000002,9.0,0.1446,50.23,0.731
2021-10-23,Indonesia,Asia,Omicron,8,0,7.0,99,40.0,0.1834,0.0996,1.0,0.1574,69.22,0.692
2021-10-24,Indonesia,Asia,Omicron,47,1,43.0,545,141.0,0.3255,0.1004,12.0,0.158,37.4,1.245
2021-10-24,Indonesia,Asia,Delta,126,6,116.0,1321,378.0,0.3237,0.2288,72.0,0.1398,61.7,0.656
2021-10-29,Indonesia,Asia,Omicron,62,1,59.0,879,310.0,0.209,0.06584999999999999,15.0,0.1398,42.41,1.444
2021-11-01,Indonesia,Asia,Omicron,5,0,4.0,62,25.0,0.2013,0.0968,1.0,0.1636,73.1,0.522
2021-11-01,Indonesia,Asia,Omicron,8,0,7.0,137,32.0,0.245,0.1078,3.0,0.1632,46.31,1.524
2021-11-02,Indonesia,Asia,Omicron,1,0,0.0,18,5.0,0.195,0.0577,0.0,0.1516,72.34,0.867
2021-11-02,Indonesia,Asia,Delta,35,1,31.0,578,105.0,0.3453,0.1841,29.0,0.1516,37.84,1.078
2021-11-07,Indonesia,Asia,Omicron,43,1,39.0,743,129.0,0.3323,0.0511,8.0,0.1516,64.41,1.2415
2021-11-12,Indonesia,Asia,Omicron,35,1,32.0,424,140.0,0.2546,0.0649,5.0,0.1594,64.41,1.772
2021-11-12,Indonesia,Asia,Delta,6,0,5.0,83,30.0,0.2029,0.1545,2.0,0.1594,50.29,0.79
2021-11-12,Indonesia,Asia,Delta,15,1,13.0,195,45.0,0.3279,0.1415,6.0,0.1433,49.75,1.084
2021-11-15,Indonesia,Asia,Omicron,86,1,81.0,890,258.0,0.3351,0.0557,11.0,0.1699,43.07,1.284
2021-11-21,Indonesia,Asia,Omicron,117,2,112.0,1383,468.0,0.2579,0.1099,33.0,0.1522,57.0,0.768
2021-11-23,Indonesia,Asia,Omicron,71,2,66.0,1069,284.0,0.2477,0.06584999999999999,15.0,0.153,53.72,0.866
2021-11-23,Indonesia,Asia,Omicron,26,0,25.0,364,104.0,0.2577,0.0659,6.0,0.1787,38.21,1.704
2021-11-23,Indonesia,Asia,Omicron,25,1,22.0,347,75.0,0.3225,0.0619,3.0,0.16,36.85,1.706
2021-11-25,Indonesia,Asia,Omicron,6,0,5.0,65,30.0,0.1908,0.0587,0.0,0.1597,31.93,1.545
2021-11-29,Indonesia,Asia,Omicron,10,0,9.0,163,30.0,0.317,0.06584999999999999,4.0,0.1735,26.79,1.948
2021-12-05,Indonesia,Asia,Omicron,51,1,46.0,651,153.0,0.3378,0.06584999999999999,5.0,0.1551,27.72,2.238
2021-12-05,Indonesia,Asia,Omicron,2,0,1.0,31,6.0,0.3389,0.094,0.0,0.1559,48.52,1.524
2021-12-05,Indonesia,Asia,Omicron,11,0,10.0,183,33.0,0.3312,0.0839,3.0,0.1526,33.43,1.217
2021-12-08,Indonesia,Asia,Omicron,11,0,10.0,129,44.0,0.2507,0.0924,3.0,0.1586,37.1,1.941
2021-12-10,Indonesia,Asia,Omicron,6,0,5.0,60,18.0,0.3284,0.0906,0.0,0.1586,50.9,0.938
2021-12-12,Indonesia,Asia,Omicron,35,1,32.0,402,140.0,0.2506,0.0588,5.0,0.1586,55.21,1.42
2021-12-18,Indonesia,Asia,Omicron,109,2,101.0,1589,327.0,0.3353,0.0696,24.0,0.1696,30.2,2.248
2021-12-19,Indonesia,Asia,Omicron,63,1,60.0,1032,252.0,0.2551,0.0951,16.0,0.1645,48.11,1.568
2021-12-21,Indonesia,Asia,Omicron,66,1,60.0,948,198.0,0.3082,0.1029,15.0,0.1843,37.94,1.56
2021-12-25,Indonesia,Asia,Omicron,18,0,16.0,235,54.0,0.3035,0.06584999999999999,2.0,0.1843,23.42,1.446
2021-12-26,Indonesia,Asia,Omicron,23,1,21.0,354,92.0,0.254,0.0767,5.0,0.1843,38.85,1.17
2022-01-03,Indonesia,Asia,Omicron,1,0,0.0,14,4.0,0.2551,0.0864,0.0,0.1587,39.24,1.039
2022-01-04,Indonesia,Asia,Omicron,212,3,204.0,2476,636.0,0.3378,0.06584999999999999,47.0,0.1894,36.89,1.571
2022-01-07,Indonesia,Asia,Omicron,15,0,14.0,150,75.0,0.1996,0.0572,2.0,0.1814,39.38,1.25
2022-01-11,Indonesia,Asia,Omicron,3,0,2.0,36,9.0,0.3424,0.0866,0.0,0.1865,25.9,2.313
2022-01-12,Indonesia,Asia,Omicron,10,0,9.0,98,50.0,0.1965,0.0967,2.0,0.1986,25.9,2.072
2022-01-15,Indonesia,Asia,Omicron,3,0,2.0,33,9.0,0.3363,0.0497,0.0,0.1977,47.61,1.156
2022-01-15,Indonesia,Asia,Omicron,3,0,2.0,38,9.0,0.3267,0.0862,0.0,0.1867,41.95,1.37
2022-01-16,Indonesia,Asia,Omicron,12,0,11.0,177,36.0,0.3452,0.0933,4.0,0.1826,25.81,1.437
2022-01-22,Indonesia,Asia,Omicron,33,1,30.0,447,132.0,0.2527,0.06584999999999999,7.0,0.1797,51.42,1.2415
2022-01-23,Indonesia,Asia,Omicron,12,0,11.0,127,60.0,0.1931,0.0898,3.0,0.195,39.05,1.704
2022-01-26,Indonesia,Asia,Omicron,5,0,4.0,75,20.0,0.2489,0.1004,2.0,0.2111,34.35,1.92
2022-01-31,Indonesia,Asia,Omicron,103,2,97.0,1226,309.0,0.3535,0.0758,23.0,0.1888,28.4,2.173
2022-02-01,Indonesia,Asia,Omicron,6,0,5.0,82,30.0,0.2036,0.0633,1.0,0.2121,48.62,0.907
2022-02-05,Indonesia,Asia,Omicron,53,1,49.0,852,265.0,0.1834,0.0594,11.0,0.1987,43.22,1.23
2022-02-06,Indonesia,Asia,Omicron,103,2,97.0,1762,412.0,0.2498,0.0546,26.0,0.2062,49.06,0.928
2022-02-07,Indonesia,Asia,Omicron,54,1,51.0,847,162.0,0.3134,0.0682,15.0,0.2149,43.6,1.031
2022-02-11,Indonesia,Asia,Omicron BA.2,20,0,19.0,358,80.0,0.232,0.0457,4.0,0.1811,48.69,1.645
2022-02-12,Indonesia,Asia,Omicron BA.2,233,4,223.0,3558,932.0,0.2354,0.0733,73.0,0.1942,48.7,1.866
2022-02-14,Indonesia,Asia,Omicron BA.2,69,1,64.0,904,345.0,0.199,0.0684,11.0,0.1942,49.01,1.416
2022-02-19,Indonesia,Asia,Omicron,3,0,2.0,36,12.0,0.2429,0.1067,1.0,0.2029,49.01,1.474
2022-02-20,Indonesia,Asia,Omicron,171,2,163.0,2619,513.0,0.3353,0.0805,52.0,0.2029,23.44,1.392
2022-02-21,Indonesia,Asia,Omicron BA.2,18,0,16.0,178,72.0,0.2322,0.0498,2.0,0.1999,46.59,1.528
2022-02-23,Indonesia,Asia,Omicron,63,1,59.0,662,315.0,0.2005,0.06584999999999999,9.0,0.205,43.87,1.59
2022-02-25,Indonesia,Asia,Omicron,6,0,5.0,62,18.0,0.34,0.0864,1.0,0.202,31.01,1.992
2022-02-25,Indonesia,Asia,Omicron,66,1,62.0,1019,264.0,0.2482,0.0658,15.0,0.202,48.32,1.293
2022-02-26,Indonesia,Asia,Omicron BA.2,58,1,53.0,710,174.0,0.3392,0.0498,10.0,0.2136,44.37,1.093
2022-02-26,Indonesia,Asia,Omicron BA.2,195,4,179.0,2719,780.0,0.2495,0.089,43.0,0.2326,42.67,1.645
2022-02-26,Indonesia,Asia,Omicron BA.2,20,0,19.0,320,100.0,0.1992,0.0688,5.0,0.2076,46.2,1.837
2022-03-03,Indonesia,Asia,Omicron BA.2,9,0,8.0,153,36.0,0.268,0.0563,1.0,0.1947,29.43,2.564
2022-03-05,Indonesia,Asia,Omicron,13,0,12.0,162,65.0,0.1937,0.0621,1.0,0.2194,46.86,1.156
2022-03-10,Indonesia,Asia,Omicron,108,2,99.0,1082,432.0,0.2339,0.106,30.0,0.1984,27.9,2.081
2022-03-12,Indonesia,Asia,Omicron BA.2,40,0,38.0,691,120.0,0.3229,0.0548,6.0,0.1984,28.64,1.888
2022-03-12,Indonesia,Asia,Omicron BA.2,20,0,19.0,331,60.0,0.3391,0.0534,4.0,0.2125,29.25,1.785
2022-03-16,Indonesia,Asia,Omicron BA.2,32,1,29.0,549,96.0,0.3346,0.056,7.0,0.2125,41.77,1.645
2022-03-21,Indonesia,Asia,Omicron BA.2,88,1,83.0,1412,440.0,0.1992,0.047,15.0,0.2125,18.94,1.779
2022-03-22,Indonesia,Asia,Omicron BA.2,21,0,20.0,217,105.0,0.2098,0.0518,2.0,0.201,28.75,1.371
2022-03-24,Indonesia,Asia,Omicron BA.2,254,3,240.0,2929,1016.0,0.2565,0.0473,30.0,0.222,28.91,2.578
2022-03-26,Indonesia,Asia,Omicron BA.2,55,1,52.0,665,275.0,0.2029,0.0756,11.0,0.2221,31.46,2.411
2022-03-28,Indonesia,Asia,Omicron BA.2,12,0,11.0,149,36.0,0.328,0.0692,2.0,0.2312,22.52,1.645
2022-03-28,Indonesia,Asia,Omicron BA.2,40,1,36.0,463,120.0,0.3428,0.0623,4.0,0.2276,21.77,1.938
2022-04-03,Indonesia,Asia,Omicron BA.2,5,0,4.0,85,15.0,0.3306,0.0498,1.0,0.2242,17.6,1.689
2022-04-04,Indonesia,Asia,Omicron BA.2,6,0,6.0,84,30.0,0.2123,0.0551,1.0,0.223,38.03,1.824
2022-04-05,Indonesia,Asia,Omicron BA.2,100,1,94.0,1738,500.0,0.2042,0.0498,21.0,0.223,35.45,1.467
2022-04-08,Indonesia,Asia,Omicron BA.2,76,1,69.0,1375,380.0,0.1878,0.0743,28.0,0.2218,21.88,2.095
2022-04-08,Indonesia,Asia,Omicron BA.2,22,0,21.0,223,110.0,0.1909,0.0793,4.0,0.2203,25.41,1.884
2022-04-15,Indonesia,Asia,Omicron BA.2,6,0,6.0,78,30.0,0.207,0.0749,0.0,0.2297,25.22,2.278
2022-04-16,Indonesia,Asia,Omicron BA.2,8,0,7.0,129,32.0,0.248,0.0498,2.0,0.2297,16.06,2.532
2022-04-19,Indonesia,Asia,Omicron BA.2,49,1,46.0,506,147.0,0.3265,0.0617,6.0,0.2297,18.99,1.879
2022-04-19,Indonesia,Asia,Omicron BA.2,8,0,7.0,135,40.0,0.2095,0.067,1.0,0.2297,12.62,2.73
2022-04-25,Indonesia,Asia,Omicron BA.2,64,1,60.0,1114,320.0,0.1892,0.0827,18.0,0.2448,36.98,1.843
2022-05-01,Indonesia,Asia,Omicron BA.2,80,1,75.0,1279,320.0,0.2491,0.0498,20.0,0.2551,14.68,2.371
2022-05-03,Indonesia,Asia,Omicron BA.2,14,0,13.0,214,56.0,0.2571,0.0613,3.0,0.2478,28.24,2.58
2022-05-05,Indonesia,Asia,Omicron BA.2,16,0,15.0,236,64.0,0.2595,0.0637,3.0,0.2468,22.56,1.82
2022-05-13,Indonesia,Asia,Omicron BA.2,16,0,15.0,205,48.0,0.3359,0.0624,3.0,0.2432,15.99,2.283
2022-05-18,Indonesia,Asia,Omicron BA.2,13,0,12.0,213,65.0,0.1947,0.046,2.0,0.2432,32.61,1.576
2022-05-20,Indonesia,Asia,Omicron BA.2,6,0,5.0,68,18.0,0.3269,0.0486,0.0,0.2444,26.69,1.517
2022-05-21,Indonesia,Asia,Omicron BA.2,76,1,71.0,930,304.0,0.244,0.0523,8.0,0.2444,25.95,1.589
2022-05-21,Indonesia,Asia,Omicron BA.2,55,1,50.0,581,275.0,0.1799,0.0619,8.0,0.2485,25.95,3.103
2022-05-23,Indonesia,Asia,Omicron BA.2,95,2,87.0,1419,380.0,0.957598045,0.0866,27.0,0.2485,31.27,2.458
2022-05-24,Indonesia,Asia,Omicron BA.2,11,0,10.0,144,55.0,0.216,0.0714,1.0,0.243,10.43,2.753
2022-05-28,Indonesia,Asia,Omicron BA.2,9,0,8.0,155,45.0,0.209,0.0732,2.0,0.2686,26.17,1.645
2022-05-30,Indonesia,Asia,Omicron BA.2,39,1,36.0,528,195.0,0.214,0.049,4.0,0.2432,33.63,1.627
2022-05-31,Indonesia,Asia,Omicron BA.2,74,1,70.0,795,370.0,0.1831,0.0674,12.0,0.2432,40.28,1.491
2022-06-01,Indonesia,Asia,Omicron BA.2,32,0,30.0,569,96.0,0.3346,0.081,13.0,0.2421,14.68,2.299
2022-06-01,Indonesia,Asia,Omicron BA.2,19,0,17.0,341,57.0,0.3481,0.042,4.0,0.2543,23.21,2.32
2022-06-06,Indonesia,Asia,Omicron BA.2,51,1,47.0,865,204.0,0.273,0.062,12.0,0.2574,26.47,2.47
2022-06-10,Indonesia,Asia,Omicron BA.2,11,0,10.0,143,55.0,0.1975,0.0529,1.0,0.2578,30.32,1.786
2022-06-11,Indonesia,Asia,Omicron BA.2,23,0,21.0,255,115.0,0.203,0.0879,4.0,0.2568,35.31,2.153
2022-06-13,Indonesia,Asia,Omicron BA.2,33,1,31.0,565,165.0,0.2037,0.0411,6.0,0.2584,22.43,1.591
2022-06-14,Indonesia,Asia,Omicron BA.2,43,1,41.0,559,129.0,0.3291,0.0528,6.0,0.2584,16.91,2.12
2022-06-17,Indonesia,Asia,Omicron BA.2,286,0,20.0,335,88.0,0.236,0.0895,7.0,0.2795,21.11,1.645
2022-06-17,Indonesia,Asia,Omicron BA.2,43,1,40.0,768,215.0,0.1805,0.0795,16.0,0.2662,12.71,1.682
2022-06-18,Indonesia,Asia,Omicron BA.2,231,3,217.0,2805,924.0,0.237,0.0882,65.0,0.2534,34.11,1.533
2022-06-21,Indonesia,Asia,Omicron BA.2,15,0,14.0,218,60.0,0.2342,0.0588,3.0,0.2534,33.58,1.645
2022-06-23,Indonesia,Asia,Omicron BA.2,10,0,10.0,156,50.0,0.1951,0.043,1.0,0.2772,33.58,1.645
2022-06-24,Indonesia,Asia,Omicron BA.2,31,0,28.0,378,155.0,0.2006,0.0848,7.0,0.2669,31.34,1.973
2022-06-25,Indonesia,Asia,Omicron BA.2,12,0,11.0,199,36.0,0.3343,0.0506,2.0,0.26,20.58,2.721
2022-06-27,Indonesia,Asia,Omicron BA.2,379,3,364.0,5355,1137.0,0.3263,0.0617,65.0,0.2713,26.09,1.645
2022-06-28,Indonesia,Asia,Omicron BA.2,95,1,90.0,1004,475.0,0.189,0.0619,14.0,0.2792,32.26,2.226
2022-06-28,Indonesia,Asia,Omicron BA.2,89,1,83.0,903,356.0,0.2549,0.0918,16.0,0.2792,15.87,2.985
2022-06-29,Indonesia,Asia,Omicron BA.2,10,0,10.0,175,30.0,0.3354,0.052,1.0,0.2792,15.87,1.82
2022-06-30,Indonesia,Asia,Omicron BA.2,24,0,23.0,333,72.0,0.3371,0.0498,2.0,0.2603,15.87,2.109
2022-06-30,Indonesia,Asia,Omicron BA.2,37,0,35.0,427,148.0,0.2303,0.0631,6.0,0.2782,25.96,1.746
2022-07-01,Indonesia,Asia,Omicron BA.2,22,0,21.0,395,110.0,0.1966,0.0416,3.0,0.2782,27.67,2.474
2022-07-11,Indonesia,Asia,Omicron BA.2,1,0,1.0,12,4.0,0.2521,0.0498,0.0,0.2792,8.23,3.267
2022-07-13,Indonesia,Asia,Omicron BA.2,6,0,6.0,105,30.0,0.2188,0.0466,1.0,0.2811,35.35,1.541
2022-07-18,Indonesia,Asia,Omicron BA.2,30,1,28.0,513,90.0,0.3598,0.0732,8.0,0.2936,32.8,2.229
2022-07-20,Indonesia,Asia,Omicron BA.2,47,1,44.0,505,141.0,0.3378,0.0663,7.0,0.2936,5.18,1.913
2022-07-21,Indonesia,Asia,Omicron BA.2,5,0,5.0,86,20.0,0.2516,0.0636,1.0,0.2923,33.24,2.303
2022-07-21,Indonesia,Asia,Omicron BA.2,20,0,18.0,299,100.0,0.213,0.076,6.0,0.2866,33.24,1.238
2022-07-24,Indonesia,Asia,Omicron BA.2,10,0,10.0,126,50.0,0.2052,0.0498,1.0,0.2866,37.17,1.435
2022-07-26,Indonesia,Asia,Omicron BA.2,7,0,7.0,86,35.0,0.2125,0.073,1.0,0.2866,17.15,2.294
2022-07-30,Indonesia,Asia,Omicron BA.2,547,9,501.0,7846,2735.0,0.2068,0.0759,95.0,0.2866,12.57,1.926
2022-07-31,Indonesia,Asia,Omicron BA.2,37,0,35.0,371,185.0,0.1952,0.0606,4.0,0.2849,43.03,1.552
2022-08-01,Indonesia,Asia,Omicron BA.2,153,3,143.0,2765,612.0,0.2295,0.048,29.0,0.2821,35.09,2.109
2022-08-03,Indonesia,Asia,Omicron BA.2,41,1,38.0,402,123.0,0.3261,0.0606,4.0,0.2918,22.26,2.736
2022-08-10,Indonesia,Asia,Omicron BA.2,140,2,134.0,1956,560.0,0.2411,0.0668,38.0,0.3,17.73,2.886
2022-08-11,Indonesia,Asia,Omicron BA.2,13,0,12.0,227,52.0,0.2531,0.0577,3.0,0.2949,12.84,2.759
2022-08-14,Indonesia,Asia,Omicron BA.2,8,0,7.0,133,24.0,0.3258,0.0672,1.0,0.2978,14.38,1.645
2022-08-15,Indonesia,Asia,Omicron BA.2,49,1,46.0,841,147.0,0.3398,0.0512,7.0,0.2944,34.2,1.509
2022-08-18,Indonesia,Asia,Omicron BA.2,12,0,11.0,137,48.0,0.2486,0.0619,2.0,0.2894,27.06,1.385
2022-08-22,Indonesia,Asia,Omicron BA.2,8,0,8.0,140,24.0,0.3289,0.0803,2.0,0.3019,7.52,1.837
2022-08-22,Indonesia,Asia,Omicron BA.2,9,0,8.0,135,36.0,0.2512,0.087,2.0,0.2827,33.09,2.182
2022-08-29,Indonesia,Asia,Omicron BA.2,181,3,170.0,2932,543.0,0.3367,0.0631,41.0,0.3017,11.72,3.053
2022-08-30,Indonesia,Asia,Omicron BA.2,5,0,4.0,53,20.0,0.2741,0.0755,1.0,0.3017,12.18,1.729
2022-09-10,Indonesia,Asia,Omicron BA.2,50,1,47.0,705,150.0,0.3251,0.0541,10.0,0.3195,15.81,1.645
2022-09-11,Indonesia,Asia,Omicron BA.2,17,0,15.0,292,51.0,0.3303,0.0445,3.0,0.3005,13.65,1.73
2022-09-13,Indonesia,Asia,Omicron BA.2,82,1,77.0,947,410.0,0.2,0.0597,9.0,0.3005,38.23,1.113
2022-09-15,Indonesia,Asia,Omicron BA.2,8,0,7.0,86,40.0,0.1793,0.0725,1.0,0.3005,27.97,2.446
2022-09-17,Indonesia,Asia,Omicron BA.2,9,0,9.0,116,27.0,0.332,0.0773,1.0,0.3129,33.03,2.109
2022-09-18,Indonesia,Asia,Omicron BA.2,25,0,23.0,413,75.0,0.3461,0.0733,7.0,0.3129,12.69,2.951
2022-09-18,Indonesia,Asia,Omicron BA.2,40,0,37.0,494,160.0,0.2685,0.0859,8.0,0.3107,42.13,1.501
2022-09-22,Indonesia,Asia,Omicron BA.2,38,1,35.0,444,114.0,0.3412,0.0439,4.0,0.3044,33.6,2.296
2022-09-25,Indonesia,Asia,Omicron BA.2,40,1,36.0,615,120.0,0.3463,0.0497,7.0,0.322,32.57,2.147
2022-09-27,Indonesia,Asia,Omicron BA.2,57,1,53.0,749,228.0,0.2663,0.0501,10.0,0.3114,28.66,2.355
2022-09-30,Indonesia,Asia,Omicron BA.2,58,1,54.0,650,174.0,0.3407,0.0761,11.0,0.3207,21.33,1.875
2022-10-02,Indonesia,Asia,Omicron BA.2,592,6,556.0,9832,1776.0,0.3359,0.0765,193.0,0.3211,11.93,2.036
2022-10-04,Indonesia,Asia,Omicron BA.2,10,0,9.0,107,40.0,0.2484,0.0569,1.0,0.312,22.61,2.319
2022-10-05,Indonesia,Asia,Omicron BA.2,157,2,150.0,2763,785.0,0.1885,0.0578,35.0,0.3378,22.98,2.417
2022-10-07,Indonesia,Asia,Omicron BA.2,91,1,86.0,1128,455.0,0.2166,0.0849,21.0,0.2952,26.66,1.645
2022-10-07,Indonesia,Asia,Omicron BA.2,8,0,7.0,90,24.0,0.3215,0.0844,2.0,0.3173,10.44,2.042
2022-10-07,Indonesia,Asia,Omicron BA.2,53,1,50.0,669,265.0,0.1898,0.0712,9.0,0.3108,6.6,2.896
2022-10-07,Indonesia,Asia,Omicron BA.2,8,0,7.0,128,32.0,0.2638,0.0479,1.0,0.3108,14.03,2.628
2022-10-15,Indonesia,Asia,Omicron BA.2,20,0,19.0,206,60.0,0.3298,0.0436,1.0,0.3322,15.45,2.425
2022-10-16,Indonesia,Asia,Omicron BA.2,83,1,78.0,829,332.0,0.2401,0.0587,11.0,0.3298,17.34,2.399
2022-10-17,Indonesia,Asia,Omicron BA.2,68,1,65.0,918,272.0,0.2346,0.0612,13.0,0.3237,4.42,2.273
2022-10-18,Indonesia,Asia,Omicron BA.2,20,0,19.0,276,100.0,0.1858,0.0498,5.0,0.3177,24.59,2.695
2022-10-18,Indonesia,Asia,Omicron BA.2,62,1,58.0,862,248.0,0.2513,0.0873,20.0,0.326,40.43,1.402
2022-10-18,Indonesia,Asia,Omicron BA.2,260,4,244.0,3450,1040.0,0.2346,0.0631,48.0,0.3201,35.15,2.181
2022-10-19,Indonesia,Asia,Omicron BA.2,4,0,3.0,44,12.0,0.3334,0.0863,1.0,0.3201,22.83,1.609
2022-10-19,Indonesia,Asia,Omicron BA.2,4,0,3.0,40,20.0,0.1852,0.0797,0.0,0.3238,15.09,1.645
2022-10-22,Indonesia,Asia,Omicron BA.2,12,0,11.0,123,60.0,0.193,0.0865,2.0,0.3085,32.45,1.801
2022-10-24,Indonesia,Asia,Omicron BA.2,4,0,4.0,59,16.0,0.2551,0.0712,1.0,0.3085,19.26,1.614
2022-10-25,Indonesia,Asia,Omicron BA.2,24,0,22.0,434,120.0,0.1845,0.048,5.0,0.3255,12.74,1.867
2022-10-26,Indonesia,Asia,Omicron BA.2,23,0,21.0,358,92.0,0.2479,0.0522,3.0,0.3277,31.46,1.867
2022-10-28,Indonesia,Asia,Omicron BA.2,10,0,9.0,163,50.0,0.1999,0.0407,1.0,0.3288,13.1,2.241
2022-10-28,Indonesia,Asia,Omicron BA.2,65,1,61.0,1159,195.0,0.3368,0.0498,12.0,0.3242,30.56,2.242
2022-11-01,Indonesia,Asia,Omicron BA.2,26,0,25.0,277,78.0,0.3448,0.0414,2.0,0.3242,36.6,1.645
2022-11-05,Indonesia,Asia,Omicron BA.2,14,0,13.0,216,42.0,0.3382,0.0498,2.0,0.3334,39.04,1.54
2022-11-05,Indonesia,Asia,Omicron BA.2,2,0,2.0,34,10.0,0.2096,0.0498,0.0,0.3383,27.86,2.205
2022-11-05,Indonesia,Asia,Omicron BA.2,125,2,118.0,1995,625.0,0.1975,0.0382,13.0,0.3303,35.07,2.183
2022-11-06,Indonesia,Asia,Omicron BA.2,100,1,94.0,1817,400.0,0.2355,0.0651,25.0,0.3244,35.07,2.766
2022-11-07,Indonesia,Asia,Omicron BA.2,16,0,15.0,245,64.0,0.242,0.0868,5.0,0.3423,18.75,2.677
2022-11-09,Indonesia,Asia,Omicron BA.2,93,2,86.0,1297,465.0,0.1977,0.0594,17.0,0.3345,34.42,1.77
2022-11-13,Indonesia,Asia,Omicron BA.2,138,2,126.0,2426,552.0,0.2397,0.0866,54.0,0.3345,21.55,2.118
2022-11-14,Indonesia,Asia,Omicron BA.2,2,0,2.0,27,10.0,0.901357494,0.0525,0.0,0.3522,21.01,1.492
2022-11-16,Indonesia,Asia,Omicron BA.2,5,0,5.0,60,15.0,0.3211,0.0837,1.0,0.3455,29.9,1.861
2022-11-18,Indonesia,Asia,Omicron BA.2,13,0,12.0,194,39.0,0.3301,0.078,4.0,0.3403,28.66,1.547
2022-11-18,Indonesia,Asia,Omicron BA.2,28,0,26.0,501,112.0,0.2678,0.0658,7.0,0.3281,24.91,2.336
2022-11-19,Indonesia,Asia,Omicron BA.2,498,5,467.0,5819,1992.0,0.257,0.0675,116.0,0.3422,31.28,2.376
2022-11-20,Indonesia,Asia,Omicron BA.2,24,0,22.0,369,120.0,0.2216,0.0825,7.0,0.3297,19.52,2.343
2022-11-20,Indonesia,Asia,Omicron BA.2,2,0,2.0,28,8.0,0.2473,0.0575,0.0,0.3418,15.33,1.793
2022-11-21,Indonesia,Asia,Omicron BA.2,22,0,21.0,299,66.0,0.3204,0.0498,3.0,0.3469,12.07,2.009
2022-11-25,Indonesia,Asia,Omicron BA.2,93,2,85.0,1509,465.0,0.1851,0.0393,13.0,0.3531,29.59,2.478
2022-11-26,Indonesia,Asia,Omicron BA.2,31,0,30.0,349,124.0,0.2677,0.0538,3.0,0.3531,34.23,2.245
2022-11-27,Indonesia,Asia,Omicron BA.2,5,0,4.0,70,25.0,0.2169,0.0825,1.0,0.3422,24.6,2.403
2022-11-28,Indonesia,Asia,Omicron BA.2,39,0,37.0,596,156.0,0.2567,0.0514,7.0,0.3439,13.82,2.875
2022-11-30,Indonesia,Asia,Omicron BA.2,48,0,44.0,602,192.0,0.2478,0.0579,6.0,0.3439,22.3,2.308
2022-12-05,Indonesia,Asia,Omicron BA.2,4,0,4.0,41,20.0,0.1914,0.0555,1.0,0.3608,18.33,2.35
2022-12-07,Indonesia,Asia,Omicron BA.2,71,1,67.0,936,284.0,0.2549,0.0871,21.0,0.3344,8.75,1.645
2022-12-07,Indonesia,Asia,Omicron BA.2,87,1,82.0,1005,435.0,0.2108,0.0685,15.0,0.3575,33.83,2.305
2022-12-08,Indonesia,Asia,Omicron BA.2,96,2,92.0,1152,288.0,0.3383,0.0605,19.0,0.3338,24.37,1.766
2022-12-10,Indonesia,Asia,Omicron BA.2,32,0,30.0,453,96.0,0.3215,0.0692,4.0,0.3348,34.82,1.847
2022-12-14,Indonesia,Asia,Omicron BA.2,3,0,3.0,41,12.0,0.2679,0.0562,0.0,0.3488,19.04,2.426
2022-12-16,Indonesia,Asia,Omicron BA.2,773,8,730.0,10053,3865.0,0.1958,0.0591,155.0,0.3722,14.22,2.647
2022-12-23,Indonesia,Asia,Omicron BA.2,35,1,33.0,360,105.0,0.3451,0.0438,2.0,0.363,19.64,2.727
2022-12-24,Indonesia,Asia,Omicron BA.2,8,0,8.0,78,40.0,0.1898,0.0617,1.0,0.3559,19.64,2.311
2022-12-25,Indonesia,Asia,Omicron BA.2,45,1,41.0,566,225.0,0.1932,0.0779,7.0,0.3591,33.15,1.257
2022-12-27,Indonesia,Asia,Omicron BA.2,12,0,11.0,204,60.0,0.1811,0.0549,2.0,0.3537,33.97,1.76
2022-12-31,Indonesia,Asia,Omicron BA.2,22,0,20.0,334,66.0,0.3317,0.038,2.0,0.3714,30.15,1.36
2022-12-31,Indonesia,Asia,Omicron BA.2,12,0,11.0,159,60.0,0.2077,0.0667,2.0,0.3644,23.04,2.399
2020-01-23,Italy,Europe,Original,1,0,0.0,15,12.0,0.0887,0.15155000000000002,0.0,0.0,11.64,1.118
2020-01-24,Italy,Europe,Original,2,0,1.0,33,42.0,0.057749999999999996,0.1768,1.0,0.0,5.73,1.234
2020-01-25,Italy,Europe,Original,1,0,0.0,14,42.0,0.057749999999999996,0.1892,0.0,0.0,17.48,0.677
2020-01-26,Italy,Europe,Original,1,0,0.0,10,42.0,0.057749999999999996,0.1993,0.0,0.0,19.37,0.621
2020-01-27,Italy,Europe,Original,1,0,0.0,11,42.0,0.057749999999999996,0.1585,0.0,0.0,12.21,0.661
2020-01-28,Italy,Europe,Original,2,0,1.0,35,48.0,0.0353,0.1403,1.0,0.0,12.21,0.87
2020-01-29,Italy,Europe,Original,1,0,0.0,17,16.0,0.0605,0.1394,0.0,0.0,12.1,1.001
2020-01-30,Italy,Europe,Original,1,0,0.0,11,42.0,0.057749999999999996,0.1073,0.0,0.0,8.14,0.944
2020-02-02,Italy,Europe,Original,4,0,3.0,50,42.0,0.057749999999999996,0.0952,1.0,0.0,9.99,1.11
2020-02-05,Italy,Europe,Original,3,0,2.0,33,42.0,0.057749999999999996,0.1964,1.0,0.0,6.73,1.299
2020-02-06,Italy,Europe,Original,7,0,6.0,118,42.0,0.057749999999999996,0.15155000000000002,4.0,0.0,15.74,1.075
2020-02-06,Italy,Europe,Original,4,0,3.0,67,42.0,0.057749999999999996,0.15155000000000002,3.0,0.0,5.55,0.71
2020-02-13,Italy,Europe,Original,1,0,0.0,15,42.0,0.057749999999999996,0.1542,0.0,0.0,7.28,0.819
2020-02-13,Italy,Europe,Original,1,0,0.0,15,13.0,0.0937,0.1521,0.0,0.0,11.31,0.779
2020-02-18,Italy,Europe,Original,2,0,1.0,28,30.0,0.0696,0.15155000000000002,0.0,0.0,1.76,0.927
2020-02-20,Italy,Europe,Original,22,0,20.0,325,264.0,0.0778,0.1685,14.0,0.0,12.03,0.428
2020-02-21,Italy,Europe,Original,1,0,0.0,14,23.0,0.0465,0.1132,0.0,0.0,84.95,0.4
2020-02-22,Italy,Europe,Original,1,0,0.0,12,14.0,0.0751,0.0932,0.0,0.0,76.71,0.4
2020-02-23,Italy,Europe,Original,2,0,1.0,32,48.0,0.0375,0.2083,1.0,0.0,89.7,0.4
2020-02-26,Italy,Europe,Original,2,0,1.0,32,26.0,0.0726,0.0981,0.0,0.0,86.63,0.4
2020-02-29,Italy,Europe,Original,1,0,0.0,15,42.0,0.057749999999999996,0.1848,0.0,0.0,98.04,0.4
2020-03-05,Italy,Europe,Original,1,0,0.0,10,15.0,0.0528,0.0939,0.0,0.0,80.78,0.4
2020-03-05,Italy,Europe,Original,3,0,2.0,51,42.0,0.057749999999999996,0.15155000000000002,1.0,0.0,68.05,0.4
2020-03-06,Italy,Europe,Original,6,0,5.0,84,42.0,0.057749999999999996,0.1286,1.0,0.0,83.36,0.4
2020-03-06,Italy,Europe,Original,2,0,1.0,26,28.0,0.0755,0.0968,0.0,0.0,91.47,0.428
2020-03-08,Italy,Europe,Original,5,0,4.0,51,42.0,0.057749999999999996,0.1138,1.0,0.0,90.6,0.4
2020-03-09,Italy,Europe,Original,1,0,0.0,14,23.0,0.0426,0.1359,0.0,0.0,77.46,0.4
2020-03-13,Italy,Europe,Original,2,0,1.0,35,44.0,0.0446,0.1756,1.0,0.0,93.05,0.4
2020-03-17,Italy,Europe,Original,5,0,4.0,54,60.0,0.0955,0.1795,2.0,0.0,89.06,0.4
2020-03-17,Italy,Europe,Original,2,0,1.0,33,40.0,0.0574,0.094,0.0,0.0,91.07,0.4
2020-03-18,Italy,Europe,Original,1,0,0.0,11,23.0,0.0486,0.1764,0.0,0.0,68.95,0.4
2020-03-22,Italy,Europe,Original,1,0,0.0,13,21.0,0.0474,0.15155000000000002,0.0,0.0,96.58,0.4
2020-03-22,Italy,Europe,Original,25,1,23.0,379,42.0,0.057749999999999996,0.15155000000000002,19.0,0.0,69.67,0.4
2020-03-28,Italy,Europe,Original,3,0,2.0,35,54.0,0.0574,0.1129,0.0,0.0,63.87,0.4
2020-03-29,Italy,Europe,Original,1,0,0.0,15,20.0,0.0337,0.1302,0.0,0.0,80.01,0.4
2020-03-30,Italy,Europe,Original,1,0,0.0,15,20.0,0.0414,0.1921,0.0,0.0,71.56,0.4
2020-03-30,Italy,Europe,Original,1,0,0.0,14,12.0,0.0791,0.1164,0.0,0.0,73.08,0.4
2020-04-02,Italy,Europe,Original,17,0,15.0,247,204.0,0.0783,0.1739,6.0,0.0,78.45,0.4
2020-04-03,Italy,Europe,Original,7,0,6.0,120,98.0,0.077,0.1616,4.0,0.0,70.63,0.4
2020-04-03,Italy,Europe,Original,11,0,9.0,117,132.0,0.0888,0.15155000000000002,2.0,0.0,65.17,0.4
2020-04-04,Italy,Europe,Original,1,0,0.0,16,42.0,0.93928243,0.1663,0.0,0.0,90.18,0.4
2020-04-05,Italy,Europe,Original,1,0,0.0,14,18.0,0.0502,0.0995,0.0,0.0,92.6,0.4
2020-04-08,Italy,Europe,Original,1,0,0.0,13,42.0,0.057749999999999996,0.1853,0.0,0.0,86.49,0.4
2020-04-08,Italy,Europe,Original,17,0,16.0,257,408.0,0.044,0.1922,11.0,0.0,88.09,0.4
2020-04-16,Italy,Europe,Original,1,0,0.0,16,42.0,0.057749999999999996,0.1884,0.0,0.0,67.27,0.4
2020-04-17,Italy,Europe,Original,9,0,8.0,130,216.0,0.0766,0.1497,3.0,0.0,87.43,0.4
2020-04-17,Italy,Europe,Original,2,0,1.0,21,42.0,0.057749999999999996,0.2098,1.0,0.0,94.81,0.4
2020-04-20,Italy,Europe,Original,2,0,1.0,24,46.0,0.0298,0.15155000000000002,0.0,0.0,91.26,0.4
2020-04-20,Italy,Europe,Original,4,0,3.0,45,56.0,0.075,0.1678,1.0,0.0,71.61,0.4
2020-04-20,Italy,Europe,Original,2,0,1.0,30,36.0,0.0632,0.1715,1.0,0.0,93.93,0.4
2020-04-24,Italy,Europe,Original,16,0,14.0,168,368.0,0.0426,0.15155000000000002,3.0,0.0,76.01,0.428
2020-04-25,Italy,Europe,Original,1,0,0.0,14,17.0,0.0695,0.096,0.0,0.0,93.43,0.4
2020-05-02,Italy,Europe,Original,26,0,24.0,397,42.0,0.057749999999999996,0.193,16.0,0.0,57.53,0.428
2020-05-03,Italy,Europe,Original,22,0,20.0,342,42.0,0.057749999999999996,0.1236,8.0,0.0,43.09,0.584
2020-05-07,Italy,Europe,Original,7,0,6.0,86,133.0,0.0619,0.1396,1.0,0.0,72.97,0.4
2020-05-11,Italy,Europe,Original,1,0,0.0,17,13.0,0.0652,0.1121,0.0,0.0,56.38,0.41
2020-05-11,Italy,Europe,Original,1,0,0.0,15,42.0,0.057749999999999996,0.1499,0.0,0.0,46.89,0.469
2020-05-15,Italy,Europe,Original,3,0,2.0,37,42.0,0.057749999999999996,0.1632,1.0,0.0,46.89,0.74
2020-05-16,Italy,Europe,Original,1,0,0.0,12,21.0,0.0329,0.1317,0.0,0.0,76.17,0.4
2020-05-17,Italy,Europe,Original,1,0,0.0,15,21.0,0.0699,0.1638,0.0,0.0,54.79,0.481
2020-05-21,Italy,Europe,Original,3,0,2.0,43,42.0,0.057749999999999996,0.1154,1.0,0.0,63.41,0.4
2020-05-21,Italy,Europe,Original,6,0,5.0,59,42.0,0.057749999999999996,0.1699,2.0,0.0,66.34,0.4
2020-05-22,Italy,Europe,Original,1,0,0.0,13,21.0,0.0468,0.1378,0.0,0.0,46.91,0.4
2020-05-26,Italy,Europe,Original,3,0,2.0,45,42.0,0.057749999999999996,0.1635,1.0,0.0,70.35,0.4
2020-05-29,Italy,Europe,Original,3,0,2.0,53,39.0,0.068,0.1037,1.0,0.0,67.25,0.4
2020-05-29,Italy,Europe,Original,1,0,0.0,16,18.0,0.0556,0.2076,0.0,0.0,61.07,0.4
2020-05-30,Italy,Europe,Original,7,0,6.0,109,126.0,0.0611,0.134,3.0,0.0,68.23,0.425
2020-05-31,Italy,Europe,Original,26,0,24.0,291,390.0,0.0914,0.1792,7.0,0.0,72.16,0.4
2020-06-06,Italy,Europe,Original,1,0,0.0,10,19.0,0.0481,0.1088,0.0,0.0,49.43,0.4
2020-06-07,Italy,Europe,Original,25,1,23.0,435,600.0,0.0367,0.177,12.0,0.0,45.3,0.447
2020-06-10,Italy,Europe,Original,2,0,1.0,25,30.0,0.075,0.2065,1.0,0.0,65.34,0.428
2020-06-21,Italy,Europe,Original,4,0,3.0,63,92.0,0.0385,0.2044,3.0,0.0,58.23,0.568
2020-06-22,Italy,Europe,Original,4,0,3.0,54,96.0,0.0516,0.1522,1.0,0.0,65.05,0.4
2020-06-23,Italy,Europe,Original,3,0,2.0,30,66.0,0.0586,0.1015,0.0,0.0,45.68,0.626
2020-06-25,Italy,Europe,Original,1,0,0.0,15,13.0,0.0788,0.1757,0.0,0.0,72.49,0.4
2020-06-27,Italy,Europe,Original,123,2,113.0,1679,2952.0,0.0503,0.1042,30.0,0.0,57.79,0.4
2020-07-01,Italy,Europe,Original,1,0,0.0,17,16.0,0.0557,0.1959,0.0,0.0,71.81,0.4
2020-07-02,Italy,Europe,Original,1,0,0.0,15,13.0,0.0776,0.1361,0.0,0.0,71.74,0.4
2020-07-03,Italy,Europe,Original,19,0,18.0,226,456.0,0.0357,0.1489,8.0,0.0,74.39,0.4
2020-07-09,Italy,Europe,Original,5,0,4.0,75,80.0,0.0639,0.125,1.0,0.0,68.98,0.422
2020-07-12,Italy,Europe,Original,4,0,3.0,66,60.0,0.0704,0.1346,1.0,0.0,49.84,0.564
2020-07-12,Italy,Europe,Original,5,0,4.0,51,115.0,0.0322,0.15155000000000002,1.0,0.0,62.41,0.407
2020-07-24,Italy,Europe,Original,1,0,0.0,15,12.0,0.0817,0.1417,0.0,0.0,50.8,0.428
2020-07-24,Italy,Europe,Original,8,0,7.0,137,144.0,0.0554,0.1095,3.0,0.0,74.51,0.4
2020-07-30,Italy,Europe,Original,1,0,0.0,16,14.0,0.0785,0.1623,0.0,0.0,52.29,0.629
2020-07-30,Italy,Europe,Original,4,0,3.0,50,64.0,0.0706,0.1932,2.0,0.0,58.73,0.4
2020-07-31,Italy,Europe,Original,2,0,1.0,24,24.0,0.0918,0.2018,0.0,0.0,62.41,0.4
2020-08-01,Italy,Europe,Original,1,0,0.0,16,22.0,0.0458,0.1115,0.0,0.0,51.0,0.436
2020-08-02,Italy,Europe,Original,10,0,9.0,141,120.0,0.0764,0.2053,4.0,0.0,64.66,0.4
2020-08-06,Italy,Europe,Original,1,0,0.0,13,16.0,0.0581,0.1469,0.0,0.0,45.44,0.671
2020-08-11,Italy,Europe,Original,2,0,1.0,24,46.0,0.0464,0.15155000000000002,0.0,0.0,62.4,0.4
2020-08-11,Italy,Europe,Original,1,0,0.0,11,12.0,0.0782,0.1811,0.0,0.0,61.47,0.4
2020-08-13,Italy,Europe,Original,1,0,0.0,15,20.0,0.0503,0.1049,0.0,0.0,37.32,0.514
2020-08-14,Italy,Europe,Original,1,0,0.0,13,16.0,0.0573,0.151,0.0,0.0,39.92,0.633
2020-08-14,Italy,Europe,Original,3,0,2.0,33,54.0,0.0459,0.1805,1.0,0.0,36.27,0.428
2020-08-22,Italy,Europe,Original,2,0,1.0,34,38.0,0.0616,0.1198,1.0,0.0,50.43,0.4
2020-08-25,Italy,Europe,Original,2,0,1.0,21,30.0,0.0628,0.1372,0.0,0.0,48.39,0.428
2020-08-30,Italy,Europe,Original,1,0,0.0,17,23.0,0.033,0.1944,0.0,0.0,55.37,0.4
2020-08-31,Italy,Europe,Original,1,0,0.0,10,16.0,0.0646,0.1197,0.0,0.0,37.11,0.552
2020-09-04,Italy,Europe,Original,8,0,7.0,118,192.0,0.0311,0.0998,2.0,0.0,37.11,0.428
2020-09-04,Italy,Europe,Original,2,0,1.0,30,44.0,0.044,0.1108,0.0,0.0,37.11,0.562
2020-09-09,Italy,Europe,Original,6,0,5.0,74,84.0,0.0605,0.1128,2.0,0.0,56.82,0.4
2020-09-09,Italy,Europe,Original,5,0,4.0,78,90.0,0.0682,0.1062,1.0,0.0,46.8,0.668
2020-09-11,Italy,Europe,Original,4,0,3.0,64,88.0,0.0506,0.1162,1.0,0.0,34.62,0.428
2020-09-20,Italy,Europe,Original,9,0,8.0,121,207.0,0.0386,0.1463,2.0,0.0,34.62,0.447
2020-09-24,Italy,Europe,Original,29,1,27.0,479,464.0,0.0664,0.1044,14.0,0.0,32.89,0.892
2020-09-25,Italy,Europe,Original,5,0,4.0,76,95.0,0.0528,0.15155000000000002,1.0,0.0,37.41,0.847
2020-09-29,Italy,Europe,Original,2,0,1.0,21,28.0,0.0598,0.1446,0.0,0.0,35.76,0.767
2020-10-03,Italy,Europe,Original,1,0,0.0,17,20.0,0.0878,0.1702,0.0,0.0,52.19,0.4
2020-10-05,Italy,Europe,Original,1,0,0.0,10,21.0,0.0474,0.1527,0.0,0.0,59.21,0.4
2020-10-12,Italy,Europe,Original,13,0,12.0,176,312.0,0.0339,0.1241,4.0,0.0,54.52,0.494
2020-10-18,Italy,Europe,Original,3,0,2.0,51,42.0,0.0669,0.15155000000000002,1.0,0.0,51.09,0.624
2020-10-18,Italy,Europe,Original,14,0,13.0,204,294.0,0.0539,0.1988,12.0,0.0,42.71,0.485
2020-10-26,Italy,Europe,Original,6,0,5.0,70,144.0,0.0448,0.1974,2.0,0.0,41.22,0.724
2020-10-27,Italy,Europe,Original,2,0,1.0,20,32.0,0.0545,0.1332,0.0,0.0,41.22,0.463
2020-11-02,Italy,Europe,Alpha,1,0,0.0,12,22.0,0.0398,0.2112,0.0,0.0,34.65,0.919
2020-11-02,Italy,Europe,Original,8,0,7.0,130,184.0,0.0341,0.1181,4.0,0.0,49.93,0.428
2020-11-03,Italy,Europe,Original,7,0,6.0,108,161.0,0.0353,0.101,2.0,0.0,58.15,0.501
2020-11-05,Italy,Europe,Original,12,0,11.0,151,240.0,0.0523,0.126,5.0,0.0,55.93,0.4
2020-11-10,Italy,Europe,Original,4,0,3.0,61,60.0,0.0488,0.2072,2.0,0.0,52.08,0.452
2020-11-10,Italy,Europe,Alpha,3,0,2.0,36,60.0,0.049,0.1766,1.0,0.0,60.68,0.44
2020-11-11,Italy,Europe,Alpha,1,0,0.0,15,18.0,0.0619,0.2263,0.0,0.0,60.68,0.493
2020-11-12,Italy,Europe,Alpha,1,0,0.0,16,21.0,0.0495,0.1145,0.0,0.0,56.19,0.493
2020-11-14,Italy,Europe,Alpha,1,0,0.0,15,12.0,0.0806,0.1268,0.0,0.0,49.7,0.841
2020-11-15,Italy,Europe,Original,4,0,3.0,46,68.0,0.0686,0.1889,1.0,0.0,53.22,0.454
2020-11-15,Italy,Europe,Original,1,0,0.0,12,14.0,0.0837,0.1613,0.0,0.0,62.01,0.408
2020-11-15,Italy,Europe,Alpha,5,0,4.0,90,105.0,0.0351,0.1957,4.0,0.0,57.08,0.542
2020-11-18,Italy,Europe,Alpha,6,0,5.0,98,78.0,0.0877,0.1235,1.0,0.0,44.52,0.697
2020-11-19,Italy,Europe,Alpha,1,0,0.0,15,22.0,0.05,0.2098,0.0,0.0,45.45,0.719
2020-11-20,Italy,Europe,Alpha,2,0,1.0,23,48.0,0.0425,0.2041,1.0,0.0,41.29,0.78
2020-11-24,Italy,Europe,Alpha,3,0,2.0,48,69.0,0.0433,0.2296,2.0,0.0,42.77,0.831
2020-11-25,Italy,Europe,Alpha,46,1,41.0,606,874.0,0.052,0.1112,16.0,0.0,54.71,0.612
2020-11-28,Italy,Europe,Alpha,1,0,0.0,13,16.0,0.0538,0.2037,0.0,0.0,51.26,0.465
2020-12-02,Italy,Europe,Alpha,2,0,1.0,28,26.0,0.0772,0.1535,0.0,0.0,50.68,0.627
2020-12-03,Italy,Europe,Alpha,12,0,11.0,143,204.0,0.0685,0.1337,5.0,0.0,33.13,0.493
2020-12-04,Italy,Europe,Alpha,1,0,0.0,14,19.0,0.063,0.1813,0.0,0.0,49.1,0.493
2020-12-09,Italy,Europe,Alpha,1,0,0.0,10,21.0,0.0542,0.1326,0.0,0.0,57.09,0.566
2020-12-14,Italy,Europe,Alpha,1,0,0.0,15,16.0,0.0574,0.1988,0.0,0.0,60.13,0.721
2020-12-15,Italy,Europe,Alpha,1,0,0.0,12,18.0,0.0746,0.1903,0.0,0.0,68.44,0.493
2020-12-18,Italy,Europe,Alpha,4,0,3.0,46,64.0,0.0585,0.2026,1.0,0.0,57.95,0.679
2020-12-19,Italy,Europe,Alpha,1,0,0.0,12,19.0,0.0576,0.1725,0.0,0.0,57.95,0.476
2020-12-22,Italy,Europe,Alpha,1,0,0.0,14,17.0,0.0518,0.1334,0.0,0.0,59.43,0.538
2020-12-27,Italy,Europe,Alpha,5,0,4.0,87,120.0,0.0469,0.1081,2.0,0.0,54.89,0.538
2020-12-30,Italy,Europe,Alpha,4,0,3.0,49,52.0,0.0745,0.1719,1.0,0.0,53.26,0.702
2020-12-31,Italy,Europe,Alpha,7,0,6.0,120,91.0,0.0743,0.186,4.0,0.0,68.07,0.49
2021-01-03,Italy,Europe,Alpha,2,0,1.0,34,38.0,0.0522,0.1687,0.0,0.0,54.36,0.722
2021-01-05,Italy,Europe,Alpha,40,1,37.0,455,800.0,0.0432,0.1666,19.0,0.0,61.13,0.448
2021-01-08,Italy,Europe,Alpha,12,0,11.0,128,240.0,0.0657,0.1442,2.0,0.0,71.34,0.493
2021-01-08,Italy,Europe,Alpha,11,0,10.0,198,242.0,0.0277,0.1791,5.0,0.0,54.69,0.563
2021-01-09,Italy,Europe,Alpha,1,0,0.0,15,23.0,0.0329,0.1256,0.0,0.0,82.57,0.4
2021-01-17,Italy,Europe,Alpha,1,0,0.0,14,17.0,0.0562,0.195,0.0,0.012,75.49,0.4
2021-01-18,Italy,Europe,Alpha,2,0,1.0,31,30.0,0.0585,0.1603,1.0,0.0126,75.34,0.423
2021-01-19,Italy,Europe,Alpha,4,0,3.0,59,80.0,0.0504,0.1603,2.0,0.0126,59.84,0.562
2021-01-25,Italy,Europe,Alpha,6,0,5.0,108,78.0,0.0482,0.1361,4.0,0.037,51.67,0.539
2021-01-26,Italy,Europe,Alpha,1,0,0.0,18,21.0,0.0439,0.2095,0.0,0.0338,69.2,0.493
2021-01-26,Italy,Europe,Alpha,5,0,4.0,74,100.0,0.0453,0.1772,2.0,0.031,61.45,0.493
2021-01-30,Italy,Europe,Alpha,3,0,2.0,35,72.0,0.0516,0.1527,1.0,0.0298,54.72,0.426
2021-01-31,Italy,Europe,Alpha,3,0,2.0,50,39.0,0.0733,0.2018,2.0,0.0471,50.65,0.493
2021-02-03,Italy,Europe,Alpha,1,0,0.0,13,15.0,0.0684,0.1603,0.0,0.0471,70.54,0.4
2021-02-03,Italy,Europe,Alpha,9,0,8.0,123,171.0,0.0647,0.1378,3.0,0.0332,77.58,0.4
2021-02-04,Italy,Europe,Alpha,3,0,2.0,52,66.0,0.0472,0.1464,1.0,0.0259,51.5,0.463
2021-02-06,Italy,Europe,Alpha,11,0,10.0,123,253.0,0.058,0.2154,5.0,0.0495,83.24,0.4
2021-02-07,Italy,Europe,Alpha,10,0,9.0,155,150.0,0.0736,0.1603,5.0,0.0495,62.73,0.493
2021-02-07,Italy,Europe,Alpha,2,0,1.0,34,40.0,0.0447,0.1919,1.0,0.0536,59.84,0.469
2021-02-08,Italy,Europe,Alpha,10,0,9.0,145,180.0,0.0555,0.217,4.0,0.0536,59.79,0.682
2021-02-09,Italy,Europe,Alpha,1,0,0.0,15,20.0,0.0467,0.1603,0.0,0.0523,68.24,0.524
2021-02-13,Italy,Europe,Alpha,1,0,0.0,18,12.0,0.0947,0.0955,0.0,0.0523,65.55,0.577
2021-02-14,Italy,Europe,Alpha,1,0,0.0,15,17.0,0.0507,0.1928,0.0,0.0579,58.89,0.678
2021-02-15,Italy,Europe,Alpha,28,0,26.0,444,336.0,0.0799,0.1603,9.0,0.0684,56.63,0.539
2021-02-15,Italy,Europe,Alpha,3,0,2.0,30,54.0,0.0662,0.1822,1.0,0.0557,63.65,0.556
2021-02-16,Italy,Europe,Alpha,1,0,0.0,17,23.0,0.0549,0.1603,0.0,0.0557,71.25,0.472
2021-02-20,Italy,Europe,Alpha,3,0,2.0,42,72.0,0.0595,0.1126,1.0,0.0476,74.93,0.4
2021-02-21,Italy,Europe,Alpha,3,0,2.0,39,69.0,0.0457,0.1603,0.0,0.0754,74.93,0.449
2021-03-01,Italy,Europe,Alpha,1,0,0.0,15,20.0,0.0473,0.1994,0.0,0.0585,73.86,0.4
2021-03-03,Italy,Europe,Alpha,2,0,1.0,30,48.0,0.0342,0.1346,1.0,0.066,66.73,0.576
2021-03-06,Italy,Europe,Alpha,5,0,4.0,66,90.0,0.0714,0.21,3.0,0.0727,60.21,0.461
2021-03-07,Italy,Europe,Alpha,2,0,1.0,30,42.0,0.0453,0.1133,0.0,0.1053,57.32,0.416
2021-03-09,Italy,Europe,Alpha,1,0,0.0,10,14.0,0.0803,0.1716,0.0,0.0885,48.76,0.831
2021-03-09,Italy,Europe,Alpha,2,0,1.0,23,24.0,0.0904,0.1603,0.0,0.0865,63.19,0.4
2021-03-10,Italy,Europe,Alpha,3,0,2.0,37,39.0,0.0809,0.1936,1.0,0.084,57.46,0.625
2021-03-10,Italy,Europe,Alpha,2,0,1.0,24,24.0,0.0836,0.1197,0.0,0.0706,57.46,0.502
2021-03-14,Italy,Europe,Alpha,14,0,13.0,192,182.0,0.0751,0.1836,8.0,0.0985,56.62,0.493
2021-03-15,Italy,Europe,Alpha,2,0,1.0,24,32.0,0.0514,0.2124,1.0,0.0871,62.89,0.403
2021-03-15,Italy,Europe,Alpha,3,0,2.0,29,72.0,0.0215,0.2152,1.0,0.0908,65.65,0.576
2021-03-16,Italy,Europe,Alpha,1,0,0.0,14,21.0,0.0527,0.2004,0.0,0.0972,61.73,0.644
2021-03-22,Italy,Europe,Alpha,1,0,0.0,12,20.0,0.0578,0.1397,0.0,0.1106,86.36,0.4
2021-03-24,Italy,Europe,Delta,31,1,28.0,495,527.0,0.0572,0.203,28.0,0.1036,87.54,0.4
2021-03-25,Italy,Europe,Alpha,17,0,15.0,208,374.0,0.0355,0.1603,6.0,0.1018,69.2,0.4
2021-03-26,Italy,Europe,Delta,2,0,1.0,31,46.0,0.0387,0.2233,2.0,0.1225,70.46,0.415
2021-03-27,Italy,Europe,Delta,46,1,42.0,559,1104.0,0.0235,0.1888,27.0,0.1098,80.31,0.4
2021-03-29,Italy,Europe,Delta,6,0,5.0,69,126.0,0.0504,0.2277,4.0,0.1106,81.38,0.581
2021-04-01,Italy,Europe,Delta,21,1,19.0,280,462.0,0.0464,0.2402,17.0,0.1154,80.49,0.463
2021-04-10,Italy,Europe,Delta,17,1,15.0,251,306.0,0.0793,0.2359,9.0,0.1173,66.1,0.408
2021-04-10,Italy,Europe,Delta,1,0,0.0,10,13.0,0.0749,0.2138,0.0,0.1352,76.33,0.4
2021-04-12,Italy,Europe,Alpha,2,0,1.0,30,34.0,0.0641,0.1267,0.0,0.1441,76.33,0.4
2021-04-12,Italy,Europe,Alpha,1,0,0.0,14,22.0,0.0452,0.1719,0.0,0.1407,71.55,0.4
2021-04-13,Italy,Europe,Alpha,1,0,0.0,17,21.0,0.042,0.0882,0.0,0.1576,71.55,0.53
2021-04-15,Italy,Europe,Alpha,12,0,11.0,169,180.0,0.0654,0.1731,7.0,0.1418,70.98,0.459
2021-04-26,Italy,Europe,Delta,3,0,2.0,54,54.0,0.0481,0.1715,2.0,0.1488,78.46,0.503
2021-04-28,Italy,Europe,Delta,17,0,16.0,251,391.0,0.0329,0.16,9.0,0.153,71.29,0.505
2021-04-29,Italy,Europe,Delta,17,0,15.0,186,238.0,0.0734,0.2355,11.0,0.1661,64.13,0.833
2021-04-29,Italy,Europe,Delta,26,1,24.0,285,416.0,0.0684,0.16,11.0,0.1691,63.26,0.666
2021-05-02,Italy,Europe,Delta,1,0,0.0,13,12.0,0.0824,0.2062,0.0,0.1742,69.94,0.544
2021-05-05,Italy,Europe,Delta,1,0,0.0,18,24.0,0.0311,0.2023,0.0,0.1549,77.31,0.4
2021-05-11,Italy,Europe,Delta,1,0,0.0,11,15.0,0.061,0.1418,0.0,0.175,58.23,0.86
2021-05-12,Italy,Europe,Delta,6,0,5.0,107,96.0,0.0477,0.2175,4.0,0.1625,67.37,0.488
2021-05-26,Italy,Europe,Delta,8,0,7.0,96,112.0,0.054,0.1774,3.0,0.2064,74.36,0.4
2021-05-28,Italy,Europe,Delta,26,1,24.0,257,520.0,0.0464,0.1392,8.0,0.2065,66.51,0.497
2021-05-30,Italy,Europe,Delta,7,0,6.0,123,154.0,0.0413,0.1759,3.0,0.2124,69.98,0.581
2021-06-02,Italy,Europe,Delta,27,1,25.0,416,594.0,0.0436,0.183,16.0,0.2034,80.0,0.581
2021-06-02,Italy,Europe,Delta,4,0,3.0,62,56.0,0.0709,0.1821,2.0,0.2075,70.28,0.501
2021-06-06,Italy,Europe,Delta,7,0,6.0,86,126.0,0.0526,0.1881,3.0,0.1975,55.66,0.698
2021-06-07,Italy,Europe,Delta,25,1,23.0,452,325.0,0.0762,0.1793,12.0,0.2092,54.62,0.645
2021-06-07,Italy,Europe,Delta,3,0,2.0,44,54.0,0.061,0.206,1.0,0.2182,82.53,0.4
2021-06-07,Italy,Europe,Delta,1,0,0.0,10,15.0,0.0832,0.2233,0.0,0.2042,60.94,0.776
2021-06-11,Italy,Europe,Delta,1,0,0.0,11,15.0,0.0748,0.2127,0.0,0.2368,72.88,0.477
2021-06-15,Italy,Europe,Delta,9,0,8.0,99,198.0,0.0382,0.1456,2.0,0.2383,72.88,0.5
2021-06-15,Italy,Europe,Delta,1,0,0.0,16,22.0,0.0483,0.124,0.0,0.2261,75.8,0.478
2021-06-16,Italy,Europe,Delta,7,0,6.0,81,112.0,0.0729,0.1918,2.0,0.2302,66.47,0.64
2021-06-16,Italy,Europe,Delta,1,0,0.0,14,19.0,0.0558,0.1689,0.0,0.2039,60.74,0.461
2021-06-17,Italy,Europe,Delta,7,0,6.0,102,98.0,0.0774,0.2058,3.0,0.2301,79.59,0.4
2021-06-17,Italy,Europe,Delta,34,1,31.0,386,714.0,0.0273,0.1808,12.0,0.2315,72.0,0.4
2021-06-18,Italy,Europe,Delta,2,0,1.0,21,40.0,0.0582,0.16,0.0,0.23,70.36,0.566
2021-06-20,Italy,Europe,Delta,14,0,12.0,159,252.0,0.0694,0.1773,7.0,0.227,73.19,0.526
2021-06-21,Italy,Europe,Delta,5,0,4.0,87,90.0,0.0562,0.1893,3.0,0.227,57.25,0.564
2021-06-24,Italy,Europe,Delta,1,0,0.0,12,21.0,0.0494,0.1423,0.0,0.2456,88.9,0.4
2021-06-28,Italy,Europe,Delta,13,0,12.0,147,260.0,0.0456,0.2195,7.0,0.2453,63.49,0.746
2021-06-28,Italy,Europe,Delta,12,0,11.0,123,216.0,0.0568,0.1066,2.0,0.2502,81.54,0.4
2021-07-02,Italy,Europe,Delta,2,0,1.0,35,32.0,0.0582,0.1381,1.0,0.2561,68.62,0.462
2021-07-03,Italy,Europe,Delta,1,0,0.0,12,16.0,0.0712,0.2078,0.0,0.2518,67.31,0.4
2021-07-06,Italy,Europe,Delta,2,0,1.0,22,34.0,0.0399,0.1101,0.0,0.2651,67.31,0.4
2021-07-06,Italy,Europe,Delta,5,0,4.0,79,120.0,0.0407,0.16,3.0,0.2491,64.33,0.579
2021-07-07,Italy,Europe,Delta,11,0,10.0,126,143.0,0.0667,0.2219,6.0,0.255,75.97,0.533
2021-07-09,Italy,Europe,Delta,2,0,1.0,28,44.0,0.05,0.2214,1.0,0.2453,69.68,0.667
2021-07-22,Italy,Europe,Delta,1,0,0.0,12,12.0,0.0923,0.1647,0.0,0.2751,69.68,0.98
2021-07-26,Italy,Europe,Delta,13,0,11.0,174,221.0,0.0437,0.0945,3.0,0.2799,76.13,0.4
2021-07-27,Italy,Europe,Delta,2,0,1.0,25,28.0,0.0677,0.1047,0.0,0.2875,76.32,0.4
2021-07-29,Italy,Europe,Delta,1,0,0.0,10,14.0,0.0614,0.2106,0.0,0.2918,55.18,0.553
2021-07-30,Italy,Europe,Delta,72,1,68.0,1301,936.0,0.0787,0.0946,29.0,0.2958,67.3,0.456
2021-08-05,Italy,Europe,Delta,8,0,7.0,102,136.0,0.0662,0.1667,2.0,0.3075,41.43,0.863
2021-08-06,Italy,Europe,Delta,1,0,0.0,12,24.0,0.052,0.1644,0.0,0.2998,45.47,0.806
2021-08-06,Italy,Europe,Delta,1,0,0.0,11,16.0,0.0626,0.143,0.0,0.306,45.16,1.064
2021-08-08,Italy,Europe,Delta,3,0,2.0,34,57.0,0.0807,0.2059,1.0,0.3014,48.12,0.884
2021-08-17,Italy,Europe,Delta,3,0,2.0,31,39.0,0.0898,0.1791,1.0,0.3151,56.48,0.581
2021-08-18,Italy,Europe,Delta,12,0,11.0,184,144.0,0.0655,0.1533,7.0,0.3171,56.48,0.964
2021-08-18,Italy,Europe,Delta,15,0,14.0,174,255.0,0.0543,0.1686,5.0,0.321,69.54,0.4
2021-08-19,Italy,Europe,Delta,1,0,0.0,12,18.0,0.0455,0.2084,0.0,0.3163,68.87,0.47
2021-08-20,Italy,Europe,Delta,42,1,38.0,485,504.0,0.076,0.1554,12.0,0.3189,56.66,0.581
2021-08-21,Italy,Europe,Delta,6,0,5.0,75,84.0,0.0616,0.1037,1.0,0.3382,58.2,0.863
2021-09-01,Italy,Europe,Delta,1,0,0.0,17,17.0,0.058,0.1145,0.0,0.3187,44.07,1.028
2021-09-05,Italy,Europe,Delta,1,0,0.0,10,14.0,0.0812,0.16,0.0,0.3493,57.38,0.627
2021-09-06,Italy,Europe,Delta,5,0,4.0,65,80.0,0.0563,0.2044,2.0,0.3224,62.86,0.794
2021-09-09,Italy,Europe,Delta,3,0,2.0,40,57.0,0.0544,0.1798,1.0,0.3469,60.99,0.563
2021-09-12,Italy,Europe,Delta,9,0,8.0,149,216.0,0.0503,0.0908,3.0,0.3452,42.57,1.154
2021-09-12,Italy,Europe,Delta,3,0,2.0,31,48.0,0.0616,0.1558,1.0,0.341,45.72,1.153
2021-09-12,Italy,Europe,Delta,1,0,0.0,16,24.0,0.0585,0.1871,0.0,0.3673,58.78,0.611
2021-09-12,Italy,Europe,Delta,1,0,0.0,12,16.0,0.0695,0.1582,0.0,0.3223,59.65,0.541
2021-09-14,Italy,Europe,Delta,9,0,8.0,126,180.0,0.0447,0.1123,2.0,0.3636,65.8,0.593
2021-09-16,Italy,Europe,Delta,1,0,0.0,17,15.0,0.065,0.1631,0.0,0.3406,36.69,0.688
2021-09-17,Italy,Europe,Delta,12,0,11.0,168,144.0,0.0834,0.1027,3.0,0.3756,68.1,0.581
2021-09-19,Italy,Europe,Delta,4,0,3.0,55,84.0,0.0436,0.1025,1.0,0.3691,66.62,0.443
2021-09-20,Italy,Europe,Delta,3,0,2.0,31,54.0,0.05,0.1477,1.0,0.3554,64.42,0.4
2021-09-20,Italy,Europe,Delta,14,0,12.0,212,196.0,0.0466,0.0992,5.0,0.3467,59.37,0.612
2021-09-23,Italy,Europe,Delta,10,0,9.0,118,240.0,0.0437,0.1903,3.0,0.3609,65.6,0.539
2021-09-27,Italy,Europe,Delta,5,0,4.0,53,60.0,0.0891,0.1361,1.0,0.3557,43.68,1.06
2021-09-27,Italy,Europe,Delta,1,0,0.0,11,17.0,0.0626,0.1573,0.0,0.3579,40.3,0.929
2021-09-30,Italy,Europe,Delta,3,0,2.0,47,63.0,0.0561,0.0906,0.0,0.3871,47.81,0.798
2021-10-01,Italy,Europe,Delta,7,0,6.0,105,119.0,0.0562,0.088,2.0,0.3779,54.42,0.943
2021-10-03,Italy,Europe,Delta,8,0,7.0,106,192.0,0.0424,0.1416,4.0,0.363,50.87,0.614
2021-10-04,Italy,Europe,Omicron,23,0,21.0,285,483.0,0.0637,0.0606,5.0,0.3753,38.77,0.985
2021-10-05,Italy,Europe,Omicron,18,0,16.0,190,396.0,0.0421,0.0606,3.0,0.3858,51.24,1.038
2021-10-06,Italy,Europe,Delta,4,0,3.0,55,72.0,0.0486,0.1951,2.0,0.3779,51.71,0.934
2021-10-07,Italy,Europe,Delta,1,0,0.0,18,21.0,0.0495,0.1981,0.0,0.3787,60.98,0.71
2021-10-09,Italy,Europe,Omicron,1,0,0.0,16,16.0,0.0757,0.0808,0.0,0.3925,65.8,0.641
2021-10-12,Italy,Europe,Omicron,9,0,8.0,119,153.0,0.0597,0.0519,1.0,0.3882,59.44,0.642
2021-10-13,Italy,Europe,Delta,6,0,5.0,78,144.0,0.0426,0.1289,2.0,0.3936,59.1,0.662
2021-10-17,Italy,Europe,Omicron,22,0,20.0,239,528.0,0.0575,0.0733,4.0,0.394,46.55,0.854
2021-10-22,Italy,Europe,Delta,1,0,0.0,14,17.0,0.0498,0.1218,0.0,0.4022,59.21,0.461
2021-10-25,Italy,Europe,Omicron,1,0,0.0,10,18.0,0.0628,0.0591,0.0,0.4297,40.57,0.848
2021-10-26,Italy,Europe,Omicron,23,0,22.0,277,322.0,0.0762,0.082,3.0,0.4123,68.17,0.555
2021-10-29,Italy,Europe,Delta,16,0,14.0,221,240.0,0.0736,0.1242,4.0,0.4137,62.17,0.581
2021-10-29,Italy,Europe,Omicron,13,0,12.0,142,286.0,0.0265,0.0786,2.0,0.4064,49.63,1.187
2021-10-31,Italy,Europe,Omicron,111,1,107.0,1419,1554.0,0.0687,0.0829,30.0,0.4327,49.63,0.697
2021-11-08,Italy,Europe,Delta,1,0,0.0,12,18.0,0.0603,0.1001,0.0,0.4347,54.16,0.684
2021-11-08,Italy,Europe,Omicron,5,0,4.0,87,120.0,0.0549,0.0826,1.0,0.4278,50.59,1.3
2021-11-11,Italy,Europe,Omicron,3,0,2.0,51,66.0,0.0394,0.0537,0.0,0.4232,39.37,1.424
2021-11-12,Italy,Europe,Delta,1,0,0.0,14,13.0,0.077,0.1238,0.0,0.4413,39.37,0.715
2021-11-13,Italy,Europe,Omicron,24,0,22.0,380,312.0,0.0796,0.0781,5.0,0.4237,48.56,1.2415
2021-11-14,Italy,Europe,Omicron,11,0,10.0,164,187.0,0.0423,0.0458,1.0,0.4173,31.23,1.192
2021-11-15,Italy,Europe,Omicron,17,0,15.0,193,255.0,0.072,0.0606,2.0,0.4257,46.24,1.221
2021-11-19,Italy,Europe,Omicron,5,0,4.0,80,65.0,0.0891,0.071,1.0,0.4359,45.09,1.443
2021-11-23,Italy,Europe,Omicron,1,0,0.0,14,15.0,0.0633,0.044,0.0,0.4516,24.12,1.2415
2021-11-25,Italy,Europe,Omicron,10,0,9.0,168,150.0,0.0689,0.0844,2.0,0.4376,48.0,1.2415
2021-11-26,Italy,Europe,Omicron,19,0,18.0,311,228.0,0.0722,0.082,5.0,0.4556,45.94,1.247
2021-11-27,Italy,Europe,Omicron,205,2,196.0,3371,4510.0,0.0356,0.084,69.0,0.4496,28.16,1.638
2021-11-28,Italy,Europe,Omicron,4,0,3.0,57,56.0,0.0666,0.038,0.0,0.4699,28.16,1.404
2021-11-28,Italy,Europe,Omicron,45,0,43.0,623,1035.0,0.0453,0.0606,7.0,0.4456,50.7,1.294
2021-11-29,Italy,Europe,Omicron,13,0,12.0,232,208.0,0.0478,0.0606,2.0,0.4744,40.62,0.934
2021-12-01,Italy,Europe,Omicron,17,0,15.0,259,357.0,0.0385,0.0386,2.0,0.4639,29.42,1.752
2021-12-03,Italy,Europe,Omicron,3,0,2.0,52,60.0,0.0501,0.0519,0.0,0.4594,32.59,1.158
2021-12-08,Italy,Europe,Omicron,5,0,4.0,53,65.0,0.0689,0.0486,0.0,0.4756,45.43,1.403
2021-12-11,Italy,Europe,Omicron,5,0,4.0,53,100.0,0.0597,0.0661,0.0,0.4772,31.54,1.272
2021-12-12,Italy,Europe,Omicron,14,0,13.0,141,182.0,0.0872,0.078,2.0,0.4756,53.91,1.003
2021-12-18,Italy,Europe,Omicron,12,0,11.0,146,216.0,0.0545,0.0577,1.0,0.4914,51.52,1.272
2021-12-18,Italy,Europe,Omicron,2,0,1.0,29,30.0,0.0678,0.0606,0.0,0.492,32.93,1.421
2021-12-21,Italy,Europe,Omicron,5,0,4.0,64,85.0,0.0515,0.0448,0.0,0.4747,56.7,0.931
2021-12-23,Italy,Europe,Omicron,130,1,121.0,1711,1690.0,0.0906,0.0491,23.0,0.4787,23.2,1.538
2021-12-24,Italy,Europe,Omicron,39,0,36.0,425,780.0,0.0556,0.0782,6.0,0.485,37.7,1.625
2021-12-26,Italy,Europe,Omicron,3,0,2.0,37,60.0,0.0573,0.0696,0.0,0.4694,52.47,0.746
2021-12-28,Italy,Europe,Omicron,3,0,2.0,35,63.0,0.0547,0.0425,0.0,0.5035,45.67,0.779
2022-01-02,Italy,Europe,Omicron,5,0,4.0,59,110.0,0.0668,0.0453,0.0,0.4953,40.38,1.621
2022-01-03,Italy,Europe,Omicron,1,0,0.0,13,14.0,0.0644,0.0735,0.0,0.496,31.25,1.367
2022-01-05,Italy,Europe,Omicron,2,0,1.0,34,44.0,0.0521,0.0386,0.0,0.4905,45.9,0.762
2022-01-08,Italy,Europe,Omicron,8,0,7.0,144,128.0,0.0513,0.0643,2.0,0.5111,36.55,1.404
2022-01-11,Italy,Europe,Omicron,54,0,51.0,592,1026.0,0.0776,0.0751,12.0,0.5277,36.55,0.863
2022-01-13,Italy,Europe,Omicron,1,0,0.0,14,14.0,0.061,0.0534,0.0,0.5223,22.38,1.854
2022-01-15,Italy,Europe,Omicron,52,0,49.0,929,832.0,0.0578,0.0539,11.0,0.5264,45.65,1.341
2022-01-15,Italy,Europe,Omicron,15,0,14.0,154,360.0,0.0511,0.0766,3.0,0.5237,47.36,1.096
2022-01-17,Italy,Europe,Omicron,13,0,12.0,127,195.0,0.0508,0.0529,1.0,0.5213,30.55,1.194
2022-01-28,Italy,Europe,Omicron,10,0,9.0,138,190.0,0.0569,0.0754,1.0,0.5374,34.76,1.463
2022-01-29,Italy,Europe,Omicron,3,0,2.0,34,39.0,0.0773,0.0331,0.0,0.5481,39.29,1.289
2022-01-29,Italy,Europe,Omicron,1,0,0.0,14,14.0,0.0873,0.0469,0.0,0.5413,38.59,1.2
2022-01-31,Italy,Europe,Omicron BA.2,1,0,0.0,13,22.0,0.0385,0.0393,0.0,0.5386,39.19,1.54
2022-02-02,Italy,Europe,Omicron BA.2,2,0,1.0,27,48.0,0.0471,0.0329,0.0,0.5474,48.23,1.125
2022-02-04,Italy,Europe,Omicron,5,0,4.0,49,105.0,0.032,0.051,0.0,0.5456,43.69,0.961
2022-02-06,Italy,Europe,Omicron,6,0,5.0,74,114.0,0.0635,0.0461,0.0,0.5647,49.51,1.026
2022-02-07,Italy,Europe,Omicron,5,0,4.0,74,115.0,0.0425,0.0477,0.0,0.5546,28.52,1.784
2022-02-08,Italy,Europe,Omicron BA.2,5,0,4.0,75,70.0,0.0757,0.067,0.0,0.5507,48.04,1.118
2022-02-16,Italy,Europe,Omicron BA.2,3,0,2.0,36,36.0,0.0938,0.0613,0.0,0.5552,40.56,1.71
2022-02-19,Italy,Europe,Omicron BA.2,4,0,3.0,51,52.0,0.0932,0.0403,0.0,0.584,41.67,0.922
2022-02-19,Italy,Europe,Omicron BA.2,1,0,0.0,14,18.0,0.0521,0.031,0.0,0.5872,43.93,1.538
2022-02-20,Italy,Europe,Omicron BA.2,5,0,4.0,85,110.0,0.0218,0.0573,0.0,0.5861,48.05,1.233
2022-02-21,Italy,Europe,Omicron BA.2,2,0,1.0,25,44.0,0.0403,0.0626,0.0,0.5685,52.77,1.314
2022-02-25,Italy,Europe,Omicron,33,0,31.0,476,792.0,0.0433,0.0564,5.0,0.5863,32.22,1.2415
2022-02-25,Italy,Europe,Omicron,1,0,0.0,14,13.0,0.0915,0.0451,0.0,0.5861,31.15,1.7
2022-03-05,Italy,Europe,Omicron,62,0,59.0,749,1116.0,0.0512,0.0467,6.0,0.5915,47.69,0.734
2022-03-07,Italy,Europe,Omicron,14,0,13.0,172,322.0,0.0424,0.0475,1.0,0.5979,47.24,0.883
2022-03-08,Italy,Europe,Omicron BA.2,1,0,1.0,12,14.0,0.0707,0.0483,0.0,0.5846,35.09,1.857
2022-03-08,Italy,Europe,Omicron,1,0,0.0,16,12.0,0.0732,0.0456,0.0,0.5969,43.3,1.342
2022-03-09,Italy,Europe,Omicron,3,0,3.0,34,72.0,0.0377,0.0465,0.0,0.6171,53.65,0.883
2022-03-13,Italy,Europe,Omicron BA.2,7,0,7.0,113,105.0,0.0639,0.0496,1.0,0.6124,21.78,2.334
2022-03-14,Italy,Europe,Omicron BA.2,16,0,15.0,231,368.0,0.0369,0.0301,1.0,0.5922,20.3,2.38
2022-03-18,Italy,Europe,Omicron BA.2,1,0,1.0,12,24.0,0.0238,0.0339,0.0,0.6097,30.39,1.594
2022-03-21,Italy,Europe,Omicron BA.2,9,0,8.0,150,189.0,0.0379,0.0611,2.0,0.6218,32.26,1.644
2022-03-27,Italy,Europe,Omicron BA.2,2,0,1.0,25,28.0,0.0557,0.0513,0.0,0.6127,21.97,1.539
2022-03-29,Italy,Europe,Omicron BA.2,1,0,0.0,16,20.0,0.041,0.0539,0.0,0.6296,28.72,1.578
2022-04-01,Italy,Europe,Omicron BA.2,1,0,0.0,12,17.0,0.059,0.039,0.0,0.6341,33.75,1.587
2022-04-05,Italy,Europe,Omicron BA.2,3,0,3.0,53,69.0,0.0481,0.0494,0.0,0.6291,17.72,1.815
2022-04-07,Italy,Europe,Omicron BA.2,9,0,9.0,130,108.0,0.0856,0.0498,1.0,0.6522,30.41,1.645
2022-04-09,Italy,Europe,Omicron BA.2,4,0,4.0,67,60.0,0.0561,0.0413,0.0,0.6459,35.4,1.396
2022-04-10,Italy,Europe,Omicron BA.2,2,0,1.0,30,36.0,0.0505,0.0361,0.0,0.652,35.4,1.486
2022-04-10,Italy,Europe,Omicron BA.2,17,0,16.0,307,374.0,0.046,0.0372,4.0,0.6207,36.28,1.732
2022-04-12,Italy,Europe,Omicron BA.2,3,0,3.0,35,54.0,0.0427,0.0372,0.0,0.6375,34.78,1.063
2022-04-15,Italy,Europe,Omicron BA.2,7,0,6.0,90,126.0,0.0618,0.0468,1.0,0.6646,16.87,1.404
2022-04-21,Italy,Europe,Omicron BA.2,9,0,8.0,143,180.0,0.0544,0.0372,2.0,0.6473,31.98,1.192
2022-04-22,Italy,Europe,Omicron BA.2,2,0,1.0,29,30.0,0.0597,0.0558,0.0,0.6545,22.69,2.133
2022-04-25,Italy,Europe,Omicron BA.2,2,0,1.0,34,40.0,0.0456,0.0523,0.0,0.6664,15.03,1.836
2022-05-05,Italy,Europe,Omicron BA.2,1,0,0.0,12,22.0,0.0334,0.0359,0.0,0.683,38.03,1.391
2022-05-06,Italy,Europe,Omicron BA.2,5,0,5.0,61,80.0,0.0453,0.0395,0.0,0.6852,14.86,1.369
2022-05-06,Italy,Europe,Omicron BA.2,1,0,0.0,12,14.0,0.0742,0.0358,0.0,0.6808,17.29,1.654
2022-05-06,Italy,Europe,Omicron BA.2,48,0,46.0,488,960.0,0.047,0.0266,2.0,0.6668,24.16,1.909
2022-05-09,Italy,Europe,Omicron BA.2,1,0,0.0,16,14.0,0.062,0.0433,0.0,0.6852,18.65,2.313
2022-05-11,Italy,Europe,Omicron BA.2,1,0,0.0,17,18.0,0.0413,0.0266,0.0,0.7044,10.0,1.7
2022-05-11,Italy,Europe,Omicron BA.2,1,0,0.0,11,12.0,0.0778,0.0466,0.0,0.6895,29.96,1.406
2022-05-11,Italy,Europe,Omicron BA.2,1,0,0.0,16,22.0,0.0666,0.0389,0.0,0.661,34.13,1.113
2022-05-15,Italy,Europe,Omicron BA.2,6,0,5.0,90,84.0,0.0771,0.0467,0.0,0.6975,14.74,1.645
2022-05-17,Italy,Europe,Omicron BA.2,5,0,5.0,55,85.0,0.0579,0.0477,0.0,0.6784,33.93,1.753
2022-05-17,Italy,Europe,Omicron BA.2,1,0,1.0,15,17.0,0.0401,0.0306,0.0,0.6816,38.38,1.431
2022-05-22,Italy,Europe,Omicron BA.2,7,0,6.0,99,168.0,0.0285,0.0498,1.0,0.6974,14.78,1.475
2022-05-23,Italy,Europe,Omicron BA.2,5,0,4.0,69,75.0,0.0683,0.0532,0.0,0.6973,28.53,1.75
2022-05-27,Italy,Europe,Omicron BA.2,1,0,1.0,13,12.0,0.0765,0.0412,0.0,0.7207,34.67,1.413
2022-06-02,Italy,Europe,Omicron BA.2,11,0,11.0,114,143.0,0.072,0.0301,0.0,0.7002,34.67,1.753
2022-06-08,Italy,Europe,Omicron BA.2,1,0,0.0,12,13.0,0.0672,0.0506,0.0,0.7312,14.08,1.91
2022-06-11,Italy,Europe,Omicron BA.2,4,0,3.0,51,88.0,0.0362,0.0329,0.0,0.7285,10.94,2.507
2022-06-12,Italy,Europe,Omicron BA.2,2,0,1.0,30,46.0,0.0489,0.0346,0.0,0.7689,15.49,1.514
2022-06-13,Italy,Europe,Omicron BA.2,8,0,7.0,126,112.0,0.0416,0.0372,0.0,0.7176,18.23,1.591
2022-06-17,Italy,Europe,Omicron BA.2,4,0,3.0,56,52.0,0.0802,0.0296,0.0,0.7477,11.51,2.074
2022-06-23,Italy,Europe,Omicron BA.2,6,0,6.0,68,96.0,0.0666,0.0246,0.0,0.7512,12.5,1.784
2022-06-24,Italy,Europe,Omicron BA.2,1,0,0.0,14,17.0,0.0862,0.0316,0.0,0.7408,15.74,1.788
2022-06-30,Italy,Europe,Omicron BA.2,9,0,8.0,144,189.0,0.0379,0.0319,1.0,0.7554,10.0,2.005
2022-07-04,Italy,Europe,Omicron BA.2,5,0,4.0,61,115.0,0.0566,0.0382,0.0,0.7505,16.29,2.111
2022-07-06,Italy,Europe,Omicron BA.2,27,0,25.0,307,324.0,0.0869,0.0238,1.0,0.7729,18.34,1.825
2022-07-06,Italy,Europe,Omicron BA.2,26,0,25.0,449,390.0,0.0638,0.0347,3.0,0.7652,21.65,1.187
2022-07-18,Italy,Europe,Omicron BA.2,10,0,10.0,118,220.0,0.0597,0.0404,0.0,0.81,33.11,0.924
2022-07-23,Italy,Europe,Omicron BA.2,9,0,9.0,108,171.0,0.0744,0.04,1.0,0.7777,35.55,1.52
2022-07-23,Italy,Europe,Omicron BA.2,8,0,7.0,139,152.0,0.0452,0.0447,1.0,0.7858,35.55,1.645
2022-07-25,Italy,Europe,Omicron BA.2,4,0,3.0,47,88.0,0.0549,0.0378,0.0,0.776,35.97,1.241
2022-07-26,Italy,Europe,Omicron BA.2,67,0,64.0,889,1608.0,0.0319,0.0372,11.0,0.7894,32.09,1.722
2022-07-27,Italy,Europe,Omicron BA.2,17,0,16.0,193,323.0,0.04,0.0229,0.0,0.7828,24.75,1.608
2022-08-03,Italy,Europe,Omicron BA.2,1,0,1.0,13,24.0,0.0296,0.0361,0.0,0.8165,27.33,1.251
2022-08-08,Italy,Europe,Omicron BA.2,8,0,8.0,80,96.0,0.0767,0.0275,0.0,0.8258,15.63,2.009
2022-08-15,Italy,Europe,Omicron BA.2,6,0,5.0,86,144.0,0.0338,0.0205,0.0,0.8153,33.71,0.921
2022-08-16,Italy,Europe,Omicron BA.2,1,0,0.0,17,17.0,0.0535,0.0207,0.0,0.8216,26.3,1.725
2022-08-18,Italy,Europe,Omicron BA.2,1,0,1.0,14,19.0,0.0579,0.0367,0.0,0.8344,15.53,1.634
2022-08-23,Italy,Europe,Omicron BA.2,17,0,16.0,176,323.0,0.0555,0.0364,1.0,0.8365,19.24,1.658
2022-08-24,Italy,Europe,Omicron BA.2,1,0,0.0,14,17.0,0.0631,0.0323,0.0,0.8275,31.89,1.42
2022-08-26,Italy,Europe,Omicron BA.2,1,0,1.0,13,13.0,0.0578,0.0319,0.0,0.8288,39.4,0.899
2022-08-26,Italy,Europe,Omicron BA.2,1,0,1.0,15,21.0,0.0534,0.0441,0.0,0.8307,20.61,2.021
2022-08-27,Italy,Europe,Omicron BA.2,320,1,305.0,5719,3840.0,0.1001,0.0249,39.0,0.8287,16.33,1.836
2022-08-27,Italy,Europe,Omicron BA.2,3,0,2.0,53,60.0,0.072,0.0395,0.0,0.8311,16.33,1.885
2022-09-04,Italy,Europe,Omicron BA.2,2,0,2.0,30,28.0,0.0853,0.0452,0.0,0.8338,28.88,0.988
2022-09-05,Italy,Europe,Omicron BA.2,1,0,1.0,16,17.0,0.0667,0.0378,0.0,0.8449,35.48,1.394
2022-09-05,Italy,Europe,Omicron BA.2,23,0,22.0,353,391.0,0.0776,0.0372,1.0,0.8595,25.34,1.366
2022-09-06,Italy,Europe,Omicron BA.2,7,0,6.0,77,140.0,0.0495,0.0333,0.0,0.8494,25.34,1.645
2022-09-06,Italy,Europe,Omicron BA.2,2,0,1.0,34,26.0,0.0694,0.0446,0.0,0.8493,20.2,1.744
2022-09-07,Italy,Europe,Omicron BA.2,2,0,2.0,32,28.0,0.0759,0.0243,0.0,0.8689,40.85,1.141
2022-09-09,Italy,Europe,Omicron BA.2,8,0,8.0,95,144.0,0.0448,0.0323,0.0,0.8429,34.48,1.519
2022-09-15,Italy,Europe,Omicron BA.2,4,0,3.0,53,88.0,0.0392,0.0238,0.0,0.8597,37.34,0.863
2022-09-17,Italy,Europe,Omicron BA.2,5,0,5.0,58,100.0,0.0357,0.0267,0.0,0.8576,26.71,1.707
2022-09-18,Italy,Europe,Omicron BA.2,8,0,7.0,80,168.0,0.048,0.0347,0.0,0.87,13.64,1.304
2022-09-18,Italy,Europe,Omicron BA.2,10,0,10.0,144,160.0,0.0752,0.0272,0.0,0.8767,18.18,1.448
2022-09-18,Italy,Europe,Omicron BA.2,2,0,1.0,30,36.0,0.0535,0.0196,0.0,0.8571,10.41,2.002
2022-09-21,Italy,Europe,Omicron BA.2,1,0,1.0,10,20.0,0.0547,0.0245,0.0,0.8631,15.54,1.511
2022-09-23,Italy,Europe,Omicron BA.2,5,0,5.0,54,65.0,0.0724,0.0372,0.0,0.8746,26.8,1.582
2022-09-23,Italy,Europe,Omicron BA.2,9,0,8.0,98,135.0,0.0832,0.0413,1.0,0.8779,38.56,1.214
2022-09-26,Italy,Europe,Omicron BA.2,1,0,0.0,15,23.0,0.0723,0.0425,0.0,0.8714,41.75,0.931
2022-10-02,Italy,Europe,Omicron BA.2,8,0,7.0,130,168.0,0.0461,0.0182,0.0,0.8835,32.17,1.367
2022-10-02,Italy,Europe,Omicron BA.2,1,0,0.0,13,14.0,0.0727,0.0363,0.0,0.8813,14.89,1.532
2022-10-05,Italy,Europe,Omicron BA.2,9,0,8.0,154,216.0,0.0321,0.0397,1.0,0.9069,31.97,1.677
2022-10-08,Italy,Europe,Omicron BA.2,3,0,2.0,43,54.0,0.0551,0.0407,0.0,0.8853,30.0,1.268
2022-10-09,Italy,Europe,Omicron BA.2,5,0,4.0,83,100.0,0.0435,0.0325,0.0,0.8909,31.99,1.568
2022-10-14,Italy,Europe,Omicron BA.2,13,0,12.0,234,169.0,0.0837,0.039,1.0,0.905,24.03,1.194
2022-10-14,Italy,Europe,Omicron BA.2,1,0,1.0,11,15.0,0.0623,0.0302,0.0,0.9031,9.61,1.852
2022-10-16,Italy,Europe,Omicron BA.2,1,0,1.0,13,16.0,0.0701,0.0254,0.0,0.92,12.09,1.832
2022-10-17,Italy,Europe,Omicron BA.2,2,0,2.0,27,48.0,0.0214,0.0183,0.0,0.9108,10.25,1.323
2022-10-17,Italy,Europe,Omicron BA.2,2,0,2.0,30,26.0,0.0713,0.0326,0.0,0.8994,32.76,1.577
2022-10-19,Italy,Europe,Omicron BA.2,8,0,7.0,124,192.0,0.0531,0.018,0.0,0.9111,20.64,1.26
2022-10-19,Italy,Europe,Omicron BA.2,6,0,6.0,87,126.0,0.0485,0.0242,0.0,0.9143,27.43,1.693
2022-10-21,Italy,Europe,Omicron BA.2,4,0,4.0,70,80.0,0.0482,0.0372,0.0,0.92,24.09,1.421
2022-10-22,Italy,Europe,Omicron BA.2,15,0,14.0,225,300.0,0.0616,0.0372,1.0,0.904,16.31,1.963
2022-11-08,Italy,Europe,Omicron BA.2,1,0,1.0,11,13.0,0.0768,0.0372,0.0,0.92,20.35,1.286
2022-11-08,Italy,Europe,Omicron BA.2,18,0,17.0,320,432.0,0.0292,0.0268,1.0,0.92,16.67,2.008
2022-11-09,Italy,Europe,Omicron BA.2,3,0,2.0,39,69.0,0.0441,0.0196,0.0,0.92,13.5,1.938
2022-11-11,Italy,Europe,Omicron BA.2,2,0,2.0,25,34.0,0.0505,0.037,0.0,0.92,21.79,1.16
2022-11-14,Italy,Europe,Omicron BA.2,1,0,1.0,11,21.0,0.0317,0.0254,0.0,0.92,16.76,1.456
2022-11-14,Italy,Europe,Omicron BA.2,114,0,109.0,1855,2508.0,0.0307,0.0175,9.0,0.92,44.26,0.703
2022-11-16,Italy,Europe,Omicron BA.2,1,0,1.0,17,23.0,0.038,0.0278,0.0,0.92,18.93,1.629
2022-11-17,Italy,Europe,Omicron BA.2,21,0,19.0,231,315.0,0.0596,0.0372,0.0,0.92,36.35,1.15
2022-11-19,Italy,Europe,Omicron BA.2,3,0,3.0,36,36.0,0.0915,0.0316,0.0,0.92,37.06,1.094
2022-11-22,Italy,Europe,Omicron BA.2,8,0,8.0,15,13.0,0.0726,0.0204,0.0,0.92,26.79,0.933
2022-11-24,Italy,Europe,Omicron BA.2,12,0,11.0,214,216.0,0.0468,0.0348,1.0,0.92,22.83,1.645
2022-11-28,Italy,Europe,Omicron BA.2,1,0,0.0,15,14.0,0.0634,0.0267,0.0,0.92,36.66,0.872
2022-11-28,Italy,Europe,Omicron BA.2,12,0,11.0,171,144.0,0.0753,0.0366,1.0,0.92,27.4,1.372
2022-12-03,Italy,Europe,Omicron BA.2,10,0,9.0,179,180.0,0.0585,0.032,1.0,0.92,31.63,0.938
2022-12-06,Italy,Europe,Omicron BA.2,3,0,3.0,34,63.0,0.0423,0.032,0.0,0.92,36.68,1.263
2022-12-12,Italy,Europe,Omicron BA.2,10,0,10.0,130,160.0,0.0633,0.0331,0.0,0.92,37.36,1.159
2022-12-14,Italy,Europe,Omicron BA.2,9,0,9.0,143,180.0,0.0542,0.0317,0.0,0.92,16.53,1.468
2022-12-14,Italy,Europe,Omicron BA.2,2,0,2.0,32,48.0,0.0337,0.019,0.0,0.92,21.06,1.645
2022-12-18,Italy,Europe,Omicron BA.2,7,0,6.0,89,84.0,0.0617,0.0325,0.0,0.92,21.06,1.645
2022-12-20,Italy,Europe,Omicron BA.2,1,0,1.0,12,14.0,0.0559,0.0305,0.0,0.92,39.16,1.246
2022-12-23,Italy,Europe,Omicron BA.2,3,0,3.0,49,54.0,0.0541,0.0359,0.0,0.92,39.16,1.645
2022-12-26,Italy,Europe,Omicron BA.2,4,0,4.0,57,96.0,0.0426,0.0306,0.0,0.92,23.22,1.457
2022-12-29,Italy,Europe,Omicron BA.2,80,0,75.0,1393,1440.0,0.0711,0.0205,8.0,0.92,31.27,1.123
2022-12-31,Italy,Europe,Omicron BA.2,2,0,2.0,34,38.0,0.0548,0.0362,0.0,0.92,20.55,1.138
2020-01-22,Japan,Asia,Original,69,0,64.0,1151,1242.0,0.0591,0.2098,61.0,0.0,5.1,0.741
2020-01-22,Japan,Asia,Original,1,0,0.0,11,108.0,0.0567,0.1879,0.0,0.0,17.65,1.064
2020-01-23,Japan,Asia,Original,1,0,0.0,15,108.0,0.0567,0.1649,0.0,0.0,17.65,1.048
2020-01-24,Japan,Asia,Original,3,0,2.0,31,108.0,0.0567,0.0922,0.0,0.0,14.0,1.067
2020-01-25,Japan,Asia,Original,54,1,51.0,977,1134.0,0.0506,0.2003,50.0,0.0,14.85,0.999
2020-01-26,Japan,Asia,Original,4,0,3.0,61,76.0,0.0561,0.1472,2.0,0.0,8.44,0.819
2020-01-30,Japan,Asia,Original,1,0,0.0,12,108.0,0.0567,0.09,0.0,0.0,8.93,0.913
2020-02-02,Japan,Asia,Original,8,0,7.0,79,104.0,0.0733,0.14,1.0,0.0,5.14,1.02
2020-02-02,Japan,Asia,Original,27,0,25.0,490,432.0,0.0573,0.0999,12.0,0.0,16.2,0.741
2020-02-03,Japan,Asia,Original,5,0,4.0,85,100.0,0.0314,0.15175,4.0,0.0,14.08,1.043
2020-02-05,Japan,Asia,Original,16,0,15.0,198,108.0,0.0567,0.0958,3.0,0.0,2.38,0.765
2020-02-07,Japan,Asia,Original,1,0,0.0,15,21.0,0.0532,0.1497,0.0,0.0,9.07,1.147
2020-02-07,Japan,Asia,Original,7,0,6.0,106,108.0,0.0567,0.1657,4.0,0.0,6.11,1.153
2020-02-08,Japan,Asia,Original,2,0,1.0,24,108.0,0.0567,0.1742,0.0,0.0,11.41,0.872
2020-02-09,Japan,Asia,Original,34,0,32.0,576,108.0,0.0567,0.1476,20.0,0.0,6.13,0.776
2020-02-10,Japan,Asia,Original,1,0,0.0,11,18.0,0.0596,0.15175,0.0,0.0,13.69,1.046
2020-02-11,Japan,Asia,Original,4,0,3.0,54,108.0,0.0567,0.1251,1.0,0.0,9.68,1.158
2020-02-16,Japan,Asia,Original,8,0,7.0,93,184.0,0.0424,0.1211,3.0,0.0,10.75,1.164
2020-02-16,Japan,Asia,Original,8,0,7.0,123,128.0,0.064,0.0912,2.0,0.0,4.22,1.309
2020-02-17,Japan,Asia,Original,21,0,19.0,318,108.0,0.0567,0.1591,14.0,0.0,4.22,1.178
2020-02-21,Japan,Asia,Original,1,0,0.0,11,20.0,0.0413,0.1539,0.0,0.0,63.42,0.428
2020-02-24,Japan,Asia,Original,9,0,8.0,163,144.0,0.0585,0.15175,8.0,0.0,93.09,0.4
2020-02-24,Japan,Asia,Original,14,0,13.0,163,210.0,0.0785,0.1579,7.0,0.0,74.73,0.4
2020-03-01,Japan,Asia,Original,3,0,2.0,52,39.0,0.0691,0.15175,1.0,0.0,65.12,0.4
2020-03-02,Japan,Asia,Original,1,0,0.0,12,19.0,0.0396,0.1576,0.0,0.0,68.56,0.4
2020-03-06,Japan,Asia,Original,25,0,23.0,427,425.0,0.0505,0.1916,23.0,0.0,75.79,0.4
2020-03-11,Japan,Asia,Original,34,0,31.0,411,108.0,0.0567,0.1072,9.0,0.0,75.79,0.4
2020-03-12,Japan,Asia,Original,3,0,2.0,37,63.0,0.0567,0.15175,1.0,0.0,89.32,0.4
2020-03-14,Japan,Asia,Original,2,0,1.0,33,48.0,0.0422,0.1716,1.0,0.0,91.09,0.4
2020-03-19,Japan,Asia,Original,1,0,0.0,11,108.0,0.0567,0.1732,0.0,0.0,72.48,0.4
2020-03-20,Japan,Asia,Original,6,0,5.0,63,144.0,0.0383,0.1937,3.0,0.0,71.04,0.4
2020-03-21,Japan,Asia,Original,2,0,1.0,32,24.0,0.0782,0.15175,0.0,0.0,90.77,0.428
2020-03-25,Japan,Asia,Original,25,0,23.0,399,375.0,0.0718,0.163,14.0,0.0,90.77,0.4
2020-03-26,Japan,Asia,Original,15,0,13.0,169,108.0,0.0567,0.15175,4.0,0.0,75.19,0.4
2020-03-28,Japan,Asia,Original,1,0,0.0,9,108.0,0.0567,0.1512,0.0,0.0,78.17,0.4
2020-03-29,Japan,Asia,Original,12,0,11.0,141,204.0,0.0596,0.1699,4.0,0.0,67.91,0.428
2020-04-01,Japan,Asia,Original,9,0,8.0,161,108.0,0.0567,0.1219,3.0,0.0,67.91,0.4
2020-04-05,Japan,Asia,Original,1,0,0.0,15,13.0,0.0792,0.15175,0.0,0.0,66.79,0.4
2020-04-06,Japan,Asia,Original,5,0,4.0,54,108.0,0.0567,0.15175,0.0,0.0,69.75,0.4
2020-04-07,Japan,Asia,Original,4,0,3.0,42,56.0,0.0732,0.15175,1.0,0.0,75.66,0.4
2020-04-12,Japan,Asia,Original,119,1,109.0,1598,2737.0,0.0292,0.1249,33.0,0.0,67.45,0.4
2020-04-14,Japan,Asia,Original,6,0,5.0,66,108.0,0.0567,0.1415,1.0,0.0,74.67,0.4
2020-04-19,Japan,Asia,Original,9,0,8.0,153,108.0,0.0567,0.1694,7.0,0.0,79.25,0.4
2020-04-24,Japan,Asia,Original,1,0,0.0,17,108.0,0.0567,0.1504,0.0,0.0,69.91,0.4
2020-04-26,Japan,Asia,Original,1,0,0.0,17,16.0,0.0571,0.1204,0.0,0.0,75.53,0.4
2020-04-27,Japan,Asia,Original,4,0,3.0,61,88.0,0.0455,0.15175,2.0,0.0,73.59,0.4
2020-04-28,Japan,Asia,Original,25,0,23.0,277,108.0,0.0567,0.1803,11.0,0.0,73.59,0.4
2020-05-02,Japan,Asia,Original,5,0,4.0,85,95.0,0.0208,0.15175,1.0,0.0,47.65,0.4
2020-05-07,Japan,Asia,Original,12,0,11.0,149,108.0,0.0567,0.1517,3.0,0.0,59.85,0.415
2020-05-11,Japan,Asia,Original,12,0,11.0,167,108.0,0.0567,0.15175,5.0,0.0,41.17,0.696
2020-05-12,Japan,Asia,Original,10,0,9.0,134,170.0,0.0516,0.1864,4.0,0.0,51.85,0.515
2020-05-18,Japan,Asia,Original,19,0,17.0,320,437.0,0.0498,0.15175,5.0,0.0,75.54,0.428
2020-05-21,Japan,Asia,Original,1,0,0.0,10,15.0,0.0846,0.15175,0.0,0.0,50.99,0.459
2020-05-21,Japan,Asia,Original,63,0,59.0,716,108.0,0.0567,0.121,13.0,0.0,70.58,0.4
2020-05-24,Japan,Asia,Original,1,0,0.0,10,15.0,0.0518,0.1089,0.0,0.0,65.69,0.4
2020-05-24,Japan,Asia,Original,20,0,19.0,329,108.0,0.0567,0.1578,15.0,0.0,65.69,0.428
2020-05-25,Japan,Asia,Original,1,0,0.0,13,14.0,0.0712,0.1324,0.0,0.0,70.02,0.416
2020-06-05,Japan,Asia,Original,3,0,2.0,50,57.0,0.0595,0.1846,2.0,0.0,69.16,0.428
2020-06-06,Japan,Asia,Original,6,0,5.0,80,144.0,0.0489,0.0929,2.0,0.0,67.6,0.4
2020-06-07,Japan,Asia,Original,1,0,0.0,12,22.0,0.0431,0.15175,0.0,0.0,58.21,0.428
2020-06-09,Japan,Asia,Original,1,0,0.0,16,20.0,0.0631,0.1591,0.0,0.0,57.92,0.517
2020-06-09,Japan,Asia,Original,15,0,14.0,167,270.0,0.0713,0.1647,6.0,0.0,70.35,0.4
2020-06-10,Japan,Asia,Original,26,0,24.0,390,338.0,0.0728,0.1507,11.0,0.0,48.5,0.645
2020-06-15,Japan,Asia,Original,2,0,1.0,28,44.0,0.0431,0.1261,0.0,0.0,52.48,0.456
2020-06-16,Japan,Asia,Original,2,0,1.0,21,30.0,0.0715,0.1776,1.0,0.0,47.06,0.477
2020-06-18,Japan,Asia,Original,4,0,3.0,47,56.0,0.0679,0.1586,1.0,0.0,59.55,0.465
2020-06-22,Japan,Asia,Original,9,0,8.0,158,144.0,0.0561,0.1771,5.0,0.0,61.61,0.483
2020-06-24,Japan,Asia,Original,2,0,1.0,20,30.0,0.0481,0.1075,0.0,0.0,64.56,0.4
2020-06-28,Japan,Asia,Original,16,0,14.0,159,208.0,0.0824,0.1138,4.0,0.0,59.61,0.413
2020-06-29,Japan,Asia,Original,3,0,2.0,31,57.0,0.0828,0.1807,1.0,0.0,70.18,0.4
2020-06-30,Japan,Asia,Original,14,0,13.0,206,322.0,0.0345,0.1242,6.0,0.0,54.95,0.475
2020-07-02,Japan,Asia,Original,17,0,16.0,265,221.0,0.0756,0.1653,12.0,0.0,64.9,0.4
2020-07-03,Japan,Asia,Original,18,0,17.0,207,396.0,0.0425,0.1148,3.0,0.0,60.54,0.528
2020-07-03,Japan,Asia,Original,14,0,13.0,221,294.0,0.0606,0.1598,6.0,0.0,43.62,0.787
2020-07-04,Japan,Asia,Original,16,0,15.0,195,336.0,0.0569,0.094,2.0,0.0,59.65,0.4
2020-07-05,Japan,Asia,Original,11,0,10.0,155,187.0,0.0541,0.1332,3.0,0.0,74.24,0.4
2020-07-06,Japan,Asia,Original,12,0,11.0,215,252.0,0.0357,0.186,11.0,0.0,55.47,0.4
2020-07-07,Japan,Asia,Original,10,0,9.0,159,200.0,0.0506,0.143,6.0,0.0,55.47,0.517
2020-07-09,Japan,Asia,Original,33,0,31.0,349,495.0,0.0724,0.1338,11.0,0.0,70.35,0.4
2020-07-11,Japan,Asia,Original,1,0,0.0,15,14.0,0.0739,0.15175,0.0,0.0,57.95,0.4
2020-07-14,Japan,Asia,Original,14,0,13.0,171,322.0,0.0368,0.1119,5.0,0.0,57.95,0.61
2020-07-14,Japan,Asia,Original,1,0,0.0,16,12.0,0.0823,0.1465,0.0,0.0,57.09,0.511
2020-07-14,Japan,Asia,Original,6,0,5.0,98,84.0,0.0728,0.134,3.0,0.0,53.0,0.617
2020-07-17,Japan,Asia,Original,9,0,8.0,98,153.0,0.0591,0.1765,3.0,0.0,53.0,0.4
2020-07-18,Japan,Asia,Original,44,0,42.0,638,528.0,0.0832,0.1531,26.0,0.0,49.36,0.45
2020-07-20,Japan,Asia,Original,4,0,3.0,48,64.0,0.0671,0.1702,1.0,0.0,57.87,0.4
2020-07-21,Japan,Asia,Original,1,0,0.0,17,12.0,0.0691,0.1232,0.0,0.0,73.47,0.4
2020-07-27,Japan,Asia,Original,2,0,1.0,30,48.0,0.0595,0.1551,1.0,0.0,56.62,0.484
2020-08-02,Japan,Asia,Original,6,0,5.0,93,114.0,0.0676,0.0916,1.0,0.0,45.33,0.409
2020-08-08,Japan,Asia,Original,1,0,0.0,15,16.0,0.0897,0.1876,0.0,0.0,60.2,0.419
2020-08-13,Japan,Asia,Original,2,0,1.0,21,38.0,0.0466,0.0937,0.0,0.0,60.2,0.44
2020-08-14,Japan,Asia,Original,28,0,26.0,353,448.0,0.051,0.1221,7.0,0.0,41.18,0.799
2020-08-17,Japan,Asia,Original,11,0,10.0,136,209.0,0.0667,0.177,5.0,0.0,41.18,0.643
2020-08-25,Japan,Asia,Original,1,0,0.0,13,24.0,0.0428,0.0941,0.0,0.0,58.19,0.566
2020-08-27,Japan,Asia,Original,1,0,0.0,15,23.0,0.0422,0.1449,0.0,0.0,43.75,0.767
2020-08-27,Japan,Asia,Original,5,0,4.0,86,95.0,0.0524,0.1994,4.0,0.0,43.66,0.497
2020-08-28,Japan,Asia,Original,8,0,7.0,138,192.0,0.049,0.15175,4.0,0.0,57.21,0.52
2020-08-28,Japan,Asia,Original,9,0,8.0,133,162.0,0.0438,0.1472,4.0,0.0,57.92,0.483
2020-08-29,Japan,Asia,Original,5,0,4.0,69,70.0,0.0742,0.1277,2.0,0.0,51.38,0.55
2020-09-15,Japan,Asia,Original,1,0,0.0,12,24.0,0.0399,0.1185,0.0,0.0,51.38,0.462
2020-09-15,Japan,Asia,Original,68,0,64.0,1108,1360.0,0.048,0.1433,33.0,0.0,40.33,0.787
2020-09-19,Japan,Asia,Original,56,1,52.0,1003,1120.0,0.048,0.123,34.0,0.0,39.89,0.438
2020-09-19,Japan,Asia,Original,9,0,8.0,122,162.0,0.0481,0.1192,2.0,0.0,50.95,0.43
2020-09-24,Japan,Asia,Original,25,0,24.0,372,575.0,0.0308,0.162,14.0,0.0,52.61,0.492
2020-09-25,Japan,Asia,Original,47,0,44.0,591,1081.0,0.0502,0.1825,27.0,0.0,58.09,0.428
2020-09-26,Japan,Asia,Original,1,0,0.0,11,18.0,0.0654,0.0949,0.0,0.0,55.61,0.494
2020-10-02,Japan,Asia,Original,2,0,1.0,20,30.0,0.0595,0.1367,0.0,0.0,43.81,0.721
2020-10-05,Japan,Asia,Original,2,0,1.0,29,28.0,0.0739,0.1594,0.0,0.0,49.22,0.526
2020-10-09,Japan,Asia,Original,6,0,5.0,100,120.0,0.058,0.1063,2.0,0.0,50.15,0.544
2020-10-11,Japan,Asia,Original,27,0,26.0,453,621.0,0.0357,0.2014,18.0,0.0,36.48,0.498
2020-10-13,Japan,Asia,Original,20,0,18.0,233,280.0,0.0742,0.2096,13.0,0.0,37.89,0.7
2020-10-16,Japan,Asia,Original,11,0,10.0,154,187.0,0.0492,0.2056,4.0,0.0,46.65,0.641
2020-10-17,Japan,Asia,Original,2,0,1.0,29,36.0,0.0713,0.2073,1.0,0.0,44.64,0.495
2020-10-18,Japan,Asia,Original,3,0,2.0,30,72.0,0.0605,0.1254,0.0,0.0,56.13,0.4
2020-10-18,Japan,Asia,Original,2,0,1.0,24,28.0,0.0545,0.0966,0.0,0.0,54.13,0.579
2020-10-25,Japan,Asia,Original,13,0,12.0,142,299.0,0.0378,0.1389,5.0,0.0,54.13,0.4
2020-10-30,Japan,Asia,Alpha,32,0,30.0,451,608.0,0.0563,0.2209,17.0,0.0,45.56,0.911
2020-10-31,Japan,Asia,Original,35,0,33.0,596,700.0,0.0376,0.15175,19.0,0.0,44.89,0.688
2020-11-05,Japan,Asia,Original,1,0,0.0,10,24.0,0.0278,0.1815,0.0,0.0,42.79,0.428
2020-11-05,Japan,Asia,Alpha,88,1,83.0,1176,1320.0,0.0557,0.2148,73.0,0.0,42.33,0.974
2020-11-06,Japan,Asia,Original,6,0,5.0,96,108.0,0.0558,0.1002,1.0,0.0,55.61,0.472
2020-11-20,Japan,Asia,Alpha,5,0,4.0,58,75.0,0.0784,0.1763,2.0,0.0,40.64,0.989
2020-11-22,Japan,Asia,Alpha,12,0,11.0,188,204.0,0.0567,0.1669,6.0,0.0,46.93,0.931
2020-11-29,Japan,Asia,Alpha,3,0,2.0,47,72.0,0.0332,0.1657,1.0,0.0,43.93,0.715
2020-12-01,Japan,Asia,Alpha,2,0,1.0,29,42.0,0.0313,0.16425,1.0,0.0,53.78,0.433
2020-12-05,Japan,Asia,Alpha,100,1,92.0,1165,1700.0,0.0677,0.1242,35.0,0.0,66.36,0.4
2020-12-07,Japan,Asia,Alpha,10,0,9.0,130,160.0,0.0695,0.16425,8.0,0.0,52.02,0.493
2020-12-08,Japan,Asia,Alpha,2,0,1.0,24,26.0,0.0671,0.2141,1.0,0.0,52.88,0.462
2020-12-10,Japan,Asia,Alpha,3,0,2.0,29,63.0,0.0364,0.1452,1.0,0.0,50.7,0.801
2020-12-11,Japan,Asia,Alpha,22,0,21.0,232,440.0,0.032,0.2228,9.0,0.0,50.7,0.699
2020-12-12,Japan,Asia,Alpha,8,0,7.0,114,112.0,0.0842,0.1239,2.0,0.0,50.7,0.702
2020-12-14,Japan,Asia,Alpha,4,0,3.0,53,48.0,0.0692,0.16425,1.0,0.0,59.53,0.612
2020-12-16,Japan,Asia,Alpha,1,0,0.0,17,22.0,0.0491,0.1974,0.0,0.0,73.33,0.4
2020-12-16,Japan,Asia,Alpha,5,0,4.0,57,100.0,0.0603,0.1619,2.0,0.0,75.1,0.4
2020-12-18,Japan,Asia,Alpha,1,0,0.0,11,24.0,0.044,0.16425,0.0,0.0,60.1,0.432
2020-12-20,Japan,Asia,Alpha,11,0,10.0,154,176.0,0.0515,0.1503,5.0,0.0,74.68,0.4
2020-12-26,Japan,Asia,Alpha,4,0,3.0,71,68.0,0.046,0.1355,2.0,0.0,50.7,0.487
2020-12-27,Japan,Asia,Alpha,1,0,0.0,11,17.0,0.0554,0.1503,0.0,0.0,60.21,0.417
2021-01-01,Japan,Asia,Alpha,8,0,7.0,108,120.0,0.0762,0.2175,4.0,0.0,51.98,0.675
2021-01-07,Japan,Asia,Alpha,13,0,12.0,160,156.0,0.0783,0.2264,9.0,0.0,63.68,0.493
2021-01-07,Japan,Asia,Alpha,45,0,4.0,84,95.0,0.0605,0.16425,2.0,0.0065,53.18,0.673
2021-01-09,Japan,Asia,Alpha,28,0,26.0,298,448.0,0.0604,0.2092,17.0,0.0065,48.5,0.501
2021-01-10,Japan,Asia,Alpha,6,0,5.0,94,102.0,0.0473,0.16425,5.0,0.0017,48.5,0.596
2021-01-12,Japan,Asia,Alpha,4,0,3.0,58,52.0,0.0808,0.176,1.0,0.0165,52.5,0.624
2021-01-14,Japan,Asia,Alpha,6,0,5.0,91,96.0,0.0563,0.2117,4.0,0.0047,56.48,0.555
2021-01-16,Japan,Asia,Alpha,13,0,12.0,195,312.0,0.0415,0.1358,4.0,0.0047,61.7,0.4
2021-01-16,Japan,Asia,Alpha,24,0,23.0,250,408.0,0.0611,0.2266,16.0,0.0216,73.12,0.4
2021-01-18,Japan,Asia,Alpha,11,0,10.0,152,198.0,0.0371,0.2028,6.0,0.0216,65.9,0.567
2021-01-18,Japan,Asia,Alpha,8,0,7.0,97,144.0,0.0676,0.0977,2.0,0.0266,65.9,0.493
2021-01-19,Japan,Asia,Alpha,2,0,1.0,34,44.0,0.041,0.1576,0.0,0.0072,64.01,0.435
2021-01-19,Japan,Asia,Alpha,6,0,5.0,92,120.0,0.0404,0.1382,3.0,0.0139,47.34,0.744
2021-01-20,Japan,Asia,Alpha,29,0,28.0,501,638.0,0.0394,0.1055,9.0,0.0156,47.34,0.4
2021-01-21,Japan,Asia,Alpha,2,0,1.0,34,28.0,0.0666,0.1426,1.0,0.0243,73.99,0.418
2021-01-22,Japan,Asia,Alpha,1,0,0.0,10,16.0,0.038,0.1195,0.0,0.0184,62.72,0.4
2021-01-24,Japan,Asia,Alpha,37,0,35.0,469,777.0,0.0337,0.1201,14.0,0.0097,84.83,0.493
2021-01-25,Japan,Asia,Alpha,3,0,2.0,39,45.0,0.068,0.2166,1.0,0.0227,59.99,0.4
2021-01-26,Japan,Asia,Alpha,20,0,18.0,305,420.0,0.0326,0.1316,9.0,0.0515,52.21,0.787
2021-01-30,Japan,Asia,Alpha,3,0,2.0,34,69.0,0.047,0.1897,1.0,0.0515,63.72,0.55
2021-02-01,Japan,Asia,Alpha,10,0,9.0,117,140.0,0.082,0.191,3.0,0.0462,74.09,0.4
2021-02-04,Japan,Asia,Alpha,4,0,3.0,71,56.0,0.0536,0.1569,1.0,0.0491,45.79,0.946
2021-02-06,Japan,Asia,Alpha,3,0,2.0,33,36.0,0.0584,0.169,1.0,0.0568,56.14,0.47
2021-02-07,Japan,Asia,Alpha,3,0,2.0,43,72.0,0.0413,0.1646,1.0,0.0517,54.34,0.508
2021-02-07,Japan,Asia,Alpha,7,0,6.0,95,140.0,0.0476,0.1779,4.0,0.0517,69.42,0.493
2021-02-09,Japan,Asia,Alpha,17,0,16.0,239,272.0,0.0485,0.1464,8.0,0.0517,57.33,0.66
2021-02-10,Japan,Asia,Alpha,30,0,28.0,444,570.0,0.0415,0.131,8.0,0.0517,62.44,0.412
2021-02-15,Japan,Asia,Alpha,19,0,18.0,262,380.0,0.0593,0.0983,6.0,0.0511,74.69,0.4
2021-02-25,Japan,Asia,Alpha,1,0,0.0,16,14.0,0.0769,0.1249,0.0,0.0817,50.61,0.542
2021-03-03,Japan,Asia,Alpha,20,0,18.0,340,320.0,0.0618,0.1727,9.0,0.0759,58.81,0.413
2021-03-03,Japan,Asia,Alpha,1,0,0.0,13,18.0,0.0629,0.16425,0.0,0.0531,73.82,0.493
2021-03-04,Japan,Asia,Alpha,4,0,3.0,45,76.0,0.0619,0.1696,2.0,0.0726,73.82,0.476
2021-03-05,Japan,Asia,Alpha,12,0,11.0,197,276.0,0.0431,0.1146,3.0,0.087,60.85,0.493
2021-03-07,Japan,Asia,Alpha,7,0,6.0,123,154.0,0.0419,0.1234,3.0,0.0743,46.98,0.493
2021-03-08,Japan,Asia,Alpha,9,0,8.0,158,198.0,0.0288,0.1873,5.0,0.0922,79.8,0.4
2021-03-08,Japan,Asia,Alpha,17,0,16.0,205,306.0,0.0548,0.1097,5.0,0.1021,72.79,0.4
2021-03-11,Japan,Asia,Alpha,9,0,8.0,91,198.0,0.0493,0.1625,3.0,0.0875,76.16,0.4
2021-03-13,Japan,Asia,Alpha,4,0,3.0,71,80.0,0.0404,0.1903,2.0,0.0992,57.68,0.536
2021-03-16,Japan,Asia,Alpha,1,0,0.0,11,23.0,0.0348,0.1168,0.0,0.0966,55.99,0.699
2021-03-17,Japan,Asia,Alpha,5,0,4.0,57,85.0,0.0582,0.2109,3.0,0.1081,59.65,0.438
2021-03-21,Japan,Asia,Delta,7,0,6.0,101,140.0,0.0582,0.2252,4.0,0.0992,62.96,0.461
2021-03-21,Japan,Asia,Alpha,4,0,3.0,42,72.0,0.0437,0.1675,1.0,0.1023,57.53,0.545
2021-03-23,Japan,Asia,Alpha,3,0,2.0,35,42.0,0.0688,0.1527,1.0,0.0955,65.39,0.575
2021-03-24,Japan,Asia,Alpha,3,0,2.0,33,45.0,0.0659,0.0985,0.0,0.0955,72.65,0.4
2021-03-24,Japan,Asia,Delta,24,0,22.0,415,432.0,0.0494,0.2418,16.0,0.1039,83.34,0.4
2021-03-28,Japan,Asia,Delta,2,0,1.0,33,36.0,0.0517,0.235,1.0,0.1261,60.71,0.61
2021-03-28,Japan,Asia,Alpha,76,1,72.0,1247,1444.0,0.058,0.16425,24.0,0.1173,51.53,0.484
2021-03-30,Japan,Asia,Alpha,1,0,0.0,14,14.0,0.0703,0.1251,0.0,0.1347,72.5,0.4
2021-03-31,Japan,Asia,Alpha,89,1,83.0,1429,1246.0,0.0624,0.177,55.0,0.1288,64.48,0.508
2021-04-02,Japan,Asia,Delta,16,0,15.0,240,368.0,0.056,0.1735,6.0,0.1348,61.59,0.512
2021-04-06,Japan,Asia,Delta,19,0,17.0,334,266.0,0.0561,0.1969,19.0,0.1392,85.58,0.4
2021-04-06,Japan,Asia,Delta,13,0,12.0,210,208.0,0.0575,0.2114,8.0,0.1486,72.25,0.618
2021-04-10,Japan,Asia,Alpha,3,0,2.0,44,69.0,0.0509,0.1352,1.0,0.1147,74.85,0.4
2021-04-14,Japan,Asia,Delta,51,0,48.0,813,612.0,0.1082,0.1368,19.0,0.1449,66.07,0.457
2021-04-15,Japan,Asia,Delta,45,0,43.0,493,1080.0,0.0402,0.2453,31.0,0.1187,81.11,0.4
2021-04-17,Japan,Asia,Delta,1,0,0.0,12,19.0,0.0382,0.16665000000000002,0.0,0.1444,64.41,0.467
2021-04-18,Japan,Asia,Delta,1,0,0.0,15,13.0,0.0892,0.2342,0.0,0.1349,64.41,0.4
2021-04-18,Japan,Asia,Delta,14,0,13.0,252,168.0,0.106,0.1191,7.0,0.1326,85.9,0.4
2021-04-21,Japan,Asia,Delta,6,0,5.0,82,90.0,0.0697,0.16665000000000002,2.0,0.1491,52.17,0.581
2021-04-24,Japan,Asia,Delta,15,0,14.0,260,315.0,0.0562,0.2035,13.0,0.14,69.04,0.4
2021-04-24,Japan,Asia,Delta,4,0,3.0,71,84.0,0.0463,0.2398,2.0,0.1409,59.27,0.848
2021-04-25,Japan,Asia,Delta,40,0,38.0,540,640.0,0.0756,0.1789,27.0,0.1597,59.34,0.852
2021-04-27,Japan,Asia,Delta,21,0,19.0,257,294.0,0.0621,0.2123,12.0,0.1739,75.52,0.452
2021-04-28,Japan,Asia,Delta,94,0,90.0,1158,2068.0,0.0375,0.1891,65.0,0.1434,64.05,0.547
2021-04-30,Japan,Asia,Delta,21,0,19.0,241,273.0,0.0689,0.1733,6.0,0.1863,65.13,0.581
2021-05-01,Japan,Asia,Delta,8,0,7.0,99,160.0,0.0316,0.16665000000000002,2.0,0.16,75.49,0.511
2021-05-04,Japan,Asia,Delta,54,0,50.0,701,810.0,0.0749,0.1501,31.0,0.1576,86.68,0.4
2021-05-07,Japan,Asia,Delta,2,0,1.0,31,30.0,0.0732,0.16665000000000002,1.0,0.1751,59.22,0.689
2021-05-07,Japan,Asia,Delta,13,0,12.0,177,312.0,0.0371,0.2045,6.0,0.1693,68.81,0.617
2021-05-09,Japan,Asia,Delta,1,0,0.0,11,14.0,0.0676,0.1242,0.0,0.1628,60.63,0.581
2021-05-12,Japan,Asia,Delta,2,0,1.0,28,34.0,0.0658,0.16665000000000002,1.0,0.1741,73.45,0.425
2021-05-14,Japan,Asia,Delta,47,0,45.0,778,987.0,0.0393,0.1862,26.0,0.1936,61.69,0.54
2021-05-17,Japan,Asia,Delta,30,0,27.0,307,600.0,0.0611,0.224,14.0,0.1827,58.01,0.9
2021-05-18,Japan,Asia,Delta,1,0,0.0,17,14.0,0.0812,0.1802,0.0,0.1782,70.6,0.517
2021-05-21,Japan,Asia,Delta,9,0,8.0,148,207.0,0.0475,0.2215,8.0,0.2038,64.55,0.562
2021-05-21,Japan,Asia,Delta,12,0,11.0,192,156.0,0.0797,0.1117,5.0,0.1851,63.84,0.581
2021-05-23,Japan,Asia,Delta,13,0,12.0,139,234.0,0.0481,0.165,6.0,0.166,73.59,0.581
2021-05-28,Japan,Asia,Delta,50,0,48.0,889,1100.0,0.0533,0.2342,43.0,0.1923,54.4,0.826
2021-05-29,Japan,Asia,Delta,10,0,9.0,132,220.0,0.0219,0.1455,3.0,0.201,69.56,0.465
2021-05-30,Japan,Asia,Delta,24,0,23.0,371,360.0,0.0617,0.16665000000000002,10.0,0.1928,60.71,0.841
2021-06-01,Japan,Asia,Delta,14,0,13.0,244,182.0,0.0625,0.16665000000000002,10.0,0.2047,70.34,0.4
2021-06-01,Japan,Asia,Delta,163,1,155.0,2953,2119.0,0.0821,0.1737,92.0,0.1942,70.35,0.62
2021-06-02,Japan,Asia,Delta,4,0,3.0,72,72.0,0.0654,0.2004,3.0,0.2044,66.95,0.516
2021-06-05,Japan,Asia,Delta,3,0,2.0,53,42.0,0.0559,0.1959,2.0,0.2005,58.88,0.581
2021-06-06,Japan,Asia,Delta,21,0,20.0,240,399.0,0.0383,0.195,12.0,0.1934,69.0,0.674
2021-06-07,Japan,Asia,Delta,39,0,36.0,425,780.0,0.0542,0.1468,11.0,0.2204,80.67,0.4
2021-06-08,Japan,Asia,Delta,1,0,0.0,14,24.0,0.0154,0.1124,0.0,0.2129,81.57,0.4
2021-06-11,Japan,Asia,Delta,105,1,100.0,1073,2205.0,0.0428,0.158,28.0,0.2202,54.32,0.748
2021-06-14,Japan,Asia,Delta,5,0,4.0,66,115.0,0.0679,0.1496,1.0,0.2162,65.99,0.625
2021-06-14,Japan,Asia,Delta,15,0,13.0,200,195.0,0.0787,0.1714,7.0,0.219,84.05,0.4
2021-06-15,Japan,Asia,Delta,4,0,3.0,59,68.0,0.0449,0.2081,2.0,0.2287,90.16,0.4
2021-06-16,Japan,Asia,Delta,10,0,9.0,113,120.0,0.0954,0.2052,4.0,0.2357,64.46,0.588
2021-06-17,Japan,Asia,Delta,4,0,3.0,72,96.0,0.0265,0.16665000000000002,4.0,0.2191,65.44,0.54
2021-06-17,Japan,Asia,Delta,37,0,34.0,506,555.0,0.0513,0.1737,21.0,0.2431,71.67,0.481
2021-06-20,Japan,Asia,Delta,2,0,1.0,21,44.0,0.045,0.1484,0.0,0.2361,56.04,0.762
2021-06-22,Japan,Asia,Delta,4,0,3.0,62,72.0,0.0677,0.1034,1.0,0.2448,78.81,0.405
2021-06-23,Japan,Asia,Delta,16,0,14.0,214,224.0,0.0672,0.1333,4.0,0.2518,63.41,0.469
2021-07-05,Japan,Asia,Delta,4,0,3.0,50,64.0,0.0761,0.2041,2.0,0.2475,63.41,0.65
2021-07-08,Japan,Asia,Delta,1,0,0.0,18,22.0,0.05,0.1779,0.0,0.2649,71.85,0.4
2021-07-12,Japan,Asia,Delta,14,0,13.0,221,266.0,0.054,0.1916,6.0,0.2832,69.4,0.591
2021-07-13,Japan,Asia,Delta,10,0,9.0,176,160.0,0.0854,0.2119,8.0,0.2668,69.18,0.422
2021-07-16,Japan,Asia,Delta,17,0,16.0,172,323.0,0.0538,0.1749,7.0,0.2692,68.35,0.544
2021-07-19,Japan,Asia,Delta,14,0,13.0,191,168.0,0.0717,0.16665000000000002,7.0,0.2905,68.35,0.518
2021-07-20,Japan,Asia,Delta,10,0,9.0,169,170.0,0.0554,0.16665000000000002,6.0,0.2868,67.0,0.542
2021-07-22,Japan,Asia,Delta,9,0,8.0,139,117.0,0.0779,0.16665000000000002,3.0,0.2768,70.69,0.567
2021-07-25,Japan,Asia,Delta,1,0,0.0,17,19.0,0.0534,0.1041,0.0,0.2888,82.89,0.4
2021-07-25,Japan,Asia,Delta,2,0,1.0,20,30.0,0.0501,0.1886,0.0,0.2817,57.56,0.852
2021-07-25,Japan,Asia,Delta,1,0,0.0,13,22.0,0.0492,0.2146,0.0,0.2815,78.17,0.431
2021-07-25,Japan,Asia,Delta,104,1,99.0,1174,1560.0,0.0659,0.1602,46.0,0.2742,65.31,0.539
2021-07-26,Japan,Asia,Delta,1,0,0.0,12,20.0,0.0444,0.16665000000000002,0.0,0.288,77.75,0.415
2021-07-30,Japan,Asia,Delta,7,0,6.0,103,126.0,0.0534,0.1711,4.0,0.2947,61.51,0.728
2021-07-31,Japan,Asia,Delta,16,0,15.0,288,336.0,0.0463,0.1398,9.0,0.2963,76.14,0.42
2021-08-09,Japan,Asia,Delta,13,0,12.0,201,195.0,0.0846,0.201,6.0,0.297,43.35,0.581
2021-08-12,Japan,Asia,Delta,25,0,23.0,263,500.0,0.0524,0.1933,14.0,0.3008,43.29,1.082
2021-08-12,Japan,Asia,Delta,13,0,12.0,195,221.0,0.0515,0.1856,8.0,0.3233,43.29,0.745
2021-08-13,Japan,Asia,Delta,1,0,0.0,10,23.0,0.0304,0.1183,0.0,0.2979,49.16,0.918
2021-08-13,Japan,Asia,Delta,7,0,6.0,125,140.0,0.0585,0.2041,4.0,0.335,45.81,0.707
2021-08-16,Japan,Asia,Delta,7,0,6.0,97,91.0,0.0917,0.1059,2.0,0.3115,56.0,0.485
2021-08-17,Japan,Asia,Delta,3,0,2.0,32,63.0,0.0495,0.1976,1.0,0.3138,71.96,0.593
2021-08-18,Japan,Asia,Delta,16,0,15.0,189,384.0,0.0539,0.1166,4.0,0.2954,53.7,0.891
2021-08-19,Japan,Asia,Delta,5,0,4.0,51,105.0,0.0458,0.154,1.0,0.315,46.91,0.805
2021-08-19,Japan,Asia,Delta,1,0,0.0,16,19.0,0.061,0.1785,0.0,0.3141,48.79,1.065
2021-08-29,Japan,Asia,Delta,6,0,5.0,99,144.0,0.0378,0.1445,3.0,0.3007,42.95,0.992
2021-09-04,Japan,Asia,Delta,1,0,0.0,12,12.0,0.0906,0.1905,0.0,0.3564,66.87,0.536
2021-09-09,Japan,Asia,Delta,12,0,11.0,126,156.0,0.0963,0.1502,3.0,0.3455,61.66,0.686
2021-09-11,Japan,Asia,Delta,5,0,4.0,66,115.0,0.051,0.1641,1.0,0.3413,64.34,0.586
2021-09-11,Japan,Asia,Delta,13,0,12.0,225,156.0,0.0739,0.1827,11.0,0.3469,52.91,0.801
2021-09-11,Japan,Asia,Delta,11,0,10.0,195,187.0,0.0648,0.1329,4.0,0.3357,51.19,0.85
2021-09-12,Japan,Asia,Delta,1,0,0.0,13,14.0,0.0619,0.1501,0.0,0.3552,57.99,0.828
2021-09-15,Japan,Asia,Delta,11,0,10.0,138,253.0,0.0621,0.1716,4.0,0.36,65.12,0.581
2021-09-16,Japan,Asia,Delta,9,0,8.0,147,117.0,0.0661,0.1951,5.0,0.3519,66.48,0.677
2021-09-20,Japan,Asia,Delta,4,0,3.0,66,72.0,0.052,0.136,2.0,0.3742,51.56,0.626
2021-09-20,Japan,Asia,Delta,15,0,14.0,172,315.0,0.0524,0.1376,4.0,0.3567,61.21,0.526
2021-09-22,Japan,Asia,Delta,1,0,0.0,15,14.0,0.0827,0.1233,0.0,0.3542,50.53,0.94
2021-09-25,Japan,Asia,Delta,2,0,1.0,35,44.0,0.0388,0.0948,0.0,0.387,49.69,0.745
2021-09-26,Japan,Asia,Delta,7,0,6.0,100,147.0,0.0469,0.2005,3.0,0.3628,38.28,0.891
2021-09-30,Japan,Asia,Delta,17,0,15.0,228,306.0,0.061,0.1015,6.0,0.361,41.37,0.982
2021-10-02,Japan,Asia,Delta,2,0,1.0,22,34.0,0.0658,0.1798,1.0,0.3613,41.37,0.664
2021-10-03,Japan,Asia,Delta,1,0,0.0,15,15.0,0.0656,0.1695,0.0,0.3898,56.43,0.552
2021-10-04,Japan,Asia,Delta,22,0,20.0,264,462.0,0.0434,0.1654,11.0,0.3858,52.44,0.612
2021-10-05,Japan,Asia,Omicron,441,1,411.0,6466,6174.0,0.0804,0.0898,90.0,0.3763,52.44,1.546
2021-10-13,Japan,Asia,Omicron,16,0,15.0,245,352.0,0.0305,0.0592,2.0,0.3968,52.45,0.724
2021-10-13,Japan,Asia,Omicron,6,0,5.0,106,138.0,0.0371,0.0519,1.0,0.3827,59.63,1.2415
2021-10-22,Japan,Asia,Delta,1,0,0.0,11,23.0,0.0384,0.16665000000000002,0.0,0.3865,60.1,0.513
2021-10-25,Japan,Asia,Delta,9,0,8.0,146,126.0,0.0631,0.16665000000000002,2.0,0.4225,56.71,0.762
2021-10-25,Japan,Asia,Delta,1,0,0.0,9,13.0,0.085,0.1527,0.0,0.4157,50.78,0.74
2021-11-02,Japan,Asia,Delta,7,0,6.0,80,112.0,0.0652,0.1217,2.0,0.4182,57.88,0.77
2021-11-04,Japan,Asia,Omicron,1,0,0.0,13,12.0,0.098,0.073,0.0,0.4121,49.74,0.804
2021-11-08,Japan,Asia,Delta,4,0,3.0,42,84.0,0.0368,0.0831,0.0,0.4302,56.49,0.726
2021-11-08,Japan,Asia,Delta,1,0,0.0,10,21.0,0.0548,0.16665000000000002,0.0,0.4202,61.25,0.757
2021-11-08,Japan,Asia,Omicron,11,0,10.0,165,187.0,0.071,0.0559,1.0,0.4282,43.45,1.124
2021-11-15,Japan,Asia,Omicron,7,0,6.0,73,91.0,0.0813,0.0506,0.0,0.4326,50.99,1.196
2021-11-16,Japan,Asia,Omicron,8,0,7.0,141,176.0,0.042,0.0788,2.0,0.4502,27.36,1.702
2021-11-17,Japan,Asia,Omicron,7,0,6.0,125,168.0,0.0383,0.0592,1.0,0.4371,26.22,1.702
2021-11-20,Japan,Asia,Omicron,9,0,8.0,150,171.0,0.0574,0.0807,2.0,0.4562,39.27,0.971
2021-11-21,Japan,Asia,Omicron,12,0,11.0,132,180.0,0.084,0.0561,1.0,0.4395,48.13,1.262
2021-11-22,Japan,Asia,Omicron,6,0,5.0,68,120.0,0.0473,0.0616,1.0,0.4461,50.35,1.06
2021-11-23,Japan,Asia,Omicron,98,0,94.0,1139,1274.0,0.0787,0.0588,16.0,0.4667,52.35,1.294
2021-11-24,Japan,Asia,Omicron,23,0,21.0,279,391.0,0.0631,0.0423,2.0,0.4581,48.43,1.062
2021-11-29,Japan,Asia,Omicron,22,0,21.0,364,396.0,0.0626,0.0618,3.0,0.466,37.35,1.2415
2021-12-01,Japan,Asia,Omicron,7,0,6.0,88,147.0,0.055,0.0725,1.0,0.4629,37.14,1.718
2021-12-01,Japan,Asia,Omicron,10,0,9.0,136,240.0,0.0317,0.0615,1.0,0.4431,38.71,0.95
2021-12-07,Japan,Asia,Omicron,5,0,4.0,73,90.0,0.0398,0.0569,0.0,0.4604,48.48,0.899
2021-12-11,Japan,Asia,Omicron,3,0,2.0,46,48.0,0.0665,0.0384,0.0,0.485,25.45,1.808
2021-12-14,Japan,Asia,Omicron,1,0,0.0,13,12.0,0.0645,0.0389,0.0,0.476,46.99,0.744
2021-12-17,Japan,Asia,Omicron,45,0,42.0,728,945.0,0.0625,0.0631,12.0,0.4927,38.67,0.939
2021-12-17,Japan,Asia,Omicron,30,0,28.0,318,450.0,0.0607,0.06584999999999999,3.0,0.488,38.67,1.379
2021-12-18,Japan,Asia,Omicron,4,0,3.0,42,52.0,0.0836,0.0596,0.0,0.4784,27.14,1.172
2021-12-23,Japan,Asia,Omicron,54,0,52.0,552,756.0,0.061,0.0515,5.0,0.4873,27.14,1.397
2021-12-24,Japan,Asia,Omicron,1,0,0.0,16,19.0,0.0501,0.0507,0.0,0.5144,52.63,1.102
2021-12-25,Japan,Asia,Omicron,117,0,111.0,2032,1638.0,0.0597,0.065,39.0,0.5002,42.69,0.891
2021-12-26,Japan,Asia,Omicron,105,0,6.0,86,98.0,0.0836,0.0739,1.0,0.4969,31.02,1.221
2021-12-26,Japan,Asia,Omicron,31,0,30.0,401,372.0,0.0802,0.0496,5.0,0.4912,34.38,1.396
2021-12-29,Japan,Asia,Omicron,1,0,0.0,12,19.0,0.0438,0.0406,0.0,0.4958,28.24,1.455
2022-01-01,Japan,Asia,Omicron,3,0,2.0,48,51.0,0.0599,0.0354,0.0,0.501,39.68,1.336
2022-01-02,Japan,Asia,Omicron,23,0,22.0,257,552.0,0.043,0.0775,3.0,0.5154,57.45,0.782
2022-01-03,Japan,Asia,Omicron,84,0,78.0,1084,1596.0,0.0508,0.0759,17.0,0.511,39.01,1.005
2022-01-04,Japan,Asia,Omicron,4,0,3.0,45,72.0,0.0493,0.0345,0.0,0.5035,28.12,1.372
2022-01-07,Japan,Asia,Omicron,57,0,52.0,626,855.0,0.0549,0.06584999999999999,12.0,0.5085,49.58,1.032
2022-01-10,Japan,Asia,Omicron,21,0,19.0,320,441.0,0.0476,0.0766,7.0,0.5209,41.52,1.364
2022-01-11,Japan,Asia,Omicron,1,0,0.0,14,12.0,0.0951,0.0513,0.0,0.5185,51.63,1.269
2022-01-15,Japan,Asia,Omicron,139,0,135.0,1753,2224.0,0.074,0.0557,14.0,0.5295,29.31,1.832
2022-01-15,Japan,Asia,Omicron,12,0,11.0,207,144.0,0.0694,0.0411,2.0,0.5222,46.4,1.306
2022-01-15,Japan,Asia,Omicron,27,0,25.0,264,648.0,0.0401,0.0725,4.0,0.507,46.4,1.172
2022-01-16,Japan,Asia,Omicron,5,0,4.0,52,60.0,0.066,0.0679,0.0,0.5336,25.73,1.375
2022-01-21,Japan,Asia,Omicron,37,0,34.0,584,444.0,0.0864,0.0726,8.0,0.5386,25.73,1.213
2022-01-23,Japan,Asia,Omicron,52,0,48.0,637,624.0,0.0784,0.0718,11.0,0.5316,44.97,0.908
2022-01-26,Japan,Asia,Omicron,2,0,1.0,23,36.0,0.0532,0.0349,0.0,0.53,50.68,1.152
2022-01-31,Japan,Asia,Omicron,6,0,5.0,86,114.0,0.0522,0.0378,0.0,0.5383,33.23,1.588
2022-02-09,Japan,Asia,Omicron BA.2,21,0,20.0,232,378.0,0.0737,0.0498,1.0,0.558,46.18,1.215
2022-02-10,Japan,Asia,Omicron,6,0,5.0,82,102.0,0.0513,0.0358,0.0,0.5662,34.37,0.858
2022-02-11,Japan,Asia,Omicron,11,0,10.0,173,253.0,0.0382,0.06584999999999999,2.0,0.5572,32.22,1.475
2022-02-11,Japan,Asia,Omicron BA.2,44,0,42.0,767,1056.0,0.0536,0.0612,12.0,0.5625,27.06,1.903
2022-02-14,Japan,Asia,Omicron BA.2,56,0,53.0,892,1008.0,0.0501,0.0638,9.0,0.5683,46.16,1.291
2022-02-15,Japan,Asia,Omicron,1,0,0.0,16,17.0,0.0543,0.0446,0.0,0.5797,45.74,0.849
2022-02-18,Japan,Asia,Omicron BA.2,47,0,43.0,713,752.0,0.0673,0.0424,8.0,0.5765,42.62,1.009
2022-02-19,Japan,Asia,Omicron,16,0,15.0,184,336.0,0.0313,0.0398,1.0,0.5814,38.98,1.028
2022-02-24,Japan,Asia,Omicron,42,0,39.0,678,924.0,0.0573,0.0445,8.0,0.593,41.43,1.09
2022-02-26,Japan,Asia,Omicron,18,0,17.0,281,360.0,0.0492,0.06584999999999999,3.0,0.5802,36.45,1.523
2022-02-26,Japan,Asia,Omicron BA.2,72,0,69.0,941,1152.0,0.0598,0.0443,10.0,0.5811,31.41,1.081
2022-02-28,Japan,Asia,Omicron,31,0,29.0,457,434.0,0.0523,0.0718,5.0,0.5973,55.23,1.037
2022-02-28,Japan,Asia,Omicron BA.2,18,0,17.0,264,414.0,0.0504,0.0303,1.0,0.584,43.37,1.625
2022-03-03,Japan,Asia,Omicron BA.2,24,0,23.0,265,312.0,0.0652,0.0593,3.0,0.5882,37.53,1.01
2022-03-03,Japan,Asia,Omicron BA.2,1,0,1.0,14,15.0,0.0604,0.0348,0.0,0.5991,40.88,0.998
2022-03-06,Japan,Asia,Omicron BA.2,1,0,1.0,12,18.0,0.0607,0.0498,0.0,0.5885,32.59,1.088
2022-03-08,Japan,Asia,Omicron,137,0,130.0,2300,3014.0,0.0332,0.0517,23.0,0.5865,49.65,0.8
2022-03-11,Japan,Asia,Omicron,59,0,55.0,862,767.0,0.0731,0.06584999999999999,6.0,0.593,47.71,1.2415
2022-03-11,Japan,Asia,Omicron,1,0,1.0,18,21.0,0.0455,0.0432,0.0,0.6086,42.07,0.966
2022-03-14,Japan,Asia,Omicron BA.2,16,0,14.0,196,352.0,0.0342,0.039,1.0,0.605,33.26,1.943
2022-03-15,Japan,Asia,Omicron BA.2,3,0,2.0,33,36.0,0.0779,0.054,0.0,0.5862,27.32,1.645
2022-03-17,Japan,Asia,Omicron BA.2,68,0,65.0,884,1020.0,0.0774,0.0438,8.0,0.608,21.6,1.699
2022-03-19,Japan,Asia,Omicron BA.2,1,0,0.0,16,23.0,0.0515,0.0498,0.0,0.6177,35.58,1.645
2022-03-19,Japan,Asia,Omicron BA.2,71,0,68.0,1199,1704.0,0.0344,0.0474,11.0,0.6239,26.82,1.947
2022-03-20,Japan,Asia,Omicron BA.2,25,0,24.0,247,475.0,0.0714,0.0376,2.0,0.6178,42.23,0.887
2022-03-22,Japan,Asia,Omicron BA.2,2,0,2.0,33,26.0,0.0889,0.0428,0.0,0.63,42.23,1.229
2022-03-23,Japan,Asia,Omicron BA.2,16,0,15.0,240,224.0,0.0754,0.0349,2.0,0.5956,11.66,1.593
2022-03-23,Japan,Asia,Omicron BA.2,29,0,28.0,524,377.0,0.0745,0.0369,5.0,0.6154,23.75,2.237
2022-03-24,Japan,Asia,Omicron BA.2,8,0,8.0,132,144.0,0.0535,0.0534,1.0,0.6181,17.42,1.787
2022-03-25,Japan,Asia,Omicron BA.2,8,0,7.0,101,184.0,0.0487,0.0514,0.0,0.628,10.23,1.448
2022-03-27,Japan,Asia,Omicron BA.2,1,0,0.0,14,16.0,0.0613,0.0517,0.0,0.6125,27.89,1.571
2022-03-28,Japan,Asia,Omicron BA.2,11,0,11.0,168,176.0,0.0606,0.0392,1.0,0.6248,23.62,1.203
2022-03-29,Japan,Asia,Omicron BA.2,13,0,12.0,181,195.0,0.0608,0.0571,1.0,0.6243,24.71,1.952
2022-03-31,Japan,Asia,Omicron BA.2,2,0,1.0,28,40.0,0.0666,0.0457,0.0,0.6434,29.27,1.288
2022-04-02,Japan,Asia,Omicron BA.2,1,0,1.0,17,20.0,0.0618,0.0288,0.0,0.6508,30.08,1.41
2022-04-02,Japan,Asia,Omicron BA.2,8,0,7.0,79,176.0,0.0395,0.055,0.0,0.6196,35.94,1.023
2022-04-04,Japan,Asia,Omicron BA.2,26,0,25.0,434,338.0,0.0747,0.0581,6.0,0.642,26.13,1.19
2022-04-06,Japan,Asia,Omicron BA.2,10,0,10.0,98,200.0,0.0557,0.0325,0.0,0.6445,32.52,1.021
2022-04-10,Japan,Asia,Omicron BA.2,4,0,4.0,58,68.0,0.0616,0.0573,0.0,0.6447,14.52,2.278
2022-04-11,Japan,Asia,Omicron BA.2,39,0,37.0,557,624.0,0.0358,0.0551,6.0,0.6444,29.9,1.771
2022-04-12,Japan,Asia,Omicron BA.2,5,0,4.0,56,110.0,0.0555,0.0508,0.0,0.6431,40.35,1.045
2022-04-14,Japan,Asia,Omicron BA.2,23,0,22.0,238,345.0,0.0654,0.0588,2.0,0.6495,40.35,2.187
2022-04-15,Japan,Asia,Omicron BA.2,17,0,16.0,171,204.0,0.0782,0.0337,0.0,0.6503,24.92,1.438
2022-04-18,Japan,Asia,Omicron BA.2,10,0,9.0,118,140.0,0.0859,0.0329,0.0,0.6498,40.01,1.087
2022-04-18,Japan,Asia,Omicron BA.2,3,0,2.0,38,54.0,0.0554,0.0405,0.0,0.6513,40.01,1.678
2022-04-21,Japan,Asia,Omicron BA.2,8,0,8.0,132,176.0,0.0295,0.0285,0.0,0.6522,32.51,1.562
2022-04-23,Japan,Asia,Omicron BA.2,8,0,7.0,102,160.0,0.0324,0.0498,0.0,0.6532,23.65,1.362
2022-04-23,Japan,Asia,Omicron BA.2,6,0,5.0,62,72.0,0.0717,0.0582,0.0,0.6586,19.96,1.457
2022-04-25,Japan,Asia,Omicron BA.2,11,0,10.0,162,253.0,0.0513,0.0411,1.0,0.6729,19.96,1.86
2022-04-30,Japan,Asia,Omicron BA.2,36,0,34.0,437,468.0,0.0876,0.0449,4.0,0.6559,19.62,1.632
2022-04-30,Japan,Asia,Omicron BA.2,3,0,2.0,44,60.0,0.0465,0.0546,0.0,0.6641,26.55,1.645
2022-05-03,Japan,Asia,Omicron BA.2,90,0,86.0,1372,1530.0,0.0554,0.0498,19.0,0.6858,12.53,1.295
2022-05-04,Japan,Asia,Omicron BA.2,7,0,6.0,95,84.0,0.096,0.0508,1.0,0.6826,18.33,1.623
2022-05-07,Japan,Asia,Omicron BA.2,1,0,0.0,13,15.0,0.0672,0.031,0.0,0.6689,27.27,1.106
2022-05-10,Japan,Asia,Omicron BA.2,14,0,13.0,137,224.0,0.0596,0.0523,1.0,0.6836,19.94,1.696
2022-05-13,Japan,Asia,Omicron BA.2,8,0,7.0,113,160.0,0.0571,0.0534,1.0,0.684,24.24,1.297
2022-05-15,Japan,Asia,Omicron BA.2,14,0,13.0,228,210.0,0.0637,0.0442,1.0,0.6786,24.64,1.645
2022-05-18,Japan,Asia,Omicron BA.2,1,0,0.0,11,12.0,0.0795,0.0296,0.0,0.7049,29.54,1.846
2022-05-25,Japan,Asia,Omicron BA.2,93,0,89.0,1454,1209.0,0.0712,0.054,13.0,0.6971,34.33,0.99
2022-05-26,Japan,Asia,Omicron BA.2,22,0,21.0,374,418.0,0.0587,0.0413,3.0,0.6883,29.93,1.742
2022-05-27,Japan,Asia,Omicron BA.2,30,0,28.0,477,540.0,0.0494,0.0309,4.0,0.6996,11.42,2.16
2022-05-29,Japan,Asia,Omicron BA.2,12,0,11.0,136,180.0,0.0657,0.0527,1.0,0.6962,24.14,1.483
2022-06-03,Japan,Asia,Omicron BA.2,4,0,3.0,49,64.0,0.0552,0.0498,0.0,0.7205,21.0,1.737
2022-06-07,Japan,Asia,Omicron BA.2,1,0,0.0,10,23.0,0.0481,0.0419,0.0,0.7361,9.68,2.173
2022-06-08,Japan,Asia,Omicron BA.2,25,0,23.0,355,425.0,0.0578,0.0352,2.0,0.717,29.17,1.407
2022-06-08,Japan,Asia,Omicron BA.2,10,0,9.0,164,200.0,0.04,0.0548,1.0,0.7281,39.33,0.918
2022-06-10,Japan,Asia,Omicron BA.2,25,0,23.0,336,325.0,0.0857,0.0329,3.0,0.7375,29.64,1.081
2022-06-12,Japan,Asia,Omicron BA.2,7,0,7.0,79,161.0,0.047,0.0482,0.0,0.7422,37.62,1.645
2022-06-12,Japan,Asia,Omicron BA.2,2,0,1.0,28,24.0,0.0747,0.0274,0.0,0.7398,27.01,1.279
2022-06-16,Japan,Asia,Omicron BA.2,16,0,14.0,210,192.0,0.087,0.0262,0.0,0.7305,25.83,1.771
2022-06-17,Japan,Asia,Omicron BA.2,31,0,30.0,540,589.0,0.052,0.0357,4.0,0.7291,16.68,2.003
2022-06-18,Japan,Asia,Omicron BA.2,9,0,9.0,119,171.0,0.048,0.0275,0.0,0.7245,8.55,1.891
2022-06-23,Japan,Asia,Omicron BA.2,13,0,12.0,202,273.0,0.0472,0.0282,1.0,0.7597,11.62,2.129
2022-06-25,Japan,Asia,Omicron BA.2,12,0,11.0,149,192.0,0.069,0.0403,1.0,0.7516,25.16,1.627
2022-06-25,Japan,Asia,Omicron BA.2,6,0,6.0,74,84.0,0.0815,0.0328,0.0,0.7707,25.16,1.306
2022-06-26,Japan,Asia,Omicron BA.2,18,0,17.0,261,288.0,0.0571,0.0299,1.0,0.7424,42.0,1.009
2022-06-28,Japan,Asia,Omicron BA.2,7,0,6.0,86,140.0,0.0491,0.0424,0.0,0.7526,11.54,2.233
2022-06-30,Japan,Asia,Omicron BA.2,50,0,48.0,561,950.0,0.0398,0.0398,5.0,0.7574,11.54,1.476
2022-06-30,Japan,Asia,Omicron BA.2,5,0,5.0,49,80.0,0.0547,0.0498,0.0,0.7813,20.26,1.174
2022-07-01,Japan,Asia,Omicron BA.2,17,0,16.0,183,357.0,0.0423,0.0386,1.0,0.7555,6.53,1.978
2022-07-03,Japan,Asia,Omicron BA.2,108,0,102.0,1662,1836.0,0.0472,0.0258,9.0,0.7735,34.17,1.614
2022-07-04,Japan,Asia,Omicron BA.2,8,0,8.0,126,176.0,0.0631,0.025,0.0,0.7566,19.03,1.983
2022-07-10,Japan,Asia,Omicron BA.2,1,0,0.0,14,17.0,0.0487,0.0304,0.0,0.7601,13.42,1.765
2022-07-13,Japan,Asia,Omicron BA.2,30,0,28.0,504,690.0,0.0306,0.0353,4.0,0.7584,32.58,1.264
2022-07-14,Japan,Asia,Omicron BA.2,4,0,3.0,62,64.0,0.0667,0.0491,0.0,0.7754,19.3,1.602
2022-07-15,Japan,Asia,Omicron BA.2,1,0,1.0,12,16.0,0.0669,0.0498,0.0,0.7638,24.57,1.658
2022-07-18,Japan,Asia,Omicron BA.2,7,0,7.0,105,105.0,0.0554,0.0367,0.0,0.7626,24.57,1.434
2022-07-18,Japan,Asia,Omicron BA.2,30,0,28.0,525,600.0,0.0503,0.026,2.0,0.783,39.44,1.645
2022-07-21,Japan,Asia,Omicron BA.2,54,0,50.0,875,918.0,0.0548,0.0498,9.0,0.7905,39.44,1.412
2022-07-21,Japan,Asia,Omicron BA.2,30,0,29.0,484,720.0,0.0446,0.0345,4.0,0.7759,22.92,1.259
2022-07-23,Japan,Asia,Omicron BA.2,12,0,11.0,198,228.0,0.025,0.037,1.0,0.7933,10.62,1.947
2022-07-27,Japan,Asia,Omicron BA.2,4,0,3.0,66,48.0,0.0708,0.0238,0.0,0.8008,10.49,2.219
2022-07-28,Japan,Asia,Omicron BA.2,1,0,0.0,13,21.0,0.061,0.0218,0.0,0.7906,22.64,1.421
2022-07-30,Japan,Asia,Omicron BA.2,1,0,1.0,10,22.0,0.0494,0.0498,0.0,0.8011,35.63,1.57
2022-07-31,Japan,Asia,Omicron BA.2,7,0,6.0,83,98.0,0.0783,0.0395,0.0,0.8066,31.05,1.134
2022-08-04,Japan,Asia,Omicron BA.2,1,0,0.0,17,16.0,0.075,0.0281,0.0,0.822,13.25,1.43
2022-08-05,Japan,Asia,Omicron BA.2,2,0,1.0,21,34.0,0.053,0.0344,0.0,0.8235,25.26,1.569
2022-08-07,Japan,Asia,Omicron BA.2,20,0,19.0,233,260.0,0.0902,0.0355,2.0,0.8179,28.21,1.809
2022-08-08,Japan,Asia,Omicron BA.2,4,0,3.0,47,56.0,0.0783,0.0316,0.0,0.8038,24.76,1.213
2022-08-08,Japan,Asia,Omicron BA.2,10,0,9.0,139,180.0,0.0566,0.0365,0.0,0.7997,28.15,1.45
2022-08-09,Japan,Asia,Omicron BA.2,2,0,1.0,19,42.0,0.0307,0.0332,0.0,0.8165,37.67,0.959
2022-08-13,Japan,Asia,Omicron BA.2,11,0,10.0,129,154.0,0.0791,0.0404,1.0,0.8149,13.36,2.267
2022-08-15,Japan,Asia,Omicron BA.2,117,0,109.0,1497,2574.0,0.0486,0.039,11.0,0.818,30.39,1.157
2022-08-21,Japan,Asia,Omicron BA.2,142,0,136.0,1647,2840.0,0.0657,0.0303,11.0,0.8329,23.02,1.965
2022-08-22,Japan,Asia,Omicron BA.2,8,0,7.0,118,192.0,0.035,0.0265,0.0,0.8419,16.5,1.645
2022-08-23,Japan,Asia,Omicron BA.2,53,0,50.0,605,636.0,0.0764,0.0248,2.0,0.8295,20.06,1.655
2022-08-23,Japan,Asia,Omicron BA.2,5,0,5.0,58,115.0,0.0408,0.0456,0.0,0.8303,31.43,1.551
2022-08-25,Japan,Asia,Omicron BA.2,59,0,57.0,600,708.0,0.0746,0.0321,4.0,0.8533,38.41,1.522
2022-08-26,Japan,Asia,Omicron BA.2,16,0,15.0,260,336.0,0.0251,0.0348,2.0,0.8426,38.48,1.39
2022-08-28,Japan,Asia,Omicron BA.2,4,0,4.0,49,92.0,0.0499,0.0243,0.0,0.8364,12.14,1.465
2022-08-29,Japan,Asia,Omicron BA.2,3,0,3.0,34,57.0,0.0617,0.0317,0.0,0.8321,36.34,1.02
2022-09-02,Japan,Asia,Omicron BA.2,23,0,22.0,394,552.0,0.0328,0.0346,3.0,0.8465,16.77,1.283
2022-09-09,Japan,Asia,Omicron BA.2,5,0,4.0,55,120.0,0.0434,0.0303,0.0,0.8578,27.29,1.626
2022-09-10,Japan,Asia,Omicron BA.2,31,0,30.0,371,682.0,0.0243,0.0498,2.0,0.8574,16.27,1.236
2022-09-11,Japan,Asia,Omicron BA.2,17,0,16.0,309,221.0,0.0762,0.022,1.0,0.8558,12.29,1.458
2022-09-12,Japan,Asia,Omicron BA.2,7,0,7.0,75,105.0,0.0618,0.0428,0.0,0.8554,10.09,1.831
2022-09-12,Japan,Asia,Omicron BA.2,13,0,12.0,146,273.0,0.059,0.0498,1.0,0.8649,28.55,1.069
2022-09-17,Japan,Asia,Omicron BA.2,3,0,2.0,42,42.0,0.0605,0.0293,0.0,0.8513,28.55,1.645
2022-09-18,Japan,Asia,Omicron BA.2,1,0,0.0,10,12.0,0.095,0.0192,0.0,0.8747,28.84,1.674
2022-09-21,Japan,Asia,Omicron BA.2,14,0,13.0,139,266.0,0.0486,0.0377,1.0,0.8815,28.84,1.584
2022-09-21,Japan,Asia,Omicron BA.2,2,0,1.0,36,44.0,0.0506,0.0295,0.0,0.8703,23.2,1.645
2022-09-28,Japan,Asia,Omicron BA.2,4,0,4.0,45,76.0,0.0739,0.0265,0.0,0.8875,24.73,1.191
2022-09-29,Japan,Asia,Omicron BA.2,2,0,1.0,27,28.0,0.081,0.0371,0.0,0.886,32.98,0.856
2022-10-05,Japan,Asia,Omicron BA.2,3,0,2.0,43,39.0,0.0756,0.0323,0.0,0.8856,28.54,1.132
2022-10-07,Japan,Asia,Omicron BA.2,1,0,1.0,9,24.0,0.0341,0.0197,0.0,0.8778,19.94,1.543
2022-10-09,Japan,Asia,Omicron BA.2,6,0,5.0,73,102.0,0.0632,0.0297,0.0,0.8762,42.34,1.3
2022-10-10,Japan,Asia,Omicron BA.2,4,0,3.0,55,96.0,0.0575,0.04,0.0,0.8919,7.5,1.231
2022-10-18,Japan,Asia,Omicron BA.2,24,0,23.0,340,480.0,0.0454,0.0498,1.0,0.9043,29.19,0.943
2022-10-22,Japan,Asia,Omicron BA.2,3,0,2.0,30,48.0,0.0799,0.0498,0.0,0.9163,8.1,1.759
2022-10-24,Japan,Asia,Omicron BA.2,21,0,20.0,268,420.0,0.0549,0.0328,1.0,0.9015,35.8,1.084
2022-10-24,Japan,Asia,Omicron BA.2,1,0,0.0,12,14.0,0.061,0.0375,0.0,0.9004,35.8,0.98
2022-10-25,Japan,Asia,Omicron BA.2,1,0,0.0,17,14.0,0.0787,0.0498,0.0,0.92,8.83,1.869
2022-10-27,Japan,Asia,Omicron BA.2,4,0,4.0,67,92.0,0.0483,0.038,0.0,0.9057,39.73,0.849
2022-11-01,Japan,Asia,Omicron BA.2,32,0,30.0,516,416.0,0.08,0.0288,2.0,0.92,39.75,0.832
2022-11-02,Japan,Asia,Omicron BA.2,31,0,30.0,376,434.0,0.0859,0.0253,1.0,0.92,20.37,1.563
2022-11-05,Japan,Asia,Omicron BA.2,10,0,10.0,163,120.0,0.0827,0.0498,0.0,0.92,28.74,1.658
2022-11-10,Japan,Asia,Omicron BA.2,11,0,11.0,183,220.0,0.0544,0.0267,1.0,0.92,30.58,1.148
2022-11-17,Japan,Asia,Omicron BA.2,78,0,76.0,1379,1326.0,0.0455,0.0247,8.0,0.92,34.94,1.038
2022-11-18,Japan,Asia,Omicron BA.2,5,0,5.0,86,70.0,0.0713,0.0245,0.0,0.92,19.96,1.853
2022-11-22,Japan,Asia,Omicron BA.2,38,0,36.0,382,608.0,0.0566,0.0246,1.0,0.92,22.56,1.343
2022-11-24,Japan,Asia,Omicron BA.2,2,0,1.0,23,32.0,0.0637,0.0286,0.0,0.92,10.7,2.101
2022-11-26,Japan,Asia,Omicron BA.2,22,0,20.0,231,308.0,0.0759,0.0206,1.0,0.92,16.67,1.63
2022-11-30,Japan,Asia,Omicron BA.2,10,0,10.0,98,170.0,0.0619,0.0375,0.0,0.92,26.86,1.453
2022-12-04,Japan,Asia,Omicron BA.2,1,0,0.0,16,22.0,0.0357,0.0237,0.0,0.92,17.63,1.379
2022-12-05,Japan,Asia,Omicron BA.2,12,0,11.0,123,192.0,0.0596,0.0191,0.0,0.92,22.93,1.199
2022-12-08,Japan,Asia,Omicron BA.2,2,0,2.0,26,46.0,0.0477,0.0211,0.0,0.92,22.11,1.668
2022-12-15,Japan,Asia,Omicron BA.2,18,0,17.0,188,270.0,0.0736,0.0302,1.0,0.92,25.29,1.645
2022-12-15,Japan,Asia,Omicron BA.2,8,0,8.0,99,184.0,0.052,0.0498,0.0,0.92,30.12,1.323
2022-12-19,Japan,Asia,Omicron BA.2,2,0,1.0,25,36.0,0.0438,0.0288,0.0,0.92,25.27,1.476
2022-12-22,Japan,Asia,Omicron BA.2,1,0,0.0,12,17.0,0.064,0.0247,0.0,0.92,10.5,1.684
2022-12-23,Japan,Asia,Omicron BA.2,4,0,4.0,43,76.0,0.0479,0.0282,0.0,0.92,38.23,1.513
2022-12-27,Japan,Asia,Omicron BA.2,15,0,14.0,229,180.0,0.0737,0.0378,1.0,0.92,26.15,1.718
2022-12-28,Japan,Asia,Omicron BA.2,14,0,13.0,209,238.0,0.0731,0.0346,1.0,0.92,28.63,0.946
2022-12-28,Japan,Asia,Omicron BA.2,5,0,4.0,84,120.0,0.0516,0.0384,0.0,0.92,35.17,1.465
2022-12-28,Japan,Asia,Omicron BA.2,13,0,12.0,146,247.0,0.0409,0.0333,0.0,0.92,18.23,1.322
2022-12-29,Japan,Asia,Omicron BA.2,19,0,18.0,200,304.0,0.062,0.0304,1.0,0.92,17.14,1.315
2022-12-30,Japan,Asia,Omicron BA.2,1,0,0.0,10,22.0,0.0667,0.0498,0.0,0.92,42.06,1.645
2022-12-31,Japan,Asia,Omicron BA.2,19,0,18.0,207,323.0,0.0372,0.0498,0.0,0.92,8.87,1.985
2020-01-26,Mexico,North America,Original,13,0,11.0,155,78.0,0.1568,0.1019,3.0,0.0,11.35,0.642
2020-01-27,Mexico,North America,Original,1,0,0.0,14,46.5,0.1166,0.17,0.0,0.0,19.03,0.869
2020-01-28,Mexico,North America,Original,1,0,0.0,11,46.5,0.1166,0.1473,0.0,0.0,21.67,0.834
2020-01-31,Mexico,North America,Original,1,0,0.0,16,46.5,0.1166,0.161,0.0,0.0,10.34,0.727
2020-02-01,Mexico,North America,Original,23,1,21.0,415,46.5,0.1166,0.177,19.0,0.0,10.34,0.619
2020-02-01,Mexico,North America,Original,16,1,14.0,278,46.5,0.1166,0.2092,13.0,0.0,8.97,0.798
2020-02-04,Mexico,North America,Original,6,0,5.0,61,46.5,0.1166,0.1917,2.0,0.0,6.85,0.428
2020-02-04,Mexico,North America,Original,8,0,7.0,112,88.0,0.1051,0.1474,3.0,0.0,8.56,0.825
2020-02-04,Mexico,North America,Original,31,1,27.0,511,46.5,0.1166,0.1473,17.0,0.0,0.0,0.428
2020-02-10,Mexico,North America,Original,53,3,47.0,748,371.0,0.1437,0.1166,19.0,0.0,8.15,1.128
2020-02-11,Mexico,North America,Original,2,0,1.0,35,46.5,0.1166,0.1111,1.0,0.0,6.31,1.224
2020-02-12,Mexico,North America,Original,6,0,5.0,97,46.5,0.1166,0.1473,2.0,0.0,13.44,1.161
2020-02-19,Mexico,North America,Original,11,1,9.0,130,99.0,0.1035,0.1012,3.0,0.0,18.64,0.923
2020-02-19,Mexico,North America,Original,6,0,5.0,96,42.0,0.1284,0.1245,2.0,0.0,10.91,1.228
2020-02-19,Mexico,North America,Original,1,0,0.0,14,9.0,0.1111,0.1196,0.0,0.0,16.48,0.682
2020-02-19,Mexico,North America,Original,13,1,12.0,225,117.0,0.0999,0.1277,7.0,0.0,5.6,0.84
2020-03-01,Mexico,North America,Original,5,0,4.0,55,46.5,0.1166,0.0979,1.0,0.0,77.12,0.4
2020-03-03,Mexico,North America,Original,10,0,8.0,139,70.0,0.1538,0.1357,5.0,0.0,64.83,0.42
2020-03-05,Mexico,North America,Original,6,0,5.0,59,48.0,0.1161,0.1378,2.0,0.0,80.11,0.4
2020-03-06,Mexico,North America,Original,74,3,68.0,1162,46.5,0.1166,0.1184,29.0,0.0,70.33,0.4
2020-03-06,Mexico,North America,Original,27,1,24.0,451,46.5,0.1166,0.1473,15.0,0.0,90.59,0.4
2020-03-10,Mexico,North America,Original,2,0,1.0,34,12.0,0.18,0.1467,1.0,0.0,75.34,0.4
2020-03-11,Mexico,North America,Original,7,0,6.0,98,56.0,0.1171,0.0929,2.0,0.0,79.05,0.4
2020-03-12,Mexico,North America,Original,10,0,8.0,181,100.0,0.0884,0.107,4.0,0.0,78.89,0.4
2020-03-17,Mexico,North America,Original,12,1,11.0,150,120.0,0.0965,0.1441,5.0,0.0,74.89,0.4
2020-03-17,Mexico,North America,Original,9,1,7.0,112,46.5,0.1166,0.1389,3.0,0.0,63.75,0.452
2020-03-19,Mexico,North America,Original,6,0,5.0,96,46.5,0.1166,0.161,3.0,0.0,91.27,0.4
2020-03-21,Mexico,North America,Original,1,0,0.0,10,46.5,0.1166,0.2009,0.0,0.0,91.27,0.4
2020-03-25,Mexico,North America,Original,7,0,6.0,116,49.0,0.1585,0.1734,4.0,0.0,80.8,0.4
2020-03-25,Mexico,North America,Original,15,0,13.0,185,46.5,0.1166,0.1458,7.0,0.0,84.39,0.4
2020-03-28,Mexico,North America,Original,11,0,9.0,153,46.5,0.1166,0.1739,7.0,0.0,92.23,0.4
2020-04-03,Mexico,North America,Original,4,0,3.0,49,46.5,0.1166,0.1928,2.0,0.0,65.79,0.4
2020-04-04,Mexico,North America,Original,4,0,3.0,60,46.5,0.1166,0.1222,1.0,0.0,82.61,0.4
2020-04-05,Mexico,North America,Original,9,0,8.0,122,46.5,0.1166,0.1799,5.0,0.0,75.45,0.4
2020-04-07,Mexico,North America,Original,2,0,1.0,19,14.0,0.1528,0.1779,1.0,0.0,79.35,0.428
2020-04-10,Mexico,North America,Original,6,0,5.0,67,48.0,0.0987,0.2003,2.0,0.0,83.77,0.4
2020-04-11,Mexico,North America,Original,9,0,8.0,133,46.5,0.1166,0.0943,3.0,0.0,71.97,0.4
2020-04-13,Mexico,North America,Original,8,0,7.0,92,46.5,0.1166,0.1125,1.0,0.0,85.4,0.4
2020-04-13,Mexico,North America,Original,9,0,8.0,122,72.0,0.123,0.1149,3.0,0.0,70.2,0.4
2020-04-17,Mexico,North America,Original,3,0,2.0,51,46.5,0.1166,0.1866,2.0,0.0,82.94,0.4
2020-04-17,Mexico,North America,Original,5,0,4.0,78,55.0,0.0775,0.154,2.0,0.0,79.8,0.4
2020-04-18,Mexico,North America,Original,1,0,0.0,10,10.0,0.0873,0.0915,0.0,0.0,80.19,0.4
2020-04-24,Mexico,North America,Original,1,0,0.0,11,9.0,0.0985,0.1959,0.0,0.0,89.83,0.428
2020-04-26,Mexico,North America,Original,11,0,10.0,142,46.5,0.1166,0.1828,6.0,0.0,88.97,0.4
2020-04-28,Mexico,North America,Original,5,0,4.0,77,46.5,0.1166,0.1879,3.0,0.0,72.72,0.4
2020-05-08,Mexico,North America,Original,2,0,1.0,24,46.5,0.1166,0.1163,0.0,0.0,59.04,0.55
2020-05-10,Mexico,North America,Original,1,0,0.0,10,9.0,0.1202,0.1045,0.0,0.0,73.04,0.428
2020-05-10,Mexico,North America,Original,24,1,22.0,422,46.5,0.1166,0.1964,18.0,0.0,51.6,0.428
2020-05-10,Mexico,North America,Original,1,0,0.0,13,10.0,0.1056,0.1053,0.0,0.0,46.4,0.427
2020-05-12,Mexico,North America,Original,10,0,9.0,147,80.0,0.1196,0.1679,5.0,0.0,43.29,0.654
2020-05-16,Mexico,North America,Original,70,5,62.0,1060,560.0,0.1332,0.1582,26.0,0.0,57.29,0.46
2020-05-18,Mexico,North America,Original,46,3,40.0,816,276.0,0.1676,0.0948,17.0,0.0,57.29,0.4
2020-05-20,Mexico,North America,Original,20,1,17.0,321,120.0,0.1579,0.1473,10.0,0.0,54.27,0.482
2020-05-26,Mexico,North America,Original,2,0,1.0,21,22.0,0.1054,0.1107,1.0,0.0,69.35,0.4
2020-05-26,Mexico,North America,Original,1,0,0.0,11,46.5,0.1166,0.115,0.0,0.0,45.91,0.67
2020-05-27,Mexico,North America,Original,5,0,4.0,65,46.5,0.1166,0.1473,2.0,0.0,50.1,0.694
2020-05-31,Mexico,North America,Original,1,0,0.0,11,46.5,0.1166,0.156,0.0,0.0,70.14,0.4
2020-06-01,Mexico,North America,Original,5,0,4.0,56,40.0,0.1273,0.1703,1.0,0.0,75.84,0.4
2020-06-02,Mexico,North America,Original,1,0,0.0,9,6.0,0.187,0.184,0.0,0.0,70.95,0.404
2020-06-03,Mexico,North America,Original,14,1,12.0,149,112.0,0.128,0.097,4.0,0.0,58.51,0.545
2020-06-05,Mexico,North America,Original,2,0,1.0,34,12.0,0.1706,0.1484,1.0,0.0,69.14,0.4
2020-06-07,Mexico,North America,Original,22,1,20.0,283,198.0,0.0954,0.136,6.0,0.0,68.4,0.4
2020-06-10,Mexico,North America,Original,33,2,29.0,578,330.0,0.1061,0.1437,15.0,0.0,73.32,0.4
2020-06-11,Mexico,North America,Original,7,0,6.0,76,49.0,0.1473,0.1507,2.0,0.0,60.49,0.427
2020-06-20,Mexico,North America,Original,1,0,0.0,16,7.0,0.1396,0.1971,1.0,0.0,51.85,0.455
2020-06-20,Mexico,North America,Original,4,0,3.0,50,24.0,0.1531,0.1933,2.0,0.0,67.3,0.4
2020-06-21,Mexico,North America,Original,190,7,177.0,2886,2090.0,0.0818,0.1801,104.0,0.0,63.79,0.4
2020-06-27,Mexico,North America,Original,12,1,10.0,213,96.0,0.1052,0.2058,10.0,0.0,45.8,0.531
2020-06-27,Mexico,North America,Original,11,1,9.0,165,121.0,0.0937,0.1946,7.0,0.0,46.81,0.4
2020-07-01,Mexico,North America,Original,7,0,6.0,101,70.0,0.1011,0.1057,2.0,0.0,56.32,0.512
2020-07-03,Mexico,North America,Original,1,0,0.0,15,6.0,0.1534,0.134,0.0,0.0,45.68,0.654
2020-07-04,Mexico,North America,Original,24,1,21.0,426,264.0,0.0876,0.1876,18.0,0.0,46.83,0.64
2020-07-05,Mexico,North America,Original,5,0,4.0,77,30.0,0.1651,0.1876,3.0,0.0,65.88,0.425
2020-07-08,Mexico,North America,Original,1,0,0.0,11,11.0,0.1004,0.1122,0.0,0.0,66.45,0.455
2020-07-08,Mexico,North America,Original,40,2,35.0,495,400.0,0.0983,0.2016,24.0,0.0,66.28,0.4
2020-07-09,Mexico,North America,Original,12,1,11.0,189,120.0,0.0899,0.1271,5.0,0.0,67.65,0.4
2020-07-10,Mexico,North America,Original,15,1,13.0,232,105.0,0.1464,0.1215,7.0,0.0,66.72,0.425
2020-07-11,Mexico,North America,Original,4,0,3.0,60,44.0,0.0993,0.1656,2.0,0.0,55.81,0.435
2020-07-12,Mexico,North America,Original,20,1,18.0,290,200.0,0.0918,0.1473,9.0,0.0,67.82,0.428
2020-07-13,Mexico,North America,Original,3,0,2.0,34,27.0,0.1125,0.1841,1.0,0.0,58.23,0.4
2020-07-15,Mexico,North America,Original,2,0,1.0,25,14.0,0.1421,0.1473,0.0,0.0,80.67,0.4
2020-07-15,Mexico,North America,Original,7,0,6.0,125,77.0,0.0879,0.1725,4.0,0.0,60.89,0.4
2020-07-17,Mexico,North America,Original,2,0,1.0,27,18.0,0.1198,0.1172,0.0,0.0,58.31,0.428
2020-07-18,Mexico,North America,Original,1,0,0.0,15,10.0,0.1025,0.0986,0.0,0.0,56.26,0.401
2020-07-19,Mexico,North America,Original,9,0,8.0,160,99.0,0.0929,0.1065,4.0,0.0,61.22,0.4
2020-07-19,Mexico,North America,Original,17,1,15.0,177,102.0,0.1804,0.154,6.0,0.0,51.53,0.562
2020-07-20,Mexico,North America,Original,6,0,5.0,99,42.0,0.1435,0.1018,2.0,0.0,67.76,0.42
2020-07-20,Mexico,North America,Original,1,0,0.0,13,10.0,0.1038,0.0949,0.0,0.0,62.66,0.487
2020-07-22,Mexico,North America,Original,1,0,0.0,11,6.0,0.1667,0.2072,1.0,0.0,61.68,0.4
2020-07-23,Mexico,North America,Original,2,0,1.0,27,16.0,0.1374,0.1473,1.0,0.0,48.88,0.478
2020-07-25,Mexico,North America,Original,35,1,31.0,525,350.0,0.1013,0.2,23.0,0.0,48.88,0.443
2020-07-25,Mexico,North America,Original,5,0,4.0,71,35.0,0.1441,0.1363,2.0,0.0,48.88,0.562
2020-07-28,Mexico,North America,Original,2,0,1.0,31,16.0,0.1149,0.1473,0.0,0.0,54.36,0.55
2020-07-29,Mexico,North America,Original,6,0,5.0,65,54.0,0.0975,0.1161,1.0,0.0,63.68,0.4
2020-07-29,Mexico,North America,Original,1,0,0.0,14,6.0,0.1798,0.2074,1.0,0.0,50.4,0.606
2020-08-04,Mexico,North America,Original,12,1,10.0,141,132.0,0.0822,0.1471,5.0,0.0,63.88,0.4
2020-08-04,Mexico,North America,Original,7,0,6.0,109,49.0,0.129,0.1546,4.0,0.0,65.76,0.4
2020-08-06,Mexico,North America,Original,3,0,2.0,39,24.0,0.1172,0.139,1.0,0.0,55.47,0.4
2020-08-06,Mexico,North America,Original,3,0,2.0,33,18.0,0.1738,0.1473,0.0,0.0,69.43,0.4
2020-08-07,Mexico,North America,Original,13,1,12.0,168,78.0,0.171,0.1761,6.0,0.0,72.58,0.4
2020-08-12,Mexico,North America,Original,7,0,6.0,87,56.0,0.1173,0.162,3.0,0.0,54.14,0.4
2020-08-13,Mexico,North America,Original,21,1,18.0,246,147.0,0.1494,0.1558,11.0,0.0,59.61,0.514
2020-08-16,Mexico,North America,Original,36,3,32.0,615,396.0,0.0952,0.1776,26.0,0.0,48.65,0.428
2020-08-18,Mexico,North America,Original,2,0,1.0,30,12.0,0.1589,0.1616,1.0,0.0,49.34,0.419
2020-08-20,Mexico,North America,Original,8,0,7.0,112,48.0,0.1796,0.1473,6.0,0.0,45.54,0.428
2020-08-21,Mexico,North America,Original,3,0,2.0,33,24.0,0.1542,0.189,1.0,0.0,47.71,0.701
2020-08-24,Mexico,North America,Original,1,0,0.0,14,9.0,0.105,0.1728,0.0,0.0,36.17,0.737
2020-08-28,Mexico,North America,Original,2,0,1.0,34,14.0,0.1472,0.1271,0.0,0.0,46.85,0.649
2020-08-28,Mexico,North America,Original,53,2,48.0,575,530.0,0.0996,0.1307,12.0,0.0,55.91,0.479
2020-08-28,Mexico,North America,Original,7,0,6.0,110,56.0,0.127,0.2021,5.0,0.0,55.66,0.416
2020-08-29,Mexico,North America,Original,6,0,5.0,69,66.0,0.1045,0.2074,3.0,0.0,61.42,0.4
2020-08-30,Mexico,North America,Original,4,0,3.0,40,28.0,0.1527,0.1473,1.0,0.0,46.67,0.523
2020-08-30,Mexico,North America,Original,7,0,6.0,116,56.0,0.1184,0.1371,3.0,0.0,46.78,0.428
2020-09-01,Mexico,North America,Original,5,0,4.0,66,55.0,0.0973,0.2003,2.0,0.0,51.98,0.4
2020-09-02,Mexico,North America,Original,1,0,0.0,9,11.0,0.0845,0.1473,0.0,0.0,51.52,0.4
2020-09-04,Mexico,North America,Original,8,0,7.0,131,72.0,0.1034,0.1763,5.0,0.0,40.46,0.472
2020-09-05,Mexico,North America,Original,5,0,4.0,59,45.0,0.1153,0.1333,2.0,0.0,45.68,0.635
2020-09-06,Mexico,North America,Original,2,0,1.0,21,12.0,0.1709,0.1902,1.0,0.0,56.72,0.6
2020-09-08,Mexico,North America,Original,2,0,1.0,22,20.0,0.0849,0.0987,0.0,0.0,53.39,0.627
2020-09-11,Mexico,North America,Original,5,0,4.0,65,30.0,0.1757,0.1473,2.0,0.0,39.37,0.549
2020-09-12,Mexico,North America,Original,4,0,3.0,67,24.0,0.171,0.1086,2.0,0.0,54.75,0.516
2020-09-16,Mexico,North America,Original,4,0,3.0,56,40.0,0.1053,0.0951,1.0,0.0,49.39,0.599
2020-09-17,Mexico,North America,Original,34,2,31.0,603,374.0,0.0929,0.1754,23.0,0.0,37.79,0.637
2020-09-20,Mexico,North America,Original,1,0,0.0,10,10.0,0.0804,0.0985,0.0,0.0,46.31,0.476
2020-09-21,Mexico,North America,Original,4,0,3.0,58,36.0,0.1041,0.1473,1.0,0.0,43.56,0.462
2020-09-23,Mexico,North America,Original,12,1,10.0,152,108.0,0.1222,0.1146,3.0,0.0,44.71,0.428
2020-09-25,Mexico,North America,Original,15,1,13.0,221,120.0,0.1228,0.1473,9.0,0.0,47.09,0.454
2020-09-26,Mexico,North America,Original,1,0,0.0,11,11.0,0.0893,0.0939,0.0,0.0,44.3,0.406
2020-09-27,Mexico,North America,Original,4,0,3.0,51,36.0,0.1173,0.1105,1.0,0.0,57.28,0.428
2020-09-27,Mexico,North America,Original,2,0,1.0,30,18.0,0.116,0.1787,1.0,0.0,54.76,0.428
2020-09-30,Mexico,North America,Original,3,0,2.0,49,21.0,0.1358,0.1056,1.0,0.0,40.46,0.428
2020-10-02,Mexico,North America,Original,5,0,4.0,56,30.0,0.1767,0.1513,2.0,0.0,35.91,0.603
2020-10-02,Mexico,North America,Original,1,0,0.0,14,7.0,0.1333,0.1486,0.0,0.0,44.17,0.58
2020-10-08,Mexico,North America,Original,7,1,6.0,89,49.0,0.1427,0.1018,2.0,0.0,46.42,0.662
2020-10-09,Mexico,North America,Original,2,0,1.0,31,18.0,0.1096,0.1525,1.0,0.0,44.8,0.652
2020-10-11,Mexico,North America,Original,33,2,29.0,334,264.0,0.1234,0.1737,14.0,0.0,41.81,0.663
2020-10-13,Mexico,North America,Original,3,0,2.0,39,18.0,0.157,0.1656,1.0,0.0,59.1,0.492
2020-10-15,Mexico,North America,Original,2,0,1.0,20,20.0,0.0911,0.1473,0.0,0.0,54.03,0.518
2020-10-16,Mexico,North America,Original,5,0,4.0,72,55.0,0.1006,0.1738,1.0,0.0,61.87,0.486
2020-10-16,Mexico,North America,Original,3,0,2.0,40,33.0,0.0957,0.1849,1.0,0.0,43.26,0.4
2020-10-18,Mexico,North America,Original,211,10,190.0,3350,2321.0,0.0931,0.1157,106.0,0.0,53.52,0.62
2020-10-23,Mexico,North America,Original,21,1,19.0,330,231.0,0.0899,0.1449,8.0,0.0,55.18,0.4
2020-10-31,Mexico,North America,Original,11,1,9.0,179,121.0,0.0976,0.1837,9.0,0.0,37.14,0.663
2020-10-31,Mexico,North America,Original,2,0,1.0,31,14.0,0.1405,0.1517,0.0,0.0,32.79,0.843
2020-11-03,Mexico,North America,Alpha,6,0,5.0,94,48.0,0.1248,0.1554,3.0,0.0,33.89,0.626
2020-11-03,Mexico,North America,Alpha,33,2,30.0,467,330.0,0.1154,0.2281,23.0,0.0,33.89,0.492
2020-11-05,Mexico,North America,Alpha,17,1,15.0,208,187.0,0.0994,0.2063,10.0,0.0,38.58,0.822
2020-11-06,Mexico,North America,Alpha,15,1,13.0,232,105.0,0.14,0.1554,12.0,0.0,31.96,0.493
2020-11-10,Mexico,North America,Original,3,0,2.0,54,27.0,0.099,0.1275,1.0,0.0,47.71,0.662
2020-11-12,Mexico,North America,Original,1,0,0.0,15,10.0,0.1154,0.1337,0.0,0.0,49.23,0.428
2020-11-12,Mexico,North America,Original,17,1,16.0,244,187.0,0.0876,0.1471,8.0,0.0,56.39,0.428
2020-11-15,Mexico,North America,Original,1,0,0.0,14,6.0,0.1585,0.1035,0.0,0.0,39.96,0.428
2020-11-17,Mexico,North America,Alpha,17,1,15.0,265,187.0,0.0796,0.1279,7.0,0.0,52.13,0.493
2020-11-23,Mexico,North America,Alpha,3,0,2.0,53,21.0,0.1532,0.1554,2.0,0.0,43.49,0.851
2020-11-28,Mexico,North America,Alpha,1,0,0.0,13,8.0,0.1247,0.1069,0.0,0.0,43.49,0.486
2020-11-29,Mexico,North America,Alpha,9,0,8.0,119,81.0,0.1141,0.1794,5.0,0.0,37.58,0.838
2020-12-01,Mexico,North America,Alpha,6,0,5.0,96,66.0,0.1005,0.1915,3.0,0.0,53.67,0.497
2020-12-02,Mexico,North America,Alpha,17,1,15.0,249,153.0,0.1067,0.1598,8.0,0.0,37.18,1.071
2020-12-08,Mexico,North America,Alpha,43,3,37.0,763,473.0,0.1006,0.1095,19.0,0.0,60.65,0.653
2020-12-08,Mexico,North America,Alpha,87,5,77.0,1163,957.0,0.1099,0.1108,29.0,0.0,61.12,0.471
2020-12-08,Mexico,North America,Alpha,86,5,77.0,910,946.0,0.0873,0.1933,52.0,0.0,57.39,0.516
2020-12-09,Mexico,North America,Alpha,2,0,1.0,29,20.0,0.1031,0.132,0.0,0.0,62.39,0.579
2020-12-10,Mexico,North America,Alpha,51,2,46.0,677,561.0,0.0879,0.1228,18.0,0.0,54.55,0.631
2020-12-11,Mexico,North America,Alpha,4,0,3.0,58,44.0,0.0892,0.2234,3.0,0.0,81.86,0.4
2020-12-11,Mexico,North America,Alpha,10,0,9.0,114,80.0,0.1168,0.1584,4.0,0.0,59.26,0.4
2020-12-13,Mexico,North America,Alpha,4,0,3.0,45,40.0,0.1118,0.2011,2.0,0.0,80.8,0.4
2020-12-13,Mexico,North America,Alpha,23,1,20.0,297,207.0,0.1116,0.1011,7.0,0.0,75.03,0.4
2020-12-14,Mexico,North America,Alpha,88,5,77.0,948,616.0,0.1472,0.2172,41.0,0.0,54.67,0.639
2020-12-15,Mexico,North America,Alpha,9,1,7.0,116,90.0,0.0933,0.1782,5.0,0.0,72.97,0.4
2020-12-17,Mexico,North America,Alpha,1,0,0.0,11,9.0,0.1158,0.0991,0.0,0.0,62.35,0.403
2020-12-18,Mexico,North America,Alpha,105,7,94.0,1359,630.0,0.154,0.1554,58.0,0.0,48.02,0.64
2020-12-19,Mexico,North America,Alpha,7,0,6.0,75,49.0,0.1653,0.1554,1.0,0.0,52.32,0.548
2020-12-20,Mexico,North America,Alpha,8,0,7.0,79,56.0,0.1493,0.1438,2.0,0.0,52.32,0.4
2020-12-20,Mexico,North America,Alpha,6,0,5.0,97,54.0,0.0992,0.2168,5.0,0.0,66.56,0.476
2020-12-21,Mexico,North America,Alpha,58,3,52.0,866,348.0,0.1732,0.1867,43.0,0.0,74.75,0.4
2020-12-22,Mexico,North America,Alpha,7,0,6.0,100,56.0,0.1193,0.1747,5.0,0.0,51.12,0.491
2020-12-24,Mexico,North America,Alpha,2,0,1.0,31,22.0,0.114,0.1959,1.0,0.0,77.81,0.4
2020-12-28,Mexico,North America,Alpha,23,2,20.0,331,184.0,0.1243,0.1554,11.0,0.0,76.83,0.493
2020-12-30,Mexico,North America,Alpha,6,0,5.0,102,42.0,0.1272,0.1252,3.0,0.0,65.89,0.492
2021-01-02,Mexico,North America,Alpha,1,0,0.0,15,8.0,0.1329,0.2247,1.0,0.0,74.2,0.4
2021-01-04,Mexico,North America,Alpha,5,0,4.0,53,30.0,0.1866,0.1416,1.0,0.0,75.46,0.4
2021-01-04,Mexico,North America,Alpha,3,0,2.0,36,24.0,0.1265,0.2021,2.0,0.0,67.1,0.543
2021-01-09,Mexico,North America,Alpha,11,1,10.0,117,77.0,0.1455,0.2049,5.0,0.0,70.33,0.4
2021-01-12,Mexico,North America,Alpha,6,0,5.0,70,42.0,0.1385,0.1149,2.0,0.0075,52.56,0.738
2021-01-12,Mexico,North America,Alpha,3,0,2.0,37,21.0,0.1462,0.2104,1.0,0.0,71.12,0.4
2021-01-15,Mexico,North America,Alpha,5,0,4.0,66,50.0,0.1038,0.1542,1.0,0.018,62.58,0.667
2021-01-15,Mexico,North America,Alpha,15,1,13.0,216,105.0,0.1375,0.1668,8.0,0.0169,68.07,0.472
2021-01-20,Mexico,North America,Alpha,28,1,24.0,319,280.0,0.1238,0.1749,12.0,0.0169,55.49,0.775
2021-01-27,Mexico,North America,Alpha,2,0,1.0,24,20.0,0.0902,0.187,1.0,0.0169,70.07,0.4
2021-01-28,Mexico,North America,Alpha,92,4,82.0,1148,1012.0,0.0918,0.2044,65.0,0.0032,70.65,0.449
2021-01-30,Mexico,North America,Alpha,19,1,17.0,260,190.0,0.0897,0.1718,11.0,0.0158,72.66,0.43
2021-01-31,Mexico,North America,Alpha,2,0,1.0,36,18.0,0.1082,0.1157,1.0,0.0158,72.66,0.603
2021-02-10,Mexico,North America,Alpha,9,0,7.0,105,81.0,0.12,0.1065,3.0,0.026,72.66,0.4
2021-02-11,Mexico,North America,Alpha,10,1,9.0,170,80.0,0.1409,0.1614,7.0,0.0345,47.75,0.53
2021-02-12,Mexico,North America,Alpha,11,0,9.0,121,66.0,0.1798,0.1282,2.0,0.0345,63.23,0.557
2021-02-15,Mexico,North America,Alpha,7,0,6.0,73,70.0,0.0932,0.1554,2.0,0.0345,80.08,0.4
2021-02-16,Mexico,North America,Alpha,128,5,118.0,1608,768.0,0.1795,0.128,45.0,0.0469,52.43,0.74
2021-02-17,Mexico,North America,Alpha,7,0,6.0,91,70.0,0.1007,0.2147,4.0,0.0252,63.63,0.573
2021-02-21,Mexico,North America,Alpha,30,1,27.0,459,330.0,0.0943,0.1528,10.0,0.0358,82.43,0.4
2021-02-22,Mexico,North America,Alpha,4,0,3.0,63,44.0,0.0927,0.2243,3.0,0.0401,75.49,0.4
2021-02-26,Mexico,North America,Alpha,9,0,8.0,110,90.0,0.1017,0.1823,4.0,0.0333,61.67,0.493
2021-03-02,Mexico,North America,Alpha,1,0,0.0,16,10.0,0.1067,0.1554,0.0,0.0524,70.45,0.48
2021-03-04,Mexico,North America,Alpha,1,0,0.0,16,9.0,0.116,0.1296,0.0,0.0615,64.72,0.4
2021-03-05,Mexico,North America,Alpha,4,0,3.0,52,24.0,0.1633,0.1106,1.0,0.0426,72.81,0.4
2021-03-08,Mexico,North America,Alpha,6,0,5.0,97,36.0,0.1758,0.194,3.0,0.0494,65.01,0.485
2021-03-10,Mexico,North America,Alpha,27,1,25.0,407,216.0,0.1195,0.1777,21.0,0.0489,58.19,0.428
2021-03-14,Mexico,North America,Alpha,20,1,18.0,236,180.0,0.1052,0.1291,7.0,0.0538,57.88,0.597
2021-03-17,Mexico,North America,Alpha,36,2,32.0,564,252.0,0.1431,0.1118,10.0,0.0586,71.99,0.493
2021-03-21,Mexico,North America,Delta,3,0,2.0,32,24.0,0.1432,0.191,0.0,0.0665,75.32,0.439
2021-03-22,Mexico,North America,Delta,28,1,25.0,274,168.0,0.1685,0.2142,15.0,0.0706,54.54,1.09
2021-03-26,Mexico,North America,Delta,13,1,12.0,188,78.0,0.1705,0.1872,6.0,0.0791,70.01,0.644
2021-03-27,Mexico,North America,Delta,3,0,2.0,48,27.0,0.1096,0.2208,2.0,0.0811,85.08,0.4
2021-03-27,Mexico,North America,Alpha,52,3,47.0,728,364.0,0.1467,0.1636,26.0,0.0601,82.0,0.4
2021-03-31,Mexico,North America,Alpha,13,1,11.0,133,78.0,0.1649,0.1554,4.0,0.0703,82.81,0.4
2021-04-02,Mexico,North America,Delta,2,0,1.0,20,20.0,0.0965,0.1632,0.0,0.0736,63.94,0.742
2021-04-03,Mexico,North America,Delta,59,3,52.0,946,531.0,0.1142,0.1733,29.0,0.0756,73.1,0.58
2021-04-06,Mexico,North America,Alpha,1,0,0.0,17,7.0,0.1424,0.1554,0.0,0.0869,62.3,0.493
2021-04-08,Mexico,North America,Delta,39,2,34.0,413,429.0,0.0761,0.1229,11.0,0.0931,73.97,0.549
2021-04-09,Mexico,North America,Alpha,1,0,0.0,14,9.0,0.1063,0.1898,0.0,0.0852,61.98,0.4
2021-04-09,Mexico,North America,Delta,1,0,0.0,13,8.0,0.1126,0.2556,1.0,0.0765,61.5,0.815
2021-04-13,Mexico,North America,Delta,22,1,19.0,278,132.0,0.1707,0.1617,10.0,0.1005,65.81,0.45
2021-04-14,Mexico,North America,Alpha,8,0,7.0,129,88.0,0.0989,0.1229,3.0,0.0742,66.55,0.4
2021-04-17,Mexico,North America,Delta,70,4,62.0,1168,420.0,0.1729,0.2321,48.0,0.0973,74.87,0.548
2021-04-20,Mexico,North America,Delta,2,0,1.0,28,14.0,0.1348,0.2058,1.0,0.1033,80.73,0.4
2021-04-21,Mexico,North America,Delta,97,5,89.0,1234,776.0,0.1157,0.1847,67.0,0.0924,76.56,0.581
2021-04-25,Mexico,North America,Delta,26,2,23.0,443,260.0,0.0899,0.2345,23.0,0.0745,81.52,0.4
2021-04-25,Mexico,North America,Delta,36,2,31.0,420,252.0,0.1472,0.1425,9.0,0.0973,72.13,0.666
2021-04-26,Mexico,North America,Delta,11,1,9.0,109,99.0,0.1195,0.1596,4.0,0.1017,69.99,0.453
2021-04-27,Mexico,North America,Delta,15,1,13.0,170,90.0,0.1719,0.1819,4.0,0.0844,80.54,0.4
2021-04-29,Mexico,North America,Delta,14,1,13.0,250,98.0,0.1474,0.1209,6.0,0.1229,60.05,0.905
2021-05-02,Mexico,North America,Delta,8,1,7.0,104,72.0,0.1187,0.1689,4.0,0.1134,57.67,0.601
2021-05-03,Mexico,North America,Delta,10,1,9.0,134,80.0,0.1226,0.1985,6.0,0.0966,76.3,0.552
2021-05-03,Mexico,North America,Delta,21,1,19.0,295,147.0,0.144,0.1617,13.0,0.1004,66.48,0.468
2021-05-04,Mexico,North America,Delta,2,0,1.0,35,16.0,0.1303,0.1886,1.0,0.1055,78.03,0.4
2021-05-05,Mexico,North America,Delta,40,2,35.0,508,240.0,0.1639,0.116,13.0,0.1191,82.71,0.4
2021-05-08,Mexico,North America,Delta,95,4,85.0,1365,855.0,0.1137,0.2219,67.0,0.1083,74.67,0.604
2021-05-10,Mexico,North America,Delta,30,2,26.0,482,300.0,0.1133,0.1979,15.0,0.112,57.16,0.829
2021-05-18,Mexico,North America,Delta,9,1,7.0,101,90.0,0.1074,0.1826,3.0,0.1185,81.31,0.4
2021-05-19,Mexico,North America,Delta,54,2,49.0,823,594.0,0.0979,0.2289,35.0,0.1117,63.77,0.595
2021-05-22,Mexico,North America,Delta,5,0,4.0,61,35.0,0.128,0.1583,2.0,0.1184,62.8,0.616
2021-05-22,Mexico,North America,Delta,8,0,7.0,136,48.0,0.169,0.1468,4.0,0.1178,61.44,0.85
2021-05-24,Mexico,North America,Delta,18,1,16.0,179,144.0,0.126,0.1986,8.0,0.1153,69.79,0.655
2021-05-25,Mexico,North America,Delta,17,1,15.0,287,187.0,0.1061,0.2216,14.0,0.1159,68.72,0.581
2021-05-26,Mexico,North America,Delta,2,0,1.0,29,18.0,0.1056,0.1767,1.0,0.1144,69.21,0.504
2021-05-31,Mexico,North America,Delta,75,5,67.0,1016,600.0,0.1269,0.179,52.0,0.1472,81.97,0.4
2021-06-03,Mexico,North America,Delta,55,4,48.0,730,495.0,0.1264,0.1365,22.0,0.133,81.74,0.4
2021-06-04,Mexico,North America,Delta,131,5,117.0,1403,786.0,0.1514,0.1603,49.0,0.1518,63.78,0.48
2021-06-04,Mexico,North America,Delta,12,1,10.0,181,96.0,0.1406,0.242,8.0,0.1454,60.33,0.626
2021-06-08,Mexico,North America,Delta,2,0,1.0,20,20.0,0.0917,0.1282,0.0,0.1438,76.3,0.445
2021-06-14,Mexico,North America,Delta,2,0,1.0,26,16.0,0.1173,0.1617,1.0,0.1394,75.86,0.56
2021-06-18,Mexico,North America,Delta,3,0,2.0,32,30.0,0.1031,0.1889,1.0,0.1497,59.81,0.604
2021-06-20,Mexico,North America,Delta,50,2,46.0,496,300.0,0.173,0.1617,16.0,0.1631,66.48,0.466
2021-06-21,Mexico,North America,Delta,1,0,0.0,10,9.0,0.1151,0.1116,0.0,0.1317,66.43,0.666
2021-06-27,Mexico,North America,Delta,136,6,124.0,1691,1088.0,0.124,0.1147,30.0,0.1604,68.87,0.67
2021-06-28,Mexico,North America,Delta,6,0,5.0,78,60.0,0.0926,0.1617,4.0,0.1508,84.75,0.4
2021-07-04,Mexico,North America,Delta,55,2,50.0,754,440.0,0.137,0.1617,27.0,0.1505,77.01,0.52
2021-07-05,Mexico,North America,Delta,1,0,0.0,18,9.0,0.0951,0.1617,1.0,0.1581,82.89,0.4
2021-07-06,Mexico,North America,Delta,39,2,35.0,658,351.0,0.0862,0.2059,27.0,0.1406,74.55,0.488
2021-07-07,Mexico,North America,Delta,1,0,0.0,15,11.0,0.0848,0.1854,0.0,0.1594,74.55,0.542
2021-07-09,Mexico,North America,Delta,36,2,32.0,362,396.0,0.088,0.2306,23.0,0.1662,55.58,0.543
2021-07-09,Mexico,North America,Delta,4,0,3.0,52,28.0,0.1402,0.1786,1.0,0.1801,61.16,0.455
2021-07-09,Mexico,North America,Delta,8,1,7.0,101,48.0,0.1525,0.2305,4.0,0.1656,64.94,0.543
2021-07-10,Mexico,North America,Delta,33,2,30.0,371,297.0,0.1035,0.1165,10.0,0.1528,59.62,0.65
2021-07-10,Mexico,North America,Delta,2,0,1.0,26,18.0,0.1046,0.1617,1.0,0.1546,80.23,0.414
2021-07-11,Mexico,North America,Delta,12,0,10.0,208,84.0,0.1404,0.1486,7.0,0.1736,76.17,0.521
2021-07-14,Mexico,North America,Delta,1,0,0.0,17,9.0,0.1045,0.1075,0.0,0.1656,70.99,0.581
2021-07-14,Mexico,North America,Delta,6,0,5.0,73,60.0,0.0903,0.1216,2.0,0.1705,79.19,0.4
2021-07-16,Mexico,North America,Delta,71,5,64.0,1132,639.0,0.1022,0.1464,25.0,0.1666,66.4,0.42
2021-07-21,Mexico,North America,Delta,9,1,7.0,119,81.0,0.1022,0.16,4.0,0.1979,84.89,0.4
2021-07-24,Mexico,North America,Delta,6,0,5.0,106,48.0,0.1415,0.213,4.0,0.1845,66.71,0.581
2021-07-24,Mexico,North America,Delta,18,1,16.0,231,108.0,0.1662,0.1922,11.0,0.1828,66.71,0.445
2021-07-29,Mexico,North America,Delta,22,1,19.0,245,220.0,0.1011,0.1195,6.0,0.1894,73.05,0.4
2021-08-02,Mexico,North America,Delta,10,1,9.0,174,90.0,0.1086,0.1591,7.0,0.1731,79.53,0.581
2021-08-05,Mexico,North America,Delta,45,3,41.0,626,450.0,0.1,0.1372,14.0,0.19,50.63,0.886
2021-08-06,Mexico,North America,Delta,1,0,0.0,15,8.0,0.1232,0.2286,0.0,0.2075,61.95,0.614
2021-08-06,Mexico,North America,Delta,6,0,5.0,91,60.0,0.0905,0.1301,3.0,0.1798,48.28,1.151
2021-08-07,Mexico,North America,Delta,1,0,0.0,10,7.0,0.128,0.1535,0.0,0.1745,63.05,0.576
2021-08-10,Mexico,North America,Delta,1,0,0.0,13,7.0,0.1532,0.1617,0.0,0.1968,54.11,0.859
2021-08-12,Mexico,North America,Delta,5,0,4.0,52,35.0,0.1394,0.1617,2.0,0.1763,65.09,0.477
2021-08-20,Mexico,North America,Delta,13,1,11.0,172,143.0,0.0826,0.1385,5.0,0.2126,50.47,1.126
2021-08-24,Mexico,North America,Delta,3,0,2.0,41,21.0,0.1401,0.1015,0.0,0.1967,50.52,0.957
2021-08-26,Mexico,North America,Delta,16,1,14.0,227,128.0,0.1455,0.1617,8.0,0.2114,47.98,1.047
2021-08-30,Mexico,North America,Delta,118,5,109.0,1581,1180.0,0.0982,0.1993,69.0,0.1952,62.98,0.797
2021-08-31,Mexico,North America,Delta,12,1,10.0,186,96.0,0.1244,0.1869,8.0,0.2072,63.57,0.593
2021-09-02,Mexico,North America,Delta,3,0,2.0,36,33.0,0.0786,0.1038,0.0,0.219,40.27,1.165
2021-09-04,Mexico,North America,Delta,4,0,3.0,65,32.0,0.1147,0.1617,2.0,0.2088,46.95,0.609
2021-09-10,Mexico,North America,Delta,4,0,3.0,57,24.0,0.1776,0.1617,2.0,0.2161,69.06,0.4
2021-09-12,Mexico,North America,Delta,2,0,1.0,21,14.0,0.1302,0.1617,1.0,0.2241,62.37,0.531
2021-09-16,Mexico,North America,Delta,16,1,14.0,276,176.0,0.085,0.2253,14.0,0.2275,62.24,0.579
2021-09-23,Mexico,North America,Delta,2,0,1.0,29,12.0,0.1537,0.1876,1.0,0.2494,73.0,0.476
2021-09-30,Mexico,North America,Delta,3,0,2.0,46,24.0,0.1428,0.1763,2.0,0.247,49.78,0.711
2021-10-02,Mexico,North America,Delta,9,1,8.0,155,90.0,0.0974,0.2009,6.0,0.2364,41.49,1.038
2021-10-03,Mexico,North America,Omicron,7,0,6.0,126,56.0,0.1242,0.0567,2.0,0.2417,55.0,1.131
2021-10-04,Mexico,North America,Delta,1,0,0.0,13,7.0,0.1422,0.1496,0.0,0.2531,51.12,0.646
2021-10-04,Mexico,North America,Omicron,11,0,10.0,165,110.0,0.0992,0.0782,3.0,0.2365,48.37,0.926
2021-10-05,Mexico,North America,Omicron,39,1,35.0,392,390.0,0.0796,0.06365,7.0,0.2416,56.35,1.2415
2021-10-08,Mexico,North America,Delta,23,1,21.0,351,184.0,0.1338,0.104,5.0,0.2494,58.61,0.556
2021-10-16,Mexico,North America,Omicron,46,1,43.0,597,414.0,0.0945,0.0811,8.0,0.2646,63.69,1.025
2021-10-19,Mexico,North America,Omicron,93,2,87.0,1434,1023.0,0.925090617,0.0709,22.0,0.2637,49.98,0.915
2021-10-19,Mexico,North America,Omicron,17,0,15.0,283,119.0,0.1321,0.064,3.0,0.2723,51.37,1.386
2021-10-20,Mexico,North America,Omicron,2,0,1.0,23,22.0,0.0832,0.0779,0.0,0.2597,61.12,1.036
2021-10-25,Mexico,North America,Delta,11,1,10.0,148,110.0,0.0933,0.1022,4.0,0.253,69.76,0.554
2021-10-28,Mexico,North America,Omicron,90,2,86.0,1126,720.0,0.1265,0.0529,16.0,0.279,52.66,0.792
2021-10-30,Mexico,North America,Delta,1,0,0.0,13,6.0,0.1755,0.1605,0.0,0.2757,50.15,0.668
2021-10-31,Mexico,North America,Omicron,15,0,13.0,216,150.0,0.0884,0.082,3.0,0.2797,51.34,0.812
2021-11-02,Mexico,North America,Delta,6,0,5.0,69,54.0,0.1098,0.1115,2.0,0.2574,44.15,0.936
2021-11-05,Mexico,North America,Delta,36,2,31.0,365,288.0,0.1315,0.1185,6.0,0.2802,44.15,0.581
2021-11-05,Mexico,North America,Omicron,15,0,13.0,188,150.0,0.1103,0.0923,4.0,0.2865,68.07,0.743
2021-11-08,Mexico,North America,Delta,3,0,2.0,50,30.0,0.0963,0.107,1.0,0.2774,50.32,0.939
2021-11-09,Mexico,North America,Omicron,19,0,17.0,221,114.0,0.1817,0.0562,3.0,0.2638,57.87,0.926
2021-11-13,Mexico,North America,Omicron,121,3,110.0,1892,1210.0,0.0757,0.0524,17.0,0.2858,33.2,1.2415
2021-11-17,Mexico,North America,Omicron,2,0,1.0,31,18.0,0.1183,0.0885,1.0,0.2894,56.54,1.133
2021-11-20,Mexico,North America,Omicron,2,0,1.0,23,20.0,0.1012,0.0522,0.0,0.2882,56.19,1.334
2021-11-23,Mexico,North America,Omicron,10,0,9.0,180,90.0,0.1037,0.075,3.0,0.2836,56.19,0.992
2021-11-23,Mexico,North America,Omicron,10,0,9.0,101,110.0,0.1052,0.0583,1.0,0.2873,44.54,1.028
2021-11-24,Mexico,North America,Omicron,10,0,9.0,153,70.0,0.1597,0.0711,2.0,0.2924,28.49,1.445
2021-11-24,Mexico,North America,Omicron,103,3,96.0,1195,824.0,0.1022,0.0528,9.0,0.2975,48.1,1.062
2021-11-25,Mexico,North America,Omicron,65,1,60.0,1074,520.0,0.1159,0.0935,22.0,0.2959,36.61,1.633
2021-11-26,Mexico,North America,Omicron,24,0,22.0,321,144.0,0.1693,0.0744,4.0,0.3081,36.61,2.005
2021-11-26,Mexico,North America,Omicron,4,0,3.0,68,44.0,0.0827,0.0479,0.0,0.2808,52.11,1.297
2021-11-28,Mexico,North America,Omicron,4,0,3.0,57,40.0,0.0987,0.0524,0.0,0.3006,42.85,1.612
2021-12-01,Mexico,North America,Omicron,41,1,37.0,672,410.0,0.1145,0.0473,7.0,0.2873,27.07,1.445
2021-12-02,Mexico,North America,Omicron,23,1,21.0,345,184.0,0.1285,0.093,7.0,0.2972,28.39,1.722
2021-12-03,Mexico,North America,Omicron,53,1,49.0,841,583.0,0.0811,0.0533,8.0,0.2869,35.02,1.36
2021-12-03,Mexico,North America,Omicron,44,1,39.0,734,484.0,0.0975,0.0578,12.0,0.2868,38.83,1.736
2021-12-05,Mexico,North America,Omicron,4,0,3.0,40,36.0,0.109,0.0971,1.0,0.2885,39.88,1.664
2021-12-05,Mexico,North America,Omicron,1,0,0.0,16,6.0,0.1668,0.0904,0.0,0.3035,40.76,1.2415
2021-12-09,Mexico,North America,Omicron,42,1,39.0,639,252.0,0.1597,0.0632,9.0,0.314,30.9,1.473
2021-12-15,Mexico,North America,Omicron,1,0,0.0,15,10.0,0.1012,0.0601,0.0,0.3034,38.28,1.053
2021-12-17,Mexico,North America,Omicron,2,0,1.0,27,12.0,0.1558,0.0871,0.0,0.3211,32.92,1.659
2021-12-17,Mexico,North America,Omicron,4,0,3.0,68,40.0,0.1069,0.045,0.0,0.3108,44.36,0.886
2021-12-21,Mexico,North America,Omicron,11,0,10.0,136,121.0,0.1046,0.0489,1.0,0.3046,27.95,1.197
2021-12-22,Mexico,North America,Omicron,16,0,14.0,223,160.0,0.1102,0.0585,2.0,0.3217,51.25,1.06
2021-12-31,Mexico,North America,Omicron,47,1,44.0,505,470.0,0.0943,0.0447,5.0,0.3256,24.84,1.941
2021-12-31,Mexico,North America,Omicron,2,0,1.0,23,22.0,0.0886,0.06365,0.0,0.3145,44.79,0.93
2022-01-18,Mexico,North America,Omicron,25,1,22.0,428,275.0,0.1035,0.0611,6.0,0.3332,35.58,1.538
2022-01-18,Mexico,North America,Omicron,1,0,0.0,12,11.0,0.0732,0.0569,0.0,0.3393,42.89,1.374
2022-01-21,Mexico,North America,Omicron,3,0,2.0,46,27.0,0.1069,0.06365,0.0,0.3382,38.51,1.38
2022-01-22,Mexico,North America,Omicron,45,1,41.0,801,315.0,0.1357,0.06365,14.0,0.33,44.78,1.366
2022-01-24,Mexico,North America,Omicron,54,1,50.0,555,378.0,0.1403,0.0808,10.0,0.3576,48.74,1.308
2022-01-25,Mexico,North America,Omicron,11,0,10.0,176,66.0,0.1666,0.06365,2.0,0.3472,47.98,0.863
2022-01-26,Mexico,North America,Omicron,7,0,6.0,94,63.0,0.1233,0.06365,1.0,0.3325,44.43,1.265
2022-01-28,Mexico,North America,Omicron,16,0,15.0,267,128.0,0.1115,0.0788,5.0,0.3666,45.56,1.519
2022-01-31,Mexico,North America,Omicron BA.2,29,0,26.0,452,319.0,0.0882,0.0811,8.0,0.349,57.47,1.213
2022-02-02,Mexico,North America,Omicron BA.2,5,0,4.0,56,40.0,0.1401,0.0835,0.0,0.3359,42.21,1.735
2022-02-11,Mexico,North America,Omicron BA.2,27,0,25.0,400,297.0,0.0901,0.0681,5.0,0.3743,33.06,2.318
2022-02-15,Mexico,North America,Omicron,13,0,12.0,234,91.0,0.15,0.0902,6.0,0.3637,53.86,0.836
2022-02-20,Mexico,North America,Omicron BA.2,6,0,5.0,108,36.0,0.1671,0.0751,2.0,0.363,42.21,1.645
2022-02-21,Mexico,North America,Omicron BA.2,2,0,1.0,27,20.0,0.0977,0.0424,0.0,0.3902,52.7,0.908
2022-02-23,Mexico,North America,Omicron BA.2,74,1,68.0,754,666.0,0.1151,0.0361,4.0,0.3775,54.99,1.387
2022-02-24,Mexico,North America,Omicron,46,1,42.0,638,276.0,0.1632,0.06365,7.0,0.385,53.08,0.815
2022-02-28,Mexico,North America,Omicron BA.2,5,0,4.0,72,55.0,0.0915,0.0527,0.0,0.3886,32.37,1.316
2022-03-01,Mexico,North America,Omicron BA.2,17,0,16.0,263,153.0,0.0949,0.0619,4.0,0.3783,57.42,1.324
2022-03-02,Mexico,North America,Omicron,1,0,1.0,15,7.0,0.1362,0.0842,0.0,0.3863,32.81,1.555
2022-03-11,Mexico,North America,Omicron,9,0,8.0,104,99.0,0.0932,0.0846,1.0,0.3878,44.51,1.2415
2022-03-13,Mexico,North America,Omicron BA.2,73,1,70.0,1111,730.0,0.097,0.03955,18.0,0.389,31.3,1.38
2022-03-14,Mexico,North America,Omicron BA.2,5,0,4.0,79,35.0,0.1575,0.03955,1.0,0.3981,7.8,2.821
2022-03-18,Mexico,North America,Omicron BA.2,156,3,146.0,1587,1716.0,0.0871,0.0604,22.0,0.3814,17.84,2.136
2022-03-23,Mexico,North America,Omicron BA.2,4,0,3.0,65,40.0,0.0932,0.0666,1.0,0.3979,34.16,1.672
2022-03-28,Mexico,North America,Omicron BA.2,18,0,17.0,315,144.0,0.1337,0.0753,5.0,0.3931,34.16,2.599
2022-03-30,Mexico,North America,Omicron BA.2,10,0,9.0,115,100.0,0.0793,0.0607,1.0,0.3971,14.09,1.555
2022-03-30,Mexico,North America,Omicron BA.2,41,1,38.0,595,451.0,0.1072,0.0593,8.0,0.4148,27.03,1.376
2022-04-01,Mexico,North America,Omicron BA.2,2,0,1.0,30,12.0,0.1802,0.0419,0.0,0.4043,22.59,2.595
2022-04-01,Mexico,North America,Omicron BA.2,9,0,8.0,113,63.0,0.1466,0.0415,1.0,0.4059,24.72,1.694
2022-04-03,Mexico,North America,Omicron BA.2,42,0,40.0,419,252.0,0.1498,0.0362,3.0,0.3944,16.63,1.569
2022-04-05,Mexico,North America,Omicron BA.2,252,4,233.0,2606,2268.0,0.0898,0.044,23.0,0.4055,29.72,1.813
2022-04-09,Mexico,North America,Omicron BA.2,1,0,0.0,11,6.0,0.1666,0.0795,0.0,0.4149,42.13,1.348
2022-04-10,Mexico,North America,Omicron BA.2,12,0,11.0,152,84.0,0.1297,0.03955,1.0,0.4043,29.93,1.645
2022-04-16,Mexico,North America,Omicron BA.2,26,0,25.0,465,182.0,0.1506,0.0698,7.0,0.4395,16.38,2.158
2022-04-16,Mexico,North America,Omicron BA.2,27,1,25.0,342,270.0,0.1118,0.0426,4.0,0.4125,38.88,1.203
2022-04-21,Mexico,North America,Omicron BA.2,50,1,47.0,671,550.0,0.096,0.0423,6.0,0.4215,17.46,1.451
2022-04-21,Mexico,North America,Omicron BA.2,2,0,2.0,24,18.0,0.0854,0.0746,0.0,0.4393,31.01,1.833
2022-04-22,Mexico,North America,Omicron BA.2,10,0,10.0,163,80.0,0.1389,0.0428,1.0,0.4196,16.96,2.565
2022-04-23,Mexico,North America,Omicron BA.2,10,0,10.0,164,60.0,0.1679,0.0353,1.0,0.431,33.17,1.651
2022-04-26,Mexico,North America,Omicron BA.2,4,0,3.0,44,24.0,0.1625,0.0442,0.0,0.419,30.24,2.099
2022-04-27,Mexico,North America,Omicron BA.2,1,0,0.0,14,6.0,0.176,0.0429,0.0,0.4291,17.83,2.771
2022-04-29,Mexico,North America,Omicron BA.2,12,0,11.0,203,96.0,0.1243,0.0412,2.0,0.4309,25.1,2.482
2022-05-02,Mexico,North America,Omicron BA.2,33,0,31.0,448,231.0,0.139,0.0422,4.0,0.4442,29.17,1.522
2022-05-04,Mexico,North America,Omicron BA.2,5,0,5.0,85,55.0,0.0947,0.03955,1.0,0.4512,32.01,1.645
2022-05-16,Mexico,North America,Omicron BA.2,39,1,36.0,668,390.0,0.1062,0.068,10.0,0.4385,21.59,2.078
2022-05-24,Mexico,North America,Omicron BA.2,29,1,27.0,356,290.0,0.0874,0.0427,3.0,0.44,26.84,1.441
2022-06-01,Mexico,North America,Omicron BA.2,83,1,77.0,1073,830.0,0.1102,0.0355,8.0,0.4712,16.98,2.508
2022-06-05,Mexico,North America,Omicron BA.2,3,0,2.0,52,18.0,0.1816,0.0695,0.0,0.4599,36.41,1.533
2022-06-09,Mexico,North America,Omicron BA.2,25,1,23.0,401,150.0,0.1553,0.03955,3.0,0.4558,36.01,1.847
2022-06-10,Mexico,North America,Omicron BA.2,65,1,62.0,655,650.0,0.0969,0.0557,8.0,0.4544,33.38,1.463
2022-06-10,Mexico,North America,Omicron BA.2,47,1,43.0,580,423.0,0.0993,0.03955,10.0,0.486,23.8,1.501
2022-06-11,Mexico,North America,Omicron BA.2,6,0,6.0,64,36.0,0.1641,0.03955,1.0,0.4697,23.8,2.042
2022-06-13,Mexico,North America,Omicron BA.2,6,0,5.0,96,60.0,0.1012,0.03955,0.0,0.4713,10.7,2.203
2022-06-17,Mexico,North America,Omicron BA.2,21,0,19.0,379,231.0,0.0962,0.0748,6.0,0.4523,8.11,1.696
2022-06-19,Mexico,North America,Omicron BA.2,14,0,13.0,159,84.0,0.1769,0.0661,2.0,0.4674,27.68,1.75
2022-06-19,Mexico,North America,Omicron BA.2,4,0,3.0,41,32.0,0.139,0.0334,0.0,0.473,22.07,2.393
2022-06-19,Mexico,North America,Omicron BA.2,3,0,2.0,51,24.0,0.1131,0.0482,1.0,0.4702,19.45,2.136
2022-06-20,Mexico,North America,Omicron BA.2,3,0,3.0,52,30.0,0.1112,0.0378,0.0,0.4677,39.97,1.31
2022-06-24,Mexico,North America,Omicron BA.2,7,0,6.0,126,42.0,0.1737,0.075,2.0,0.4812,4.38,2.289
2022-06-24,Mexico,North America,Omicron BA.2,11,0,11.0,119,66.0,0.1713,0.0366,0.0,0.4592,15.03,2.342
2022-07-01,Mexico,North America,Omicron BA.2,6,0,6.0,88,36.0,0.1852,0.0618,1.0,0.4841,18.23,1.778
2022-07-02,Mexico,North America,Omicron BA.2,7,0,6.0,76,70.0,0.1133,0.0634,0.0,0.4782,17.85,1.821
2022-07-05,Mexico,North America,Omicron BA.2,15,0,14.0,203,105.0,0.1498,0.0589,2.0,0.4983,29.13,2.124
2022-07-06,Mexico,North America,Omicron BA.2,14,0,13.0,202,84.0,0.161,0.03955,4.0,0.4994,20.86,2.469
2022-07-11,Mexico,North America,Omicron BA.2,18,0,17.0,234,180.0,0.0836,0.0594,3.0,0.5037,18.8,2.08
2022-07-15,Mexico,North America,Omicron BA.2,9,0,8.0,143,99.0,0.1136,0.0666,2.0,0.5101,32.51,2.029
2022-07-16,Mexico,North America,Omicron BA.2,28,1,26.0,370,224.0,0.119,0.0697,6.0,0.5055,28.54,1.486
2022-07-20,Mexico,North America,Omicron BA.2,9,0,8.0,156,63.0,0.1537,0.0338,1.0,0.5064,24.79,1.926
2022-07-21,Mexico,North America,Omicron BA.2,3,0,3.0,44,21.0,0.1333,0.0708,1.0,0.5111,32.14,1.983
2022-07-23,Mexico,North America,Omicron BA.2,11,0,10.0,133,99.0,0.1105,0.0617,2.0,0.5319,10.58,1.984
2022-07-28,Mexico,North America,Omicron BA.2,93,2,87.0,1411,930.0,0.0972,0.0406,16.0,0.5126,27.19,1.849
2022-07-29,Mexico,North America,Omicron BA.2,9,0,9.0,103,72.0,0.1252,0.045,1.0,0.5063,27.09,1.815
2022-07-29,Mexico,North America,Omicron BA.2,13,0,12.0,222,104.0,0.1245,0.0718,3.0,0.5205,34.31,1.061
2022-07-29,Mexico,North America,Omicron BA.2,33,0,32.0,344,363.0,0.0906,0.0573,4.0,0.4844,34.35,1.597
2022-07-30,Mexico,North America,Omicron BA.2,32,0,30.0,517,352.0,0.0932,0.0413,3.0,0.5071,9.82,2.078
2022-07-31,Mexico,North America,Omicron BA.2,31,0,30.0,375,217.0,0.1357,0.035,3.0,0.5269,12.74,2.488
2022-08-01,Mexico,North America,Omicron BA.2,34,0,32.0,426,340.0,0.1135,0.0552,5.0,0.5028,12.74,1.674
2022-08-02,Mexico,North America,Omicron BA.2,2,0,1.0,28,18.0,0.1041,0.0421,0.0,0.5111,31.95,1.645
2022-08-03,Mexico,North America,Omicron BA.2,18,0,17.0,321,108.0,0.1717,0.0729,5.0,0.5021,17.45,1.495
2022-08-03,Mexico,North America,Omicron BA.2,2,0,2.0,22,14.0,0.1511,0.0344,0.0,0.5186,35.23,2.07
2022-08-06,Mexico,North America,Omicron BA.2,9,0,8.0,143,72.0,0.1218,0.0717,1.0,0.5163,37.44,1.635
2022-08-07,Mexico,North America,Omicron BA.2,10,0,9.0,168,80.0,0.1022,0.0387,1.0,0.5085,30.8,1.636
2022-08-07,Mexico,North America,Omicron BA.2,446,7,411.0,6896,3122.0,0.1334,0.0327,34.0,0.525,38.37,1.899
2022-08-08,Mexico,North America,Omicron BA.2,47,1,44.0,828,329.0,0.1269,0.058,12.0,0.5091,25.09,2.098
2022-08-08,Mexico,North America,Omicron BA.2,66,1,62.0,839,594.0,0.105,0.0358,9.0,0.5143,34.89,1.322
2022-08-08,Mexico,North America,Omicron BA.2,17,0,16.0,221,136.0,0.1289,0.067,3.0,0.5142,40.35,1.66
2022-08-09,Mexico,North America,Omicron BA.2,4,0,3.0,59,32.0,0.126,0.0422,0.0,0.538,29.82,1.965
2022-08-09,Mexico,North America,Omicron BA.2,10,0,9.0,120,70.0,0.1546,0.0673,2.0,0.5323,37.82,1.333
2022-08-09,Mexico,North America,Omicron BA.2,18,0,16.0,269,126.0,0.1405,0.04,2.0,0.5248,12.2,2.054
2022-08-10,Mexico,North America,Omicron BA.2,1,0,1.0,11,6.0,0.1648,0.063,0.0,0.5296,12.2,1.446
2022-08-12,Mexico,North America,Omicron BA.2,9,0,9.0,124,72.0,0.1312,0.064,2.0,0.5209,27.05,1.554
2022-08-12,Mexico,North America,Omicron BA.2,35,1,33.0,502,245.0,0.1581,0.0675,10.0,0.5172,23.14,1.85
2022-08-13,Mexico,North America,Omicron BA.2,147,3,137.0,1758,1470.0,0.0817,0.0391,15.0,0.5325,36.06,1.5
2022-08-13,Mexico,North America,Omicron BA.2,5,0,4.0,66,50.0,0.091,0.0417,1.0,0.5148,40.82,1.841
2022-08-16,Mexico,North America,Omicron BA.2,40,1,38.0,484,280.0,0.1445,0.0569,6.0,0.5091,25.87,1.574
2022-08-17,Mexico,North America,Omicron BA.2,5,0,5.0,67,30.0,0.1639,0.0699,1.0,0.545,20.07,2.345
2022-08-21,Mexico,North America,Omicron BA.2,26,0,25.0,451,234.0,0.1073,0.0614,6.0,0.5373,37.84,1.137
2022-08-22,Mexico,North America,Omicron BA.2,1,0,0.0,12,6.0,0.1724,0.03955,0.0,0.5302,33.02,1.694
2022-08-24,Mexico,North America,Omicron BA.2,2,0,1.0,22,16.0,0.1378,0.032,0.0,0.5281,6.78,2.437
2022-08-28,Mexico,North America,Omicron BA.2,7,0,6.0,119,63.0,0.1097,0.057,1.0,0.541,40.42,0.958
2022-08-28,Mexico,North America,Omicron BA.2,9,0,8.0,146,99.0,0.0989,0.0307,0.0,0.5456,40.42,2.425
2022-08-29,Mexico,North America,Omicron BA.2,119,1,111.0,2098,833.0,0.1462,0.0684,29.0,0.5466,25.78,1.242
2022-09-01,Mexico,North America,Omicron BA.2,12,0,11.0,170,120.0,0.1069,0.03955,1.0,0.5472,8.08,2.592
2022-09-04,Mexico,North America,Omicron BA.2,107,2,100.0,1134,1070.0,0.1024,0.0605,15.0,0.5433,38.4,1.471
2022-09-04,Mexico,North America,Omicron BA.2,12,0,11.0,156,84.0,0.1388,0.03955,1.0,0.5485,12.39,1.398
2022-09-05,Mexico,North America,Omicron BA.2,73,1,69.0,781,511.0,0.1387,0.0538,10.0,0.5422,41.75,1.594
2022-09-06,Mexico,North America,Omicron BA.2,77,1,73.0,903,539.0,0.1555,0.0491,10.0,0.5342,8.66,2.648
2022-09-07,Mexico,North America,Omicron BA.2,40,1,37.0,574,280.0,0.1504,0.0573,8.0,0.5594,33.86,2.052
2022-09-08,Mexico,North America,Omicron BA.2,10,0,9.0,137,110.0,0.092,0.0374,1.0,0.5622,32.48,1.081
2022-09-08,Mexico,North America,Omicron BA.2,9,0,8.0,148,63.0,0.1545,0.0649,1.0,0.5472,23.5,2.287
2022-09-09,Mexico,North America,Omicron BA.2,7,0,7.0,77,42.0,0.1892,0.0335,1.0,0.555,16.32,2.434
2022-09-10,Mexico,North America,Omicron BA.2,25,0,23.0,290,275.0,0.0942,0.0391,2.0,0.5616,13.91,2.551
2022-09-11,Mexico,North America,Omicron BA.2,67,1,63.0,736,603.0,0.1022,0.0451,8.0,0.56,19.83,2.426
2022-09-18,Mexico,North America,Omicron BA.2,126,2,118.0,1246,1008.0,0.1421,0.066,18.0,0.5392,26.73,1.298
2022-09-20,Mexico,North America,Omicron BA.2,36,0,34.0,506,396.0,0.0827,0.03955,3.0,0.5666,36.25,0.998
2022-09-20,Mexico,North America,Omicron BA.2,1,0,1.0,13,9.0,0.0966,0.0671,0.0,0.5466,39.37,1.514
2022-09-25,Mexico,North America,Omicron BA.2,79,1,75.0,857,869.0,0.0854,0.0479,6.0,0.5482,30.21,1.429
2022-10-01,Mexico,North America,Omicron BA.2,5,0,5.0,52,45.0,0.1232,0.0523,0.0,0.5692,20.82,2.32
2022-10-07,Mexico,North America,Omicron BA.2,6,0,5.0,106,60.0,0.0979,0.0359,0.0,0.568,26.43,1.812
2022-10-07,Mexico,North America,Omicron BA.2,8,0,7.0,142,88.0,0.093,0.0552,1.0,0.579,20.05,1.529
2022-10-12,Mexico,North America,Omicron BA.2,1,0,0.0,13,9.0,0.1253,0.0362,0.0,0.5908,15.7,1.645
2022-10-15,Mexico,North America,Omicron BA.2,12,0,11.0,132,96.0,0.1253,0.0666,2.0,0.5748,27.61,1.45
2022-10-15,Mexico,North America,Omicron BA.2,8,0,7.0,81,48.0,0.1778,0.0505,1.0,0.5826,26.53,1.883
2022-10-23,Mexico,North America,Omicron BA.2,184,2,174.0,1874,1288.0,0.1402,0.036,18.0,0.6009,43.07,1.645
2022-10-23,Mexico,North America,Omicron BA.2,8,0,7.0,88,72.0,0.1181,0.0518,1.0,0.5856,20.29,1.722
2022-10-23,Mexico,North America,Omicron BA.2,10,0,10.0,101,60.0,0.1645,0.057,1.0,0.5939,38.58,1.641
2022-10-25,Mexico,North America,Omicron BA.2,7,0,6.0,69,70.0,0.1031,0.0407,1.0,0.6023,26.14,1.467
2022-10-30,Mexico,North America,Omicron BA.2,7,0,6.0,76,56.0,0.1135,0.03955,1.0,0.5844,17.62,1.768
2022-10-31,Mexico,North America,Omicron BA.2,3,0,2.0,39,30.0,0.1038,0.0312,0.0,0.5975,22.41,1.344
2022-11-01,Mexico,North America,Omicron BA.2,64,1,60.0,1027,576.0,0.113,0.0443,13.0,0.574,25.87,1.902
2022-11-04,Mexico,North America,Omicron BA.2,5,0,4.0,72,45.0,0.1065,0.0646,1.0,0.6094,17.15,1.473
2022-11-06,Mexico,North America,Omicron BA.2,12,0,11.0,118,84.0,0.1291,0.0347,1.0,0.6168,10.97,1.919
2022-11-06,Mexico,North America,Omicron BA.2,7,0,7.0,68,63.0,0.1013,0.036,0.0,0.6127,31.94,1.329
2022-11-10,Mexico,North America,Omicron BA.2,1,0,1.0,11,11.0,0.0826,0.0561,0.0,0.6054,37.32,1.007
2022-11-11,Mexico,North America,Omicron BA.2,2,0,1.0,21,22.0,0.1013,0.0342,0.0,0.6116,20.18,1.862
2022-11-15,Mexico,North America,Omicron BA.2,12,0,11.0,206,96.0,0.1196,0.0487,2.0,0.6081,15.67,1.911
2022-11-15,Mexico,North America,Omicron BA.2,10,0,10.0,139,70.0,0.1361,0.0448,1.0,0.587,30.56,1.153
2022-11-17,Mexico,North America,Omicron BA.2,46,0,44.0,735,276.0,0.1518,0.0534,8.0,0.6239,32.85,1.68
2022-11-18,Mexico,North America,Omicron BA.2,5,0,4.0,83,45.0,0.122,0.0535,0.0,0.6224,31.03,1.218
2022-11-20,Mexico,North America,Omicron BA.2,10,0,10.0,142,90.0,0.1199,0.0623,2.0,0.6223,31.68,1.944
2022-11-21,Mexico,North America,Omicron BA.2,9,0,9.0,105,90.0,0.1082,0.0279,1.0,0.6132,15.66,1.645
2022-11-25,Mexico,North America,Omicron BA.2,14,0,13.0,246,126.0,0.117,0.0454,2.0,0.6224,14.46,1.875
2022-12-08,Mexico,North America,Omicron BA.2,12,0,11.0,117,72.0,0.1815,0.0352,1.0,0.6207,24.73,1.823
2022-12-12,Mexico,North America,Omicron BA.2,6,0,5.0,97,48.0,0.106,0.0278,1.0,0.6263,10.73,1.918
2022-12-26,Mexico,North America,Omicron BA.2,30,0,29.0,390,330.0,0.0718,0.0444,4.0,0.6387,34.13,1.205
2022-12-28,Mexico,North America,Omicron BA.2,76,1,71.0,757,836.0,0.1015,0.0475,5.0,0.6354,35.6,1.761
2022-12-29,Mexico,North America,Omicron BA.2,30,0,29.0,322,240.0,0.1127,0.0445,4.0,0.6427,36.74,1.341
2022-12-30,Mexico,North America,Omicron BA.2,4,0,3.0,69,36.0,0.1285,0.0443,1.0,0.668,36.66,1.73
2020-01-24,Pakistan,Asia,Original,23,0,21.0,268,44.5,0.25195,0.1243,6.0,0.0,16.96,0.428
2020-01-27,Pakistan,Asia,Original,2,0,1.0,22,10.0,0.2078,0.202,1.0,0.0,11.23,0.948
2020-01-31,Pakistan,Asia,Original,13,0,12.0,176,52.0,0.2437,0.108,3.0,0.0,14.49,0.428
2020-02-01,Pakistan,Asia,Original,231,3,216.0,2630,44.5,0.25195,0.15175,83.0,0.0,12.54,1.121
2020-02-07,Pakistan,Asia,Original,91,2,86.0,1615,364.0,0.2638,0.184,65.0,0.0,16.34,0.869
2020-02-07,Pakistan,Asia,Original,2,0,1.0,35,6.0,0.326,0.2088,1.0,0.0,16.34,0.58
2020-02-12,Pakistan,Asia,Original,38,1,36.0,372,44.5,0.25195,0.1295,11.0,0.0,15.31,0.989
2020-02-12,Pakistan,Asia,Original,3,0,2.0,39,9.0,0.3339,0.1661,1.0,0.0,7.42,0.745
2020-02-14,Pakistan,Asia,Original,4,0,3.0,43,44.5,0.25195,0.138,1.0,0.0,6.96,0.784
2020-02-16,Pakistan,Asia,Original,39,1,35.0,405,195.0,0.2031,0.176,16.0,0.0,20.23,0.82
2020-02-23,Pakistan,Asia,Original,20,0,18.0,340,100.0,0.1962,0.1947,17.0,0.0,95.49,0.4
2020-02-24,Pakistan,Asia,Original,3,0,2.0,41,44.5,0.25195,0.1403,1.0,0.0,95.49,0.4
2020-02-24,Pakistan,Asia,Original,7,0,6.0,100,21.0,0.325,0.1682,4.0,0.0,67.19,0.4
2020-02-25,Pakistan,Asia,Original,18,0,16.0,290,72.0,0.2544,0.1913,10.0,0.0,74.65,0.428
2020-02-26,Pakistan,Asia,Original,51,1,46.0,657,204.0,0.2389,0.1791,31.0,0.0,87.43,0.4
2020-03-02,Pakistan,Asia,Original,2,0,1.0,32,6.0,0.3247,0.1298,0.0,0.0,80.64,0.4
2020-03-10,Pakistan,Asia,Original,64,2,59.0,644,320.0,0.1871,0.1187,17.0,0.0,92.35,0.4
2020-03-14,Pakistan,Asia,Original,12,0,11.0,207,36.0,0.3255,0.1961,9.0,0.0,81.65,0.4
2020-03-21,Pakistan,Asia,Original,5,0,4.0,56,44.5,0.25195,0.15175,3.0,0.0,93.45,0.4
2020-03-25,Pakistan,Asia,Original,11,0,10.0,126,44.5,0.25195,0.1052,3.0,0.0,77.8,0.428
2020-03-27,Pakistan,Asia,Original,3,0,2.0,53,12.0,0.255,0.1101,1.0,0.0,85.86,0.4
2020-03-28,Pakistan,Asia,Original,23,1,20.0,381,92.0,0.2664,0.1312,11.0,0.0,72.44,0.4
2020-03-28,Pakistan,Asia,Original,36,1,32.0,631,44.5,0.25195,0.2056,35.0,0.0,67.84,0.4
2020-03-30,Pakistan,Asia,Original,95,2,88.0,1480,475.0,0.2112,0.15175,49.0,0.0,77.2,0.4
2020-04-08,Pakistan,Asia,Original,6,0,5.0,72,18.0,0.3183,0.1869,3.0,0.0,72.66,0.4
2020-04-11,Pakistan,Asia,Original,7,0,6.0,79,44.5,0.25195,0.1887,2.0,0.0,89.42,0.4
2020-04-11,Pakistan,Asia,Original,1,0,0.0,12,44.5,0.25195,0.1657,0.0,0.0,75.85,0.4
2020-04-12,Pakistan,Asia,Original,6,0,5.0,107,44.5,0.25195,0.2031,4.0,0.0,86.29,0.4
2020-04-13,Pakistan,Asia,Original,48,1,45.0,867,44.5,0.25195,0.1635,29.0,0.0,77.98,0.4
2020-04-15,Pakistan,Asia,Original,5,0,4.0,77,44.5,0.25195,0.1546,3.0,0.0,71.44,0.4
2020-04-16,Pakistan,Asia,Original,6,0,5.0,71,30.0,0.218,0.1429,2.0,0.0,71.6,0.428
2020-04-17,Pakistan,Asia,Original,4,0,3.0,62,12.0,0.3252,0.1829,2.0,0.0,65.79,0.4
2020-04-19,Pakistan,Asia,Original,30,1,28.0,324,150.0,0.1843,0.113,8.0,0.0,88.68,0.4
2020-04-21,Pakistan,Asia,Original,8,0,7.0,141,24.0,0.3391,0.1427,5.0,0.0,90.99,0.4
2020-04-23,Pakistan,Asia,Original,13,0,12.0,232,65.0,0.198,0.1285,7.0,0.0,95.19,0.4
2020-04-23,Pakistan,Asia,Original,23,1,20.0,345,44.5,0.25195,0.15175,12.0,0.0,84.53,0.4
2020-04-24,Pakistan,Asia,Original,14,0,12.0,244,42.0,0.3371,0.1347,7.0,0.0,67.8,0.4
2020-04-25,Pakistan,Asia,Original,76,1,72.0,825,380.0,0.1824,0.1003,18.0,0.0,96.25,0.428
2020-04-26,Pakistan,Asia,Original,8,0,7.0,141,44.5,0.25195,0.1324,4.0,0.0,68.98,0.419
2020-04-29,Pakistan,Asia,Original,8,0,7.0,138,44.5,0.25195,0.1658,6.0,0.0,89.19,0.428
2020-04-30,Pakistan,Asia,Original,1,0,0.0,15,3.0,0.3197,0.0989,0.0,0.0,92.05,0.4
2020-05-02,Pakistan,Asia,Original,1,0,0.0,13,5.0,0.1985,0.15175,0.0,0.0,63.24,0.4
2020-05-03,Pakistan,Asia,Original,11,0,10.0,113,44.5,0.25195,0.0931,2.0,0.0,48.94,0.428
2020-05-05,Pakistan,Asia,Original,2,0,1.0,27,44.5,0.25195,0.1334,1.0,0.0,64.81,0.4
2020-05-07,Pakistan,Asia,Original,4,0,3.0,47,44.5,0.25195,0.15175,2.0,0.0,47.39,0.681
2020-05-08,Pakistan,Asia,Original,31,0,28.0,564,155.0,0.1881,0.1938,24.0,0.0,66.8,0.401
2020-05-09,Pakistan,Asia,Original,27,1,25.0,354,81.0,0.3275,0.1698,11.0,0.0,59.13,0.4
2020-05-09,Pakistan,Asia,Original,6,0,5.0,77,24.0,0.2396,0.1125,2.0,0.0,72.67,0.4
2020-05-10,Pakistan,Asia,Original,10,0,9.0,130,44.5,0.25195,0.1384,2.0,0.0,65.67,0.436
2020-05-13,Pakistan,Asia,Original,66,2,63.0,688,198.0,0.3315,0.15175,23.0,0.0,65.67,0.568
2020-05-15,Pakistan,Asia,Original,23,0,21.0,340,92.0,0.2616,0.107,5.0,0.0,66.33,0.463
2020-05-15,Pakistan,Asia,Original,4,0,3.0,51,16.0,0.2418,0.128,1.0,0.0,50.67,0.563
2020-05-16,Pakistan,Asia,Original,234,0,16.0,287,54.0,0.334,0.0987,5.0,0.0,62.89,0.401
2020-05-18,Pakistan,Asia,Original,7,0,6.0,100,44.5,0.25195,0.207,4.0,0.0,62.89,0.4
2020-05-18,Pakistan,Asia,Original,7,0,6.0,87,21.0,0.3397,0.2058,4.0,0.0,54.47,0.414
2020-05-20,Pakistan,Asia,Original,5,0,4.0,60,44.5,0.25195,0.105,1.0,0.0,50.08,0.481
2020-05-20,Pakistan,Asia,Original,39,1,36.0,529,156.0,0.2437,0.1748,19.0,0.0,54.07,0.487
2020-05-25,Pakistan,Asia,Original,4,0,3.0,65,44.5,0.25195,0.2057,2.0,0.0,60.6,0.4
2020-05-27,Pakistan,Asia,Original,41,1,37.0,479,205.0,0.229,0.1789,23.0,0.0,56.33,0.4
2020-05-30,Pakistan,Asia,Original,2,0,1.0,27,6.0,0.3273,0.1491,1.0,0.0,51.99,0.452
2020-05-31,Pakistan,Asia,Original,1,0,0.0,17,4.0,0.2535,0.1016,0.0,0.0,62.12,0.428
2020-05-31,Pakistan,Asia,Original,4,0,3.0,69,12.0,0.3374,0.11,2.0,0.0,59.87,0.489
2020-06-02,Pakistan,Asia,Original,15,0,14.0,256,60.0,0.2519,0.1648,9.0,0.0,55.3,0.519
2020-06-07,Pakistan,Asia,Original,21,1,19.0,223,84.0,0.2613,0.1406,5.0,0.0,63.37,0.4
2020-06-09,Pakistan,Asia,Original,2,0,1.0,29,8.0,0.2599,0.15175,0.0,0.0,72.36,0.4
2020-06-10,Pakistan,Asia,Original,3,0,2.0,34,15.0,0.1915,0.1002,1.0,0.0,46.7,0.432
2020-06-12,Pakistan,Asia,Original,22,0,20.0,244,66.0,0.3447,0.15175,9.0,0.0,56.47,0.4
2020-06-15,Pakistan,Asia,Original,5,0,4.0,86,25.0,0.2063,0.1161,1.0,0.0,53.36,0.4
2020-06-15,Pakistan,Asia,Original,11,0,10.0,178,44.0,0.2527,0.1269,5.0,0.0,70.76,0.4
2020-06-16,Pakistan,Asia,Original,3,0,2.0,34,15.0,0.193,0.1528,1.0,0.0,51.17,0.639
2020-06-17,Pakistan,Asia,Original,9,0,8.0,118,36.0,0.2437,0.1815,3.0,0.0,67.49,0.4
2020-06-20,Pakistan,Asia,Original,5,0,4.0,86,20.0,0.252,0.0928,1.0,0.0,49.88,0.407
2020-06-22,Pakistan,Asia,Original,13,0,12.0,208,52.0,0.2401,0.099,5.0,0.0,51.29,0.4
2020-06-25,Pakistan,Asia,Original,12,0,11.0,210,60.0,0.1939,0.0969,6.0,0.0,60.21,0.442
2020-06-28,Pakistan,Asia,Original,3,0,2.0,31,12.0,0.2321,0.1892,0.0,0.0,70.8,0.4
2020-07-01,Pakistan,Asia,Original,50,1,46.0,651,200.0,0.2459,0.1332,21.0,0.0,48.59,0.4
2020-07-02,Pakistan,Asia,Original,3,0,2.0,51,9.0,0.325,0.159,1.0,0.0,64.1,0.428
2020-07-05,Pakistan,Asia,Original,14,0,13.0,207,56.0,0.2639,0.1644,7.0,0.0,71.34,0.4
2020-07-06,Pakistan,Asia,Original,5,0,4.0,83,20.0,0.257,0.0971,2.0,0.0,66.89,0.4
2020-07-13,Pakistan,Asia,Original,35,1,33.0,485,140.0,0.2443,0.1496,12.0,0.0,52.87,0.462
2020-07-13,Pakistan,Asia,Original,29,0,26.0,423,116.0,0.2379,0.1592,19.0,0.0,67.59,0.4
2020-07-16,Pakistan,Asia,Original,1,0,0.0,10,5.0,0.2056,0.15175,0.0,0.0,43.0,0.519
2020-07-18,Pakistan,Asia,Original,4,0,3.0,67,12.0,0.3489,0.1561,3.0,0.0,51.36,0.54
2020-07-20,Pakistan,Asia,Original,1,0,0.0,15,3.0,0.3186,0.1262,0.0,0.0,57.83,0.421
2020-07-21,Pakistan,Asia,Original,9,0,8.0,98,36.0,0.2538,0.1276,3.0,0.0,57.83,0.4
2020-07-22,Pakistan,Asia,Original,27,1,25.0,418,81.0,0.3379,0.1388,12.0,0.0,72.83,0.4
2020-07-28,Pakistan,Asia,Original,3,0,2.0,41,15.0,0.1947,0.1037,1.0,0.0,50.35,0.486
2020-08-01,Pakistan,Asia,Original,41,1,37.0,579,205.0,0.2196,0.183,23.0,0.0,73.7,0.4
2020-08-05,Pakistan,Asia,Original,35,1,33.0,351,140.0,0.2313,0.1008,9.0,0.0,43.69,0.428
2020-08-06,Pakistan,Asia,Original,33,1,30.0,519,165.0,0.2265,0.1668,14.0,0.0,54.17,0.622
2020-08-08,Pakistan,Asia,Original,90,3,81.0,943,360.0,0.2478,0.1289,26.0,0.0,50.92,0.401
2020-08-13,Pakistan,Asia,Original,6,0,5.0,86,30.0,0.1963,0.1403,3.0,0.0,34.27,0.428
2020-08-16,Pakistan,Asia,Original,29,1,27.0,369,145.0,0.1938,0.15175,20.0,0.0,58.52,0.455
2020-08-16,Pakistan,Asia,Original,38,1,35.0,467,114.0,0.3359,0.1029,11.0,0.0,50.66,0.638
2020-08-17,Pakistan,Asia,Original,23,1,21.0,239,92.0,0.254,0.1719,9.0,0.0,40.27,0.428
2020-08-19,Pakistan,Asia,Original,9,0,8.0,149,36.0,0.247,0.1381,5.0,0.0,41.8,0.756
2020-08-24,Pakistan,Asia,Original,10,0,9.0,166,40.0,0.2546,0.1257,5.0,0.0,45.58,0.698
2020-08-26,Pakistan,Asia,Original,22,0,20.0,321,66.0,0.3371,0.1744,12.0,0.0,55.31,0.538
2020-08-31,Pakistan,Asia,Original,1,0,0.0,15,3.0,0.3465,0.1824,0.0,0.0,45.04,0.582
2020-09-05,Pakistan,Asia,Original,43,1,40.0,779,172.0,0.2483,0.15175,19.0,0.0,59.85,0.483
2020-09-08,Pakistan,Asia,Original,72,0,8.0,112,45.0,0.1974,0.1053,2.0,0.0,41.28,0.459
2020-09-10,Pakistan,Asia,Original,29,1,26.0,369,116.0,0.2465,0.154,13.0,0.0,62.76,0.4
2020-09-12,Pakistan,Asia,Original,35,1,32.0,528,105.0,0.3221,0.2037,17.0,0.0,53.51,0.636
2020-09-13,Pakistan,Asia,Original,17,0,16.0,203,85.0,0.2138,0.1278,7.0,0.0,53.51,0.422
2020-09-15,Pakistan,Asia,Original,11,0,10.0,154,44.0,0.2553,0.1762,6.0,0.0,39.41,0.428
2020-09-16,Pakistan,Asia,Original,1,0,0.0,14,5.0,0.1839,0.1968,0.0,0.0,55.34,0.4
2020-09-22,Pakistan,Asia,Original,2,0,1.0,33,6.0,0.3388,0.1699,1.0,0.0,55.34,0.442
2020-09-23,Pakistan,Asia,Original,50,1,47.0,657,250.0,0.2081,0.169,20.0,0.0,55.34,0.771
2020-09-24,Pakistan,Asia,Original,59,1,54.0,1050,236.0,0.2719,0.1137,28.0,0.0,39.39,0.551
2020-09-25,Pakistan,Asia,Original,29,1,27.0,317,116.0,0.2658,0.1534,11.0,0.0,52.67,0.562
2020-09-25,Pakistan,Asia,Original,15,0,14.0,175,60.0,0.2521,0.15175,6.0,0.0,46.99,0.601
2020-09-27,Pakistan,Asia,Original,1,0,0.0,17,5.0,0.2107,0.2016,0.0,0.0,40.72,0.647
2020-09-29,Pakistan,Asia,Original,100,2,91.0,1420,500.0,0.1894,0.0912,22.0,0.0,46.56,0.4
2020-10-04,Pakistan,Asia,Original,3,0,2.0,34,15.0,0.2107,0.1452,1.0,0.0,51.03,0.471
2020-10-07,Pakistan,Asia,Original,2,0,1.0,31,8.0,0.2537,0.1965,1.0,0.0,51.03,0.494
2020-10-08,Pakistan,Asia,Original,2,0,1.0,32,8.0,0.2526,0.1836,1.0,0.0,55.29,0.486
2020-10-19,Pakistan,Asia,Original,83,2,77.0,1363,415.0,0.1994,0.1534,39.0,0.0,55.54,0.618
2020-10-20,Pakistan,Asia,Original,23,1,21.0,303,69.0,0.353,0.1398,8.0,0.0,53.36,0.533
2020-10-21,Pakistan,Asia,Original,1,0,0.0,10,3.0,0.333,0.1225,0.0,0.0,39.31,0.565
2020-10-22,Pakistan,Asia,Original,42,1,38.0,617,210.0,0.2006,0.1557,21.0,0.0,41.02,0.676
2020-10-23,Pakistan,Asia,Original,4,0,3.0,69,20.0,0.1954,0.1481,2.0,0.0,55.91,0.568
2020-10-24,Pakistan,Asia,Original,3,0,2.0,42,12.0,0.2299,0.1635,1.0,0.0,39.91,0.428
2020-10-26,Pakistan,Asia,Original,3,0,2.0,31,12.0,0.2583,0.0997,0.0,0.0,57.22,0.479
2020-10-30,Pakistan,Asia,Alpha,2,0,1.0,20,10.0,0.2017,0.2078,0.0,0.0,56.56,0.439
2020-11-02,Pakistan,Asia,Alpha,6,0,5.0,98,18.0,0.3436,0.1456,4.0,0.0,56.06,0.512
2020-11-09,Pakistan,Asia,Original,6,0,5.0,68,24.0,0.2452,0.0929,1.0,0.0,58.52,0.403
2020-11-17,Pakistan,Asia,Original,15,0,14.0,200,45.0,0.3349,0.1077,3.0,0.0,52.28,0.4
2020-11-18,Pakistan,Asia,Alpha,7,0,6.0,82,28.0,0.2513,0.1685,2.0,0.0,52.28,0.89
2020-11-20,Pakistan,Asia,Alpha,59,2,53.0,612,295.0,0.2002,0.1653,20.0,0.0,42.65,0.907
2020-11-22,Pakistan,Asia,Alpha,6,0,5.0,91,18.0,0.335,0.1347,3.0,0.0,42.65,0.493
2020-11-26,Pakistan,Asia,Alpha,30,1,27.0,402,150.0,0.2181,0.1367,11.0,0.0,58.77,0.739
2020-11-30,Pakistan,Asia,Alpha,44,1,41.0,780,176.0,0.2624,0.1565,27.0,0.0,51.87,0.525
2020-11-30,Pakistan,Asia,Alpha,27,1,24.0,304,135.0,0.1945,0.1055,7.0,0.0,52.79,0.524
2020-12-04,Pakistan,Asia,Alpha,5,0,4.0,86,15.0,0.3187,0.16425,4.0,0.0,42.31,0.809
2020-12-08,Pakistan,Asia,Alpha,2,0,1.0,23,10.0,0.204,0.0998,0.0,0.0,73.24,0.4
2020-12-10,Pakistan,Asia,Alpha,102,3,92.0,1732,408.0,0.2323,0.1036,39.0,0.0,57.86,0.488
2020-12-15,Pakistan,Asia,Alpha,3,0,2.0,51,12.0,0.2466,0.16425,2.0,0.0,74.43,0.463
2020-12-16,Pakistan,Asia,Alpha,97,2,90.0,1466,388.0,0.2387,0.2145,69.0,0.0,60.32,0.493
2020-12-17,Pakistan,Asia,Alpha,26,1,24.0,346,130.0,0.1959,0.1465,8.0,0.0,50.85,0.493
2020-12-18,Pakistan,Asia,Alpha,37,1,35.0,496,148.0,0.2419,0.1219,12.0,0.0,58.28,0.645
2020-12-21,Pakistan,Asia,Alpha,16,0,15.0,188,48.0,0.3265,0.16425,7.0,0.0,49.39,0.559
2020-12-23,Pakistan,Asia,Alpha,12,0,11.0,172,60.0,0.2017,0.214,10.0,0.0,65.56,0.426
2020-12-26,Pakistan,Asia,Alpha,24,1,22.0,289,120.0,0.2046,0.1221,5.0,0.0,69.75,0.4
2020-12-28,Pakistan,Asia,Alpha,3,0,2.0,34,15.0,0.2059,0.2064,1.0,0.0,69.92,0.539
2020-12-28,Pakistan,Asia,Alpha,30,1,27.0,473,150.0,0.2025,0.1615,19.0,0.0,52.69,0.833
2020-12-28,Pakistan,Asia,Alpha,10,0,9.0,165,30.0,0.3224,0.146,5.0,0.0,53.68,0.629
2020-12-29,Pakistan,Asia,Alpha,48,1,44.0,484,192.0,0.246,0.1306,16.0,0.0,55.92,0.683
2020-12-31,Pakistan,Asia,Alpha,3,0,2.0,37,15.0,0.1903,0.1264,1.0,0.0,76.74,0.412
2021-01-03,Pakistan,Asia,Alpha,8,0,7.0,137,32.0,0.2485,0.1701,6.0,0.0,64.66,0.493
2021-01-03,Pakistan,Asia,Alpha,3,0,2.0,36,9.0,0.3281,0.1082,0.0,0.0,65.18,0.452
2021-01-06,Pakistan,Asia,Alpha,111,4,99.0,1468,555.0,0.199,0.1648,53.0,0.0133,67.07,0.453
2021-01-09,Pakistan,Asia,Alpha,2,0,1.0,26,8.0,0.2377,0.1809,1.0,0.0071,69.12,0.4
2021-01-11,Pakistan,Asia,Alpha,83,3,78.0,983,332.0,0.2423,0.16425,36.0,0.0,53.66,0.647
2021-01-20,Pakistan,Asia,Alpha,26,1,24.0,313,78.0,0.3294,0.161,8.0,0.0,72.62,0.4
2021-01-20,Pakistan,Asia,Alpha,5,0,4.0,86,15.0,0.3354,0.16425,3.0,0.0,74.15,0.4
2021-01-20,Pakistan,Asia,Alpha,46,2,42.0,759,230.0,0.2122,0.1891,29.0,0.0,55.96,0.493
2021-01-23,Pakistan,Asia,Alpha,14,0,13.0,240,70.0,0.2094,0.1617,9.0,0.0,76.13,0.4
2021-01-23,Pakistan,Asia,Alpha,11,0,10.0,116,44.0,0.258,0.1751,4.0,0.0143,74.31,0.456
2021-01-24,Pakistan,Asia,Alpha,21,1,19.0,341,63.0,0.3508,0.1089,8.0,0.0021,63.68,0.601
2021-01-28,Pakistan,Asia,Alpha,9,0,8.0,106,27.0,0.3365,0.1491,3.0,0.0021,53.39,0.717
2021-01-30,Pakistan,Asia,Alpha,7,0,6.0,104,35.0,0.2041,0.1772,4.0,0.0096,50.74,0.617
2021-02-02,Pakistan,Asia,Alpha,14,0,12.0,168,70.0,0.2096,0.2028,7.0,0.0096,52.41,0.438
2021-02-03,Pakistan,Asia,Alpha,236,6,224.0,3255,1180.0,0.2071,0.1159,83.0,0.0225,65.97,0.4
2021-02-06,Pakistan,Asia,Alpha,137,3,127.0,1833,548.0,0.2654,0.1391,41.0,0.0159,61.49,0.486
2021-02-06,Pakistan,Asia,Alpha,6,0,5.0,100,18.0,0.3273,0.1892,4.0,0.0159,79.21,0.4
2021-02-06,Pakistan,Asia,Alpha,108,4,99.0,1675,540.0,0.1931,0.1909,49.0,0.0068,82.07,0.4
2021-02-07,Pakistan,Asia,Alpha,1,0,0.0,17,3.0,0.3473,0.16,0.0,0.0068,62.61,0.662
2021-02-13,Pakistan,Asia,Alpha,12,0,11.0,184,36.0,0.3392,0.2059,9.0,0.0231,50.57,0.64
2021-02-14,Pakistan,Asia,Alpha,5,0,4.0,67,15.0,0.3279,0.1272,1.0,0.0172,67.8,0.4
2021-02-26,Pakistan,Asia,Alpha,3,0,2.0,39,15.0,0.1972,0.1788,2.0,0.0172,74.18,0.4
2021-02-27,Pakistan,Asia,Alpha,1,0,0.0,11,3.0,0.3482,0.1299,0.0,0.0078,64.07,0.493
2021-03-03,Pakistan,Asia,Alpha,11,0,10.0,160,44.0,0.2417,0.2055,7.0,0.0078,62.49,0.67
2021-03-05,Pakistan,Asia,Alpha,3,0,2.0,39,15.0,0.1926,0.1664,1.0,0.0591,66.09,0.541
2021-03-08,Pakistan,Asia,Alpha,24,0,22.0,318,120.0,0.2103,0.1088,8.0,0.0349,54.92,0.493
2021-03-13,Pakistan,Asia,Alpha,12,0,11.0,157,36.0,0.3402,0.221,8.0,0.0349,67.68,0.575
2021-03-15,Pakistan,Asia,Alpha,87,2,81.0,894,348.0,0.259,0.2067,31.0,0.0552,59.2,0.422
2021-03-15,Pakistan,Asia,Alpha,38,1,34.0,421,190.0,0.1904,0.1445,10.0,0.0174,46.61,0.493
2021-03-17,Pakistan,Asia,Delta,1,0,0.0,12,4.0,0.2582,0.2336,0.0,0.0371,62.78,0.581
2021-03-17,Pakistan,Asia,Alpha,36,1,33.0,605,180.0,0.1956,0.1056,14.0,0.0403,81.45,0.4
2021-03-20,Pakistan,Asia,Alpha,16,0,14.0,290,80.0,0.1996,0.2241,10.0,0.0414,68.74,0.549
2021-03-21,Pakistan,Asia,Delta,15,0,14.0,227,75.0,0.1999,0.16665000000000002,7.0,0.0308,58.3,0.923
2021-03-26,Pakistan,Asia,Delta,20,1,18.0,363,100.0,0.2006,0.1988,12.0,0.0323,62.82,0.791
2021-03-28,Pakistan,Asia,Delta,42,1,38.0,683,210.0,0.1922,0.16665000000000002,31.0,0.0319,61.67,0.874
2021-03-30,Pakistan,Asia,Delta,18,0,16.0,271,54.0,0.3292,0.1209,7.0,0.037,59.94,0.641
2021-04-07,Pakistan,Asia,Delta,9,0,8.0,128,45.0,0.1937,0.1496,4.0,0.0504,73.46,0.436
2021-04-08,Pakistan,Asia,Delta,59,2,53.0,741,177.0,0.3536,0.2235,30.0,0.0504,81.48,0.4
2021-04-08,Pakistan,Asia,Delta,3,0,2.0,39,15.0,0.2107,0.1777,2.0,0.0442,52.09,0.611
2021-04-13,Pakistan,Asia,Delta,8,0,7.0,107,24.0,0.3238,0.1266,3.0,0.052,61.22,0.577
2021-04-14,Pakistan,Asia,Alpha,14,0,13.0,248,42.0,0.3486,0.1987,7.0,0.0727,63.12,0.4
2021-04-17,Pakistan,Asia,Delta,15,0,13.0,262,60.0,0.2399,0.16665000000000002,9.0,0.0476,73.89,0.416
2021-04-17,Pakistan,Asia,Delta,34,1,32.0,548,136.0,0.2476,0.2027,32.0,0.0551,56.14,1.016
2021-04-18,Pakistan,Asia,Delta,17,1,15.0,286,85.0,0.1906,0.2575,16.0,0.0338,71.03,0.466
2021-04-19,Pakistan,Asia,Delta,100,4,90.0,1783,500.0,0.1931,0.116,46.0,0.0338,80.37,0.459
2021-04-23,Pakistan,Asia,Delta,33,1,31.0,350,132.0,0.2439,0.1507,8.0,0.076,64.75,0.68
2021-04-24,Pakistan,Asia,Delta,96,2,88.0,985,384.0,0.2348,0.1325,30.0,0.076,79.46,0.502
2021-04-25,Pakistan,Asia,Delta,46,1,42.0,493,184.0,0.2572,0.2022,22.0,0.0696,79.46,0.742
2021-04-25,Pakistan,Asia,Delta,104,0,94.0,1538,520.0,0.198,0.1982,67.0,0.0604,70.62,0.4
2021-04-26,Pakistan,Asia,Delta,4,0,3.0,48,16.0,0.2405,0.2593,2.0,0.0674,68.0,0.414
2021-04-28,Pakistan,Asia,Delta,13,0,12.0,185,52.0,0.2259,0.1594,6.0,0.0328,73.46,0.443
2021-04-30,Pakistan,Asia,Delta,3,0,2.0,40,9.0,0.3389,0.1648,1.0,0.0481,79.81,0.4
2021-04-30,Pakistan,Asia,Delta,3,0,2.0,53,12.0,0.2494,0.2366,3.0,0.0545,62.0,0.864
2021-05-02,Pakistan,Asia,Delta,13,1,12.0,158,52.0,0.243,0.1961,8.0,0.0578,83.52,0.4
2021-05-06,Pakistan,Asia,Delta,50,2,45.0,623,150.0,0.3327,0.255,32.0,0.0754,79.67,0.4
2021-05-07,Pakistan,Asia,Delta,3,0,2.0,46,12.0,0.2465,0.2397,3.0,0.0568,82.03,0.4
2021-05-08,Pakistan,Asia,Delta,14,0,13.0,153,56.0,0.2461,0.16665000000000002,6.0,0.0688,86.59,0.4
2021-05-09,Pakistan,Asia,Delta,1,0,0.0,17,3.0,0.3398,0.123,0.0,0.0688,69.6,0.731
2021-05-11,Pakistan,Asia,Delta,161,3,151.0,2499,483.0,0.3466,0.208,138.0,0.0602,68.14,0.531
2021-05-12,Pakistan,Asia,Delta,83,3,78.0,1067,249.0,0.3259,0.2556,60.0,0.0596,72.68,0.62
2021-05-14,Pakistan,Asia,Delta,66,1,61.0,754,330.0,0.198,0.157,26.0,0.0624,79.57,0.4
2021-05-19,Pakistan,Asia,Delta,35,1,32.0,406,140.0,0.2514,0.16665000000000002,26.0,0.0594,64.66,0.796
2021-05-20,Pakistan,Asia,Delta,6,0,5.0,83,30.0,0.2031,0.16665000000000002,2.0,0.078,68.27,0.657
2021-05-22,Pakistan,Asia,Delta,12,0,11.0,144,48.0,0.2409,0.1579,6.0,0.0761,63.17,0.755
2021-05-25,Pakistan,Asia,Delta,40,1,38.0,556,160.0,0.234,0.1896,29.0,0.0637,81.72,0.4
2021-05-28,Pakistan,Asia,Delta,6,0,5.0,107,24.0,0.239,0.2005,5.0,0.0637,84.18,0.4
2021-05-29,Pakistan,Asia,Delta,6,0,5.0,85,30.0,0.1996,0.2115,4.0,0.0807,72.3,0.581
2021-06-01,Pakistan,Asia,Delta,1,0,0.0,10,4.0,0.2516,0.16665000000000002,0.0,0.0812,79.72,0.4
2021-06-04,Pakistan,Asia,Delta,1,0,0.0,11,3.0,0.3086,0.1821,0.0,0.0632,83.85,0.4
2021-06-04,Pakistan,Asia,Delta,4,0,3.0,71,12.0,0.3481,0.1205,2.0,0.0831,67.99,0.58
2021-06-04,Pakistan,Asia,Delta,59,1,56.0,1002,236.0,0.2403,0.1583,35.0,0.0844,86.2,0.4
2021-06-07,Pakistan,Asia,Delta,328,8,301.0,3937,984.0,0.3404,0.1257,109.0,0.0824,57.83,0.876
2021-06-09,Pakistan,Asia,Delta,25,1,22.0,289,125.0,0.2123,0.16665000000000002,12.0,0.0812,81.13,0.4
2021-06-10,Pakistan,Asia,Delta,34,1,31.0,345,136.0,0.2394,0.2528,19.0,0.0819,58.33,0.934
2021-06-11,Pakistan,Asia,Delta,30,1,27.0,394,90.0,0.3221,0.2508,22.0,0.0869,68.72,0.545
2021-06-14,Pakistan,Asia,Delta,58,1,53.0,1024,290.0,0.1899,0.1124,25.0,0.0814,89.41,0.4
2021-06-14,Pakistan,Asia,Delta,30,1,27.0,299,120.0,0.265,0.1551,12.0,0.0828,65.74,0.671
2021-06-18,Pakistan,Asia,Delta,3,0,2.0,41,9.0,0.3287,0.16665000000000002,2.0,0.09,61.3,0.568
2021-06-22,Pakistan,Asia,Delta,21,1,18.0,276,105.0,0.1939,0.1202,7.0,0.0771,77.84,0.4
2021-06-23,Pakistan,Asia,Delta,30,1,27.0,512,120.0,0.2595,0.2252,25.0,0.0826,74.22,0.546
2021-06-24,Pakistan,Asia,Delta,448,1,25.0,314,112.0,0.2361,0.2084,16.0,0.0792,68.83,0.721
2021-06-26,Pakistan,Asia,Delta,8,0,7.0,96,40.0,0.1788,0.1677,4.0,0.0983,60.72,0.581
2021-07-03,Pakistan,Asia,Delta,31,1,29.0,381,155.0,0.188,0.1166,11.0,0.0826,74.9,0.527
2021-07-03,Pakistan,Asia,Delta,14,0,12.0,144,42.0,0.3338,0.1683,3.0,0.0875,70.52,0.419
2021-07-07,Pakistan,Asia,Delta,4,0,3.0,47,16.0,0.2494,0.16665000000000002,0.0,0.087,71.8,0.408
2021-07-12,Pakistan,Asia,Delta,9,0,8.0,144,45.0,0.2,0.1207,3.0,0.1044,60.57,0.582
2021-07-12,Pakistan,Asia,Delta,3,0,2.0,29,12.0,0.2423,0.1838,1.0,0.1051,58.03,0.687
2021-07-13,Pakistan,Asia,Delta,413,9,384.0,6342,1652.0,0.2406,0.2494,298.0,0.0975,78.97,0.448
2021-07-13,Pakistan,Asia,Delta,39,1,37.0,696,117.0,0.3349,0.2343,41.0,0.0935,70.98,0.436
2021-07-15,Pakistan,Asia,Delta,392,16,365.0,5545,1960.0,0.1736,0.2446,218.0,0.0846,73.29,0.634
2021-07-17,Pakistan,Asia,Delta,16,0,15.0,272,64.0,0.2519,0.2053,16.0,0.1028,81.0,0.4
2021-07-19,Pakistan,Asia,Delta,47,1,43.0,594,188.0,0.2503,0.16665000000000002,22.0,0.0853,78.62,0.4
2021-07-19,Pakistan,Asia,Delta,8,0,7.0,115,24.0,0.3253,0.1433,4.0,0.0986,63.37,0.557
2021-07-24,Pakistan,Asia,Delta,34,1,31.0,458,136.0,0.2546,0.16665000000000002,32.0,0.0936,61.33,0.879
2021-07-26,Pakistan,Asia,Delta,34,1,32.0,505,136.0,0.2482,0.2084,28.0,0.0962,61.33,0.587
2021-07-28,Pakistan,Asia,Delta,21,1,18.0,255,84.0,0.2452,0.1586,10.0,0.1098,61.33,0.833
2021-07-31,Pakistan,Asia,Delta,4,0,3.0,52,20.0,0.1947,0.2351,3.0,0.1042,55.55,0.992
2021-08-01,Pakistan,Asia,Delta,5,0,4.0,87,20.0,0.2705,0.2136,4.0,0.106,70.32,0.4
2021-08-02,Pakistan,Asia,Delta,56,2,52.0,825,224.0,0.2492,0.15,20.0,0.106,80.01,0.4
2021-08-02,Pakistan,Asia,Delta,67,2,63.0,1110,268.0,0.2558,0.1592,40.0,0.0974,85.33,0.4
2021-08-05,Pakistan,Asia,Delta,140,4,130.0,2155,700.0,0.1999,0.16665000000000002,81.0,0.0974,85.33,1.073
2021-08-08,Pakistan,Asia,Delta,40,1,37.0,726,160.0,0.25,0.2125,34.0,0.1062,59.23,0.799
2021-08-09,Pakistan,Asia,Delta,5,0,4.0,84,15.0,0.3598,0.1995,4.0,0.1026,60.34,0.506
2021-08-13,Pakistan,Asia,Delta,123,3,115.0,1870,492.0,0.251,0.1591,57.0,0.1281,44.15,1.127
2021-08-15,Pakistan,Asia,Delta,76,3,69.0,766,228.0,0.3342,0.1591,32.0,0.098,44.15,0.617
2021-08-20,Pakistan,Asia,Delta,27,1,24.0,271,81.0,0.3298,0.1661,10.0,0.0961,42.91,0.938
2021-08-23,Pakistan,Asia,Delta,28,1,25.0,505,112.0,0.2536,0.1929,21.0,0.1132,47.44,0.928
2021-08-24,Pakistan,Asia,Delta,40,1,37.0,587,120.0,0.3314,0.1172,15.0,0.1212,68.52,0.634
2021-08-28,Pakistan,Asia,Delta,674,17,613.0,7819,2696.0,0.2467,0.1897,326.0,0.1151,48.61,0.73
2021-08-31,Pakistan,Asia,Delta,16,1,14.0,183,64.0,0.2412,0.1482,5.0,0.1196,62.39,0.68
2021-09-01,Pakistan,Asia,Delta,6,0,5.0,107,24.0,0.2554,0.1359,3.0,0.1048,49.36,0.808
2021-09-04,Pakistan,Asia,Delta,8,0,7.0,139,24.0,0.3137,0.2233,7.0,0.1226,56.98,0.887
2021-09-05,Pakistan,Asia,Delta,20,0,18.0,219,60.0,0.3401,0.1986,7.0,0.1314,69.61,0.467
2021-09-11,Pakistan,Asia,Delta,31,1,29.0,538,93.0,0.3341,0.1169,14.0,0.1314,69.61,1.221
2021-09-11,Pakistan,Asia,Delta,33,1,31.0,564,165.0,0.1995,0.2184,32.0,0.133,51.16,0.849
2021-09-11,Pakistan,Asia,Delta,12,0,10.0,190,60.0,0.1983,0.1278,7.0,0.133,48.33,1.084
2021-09-13,Pakistan,Asia,Delta,56,1,51.0,613,280.0,0.2023,0.1935,26.0,0.1437,61.89,0.581
2021-09-16,Pakistan,Asia,Delta,9,0,8.0,110,27.0,0.3281,0.1665,4.0,0.1374,70.25,0.581
2021-09-17,Pakistan,Asia,Delta,8,0,7.0,117,40.0,0.1981,0.16665000000000002,3.0,0.1374,49.81,0.94
2021-09-18,Pakistan,Asia,Delta,2,0,1.0,31,10.0,0.2113,0.1617,1.0,0.1146,48.52,1.069
2021-09-20,Pakistan,Asia,Delta,37,1,34.0,668,148.0,0.2475,0.16665000000000002,26.0,0.1146,70.61,0.416
2021-09-23,Pakistan,Asia,Delta,8,0,7.0,88,32.0,0.2447,0.1632,3.0,0.1459,51.75,0.627
2021-09-23,Pakistan,Asia,Delta,10,0,9.0,153,50.0,0.1951,0.2338,7.0,0.1459,51.91,0.697
2021-09-26,Pakistan,Asia,Delta,91,2,83.0,1089,364.0,0.2382,0.2161,56.0,0.1291,66.2,0.605
2021-09-27,Pakistan,Asia,Delta,36,1,32.0,457,180.0,0.1816,0.1696,16.0,0.1291,68.58,0.4
2021-09-28,Pakistan,Asia,Delta,5,0,4.0,57,25.0,0.2159,0.1446,1.0,0.1379,59.56,0.914
2021-09-29,Pakistan,Asia,Delta,49,1,44.0,498,147.0,0.3331,0.2368,21.0,0.1323,40.22,0.972
2021-09-29,Pakistan,Asia,Delta,12,0,10.0,174,36.0,0.3382,0.1682,8.0,0.1221,40.6,1.231
2021-10-03,Pakistan,Asia,Omicron,12,0,11.0,180,60.0,0.1969,0.0639,3.0,0.1238,60.04,0.828
2021-10-07,Pakistan,Asia,Omicron,12,0,11.0,145,48.0,0.2749,0.1053,4.0,0.1238,60.04,1.332
2021-10-13,Pakistan,Asia,Omicron,1,0,0.0,12,3.0,0.3201,0.1076,0.0,0.1238,48.61,0.866
2021-10-16,Pakistan,Asia,Delta,52,1,47.0,519,260.0,0.2051,0.1948,30.0,0.1238,47.52,0.844
2021-10-18,Pakistan,Asia,Delta,47,1,42.0,586,188.0,0.2524,0.1716,17.0,0.1533,51.09,0.914
2021-10-19,Pakistan,Asia,Delta,54,2,50.0,536,216.0,0.2477,0.16665000000000002,22.0,0.1389,72.34,0.453
2021-10-21,Pakistan,Asia,Omicron,15,0,13.0,154,60.0,0.2574,0.0511,2.0,0.1389,72.34,1.022
2021-10-21,Pakistan,Asia,Delta,15,0,14.0,227,75.0,0.2135,0.202,11.0,0.1488,65.13,0.789
2021-10-22,Pakistan,Asia,Omicron,10,0,9.0,159,30.0,0.3553,0.06584999999999999,2.0,0.1478,37.74,1.611
2021-10-25,Pakistan,Asia,Delta,4,0,3.0,55,12.0,0.3435,0.16665000000000002,2.0,0.1518,65.25,0.462
2021-10-29,Pakistan,Asia,Omicron,66,1,62.0,949,330.0,0.214,0.1122,21.0,0.1424,55.48,0.842
2021-10-31,Pakistan,Asia,Omicron,4,0,3.0,39,12.0,0.3264,0.0904,0.0,0.1561,55.99,1.028
2021-10-31,Pakistan,Asia,Omicron,19,0,18.0,307,57.0,0.3459,0.1007,7.0,0.149,53.83,0.974
2021-11-03,Pakistan,Asia,Delta,1,0,0.0,11,5.0,0.2085,0.1767,0.0,0.149,60.79,0.836
2021-11-07,Pakistan,Asia,Omicron,19,0,17.0,259,57.0,0.3319,0.0945,3.0,0.1524,36.6,1.617
2021-11-08,Pakistan,Asia,Omicron,28,1,26.0,418,112.0,0.253,0.0921,8.0,0.1206,63.97,1.017
2021-11-11,Pakistan,Asia,Omicron,37,0,35.0,473,111.0,0.3282,0.0635,4.0,0.1206,41.49,1.2415
2021-11-15,Pakistan,Asia,Omicron,19,0,17.0,208,57.0,0.3326,0.107,4.0,0.1358,43.73,1.542
2021-11-17,Pakistan,Asia,Omicron,6,0,5.0,66,24.0,0.2471,0.06584999999999999,1.0,0.1545,44.82,1.76
2021-11-18,Pakistan,Asia,Omicron,18,0,16.0,288,54.0,0.3185,0.049,3.0,0.1641,52.68,1.26
2021-11-20,Pakistan,Asia,Omicron,20,0,18.0,329,100.0,0.2107,0.067,5.0,0.1641,52.68,1.514
2021-11-24,Pakistan,Asia,Omicron,56,1,54.0,953,224.0,0.2361,0.1088,23.0,0.1634,51.88,1.352
2021-11-27,Pakistan,Asia,Omicron,29,0,27.0,419,145.0,0.2113,0.071,7.0,0.1628,52.75,1.079
2021-11-30,Pakistan,Asia,Omicron,5,0,4.0,63,15.0,0.3347,0.06584999999999999,0.0,0.1413,38.56,1.526
2021-11-30,Pakistan,Asia,Omicron,20,0,19.0,216,100.0,0.2051,0.0542,3.0,0.1523,47.7,1.004
2021-12-01,Pakistan,Asia,Omicron,59,1,55.0,955,295.0,0.2112,0.0726,14.0,0.147,47.7,1.362
2021-12-03,Pakistan,Asia,Omicron,45,1,41.0,647,225.0,0.2072,0.062,9.0,0.1688,48.75,1.2415
2021-12-04,Pakistan,Asia,Omicron,11,0,10.0,199,55.0,0.1815,0.0826,3.0,0.1688,38.5,1.048
2021-12-07,Pakistan,Asia,Omicron,14,0,13.0,164,56.0,0.2513,0.0706,1.0,0.1716,56.71,0.804
2021-12-07,Pakistan,Asia,Omicron,49,1,45.0,542,196.0,0.2433,0.0498,6.0,0.1565,56.71,0.933
2021-12-09,Pakistan,Asia,Omicron,9,0,8.0,132,45.0,0.203,0.06584999999999999,3.0,0.1614,39.87,1.011
2021-12-09,Pakistan,Asia,Omicron,25,0,22.0,336,125.0,0.2099,0.0516,4.0,0.1668,37.17,1.941
2021-12-10,Pakistan,Asia,Omicron,7,0,6.0,119,21.0,0.3346,0.0931,2.0,0.1668,51.81,1.359
2021-12-12,Pakistan,Asia,Omicron,24,0,22.0,430,72.0,0.3361,0.06584999999999999,11.0,0.1728,51.6,0.979
2021-12-14,Pakistan,Asia,Omicron,31,0,29.0,486,93.0,0.3242,0.0637,7.0,0.1811,30.33,1.658
2021-12-15,Pakistan,Asia,Omicron,4,0,3.0,65,16.0,0.2581,0.1013,1.0,0.176,38.18,1.277
2021-12-16,Pakistan,Asia,Omicron,35,0,33.0,511,140.0,0.2433,0.0862,9.0,0.1625,37.88,1.582
2021-12-18,Pakistan,Asia,Omicron,49,1,47.0,523,147.0,0.3259,0.06584999999999999,8.0,0.1723,52.51,1.083
2021-12-21,Pakistan,Asia,Omicron,3,0,2.0,37,15.0,0.2071,0.0814,1.0,0.1722,46.99,0.863
2021-12-27,Pakistan,Asia,Omicron,44,1,41.0,564,132.0,0.3337,0.0828,10.0,0.1722,50.65,1.434
2021-12-30,Pakistan,Asia,Omicron,10,0,9.0,119,40.0,0.2454,0.072,2.0,0.1943,29.85,1.78
2021-12-31,Pakistan,Asia,Omicron,28,0,26.0,324,84.0,0.3471,0.059,3.0,0.1943,29.85,1.559
2022-01-02,Pakistan,Asia,Omicron,38,1,36.0,525,114.0,0.3361,0.0611,8.0,0.1943,47.01,1.097
2022-01-12,Pakistan,Asia,Omicron,28,0,26.0,509,140.0,0.2065,0.0915,8.0,0.1943,45.45,1.429
2022-01-12,Pakistan,Asia,Omicron,32,0,30.0,483,96.0,0.3442,0.0982,10.0,0.1943,41.74,1.238
2022-01-13,Pakistan,Asia,Omicron,15,0,13.0,258,60.0,0.2541,0.0957,6.0,0.1897,35.81,1.904
2022-01-18,Pakistan,Asia,Omicron,320,0,18.0,327,80.0,0.2359,0.0623,3.0,0.1765,43.48,0.944
2022-01-19,Pakistan,Asia,Omicron,54,0,50.0,915,216.0,0.2662,0.0515,13.0,0.1874,53.6,1.187
2022-01-20,Pakistan,Asia,Omicron,89,1,84.0,1130,267.0,0.3352,0.0928,25.0,0.1918,52.09,1.245
2022-01-22,Pakistan,Asia,Omicron,17,0,15.0,293,85.0,0.2044,0.06584999999999999,6.0,0.1918,18.51,1.733
2022-01-24,Pakistan,Asia,Omicron,2,0,1.0,22,6.0,0.337,0.0602,0.0,0.1947,31.5,2.122
2022-01-29,Pakistan,Asia,Omicron,19,0,17.0,289,76.0,0.235,0.0481,3.0,0.1947,27.5,1.544
2022-01-31,Pakistan,Asia,Omicron,123,1,113.0,2132,369.0,0.3319,0.0638,34.0,0.1918,45.48,1.61
2022-02-04,Pakistan,Asia,Omicron BA.2,140,1,133.0,2418,560.0,0.2608,0.0456,32.0,0.1895,37.63,2.048
2022-02-10,Pakistan,Asia,Omicron,10,0,9.0,116,30.0,0.3104,0.0619,2.0,0.2082,42.53,1.738
2022-02-13,Pakistan,Asia,Omicron,9,0,8.0,156,27.0,0.3286,0.0826,3.0,0.2202,47.22,1.2415
2022-02-13,Pakistan,Asia,Omicron BA.2,126,1,117.0,1595,504.0,0.2468,0.0724,28.0,0.2028,32.84,1.652
2022-02-15,Pakistan,Asia,Omicron,4,0,3.0,65,16.0,0.2657,0.0942,1.0,0.1776,24.57,2.12
2022-02-16,Pakistan,Asia,Omicron,23,0,22.0,261,69.0,0.3249,0.1046,6.0,0.2236,32.37,1.2415
2022-02-16,Pakistan,Asia,Omicron BA.2,346,4,324.0,6229,1038.0,0.3199,0.0657,78.0,0.1872,26.03,1.613
2022-02-17,Pakistan,Asia,Omicron BA.2,12,0,11.0,199,36.0,0.326,0.0522,2.0,0.193,28.82,2.352
2022-02-19,Pakistan,Asia,Omicron BA.2,1,0,0.0,15,5.0,0.204,0.0762,0.0,0.2125,33.57,1.881
2022-02-19,Pakistan,Asia,Omicron,4,0,3.0,51,20.0,0.2178,0.0623,0.0,0.2182,28.03,2.115
2022-02-19,Pakistan,Asia,Omicron,8,0,7.0,134,40.0,0.1938,0.0506,1.0,0.2097,24.7,1.223
2022-02-20,Pakistan,Asia,Omicron BA.2,8,0,7.0,132,40.0,0.2013,0.0937,3.0,0.2097,47.51,1.834
2022-02-22,Pakistan,Asia,Omicron,48,0,45.0,723,192.0,0.2507,0.0891,14.0,0.204,43.74,1.594
2022-02-25,Pakistan,Asia,Omicron,63,1,58.0,1024,189.0,0.3196,0.0896,20.0,0.2126,30.05,1.347
2022-03-02,Pakistan,Asia,Omicron BA.2,260,2,240.0,4402,1300.0,0.1988,0.0745,72.0,0.2126,44.04,1.825
2022-03-03,Pakistan,Asia,Omicron BA.2,263,4,248.0,4108,1052.0,0.2265,0.0789,91.0,0.219,49.73,1.052
2022-03-05,Pakistan,Asia,Omicron BA.2,9,0,8.0,94,27.0,0.3279,0.0637,1.0,0.219,32.53,1.523
2022-03-10,Pakistan,Asia,Omicron,57,0,54.0,621,228.0,0.2421,0.0901,12.0,0.2111,28.82,1.795
2022-03-10,Pakistan,Asia,Omicron,5,0,4.0,54,15.0,0.3384,0.06584999999999999,1.0,0.1939,25.79,1.2415
2022-03-10,Pakistan,Asia,Omicron BA.2,109,2,102.0,1697,327.0,0.3417,0.0511,18.0,0.2263,46.43,1.945
2022-03-11,Pakistan,Asia,Omicron BA.2,57,1,54.0,675,171.0,0.3483,0.0724,14.0,0.211,43.8,1.287
2022-03-13,Pakistan,Asia,Omicron BA.2,12,0,11.0,197,60.0,0.1921,0.0489,2.0,0.211,41.24,1.645
2022-03-15,Pakistan,Asia,Omicron BA.2,62,1,57.0,728,248.0,0.2445,0.0903,14.0,0.2122,32.34,2.098
2022-03-18,Pakistan,Asia,Omicron BA.2,18,0,17.0,251,72.0,0.2457,0.0498,4.0,0.2209,27.63,1.67
2022-03-18,Pakistan,Asia,Omicron BA.2,7,0,7.0,126,35.0,0.1988,0.0575,1.0,0.2173,35.82,2.116
2022-03-24,Pakistan,Asia,Omicron BA.2,17,0,16.0,203,85.0,0.2077,0.0719,3.0,0.2245,20.81,1.969
2022-03-24,Pakistan,Asia,Omicron BA.2,98,1,93.0,1255,294.0,0.33,0.0789,21.0,0.2191,33.07,2.46
2022-03-30,Pakistan,Asia,Omicron BA.2,30,0,29.0,542,90.0,0.3336,0.0804,7.0,0.2261,25.1,1.869
2022-04-01,Pakistan,Asia,Omicron BA.2,340,4,324.0,4113,1020.0,0.3425,0.0474,43.0,0.2204,36.84,1.372
2022-04-04,Pakistan,Asia,Omicron BA.2,7,0,7.0,100,35.0,0.2019,0.0786,1.0,0.2281,33.42,1.974
2022-04-06,Pakistan,Asia,Omicron BA.2,15,0,13.0,258,45.0,0.3245,0.0803,4.0,0.2299,15.84,2.799
2022-04-10,Pakistan,Asia,Omicron BA.2,171,1,159.0,1820,684.0,0.2432,0.0934,37.0,0.2475,18.7,1.621
2022-04-13,Pakistan,Asia,Omicron BA.2,69,0,66.0,681,276.0,0.2514,0.0493,7.0,0.2255,20.65,2.69
2022-04-13,Pakistan,Asia,Omicron BA.2,10,0,9.0,106,50.0,0.1817,0.0493,1.0,0.2314,34.39,1.56
2022-04-15,Pakistan,Asia,Omicron BA.2,112,1,106.0,1158,336.0,0.339,0.0458,10.0,0.2262,15.43,2.457
2022-04-17,Pakistan,Asia,Omicron BA.2,4,0,4.0,53,16.0,0.2547,0.0498,0.0,0.2172,21.17,1.969
2022-04-24,Pakistan,Asia,Omicron BA.2,113,1,107.0,1706,565.0,0.197,0.0581,22.0,0.2224,21.17,1.668
2022-04-26,Pakistan,Asia,Omicron BA.2,46,0,44.0,740,230.0,0.1927,0.063,8.0,0.2224,16.49,2.366
2022-04-26,Pakistan,Asia,Omicron BA.2,230,2,216.0,2532,690.0,0.3323,0.0531,30.0,0.2283,21.28,1.948
2022-04-26,Pakistan,Asia,Omicron BA.2,37,0,34.0,646,148.0,0.2604,0.077,11.0,0.2411,12.26,2.427
2022-04-27,Pakistan,Asia,Omicron BA.2,27,0,25.0,290,135.0,0.1996,0.0498,3.0,0.2553,15.21,2.28
2022-04-28,Pakistan,Asia,Omicron BA.2,19,0,18.0,204,95.0,0.1922,0.0596,3.0,0.2553,13.55,2.582
2022-04-29,Pakistan,Asia,Omicron BA.2,27,0,26.0,414,135.0,0.1915,0.0902,7.0,0.2356,23.87,1.84
2022-05-05,Pakistan,Asia,Omicron BA.2,7,0,7.0,81,28.0,0.2519,0.0498,1.0,0.2573,3.44,2.079
2022-05-06,Pakistan,Asia,Omicron BA.2,246,2,233.0,4425,1230.0,0.1951,0.043,42.0,0.2668,15.45,2.389
2022-05-07,Pakistan,Asia,Omicron BA.2,53,0,51.0,541,265.0,0.1865,0.0687,10.0,0.2437,15.24,2.65
2022-05-07,Pakistan,Asia,Omicron BA.2,25,0,24.0,310,125.0,0.1981,0.0722,5.0,0.2437,19.02,1.63
2022-05-07,Pakistan,Asia,Omicron BA.2,91,1,86.0,1467,455.0,0.1992,0.0855,29.0,0.2376,25.63,1.66
2022-05-08,Pakistan,Asia,Omicron BA.2,19,0,18.0,210,57.0,0.3252,0.0625,3.0,0.2482,41.4,1.576
2022-05-10,Pakistan,Asia,Omicron BA.2,21,0,20.0,234,63.0,0.3311,0.0498,3.0,0.2482,32.74,1.983
2022-05-13,Pakistan,Asia,Omicron BA.2,58,1,55.0,723,174.0,0.3291,0.0498,19.0,0.2482,19.24,1.876
2022-05-14,Pakistan,Asia,Omicron BA.2,27,0,26.0,481,108.0,0.2646,0.0434,3.0,0.2482,33.0,1.924
2022-05-15,Pakistan,Asia,Omicron BA.2,2,0,1.0,30,8.0,0.2311,0.0779,0.0,0.2482,30.32,2.53
2022-05-15,Pakistan,Asia,Omicron BA.2,5,0,5.0,65,15.0,0.3435,0.0513,0.0,0.2482,29.5,1.423
2022-05-18,Pakistan,Asia,Omicron BA.2,2,0,2.0,26,6.0,0.333,0.0498,0.0,0.2633,29.5,1.949
2022-05-24,Pakistan,Asia,Omicron BA.2,38,0,36.0,447,114.0,0.3209,0.0917,9.0,0.2479,18.27,2.532
2022-05-26,Pakistan,Asia,Omicron BA.2,98,1,93.0,1215,490.0,0.2022,0.0706,19.0,0.2599,18.27,2.31
2022-05-26,Pakistan,Asia,Omicron BA.2,94,1,88.0,1139,376.0,0.2475,0.0467,8.0,0.2595,27.56,2.071
2022-06-03,Pakistan,Asia,Omicron BA.2,2,0,1.0,27,10.0,0.1996,0.0826,0.0,0.2608,25.22,2.699
2022-06-04,Pakistan,Asia,Omicron BA.2,19,0,18.0,271,57.0,0.3461,0.0822,4.0,0.2754,17.73,1.719
2022-06-07,Pakistan,Asia,Omicron BA.2,20,0,18.0,314,100.0,0.1993,0.0498,5.0,0.2757,10.5,2.457
2022-06-18,Pakistan,Asia,Omicron BA.2,6,0,6.0,100,18.0,0.3364,0.0498,0.0,0.2757,16.56,1.948
2022-06-19,Pakistan,Asia,Omicron BA.2,20,0,18.0,321,100.0,0.2059,0.0892,7.0,0.2693,35.49,1.645
2022-06-19,Pakistan,Asia,Omicron BA.2,194,2,180.0,2173,582.0,0.3327,0.0913,52.0,0.2654,27.33,2.309
2022-06-20,Pakistan,Asia,Omicron BA.2,7,0,7.0,87,28.0,0.2561,0.0557,0.0,0.2593,31.18,1.691
2022-06-20,Pakistan,Asia,Omicron BA.2,41,0,38.0,590,205.0,0.2004,0.0582,6.0,0.2626,37.18,2.084
2022-06-23,Pakistan,Asia,Omicron BA.2,11,0,11.0,135,44.0,0.248,0.0498,1.0,0.2663,41.45,1.82
2022-06-24,Pakistan,Asia,Omicron BA.2,79,1,74.0,1101,316.0,0.2415,0.0461,8.0,0.2673,34.69,2.305
2022-06-27,Pakistan,Asia,Omicron BA.2,203,2,189.0,2486,812.0,0.2573,0.0896,65.0,0.2595,33.17,1.615
2022-06-30,Pakistan,Asia,Omicron BA.2,35,0,33.0,425,175.0,0.1988,0.0739,5.0,0.2692,32.06,1.645
2022-07-01,Pakistan,Asia,Omicron BA.2,22,0,21.0,389,110.0,0.2042,0.0498,4.0,0.2666,42.78,1.645
2022-07-03,Pakistan,Asia,Omicron BA.2,18,0,17.0,271,90.0,0.1779,0.0441,1.0,0.262,16.9,3.0
2022-07-05,Pakistan,Asia,Omicron BA.2,11,0,11.0,136,33.0,0.3229,0.0482,1.0,0.2804,41.08,1.599
2022-07-06,Pakistan,Asia,Omicron BA.2,16,0,15.0,190,64.0,0.226,0.0869,4.0,0.2781,29.47,2.091
2022-07-06,Pakistan,Asia,Omicron BA.2,63,1,58.0,791,315.0,0.1967,0.0683,12.0,0.264,29.47,1.528
2022-07-09,Pakistan,Asia,Omicron BA.2,19,0,18.0,267,76.0,0.2657,0.0685,4.0,0.2665,15.29,2.638
2022-07-11,Pakistan,Asia,Omicron BA.2,2,0,2.0,36,8.0,0.2626,0.0697,0.0,0.2501,15.29,2.13
2022-07-15,Pakistan,Asia,Omicron BA.2,140,2,130.0,1730,560.0,0.2349,0.059,30.0,0.2746,15.29,2.191
2022-07-15,Pakistan,Asia,Omicron BA.2,25,0,24.0,399,125.0,0.1817,0.0532,3.0,0.2633,30.33,2.19
2022-07-17,Pakistan,Asia,Omicron BA.2,48,0,46.0,46,9.0,0.3221,0.0795,0.0,0.2716,27.55,2.502
2022-07-20,Pakistan,Asia,Omicron BA.2,28,0,25.0,300,140.0,0.2046,0.051,3.0,0.2746,15.31,1.938
2022-07-20,Pakistan,Asia,Omicron BA.2,11,0,11.0,188,33.0,0.3178,0.0542,2.0,0.2836,31.16,1.538
2022-07-20,Pakistan,Asia,Omicron BA.2,81,1,76.0,1370,324.0,0.2577,0.0633,22.0,0.2737,13.5,2.111
2022-07-20,Pakistan,Asia,Omicron BA.2,61,1,57.0,760,183.0,0.325,0.0449,9.0,0.2849,15.76,2.755
2022-07-21,Pakistan,Asia,Omicron BA.2,21,0,20.0,372,63.0,0.3482,0.0611,5.0,0.2934,33.8,2.394
2022-07-24,Pakistan,Asia,Omicron BA.2,560,3,541.0,6233,1680.0,0.3369,0.0542,64.0,0.2934,38.33,2.104
2022-08-01,Pakistan,Asia,Omicron BA.2,26,0,25.0,423,78.0,0.3313,0.0691,6.0,0.296,20.59,2.595
2022-08-02,Pakistan,Asia,Omicron BA.2,123,1,116.0,1836,615.0,0.2131,0.0446,20.0,0.296,26.89,1.632
2022-08-04,Pakistan,Asia,Omicron BA.2,49,1,46.0,553,196.0,0.2466,0.0435,4.0,0.2914,33.93,2.0
2022-08-04,Pakistan,Asia,Omicron BA.2,37,0,35.0,664,148.0,0.2479,0.0542,6.0,0.2914,11.95,2.776
2022-08-07,Pakistan,Asia,Omicron BA.2,33,0,31.0,521,132.0,0.2482,0.0899,10.0,0.2817,12.15,3.19
2022-08-10,Pakistan,Asia,Omicron BA.2,72,1,68.0,1205,216.0,0.3445,0.0642,18.0,0.2701,31.61,1.645
2022-08-16,Pakistan,Asia,Omicron BA.2,65,1,62.0,1039,325.0,0.2152,0.063,13.0,0.2902,37.26,1.297
2022-08-21,Pakistan,Asia,Omicron BA.2,8,0,8.0,117,24.0,0.3399,0.0448,1.0,0.2788,17.58,1.773
2022-08-30,Pakistan,Asia,Omicron BA.2,6,0,6.0,80,30.0,0.194,0.0864,2.0,0.3028,31.42,1.349
2022-09-06,Pakistan,Asia,Omicron BA.2,27,0,26.0,368,135.0,0.2048,0.0718,5.0,0.2896,23.73,2.77
2022-09-07,Pakistan,Asia,Omicron BA.2,28,0,25.0,492,112.0,0.2555,0.0421,4.0,0.3027,37.65,1.254
2022-09-09,Pakistan,Asia,Omicron BA.2,1,0,1.0,14,5.0,0.1985,0.0616,0.0,0.3156,15.95,2.219
2022-09-09,Pakistan,Asia,Omicron BA.2,70,1,65.0,699,210.0,0.3429,0.0469,7.0,0.2992,37.33,1.287
2022-09-09,Pakistan,Asia,Omicron BA.2,8,0,7.0,143,24.0,0.3262,0.0498,1.0,0.2992,35.43,1.416
2022-09-10,Pakistan,Asia,Omicron BA.2,24,0,22.0,248,72.0,0.3473,0.0764,5.0,0.3187,29.25,1.932
2022-09-10,Pakistan,Asia,Omicron BA.2,37,0,35.0,666,148.0,0.2448,0.0498,11.0,0.3021,5.72,1.871
2022-09-11,Pakistan,Asia,Omicron BA.2,4,0,4.0,41,12.0,0.3361,0.0413,0.0,0.3106,28.97,1.645
2022-09-11,Pakistan,Asia,Omicron BA.2,129,1,125.0,2117,516.0,0.234,0.0498,20.0,0.3162,20.16,2.315
2022-09-12,Pakistan,Asia,Omicron BA.2,170,0,162.0,167,40.0,0.2403,0.0562,1.0,0.3125,16.9,2.715
2022-09-14,Pakistan,Asia,Omicron BA.2,51,0,49.0,741,255.0,0.1962,0.0795,13.0,0.3262,24.24,1.636
2022-09-15,Pakistan,Asia,Omicron BA.2,10,0,10.0,160,50.0,0.2037,0.0498,1.0,0.3116,18.13,1.53
2022-09-17,Pakistan,Asia,Omicron BA.2,55,0,53.0,874,165.0,0.3321,0.0625,12.0,0.3007,19.75,1.726
2022-09-21,Pakistan,Asia,Omicron BA.2,99,1,94.0,1072,297.0,0.3463,0.0689,16.0,0.3159,33.78,1.809
2022-09-22,Pakistan,Asia,Omicron BA.2,12,0,11.0,141,60.0,0.2029,0.0521,1.0,0.3178,33.78,2.768
2022-09-22,Pakistan,Asia,Omicron BA.2,10,0,10.0,123,30.0,0.3258,0.0705,1.0,0.3132,22.84,1.585
2022-09-24,Pakistan,Asia,Omicron BA.2,19,0,18.0,223,57.0,0.3459,0.0636,2.0,0.3132,10.62,1.711
2022-09-29,Pakistan,Asia,Omicron BA.2,6,0,6.0,105,24.0,0.2497,0.0424,1.0,0.3165,11.24,2.507
2022-10-03,Pakistan,Asia,Omicron BA.2,3,0,2.0,46,12.0,0.2715,0.04,0.0,0.3027,23.27,2.015
2022-10-06,Pakistan,Asia,Omicron BA.2,8,0,7.0,145,40.0,0.2133,0.0469,1.0,0.3107,23.27,2.52
2022-10-08,Pakistan,Asia,Omicron BA.2,45,0,42.0,505,225.0,0.1997,0.0583,4.0,0.3282,23.27,1.787
2022-10-08,Pakistan,Asia,Omicron BA.2,62,1,58.0,616,310.0,0.2072,0.0564,7.0,0.3402,20.0,1.681
2022-10-09,Pakistan,Asia,Omicron BA.2,22,0,21.0,388,66.0,0.3331,0.0454,3.0,0.3105,22.51,2.714
2022-10-10,Pakistan,Asia,Omicron BA.2,606,6,573.0,8349,1818.0,0.3533,0.0631,99.0,0.3105,38.75,2.032
2022-10-13,Pakistan,Asia,Omicron BA.2,22,0,21.0,377,88.0,0.2586,0.0561,6.0,0.3014,15.94,1.645
2022-10-18,Pakistan,Asia,Omicron BA.2,32,0,31.0,397,160.0,0.1925,0.0498,4.0,0.3295,29.38,2.381
2022-10-23,Pakistan,Asia,Omicron BA.2,9,0,8.0,96,27.0,0.3385,0.0817,1.0,0.3295,18.02,2.354
2022-10-25,Pakistan,Asia,Omicron BA.2,79,1,75.0,840,395.0,0.2084,0.0829,15.0,0.3288,33.62,1.645
2022-10-25,Pakistan,Asia,Omicron BA.2,8,0,8.0,83,40.0,0.188,0.0796,1.0,0.3288,40.06,1.285
2022-10-28,Pakistan,Asia,Omicron BA.2,115,1,106.0,2052,345.0,0.3314,0.053,24.0,0.3288,40.08,1.394
2022-11-03,Pakistan,Asia,Omicron BA.2,74,0,71.0,745,296.0,0.242,0.0796,13.0,0.3381,29.33,1.699
2022-11-03,Pakistan,Asia,Omicron BA.2,1,0,0.0,15,3.0,0.3234,0.0598,0.0,0.3381,36.52,1.396
2022-11-04,Pakistan,Asia,Omicron BA.2,14,0,12.0,183,42.0,0.3292,0.0859,4.0,0.3276,23.96,1.73
2022-11-06,Pakistan,Asia,Omicron BA.2,22,0,20.0,284,88.0,0.262,0.0804,5.0,0.3194,24.89,1.911
2022-11-07,Pakistan,Asia,Omicron BA.2,32,0,31.0,466,160.0,0.2049,0.0762,6.0,0.3363,15.93,2.513
2022-11-14,Pakistan,Asia,Omicron BA.2,42,0,40.0,740,168.0,0.2567,0.0648,14.0,0.3321,41.56,1.177
2022-11-15,Pakistan,Asia,Omicron BA.2,22,0,21.0,281,88.0,0.2473,0.0498,4.0,0.3293,29.63,1.339
2022-11-16,Pakistan,Asia,Omicron BA.2,9,0,9.0,160,45.0,0.2098,0.0831,3.0,0.3293,32.09,1.484
2022-11-16,Pakistan,Asia,Omicron BA.2,119,1,114.0,1738,476.0,0.2611,0.0468,17.0,0.3297,39.51,1.818
2022-11-17,Pakistan,Asia,Omicron BA.2,4,0,4.0,63,20.0,0.2118,0.0643,0.0,0.3524,39.51,2.017
2022-11-20,Pakistan,Asia,Omicron BA.2,28,0,26.0,462,140.0,0.2104,0.0566,6.0,0.3346,24.08,2.66
2022-11-20,Pakistan,Asia,Omicron BA.2,47,0,45.0,517,141.0,0.3297,0.0579,6.0,0.3433,26.51,2.434
2022-11-20,Pakistan,Asia,Omicron BA.2,83,1,79.0,1388,332.0,0.248,0.0755,23.0,0.3329,31.88,1.692
2022-11-25,Pakistan,Asia,Omicron BA.2,20,13,6.0,16437,4827.0,0.313,0.0614,162.0,0.3548,40.18,1.778
2022-11-29,Pakistan,Asia,Omicron BA.2,20,15,4.0,23835,8455.0,0.2066,0.0584,375.0,0.3505,27.04,1.645
2022-12-02,Pakistan,Asia,Omicron BA.2,4,0,3.0,68,16.0,0.2495,0.0498,1.0,0.3425,26.93,2.164
2022-12-03,Pakistan,Asia,Omicron BA.2,28,0,26.0,334,140.0,0.2208,0.0517,4.0,0.3425,39.11,1.467
2022-12-05,Pakistan,Asia,Omicron BA.2,105,1,99.0,1585,315.0,0.3465,0.0795,22.0,0.338,31.53,1.52
2022-12-09,Pakistan,Asia,Omicron BA.2,52,0,49.0,877,260.0,0.1956,0.0659,13.0,0.3447,8.27,2.818
2022-12-10,Pakistan,Asia,Omicron BA.2,45,0,41.0,805,135.0,0.3295,0.0498,14.0,0.3516,10.2,2.478
2022-12-12,Pakistan,Asia,Omicron BA.2,73,1,69.0,872,365.0,0.2009,0.0525,10.0,0.3516,12.6,2.814
2022-12-19,Pakistan,Asia,Omicron BA.2,14,0,13.0,220,42.0,0.3333,0.0586,3.0,0.3404,11.04,2.872
2022-12-23,Pakistan,Asia,Omicron BA.2,24,0,22.0,299,120.0,0.1973,0.0498,3.0,0.3701,11.04,2.779
2020-01-26,Russia,Europe,Original,3,0,2.0,35,48.0,0.1276,0.15155000000000002,1.0,0.0,13.14,0.665
2020-01-27,Russia,Europe,Original,34,1,31.0,566,48.0,0.1276,0.15155000000000002,21.0,0.0,17.27,0.769
2020-01-27,Russia,Europe,Original,3,0,2.0,31,48.0,0.1276,0.1448,0.0,0.0,4.45,1.019
2020-01-28,Russia,Europe,Original,1,0,0.0,16,48.0,0.1276,0.1806,0.0,0.0,16.82,0.801
2020-01-29,Russia,Europe,Original,7,0,6.0,97,77.0,0.0792,0.1212,3.0,0.0,13.52,0.428
2020-01-31,Russia,Europe,Original,7,0,6.0,89,48.0,0.1276,0.0959,1.0,0.0,17.5,0.937
2020-02-02,Russia,Europe,Original,1,0,0.0,14,10.0,0.0915,0.15155000000000002,0.0,0.0,14.13,1.123
2020-02-04,Russia,Europe,Original,17,1,15.0,248,48.0,0.1276,0.1889,7.0,0.0,16.14,0.919
2020-02-08,Russia,Europe,Original,41,1,39.0,695,410.0,0.1267,0.1518,23.0,0.0,5.79,0.917
2020-02-09,Russia,Europe,Original,4,0,3.0,65,48.0,0.1276,0.1613,2.0,0.0,9.46,0.428
2020-02-14,Russia,Europe,Original,186,3,176.0,3197,48.0,0.1276,0.1593,112.0,0.0,9.46,0.837
2020-02-18,Russia,Europe,Original,3,0,2.0,38,27.0,0.1066,0.15155000000000002,1.0,0.0,5.13,0.908
2020-02-19,Russia,Europe,Original,1,0,0.0,12,48.0,0.1276,0.1558,0.0,0.0,14.74,0.84
2020-02-24,Russia,Europe,Original,2,0,1.0,26,20.0,0.0898,0.0961,0.0,0.0,77.29,0.4
2020-02-25,Russia,Europe,Original,1,0,0.0,13,48.0,0.1276,0.1906,1.0,0.0,88.27,0.4
2020-02-29,Russia,Europe,Original,2,0,1.0,24,12.0,0.156,0.1836,1.0,0.0,88.27,0.4
2020-03-02,Russia,Europe,Original,5,0,4.0,86,50.0,0.1055,0.1418,3.0,0.0,91.48,0.4
2020-03-03,Russia,Europe,Original,21,0,19.0,208,126.0,0.1468,0.1203,6.0,0.0,88.5,0.428
2020-03-06,Russia,Europe,Original,23,0,21.0,411,48.0,0.1276,0.0965,9.0,0.0,85.03,0.4
2020-03-09,Russia,Europe,Original,2,0,1.0,30,12.0,0.1605,0.1155,0.0,0.0,68.76,0.4
2020-03-10,Russia,Europe,Original,6,0,5.0,103,42.0,0.1319,0.1448,3.0,0.0,64.81,0.4
2020-03-10,Russia,Europe,Original,5,0,4.0,87,55.0,0.0992,0.1593,2.0,0.0,90.69,0.4
2020-03-15,Russia,Europe,Original,1,0,0.0,17,48.0,0.1276,0.0941,0.0,0.0,94.37,0.4
2020-03-19,Russia,Europe,Original,3,0,2.0,48,48.0,0.1276,0.1664,2.0,0.0,86.77,0.428
2020-03-20,Russia,Europe,Original,4,0,3.0,60,48.0,0.1276,0.1008,1.0,0.0,69.88,0.4
2020-03-21,Russia,Europe,Original,13,0,12.0,155,48.0,0.1276,0.0964,3.0,0.0,94.82,0.4
2020-03-26,Russia,Europe,Original,3,0,2.0,43,27.0,0.1065,0.1971,1.0,0.0,94.82,0.4
2020-03-30,Russia,Europe,Original,8,0,7.0,86,80.0,0.089,0.15155000000000002,2.0,0.0,84.67,0.4
2020-03-31,Russia,Europe,Original,53,1,49.0,808,48.0,0.1276,0.1536,36.0,0.0,78.41,0.4
2020-03-31,Russia,Europe,Original,9,0,8.0,113,48.0,0.1276,0.1449,4.0,0.0,94.9,0.4
2020-04-13,Russia,Europe,Original,12,0,11.0,136,48.0,0.1276,0.15155000000000002,4.0,0.0,87.12,0.4
2020-04-14,Russia,Europe,Original,1,0,0.0,15,8.0,0.1115,0.1745,1.0,0.0,84.51,0.4
2020-04-17,Russia,Europe,Original,55,1,52.0,949,330.0,0.18,0.1651,35.0,0.0,84.51,0.4
2020-04-20,Russia,Europe,Original,11,0,10.0,188,48.0,0.1276,0.204,10.0,0.0,88.39,0.4
2020-04-23,Russia,Europe,Original,1,0,0.0,11,6.0,0.1677,0.1369,0.0,0.0,64.48,0.428
2020-04-24,Russia,Europe,Original,14,0,12.0,202,154.0,0.0723,0.1824,6.0,0.0,86.25,0.4
2020-04-26,Russia,Europe,Original,7,0,6.0,90,48.0,0.1276,0.1597,2.0,0.0,66.62,0.436
2020-04-27,Russia,Europe,Original,42,1,38.0,687,294.0,0.1503,0.204,39.0,0.0,81.9,0.4
2020-04-27,Russia,Europe,Original,6,0,5.0,83,48.0,0.1176,0.1311,2.0,0.0,66.96,0.4
2020-04-28,Russia,Europe,Original,10,0,9.0,117,48.0,0.1276,0.1618,4.0,0.0,87.35,0.4
2020-04-28,Russia,Europe,Original,1,0,0.0,10,7.0,0.1334,0.15155000000000002,0.0,0.0,80.29,0.4
2020-05-02,Russia,Europe,Original,1,0,0.0,18,10.0,0.0791,0.1738,1.0,0.0,47.54,0.428
2020-05-04,Russia,Europe,Original,1,0,0.0,13,48.0,0.1276,0.1762,1.0,0.0,71.47,0.4
2020-05-07,Russia,Europe,Original,1,0,0.0,12,10.0,0.1081,0.1501,0.0,0.0,57.69,0.4
2020-05-08,Russia,Europe,Original,1,0,0.0,11,48.0,0.1276,0.1395,0.0,0.0,58.71,0.433
2020-05-11,Russia,Europe,Original,1,0,0.0,11,48.0,0.1276,0.1739,0.0,0.0,48.15,0.61
2020-05-12,Russia,Europe,Original,71,1,66.0,1166,568.0,0.1327,0.1591,41.0,0.0,68.35,0.4
2020-05-14,Russia,Europe,Original,2,0,1.0,22,20.0,0.1094,0.1259,0.0,0.0,73.7,0.4
2020-05-17,Russia,Europe,Original,1,0,0.0,13,48.0,0.1276,0.114,0.0,0.0,56.12,0.411
2020-05-17,Russia,Europe,Original,3,0,2.0,30,33.0,0.09,0.1426,1.0,0.0,44.85,0.649
2020-06-02,Russia,Europe,Original,3,0,2.0,48,24.0,0.1276,0.1276,1.0,0.0,48.59,0.681
2020-06-04,Russia,Europe,Original,1,0,0.0,9,11.0,0.0921,0.145,0.0,0.0,69.95,0.4
2020-06-04,Russia,Europe,Original,21,0,19.0,327,231.0,0.0907,0.091,7.0,0.0,64.36,0.4
2020-06-05,Russia,Europe,Original,13,0,11.0,220,78.0,0.1814,0.1078,5.0,0.0,58.86,0.486
2020-06-05,Russia,Europe,Original,2,0,1.0,34,22.0,0.0812,0.1888,1.0,0.0,62.6,0.434
2020-06-05,Russia,Europe,Original,17,0,15.0,257,153.0,0.13,0.1296,7.0,0.0,48.97,0.59
2020-06-10,Russia,Europe,Original,6,0,5.0,104,48.0,0.1193,0.1324,3.0,0.0,59.55,0.4
2020-06-14,Russia,Europe,Original,3,0,2.0,33,33.0,0.901636877,0.1245,0.0,0.0,68.64,0.4
2020-06-16,Russia,Europe,Original,29,1,27.0,400,203.0,0.1389,0.1239,11.0,0.0,65.48,0.459
2020-06-18,Russia,Europe,Original,6,0,5.0,81,54.0,0.1026,0.1008,2.0,0.0,56.91,0.486
2020-06-20,Russia,Europe,Original,1,0,0.0,12,7.0,0.1416,0.1446,0.0,0.0,45.78,0.62
2020-06-22,Russia,Europe,Original,5,0,4.0,65,35.0,0.1335,0.2066,3.0,0.0,45.78,0.4
2020-06-25,Russia,Europe,Original,2,0,1.0,23,22.0,0.0734,0.096,0.0,0.0,47.83,0.495
2020-07-01,Russia,Europe,Original,19,1,17.0,203,133.0,0.133,0.1325,6.0,0.0,55.19,0.4
2020-07-01,Russia,Europe,Original,8,0,7.0,118,72.0,0.0929,0.166,4.0,0.0,50.0,0.428
2020-07-01,Russia,Europe,Original,5,0,4.0,84,40.0,0.1279,0.1511,3.0,0.0,48.18,0.579
2020-07-03,Russia,Europe,Original,56,2,53.0,818,448.0,0.1197,0.1968,46.0,0.0,74.96,0.4
2020-07-03,Russia,Europe,Original,12,0,11.0,147,132.0,0.0844,0.1517,5.0,0.0,74.32,0.428
2020-07-07,Russia,Europe,Original,30,0,27.0,498,300.0,0.0904,0.1492,14.0,0.0,68.02,0.4
2020-07-10,Russia,Europe,Original,47,1,43.0,792,282.0,0.1759,0.1155,14.0,0.0,73.14,0.4
2020-07-11,Russia,Europe,Original,2,0,1.0,23,18.0,0.1094,0.1775,1.0,0.0,40.27,0.61
2020-07-11,Russia,Europe,Original,1,0,0.0,14,8.0,0.1226,0.1586,0.0,0.0,55.28,0.428
2020-07-14,Russia,Europe,Original,34,1,31.0,527,204.0,0.1747,0.1557,14.0,0.0,56.48,0.428
2020-07-15,Russia,Europe,Original,1,0,0.0,10,9.0,0.0792,0.1406,0.0,0.0,54.49,0.496
2020-07-16,Russia,Europe,Original,1,0,0.0,11,9.0,0.1041,0.15155000000000002,0.0,0.0,63.79,0.494
2020-07-17,Russia,Europe,Original,15,0,13.0,155,90.0,0.1682,0.1468,5.0,0.0,73.97,0.4
2020-07-23,Russia,Europe,Original,3,0,2.0,50,27.0,0.097,0.15155000000000002,1.0,0.0,49.61,0.58
2020-07-24,Russia,Europe,Original,10,0,9.0,108,90.0,0.1075,0.1224,3.0,0.0,68.89,0.4
2020-07-24,Russia,Europe,Original,2,0,1.0,30,14.0,0.159,0.1204,1.0,0.0,42.78,0.43
2020-07-27,Russia,Europe,Original,21,0,19.0,229,126.0,0.1614,0.1932,8.0,0.0,59.98,0.428
2020-07-28,Russia,Europe,Original,5,0,4.0,53,35.0,0.1302,0.1687,2.0,0.0,64.63,0.4
2020-07-28,Russia,Europe,Original,1,0,0.0,11,9.0,0.1046,0.149,0.0,0.0,57.55,0.528
2020-07-28,Russia,Europe,Original,4,0,3.0,52,24.0,0.1682,0.15155000000000002,1.0,0.0,65.75,0.4
2020-07-28,Russia,Europe,Original,10,0,9.0,161,100.0,0.1018,0.1941,7.0,0.0,66.23,0.4
2020-08-01,Russia,Europe,Original,1,0,0.0,12,9.0,0.1215,0.134,0.0,0.0,69.23,0.4
2020-08-01,Russia,Europe,Original,64,2,59.0,966,384.0,0.1573,0.1562,33.0,0.0,64.96,0.428
2020-08-06,Russia,Europe,Original,12,0,10.0,182,84.0,0.1568,0.15155000000000002,6.0,0.0,64.96,0.444
2020-08-09,Russia,Europe,Original,32,0,30.0,349,352.0,0.105,0.1991,15.0,0.0,55.78,0.567
2020-08-13,Russia,Europe,Original,8,0,7.0,139,56.0,0.1389,0.0912,2.0,0.0,41.06,0.758
2020-08-13,Russia,Europe,Original,18,1,16.0,241,144.0,0.1172,0.1262,4.0,0.0,44.55,0.753
2020-08-15,Russia,Europe,Original,6,0,5.0,95,48.0,0.1305,0.1871,4.0,0.0,57.02,0.418
2020-08-16,Russia,Europe,Original,1,0,0.0,15,10.0,0.0938,0.1095,0.0,0.0,55.78,0.503
2020-08-17,Russia,Europe,Original,22,1,20.0,240,198.0,0.1002,0.1071,6.0,0.0,37.97,0.709
2020-08-19,Russia,Europe,Original,55,1,51.0,554,330.0,0.1639,0.1856,24.0,0.0,50.28,0.428
2020-08-20,Russia,Europe,Original,3,0,2.0,32,27.0,0.1006,0.1358,0.0,0.0,56.81,0.589
2020-08-22,Russia,Europe,Original,1,0,0.0,10,10.0,0.0994,0.15155000000000002,0.0,0.0,46.69,0.531
2020-08-23,Russia,Europe,Original,9,0,8.0,121,63.0,0.1452,0.1135,3.0,0.0,36.34,0.709
2020-08-28,Russia,Europe,Original,3,0,2.0,41,24.0,0.1343,0.1373,1.0,0.0,58.43,0.4
2020-08-28,Russia,Europe,Original,1,0,0.0,10,7.0,0.159,0.1191,0.0,0.0,58.43,0.4
2020-09-01,Russia,Europe,Original,6,0,5.0,77,54.0,0.1195,0.2034,2.0,0.0,52.89,0.542
2020-09-03,Russia,Europe,Original,19,0,17.0,195,114.0,0.1763,0.1178,5.0,0.0,29.58,0.739
2020-09-05,Russia,Europe,Original,18,1,16.0,303,144.0,0.1329,0.1109,7.0,0.0,53.86,0.584
2020-09-10,Russia,Europe,Original,28,1,26.0,467,168.0,0.1548,0.15155000000000002,16.0,0.0,46.4,0.668
2020-09-10,Russia,Europe,Original,2,0,1.0,28,14.0,0.1279,0.1775,1.0,0.0,59.08,0.4
2020-09-11,Russia,Europe,Original,2,0,1.0,33,16.0,0.1071,0.1221,1.0,0.0,47.78,0.417
2020-09-13,Russia,Europe,Original,1,0,0.0,18,7.0,0.1548,0.1667,1.0,0.0,63.01,0.442
2020-09-17,Russia,Europe,Original,37,1,33.0,394,222.0,0.1812,0.1049,9.0,0.0,37.69,0.479
2020-09-20,Russia,Europe,Original,25,1,23.0,387,150.0,0.1453,0.1314,11.0,0.0,37.69,0.659
2020-09-21,Russia,Europe,Original,31,1,28.0,558,217.0,0.1519,0.0998,12.0,0.0,50.84,0.439
2020-10-03,Russia,Europe,Original,34,1,32.0,555,306.0,0.108,0.1059,17.0,0.0,57.57,0.411
2020-10-05,Russia,Europe,Original,1,0,0.0,15,11.0,0.0936,0.0956,0.0,0.0,63.0,0.428
2020-10-06,Russia,Europe,Original,6,0,5.0,95,36.0,0.1639,0.1691,3.0,0.0,54.55,0.452
2020-10-12,Russia,Europe,Original,1,0,0.0,10,6.0,0.1663,0.15155000000000002,0.0,0.0,54.16,0.4
2020-10-14,Russia,Europe,Original,1,0,0.0,15,8.0,0.1122,0.1581,0.0,0.0,43.11,0.686
2020-10-15,Russia,Europe,Original,47,1,44.0,719,423.0,0.1038,0.1278,20.0,0.0,44.14,0.77
2020-10-15,Russia,Europe,Original,6,0,5.0,76,36.0,0.1732,0.0924,2.0,0.0,38.3,0.83
2020-10-16,Russia,Europe,Original,22,1,20.0,287,154.0,0.172,0.1113,7.0,0.0,42.07,0.645
2020-10-18,Russia,Europe,Original,29,0,27.0,296,319.0,0.0788,0.1061,7.0,0.0,35.93,0.504
2020-10-22,Russia,Europe,Original,2,0,1.0,23,22.0,0.0801,0.1723,1.0,0.0,60.89,0.473
2020-10-22,Russia,Europe,Original,13,0,12.0,213,104.0,0.1335,0.1336,6.0,0.0,42.13,0.532
2020-10-23,Russia,Europe,Original,1,0,0.0,15,6.0,0.1651,0.0909,0.0,0.0,58.52,0.457
2020-10-25,Russia,Europe,Original,16,0,15.0,277,96.0,0.1651,0.197,9.0,0.0,55.08,0.43
2020-10-27,Russia,Europe,Original,43,1,39.0,487,344.0,0.1306,0.15155000000000002,14.0,0.0,56.32,0.4
2020-10-28,Russia,Europe,Alpha,14,0,13.0,230,98.0,0.1529,0.1082,5.0,0.0,47.29,0.493
2020-11-05,Russia,Europe,Alpha,8,0,7.0,125,72.0,0.1067,0.16,4.0,0.0,48.61,0.493
2020-11-05,Russia,Europe,Alpha,6,0,5.0,77,48.0,0.1295,0.1534,2.0,0.0,52.46,0.587
2020-11-11,Russia,Europe,Original,5,0,4.0,58,30.0,0.1667,0.1735,1.0,0.0,34.81,0.428
2020-11-12,Russia,Europe,Alpha,186,5,171.0,2770,1860.0,0.1072,0.1445,64.0,0.0,54.64,0.512
2020-11-16,Russia,Europe,Alpha,11,0,10.0,146,66.0,0.1562,0.1576,5.0,0.0,44.68,0.845
2020-11-19,Russia,Europe,Alpha,9,0,8.0,154,90.0,0.0903,0.1593,6.0,0.0,37.97,0.874
2020-11-20,Russia,Europe,Alpha,27,1,24.0,392,216.0,0.1374,0.1116,10.0,0.0,42.02,0.628
2020-11-21,Russia,Europe,Alpha,21,0,19.0,281,189.0,0.1249,0.1087,7.0,0.0,49.9,0.584
2020-11-23,Russia,Europe,Alpha,1,0,0.0,15,7.0,0.1353,0.1089,0.0,0.0,51.58,0.802
2020-11-24,Russia,Europe,Alpha,2,0,1.0,35,12.0,0.1566,0.17,1.0,0.0,47.74,0.935
2020-11-29,Russia,Europe,Alpha,30,1,28.0,404,240.0,0.1149,0.0999,8.0,0.0,55.59,0.511
2020-11-29,Russia,Europe,Alpha,1,0,0.0,12,6.0,0.1578,0.1289,0.0,0.0,39.77,0.717
2020-12-03,Russia,Europe,Alpha,14,0,13.0,178,112.0,0.1247,0.2054,8.0,0.0,40.66,0.859
2020-12-04,Russia,Europe,Alpha,1,0,0.0,16,10.0,0.0823,0.1936,1.0,0.0,55.21,0.783
2020-12-04,Russia,Europe,Alpha,43,1,40.0,557,387.0,0.1193,0.2045,30.0,0.0,37.28,0.663
2020-12-05,Russia,Europe,Alpha,9,0,8.0,111,81.0,0.1103,0.1698,4.0,0.0,46.65,0.662
2020-12-08,Russia,Europe,Alpha,13,0,11.0,221,130.0,0.1052,0.2034,12.0,0.0,64.59,0.544
2020-12-12,Russia,Europe,Alpha,10,0,9.0,101,110.0,0.0976,0.2097,5.0,0.0,69.57,0.481
2020-12-14,Russia,Europe,Alpha,17,0,16.0,205,136.0,0.1235,0.1573,7.0,0.0,72.66,0.46
2020-12-15,Russia,Europe,Alpha,24,1,22.0,326,264.0,0.0809,0.1041,7.0,0.0,74.02,0.4
2020-12-18,Russia,Europe,Alpha,14,0,13.0,194,112.0,0.1235,0.1761,8.0,0.0,54.63,0.493
2020-12-19,Russia,Europe,Alpha,61,1,56.0,683,549.0,0.1024,0.1396,21.0,0.0,73.34,0.4
2020-12-21,Russia,Europe,Alpha,6,0,5.0,105,36.0,0.176,0.1603,4.0,0.0,60.72,0.605
2020-12-22,Russia,Europe,Alpha,1,0,0.0,14,10.0,0.1024,0.1603,0.0,0.0,74.48,0.459
2020-12-26,Russia,Europe,Alpha,28,1,25.0,306,196.0,0.1104,0.1468,13.0,0.0,63.35,0.493
2020-12-27,Russia,Europe,Alpha,1,0,0.0,11,6.0,0.1681,0.2008,0.0,0.0,59.76,0.4
2020-12-28,Russia,Europe,Alpha,3,0,2.0,34,24.0,0.1259,0.2015,1.0,0.0,57.15,0.626
2021-01-02,Russia,Europe,Alpha,72,3,66.0,823,432.0,0.1682,0.114,21.0,0.0,57.21,0.751
2021-01-04,Russia,Europe,Alpha,7,0,6.0,94,77.0,0.0839,0.132,3.0,0.0,78.2,0.493
2021-01-05,Russia,Europe,Alpha,64,1,58.0,767,704.0,0.0888,0.1532,33.0,0.0,72.66,0.4
2021-01-07,Russia,Europe,Alpha,2,0,1.0,32,12.0,0.147,0.112,1.0,0.0,81.27,0.4
2021-01-12,Russia,Europe,Alpha,1,0,0.0,9,10.0,0.0925,0.1756,0.0,0.0,64.85,0.566
2021-01-13,Russia,Europe,Alpha,4,0,3.0,61,44.0,0.0888,0.2073,3.0,0.0,57.42,0.568
2021-01-14,Russia,Europe,Alpha,7,0,6.0,108,77.0,0.0821,0.1812,4.0,0.0009,67.79,0.4
2021-01-14,Russia,Europe,Alpha,8,0,7.0,124,72.0,0.1236,0.1434,4.0,0.0,67.79,0.574
2021-01-15,Russia,Europe,Alpha,4,0,3.0,61,28.0,0.1521,0.2066,3.0,0.0013,63.75,0.4
2021-01-17,Russia,Europe,Alpha,7,0,6.0,121,42.0,0.1664,0.1001,3.0,0.0174,74.39,0.4
2021-01-19,Russia,Europe,Alpha,40,1,37.0,614,400.0,0.0966,0.1962,27.0,0.022,68.21,0.483
2021-02-10,Russia,Europe,Alpha,8,0,7.0,132,64.0,0.1257,0.1259,4.0,0.0397,51.78,0.566
2021-02-20,Russia,Europe,Alpha,36,1,33.0,522,288.0,0.1228,0.222,33.0,0.036,68.52,0.505
2021-02-23,Russia,Europe,Alpha,2,0,1.0,19,12.0,0.1674,0.2169,0.0,0.036,74.81,0.4
2021-02-23,Russia,Europe,Alpha,2,0,1.0,32,14.0,0.1581,0.1775,1.0,0.036,74.01,0.421
2021-02-24,Russia,Europe,Alpha,18,0,16.0,200,198.0,0.0991,0.2211,10.0,0.031,55.5,0.403
2021-02-25,Russia,Europe,Alpha,2,0,1.0,30,22.0,0.0924,0.1333,1.0,0.031,68.29,0.461
2021-02-28,Russia,Europe,Alpha,1,0,0.0,17,8.0,0.1182,0.1233,0.0,0.0375,51.54,0.726
2021-03-02,Russia,Europe,Alpha,18,0,16.0,255,108.0,0.1517,0.1317,6.0,0.0594,74.68,0.4
2021-03-04,Russia,Europe,Alpha,23,1,20.0,236,230.0,0.1055,0.1623,7.0,0.0444,68.42,0.4
2021-03-05,Russia,Europe,Alpha,1,0,0.0,12,10.0,0.1075,0.1603,0.0,0.0416,53.97,0.594
2021-03-08,Russia,Europe,Alpha,2,0,1.0,21,16.0,0.1277,0.1603,0.0,0.0438,60.65,0.555
2021-03-09,Russia,Europe,Alpha,7,0,6.0,123,49.0,0.137,0.1341,4.0,0.0557,63.21,0.624
2021-03-13,Russia,Europe,Alpha,11,0,10.0,111,110.0,0.0797,0.163,4.0,0.048,66.68,0.419
2021-03-13,Russia,Europe,Alpha,2,0,1.0,31,16.0,0.116,0.1303,1.0,0.0824,77.52,0.4
2021-03-15,Russia,Europe,Alpha,2,0,1.0,32,14.0,0.1527,0.1136,1.0,0.0567,69.31,0.4
2021-03-18,Russia,Europe,Alpha,11,0,10.0,113,121.0,0.1017,0.1906,5.0,0.0687,70.42,0.515
2021-03-20,Russia,Europe,Delta,73,2,66.0,1054,657.0,0.0972,0.1738,37.0,0.0744,80.42,0.43
2021-03-25,Russia,Europe,Alpha,2,0,1.0,20,16.0,0.1221,0.1147,0.0,0.0666,69.47,0.471
2021-03-28,Russia,Europe,Alpha,60,1,54.0,910,480.0,0.132,0.1371,35.0,0.0744,75.98,0.493
2021-03-29,Russia,Europe,Delta,720,15,681.0,9900,4320.0,0.1586,0.1215,322.0,0.0733,81.36,0.4
2021-04-02,Russia,Europe,Alpha,30,1,27.0,479,210.0,0.1314,0.1653,14.0,0.0783,74.19,0.4
2021-04-03,Russia,Europe,Delta,59,1,54.0,844,590.0,0.1027,0.2395,34.0,0.0739,82.04,0.4
2021-04-05,Russia,Europe,Delta,21,1,19.0,286,189.0,0.1233,0.1219,8.0,0.0818,79.35,0.4
2021-04-05,Russia,Europe,Delta,13,1,11.0,211,91.0,0.1355,0.1335,4.0,0.0865,65.52,0.79
2021-04-05,Russia,Europe,Alpha,51,1,48.0,787,408.0,0.1214,0.163,31.0,0.0903,60.63,0.446
2021-04-07,Russia,Europe,Delta,2,0,1.0,29,22.0,0.0795,0.2407,1.0,0.0772,59.72,0.611
2021-04-09,Russia,Europe,Alpha,20,1,18.0,250,160.0,0.1331,0.1416,6.0,0.0952,57.4,0.463
2021-04-10,Russia,Europe,Delta,20,1,18.0,350,140.0,0.1447,0.1295,13.0,0.0766,59.64,0.581
2021-04-10,Russia,Europe,Alpha,5,0,4.0,74,40.0,0.1162,0.1603,3.0,0.1086,66.02,0.493
2021-04-10,Russia,Europe,Delta,9,0,8.0,152,90.0,0.099,0.2244,8.0,0.0851,69.67,0.731
2021-04-16,Russia,Europe,Alpha,4,0,3.0,67,36.0,0.1086,0.1603,2.0,0.0928,78.29,0.493
2021-04-17,Russia,Europe,Delta,1,0,0.0,16,11.0,0.0859,0.118,0.0,0.0927,63.3,0.462
2021-04-23,Russia,Europe,Delta,81,1,76.0,1065,729.0,0.1133,0.1642,52.0,0.0979,89.15,0.4
2021-04-24,Russia,Europe,Delta,7,0,6.0,88,49.0,0.1347,0.2373,3.0,0.0843,63.21,0.583
2021-04-25,Russia,Europe,Delta,45,1,43.0,596,450.0,0.0904,0.2243,34.0,0.0882,54.93,0.581
2021-04-26,Russia,Europe,Delta,12,0,11.0,175,120.0,0.1034,0.1353,4.0,0.1233,80.43,0.4
2021-04-30,Russia,Europe,Delta,30,1,28.0,389,210.0,0.1431,0.1513,13.0,0.1086,69.8,0.462
2021-05-03,Russia,Europe,Delta,139,5,130.0,2146,973.0,0.1501,0.16,82.0,0.1084,64.05,0.839
2021-05-13,Russia,Europe,Delta,5,0,4.0,70,50.0,0.1345,0.1812,3.0,0.0952,81.02,0.4
2021-05-15,Russia,Europe,Delta,150,0,9.0,106,80.0,0.1035,0.1505,4.0,0.1066,70.06,0.623
2021-05-20,Russia,Europe,Delta,34,1,32.0,604,204.0,0.1677,0.1196,16.0,0.1226,75.96,0.4
2021-05-28,Russia,Europe,Delta,13,0,11.0,185,117.0,0.1206,0.2265,9.0,0.124,63.49,0.83
2021-05-31,Russia,Europe,Delta,6,0,5.0,68,60.0,0.1012,0.1765,2.0,0.1353,55.59,0.844
2021-06-01,Russia,Europe,Delta,1,0,0.0,16,9.0,0.1215,0.1056,0.0,0.1531,59.46,0.581
2021-06-07,Russia,Europe,Delta,22,1,20.0,387,242.0,0.0746,0.2448,15.0,0.1189,55.09,0.989
2021-06-07,Russia,Europe,Delta,14,0,12.0,175,98.0,0.1462,0.1775,8.0,0.1424,67.35,0.4
2021-06-11,Russia,Europe,Delta,29,1,26.0,429,319.0,0.1086,0.2357,23.0,0.1355,63.21,0.689
2021-06-11,Russia,Europe,Delta,57,1,53.0,921,570.0,0.0906,0.1603,43.0,0.1384,80.32,0.4
2021-06-12,Russia,Europe,Delta,26,1,23.0,383,234.0,0.1115,0.2122,21.0,0.129,64.04,0.81
2021-06-12,Russia,Europe,Delta,10,0,9.0,159,80.0,0.1307,0.1141,2.0,0.1379,80.01,0.4
2021-06-14,Russia,Europe,Delta,1,0,0.0,13,6.0,0.151,0.1444,0.0,0.1298,63.43,0.856
2021-06-15,Russia,Europe,Delta,7,0,6.0,106,42.0,0.1733,0.1549,4.0,0.1394,64.88,0.549
2021-06-18,Russia,Europe,Delta,20,1,18.0,213,160.0,0.1312,0.2054,10.0,0.1444,71.39,0.581
2021-06-19,Russia,Europe,Delta,26,1,24.0,258,208.0,0.1363,0.1608,9.0,0.1458,56.66,0.594
2021-06-22,Russia,Europe,Delta,13,0,12.0,177,91.0,0.1416,0.1177,5.0,0.1467,67.15,0.576
2021-06-25,Russia,Europe,Delta,14,0,12.0,205,154.0,0.1128,0.2155,7.0,0.169,69.53,0.553
2021-06-25,Russia,Europe,Delta,10,0,9.0,158,90.0,0.1096,0.1769,5.0,0.1567,59.42,0.915
2021-06-27,Russia,Europe,Delta,2,0,1.0,30,18.0,0.109,0.2011,1.0,0.166,67.44,0.432
2021-06-29,Russia,Europe,Delta,1,0,0.0,10,9.0,0.1222,0.1864,0.0,0.1571,68.97,0.566
2021-06-29,Russia,Europe,Delta,2,0,1.0,29,20.0,0.0986,0.1272,0.0,0.16,61.98,0.858
2021-07-02,Russia,Europe,Delta,105,2,100.0,1101,735.0,0.1599,0.16,30.0,0.1478,78.51,0.4
2021-07-04,Russia,Europe,Delta,34,1,31.0,368,272.0,0.1293,0.16,14.0,0.1733,58.93,0.67
2021-07-05,Russia,Europe,Delta,21,1,19.0,281,147.0,0.1418,0.2299,18.0,0.1494,69.51,0.577
2021-07-06,Russia,Europe,Delta,2,0,1.0,29,20.0,0.0836,0.1771,1.0,0.1629,69.81,0.581
2021-07-16,Russia,Europe,Delta,67,1,62.0,1196,402.0,0.1759,0.14,48.0,0.1596,83.6,0.4
2021-07-18,Russia,Europe,Delta,2,0,1.0,30,16.0,0.1191,0.1905,1.0,0.1756,60.26,0.638
2021-07-18,Russia,Europe,Delta,2,0,1.0,29,14.0,0.1298,0.1135,1.0,0.158,64.13,0.569
2021-07-20,Russia,Europe,Delta,1,0,0.0,11,11.0,0.0939,0.1809,0.0,0.18,83.69,0.581
2021-07-23,Russia,Europe,Delta,34,1,31.0,363,272.0,0.1191,0.16,8.0,0.1916,76.0,0.485
2021-07-24,Russia,Europe,Delta,1,0,0.0,13,6.0,0.1788,0.1463,0.0,0.1966,69.75,0.415
2021-07-25,Russia,Europe,Delta,27,1,24.0,413,162.0,0.1729,0.108,10.0,0.1803,77.83,0.4
2021-07-26,Russia,Europe,Delta,1,0,0.0,12,6.0,0.1513,0.183,0.0,0.1973,72.54,0.402
2021-08-01,Russia,Europe,Delta,3,0,2.0,51,33.0,0.0933,0.2087,2.0,0.1728,79.2,0.461
2021-08-02,Russia,Europe,Delta,122,3,111.0,1599,1098.0,0.1105,0.16,56.0,0.1882,79.2,0.487
2021-08-04,Russia,Europe,Delta,7,0,6.0,103,42.0,0.1694,0.1656,2.0,0.1914,70.45,0.603
2021-08-06,Russia,Europe,Delta,153,0,8.0,96,81.0,0.1081,0.2129,4.0,0.1831,47.17,0.829
2021-08-09,Russia,Europe,Delta,1,0,0.0,9,6.0,0.1508,0.2087,0.0,0.2081,48.43,0.673
2021-08-11,Russia,Europe,Delta,20,1,18.0,237,220.0,0.0844,0.1504,7.0,0.1704,45.55,1.113
2021-08-11,Russia,Europe,Delta,18,1,16.0,201,198.0,0.0948,0.16,7.0,0.1846,54.92,0.949
2021-08-12,Russia,Europe,Delta,4,0,3.0,47,32.0,0.1395,0.16,2.0,0.2041,58.56,0.581
2021-08-15,Russia,Europe,Delta,3,0,2.0,33,24.0,0.1072,0.2054,1.0,0.1991,45.53,0.85
2021-08-16,Russia,Europe,Delta,8,0,7.0,122,80.0,0.11,0.2013,6.0,0.2022,50.03,1.138
2021-08-16,Russia,Europe,Delta,4,0,3.0,42,28.0,0.1536,0.1695,1.0,0.2,61.84,0.85
2021-08-17,Russia,Europe,Delta,15,1,14.0,230,150.0,0.1219,0.1018,5.0,0.1971,60.98,0.581
2021-08-19,Russia,Europe,Delta,14,0,12.0,181,84.0,0.1487,0.2266,8.0,0.2045,50.6,1.113
2021-08-19,Russia,Europe,Delta,10,0,9.0,178,110.0,0.108,0.16,11.0,0.1979,58.61,0.526
2021-08-21,Russia,Europe,Delta,8,0,7.0,85,80.0,0.1103,0.1942,4.0,0.2054,38.77,1.274
2021-08-21,Russia,Europe,Delta,12,0,10.0,162,96.0,0.1194,0.227,8.0,0.1976,59.73,0.602
2021-08-27,Russia,Europe,Delta,17,0,15.0,174,119.0,0.1513,0.1526,5.0,0.1952,45.36,0.638
2021-08-28,Russia,Europe,Delta,15,0,13.0,150,150.0,0.0964,0.18,6.0,0.2079,39.61,1.009
2021-09-01,Russia,Europe,Delta,6,0,5.0,86,66.0,0.101,0.2304,3.0,0.1931,39.85,1.308
2021-09-01,Russia,Europe,Delta,1,0,0.0,14,8.0,0.1246,0.1157,0.0,0.2131,58.34,0.594
2021-09-04,Russia,Europe,Delta,9,0,8.0,163,54.0,0.1743,0.1195,4.0,0.223,63.91,0.434
2021-09-04,Russia,Europe,Delta,5,0,4.0,80,45.0,0.0952,0.2103,4.0,0.1996,62.65,0.666
2021-09-06,Russia,Europe,Delta,2,0,1.0,26,16.0,0.1347,0.2247,1.0,0.2223,55.61,0.833
2021-09-07,Russia,Europe,Delta,15,0,13.0,226,165.0,0.0736,0.1995,9.0,0.2231,67.42,0.422
2021-09-08,Russia,Europe,Delta,96,3,89.0,1011,960.0,0.0873,0.1307,29.0,0.2101,66.43,0.69
2021-09-09,Russia,Europe,Delta,3,0,2.0,45,18.0,0.1759,0.1077,1.0,0.2068,69.36,0.54
2021-09-10,Russia,Europe,Delta,24,1,21.0,364,168.0,0.1431,0.16,13.0,0.2211,54.16,0.768
2021-09-15,Russia,Europe,Delta,252,0,13.0,248,126.0,0.1147,0.1407,9.0,0.2248,44.58,0.777
2021-09-18,Russia,Europe,Delta,1,0,0.0,12,11.0,0.0922,0.1991,0.0,0.2256,45.09,0.782
2021-09-21,Russia,Europe,Delta,23,1,20.0,264,161.0,0.1419,0.1344,8.0,0.2302,59.28,0.503
2021-09-22,Russia,Europe,Delta,5,0,4.0,69,50.0,0.0741,0.16,2.0,0.2318,68.73,0.525
2021-09-27,Russia,Europe,Delta,48,1,45.0,472,288.0,0.1725,0.2131,23.0,0.2397,65.35,0.555
2021-09-28,Russia,Europe,Delta,11,0,10.0,183,110.0,0.0996,0.1507,5.0,0.2349,35.86,0.73
2021-09-30,Russia,Europe,Delta,18,1,16.0,275,144.0,0.1336,0.1747,10.0,0.244,64.43,0.773
2021-09-30,Russia,Europe,Delta,5,0,4.0,58,30.0,0.1654,0.1837,2.0,0.2405,38.8,0.744
2021-10-01,Russia,Europe,Delta,14,0,13.0,181,126.0,0.1108,0.203,8.0,0.2544,64.46,0.581
2021-10-05,Russia,Europe,Delta,6,0,5.0,62,42.0,0.1345,0.2135,3.0,0.2384,64.46,0.653
2021-10-05,Russia,Europe,Omicron,2,0,1.0,34,22.0,0.0696,0.0708,1.0,0.2649,64.28,0.639
2021-10-07,Russia,Europe,Omicron,15,0,14.0,247,150.0,0.1085,0.0606,2.0,0.2474,64.76,1.2415
2021-10-07,Russia,Europe,Delta,5,0,4.0,73,55.0,0.0905,0.1286,1.0,0.2441,51.37,0.849
2021-10-08,Russia,Europe,Delta,8,0,7.0,145,64.0,0.1307,0.162,6.0,0.2672,51.0,1.064
2021-10-11,Russia,Europe,Omicron,19,0,18.0,195,133.0,0.1489,0.0583,1.0,0.2311,57.1,0.953
2021-10-12,Russia,Europe,Omicron,12,0,11.0,194,108.0,0.1169,0.0686,3.0,0.2391,66.36,0.716
2021-10-13,Russia,Europe,Omicron,33,0,31.0,576,264.0,0.1444,0.1034,13.0,0.2466,54.95,0.815
2021-10-16,Russia,Europe,Delta,5,0,4.0,50,30.0,0.1657,0.1881,2.0,0.2576,58.86,0.663
2021-10-16,Russia,Europe,Omicron,18,0,16.0,245,108.0,0.1683,0.08,5.0,0.2431,64.32,1.2415
2021-10-19,Russia,Europe,Omicron,2,0,1.0,25,22.0,0.0956,0.0798,0.0,0.2632,48.56,1.357
2021-10-20,Russia,Europe,Delta,12,0,11.0,160,96.0,0.1348,0.1193,4.0,0.2533,65.87,0.457
2021-10-22,Russia,Europe,Omicron,42,0,40.0,744,420.0,0.0845,0.0879,14.0,0.2559,43.32,1.592
2021-10-25,Russia,Europe,Omicron,5,0,4.0,61,40.0,0.1307,0.0929,0.0,0.2637,47.61,0.946
2021-10-28,Russia,Europe,Delta,19,0,17.0,286,171.0,0.1262,0.1267,8.0,0.2715,37.88,1.316
2021-10-30,Russia,Europe,Delta,44,1,41.0,790,396.0,0.1163,0.1239,23.0,0.2666,61.19,0.594
2021-11-05,Russia,Europe,Omicron,9,0,8.0,160,54.0,0.1806,0.0916,3.0,0.2683,51.86,1.115
2021-11-07,Russia,Europe,Omicron,17,0,16.0,281,102.0,0.1562,0.0893,6.0,0.2697,55.06,1.109
2021-11-09,Russia,Europe,Delta,4,0,3.0,49,40.0,0.0838,0.2096,1.0,0.276,39.38,0.581
2021-11-10,Russia,Europe,Omicron,53,1,50.0,522,477.0,0.1176,0.0808,12.0,0.2729,68.77,0.506
2021-11-11,Russia,Europe,Omicron,26,0,24.0,362,260.0,0.1205,0.0521,4.0,0.2877,49.06,1.312
2021-11-12,Russia,Europe,Delta,10,0,9.0,99,60.0,0.1635,0.1208,3.0,0.274,44.54,0.632
2021-11-15,Russia,Europe,Omicron,9,0,8.0,160,81.0,0.1171,0.0775,3.0,0.2678,30.46,1.129
2021-11-17,Russia,Europe,Omicron,47,0,44.0,478,517.0,0.0919,0.0447,3.0,0.2846,26.87,2.116
2021-11-20,Russia,Europe,Omicron,1,0,0.0,10,10.0,0.1029,0.0705,0.0,0.308,53.52,1.081
2021-11-20,Russia,Europe,Omicron,13,0,12.0,138,104.0,0.1068,0.0968,3.0,0.2735,53.52,1.093
2021-11-21,Russia,Europe,Omicron,1,0,0.0,10,6.0,0.1699,0.0945,0.0,0.281,58.51,0.874
2021-11-23,Russia,Europe,Omicron,10,0,9.0,142,110.0,0.1,0.0521,2.0,0.2908,40.4,1.227
2021-11-24,Russia,Europe,Omicron,101,1,96.0,1773,606.0,0.1418,0.0615,21.0,0.296,47.9,1.293
2021-12-02,Russia,Europe,Omicron,30,0,28.0,305,330.0,0.1069,0.0606,4.0,0.2851,44.07,1.28
2021-12-04,Russia,Europe,Omicron,29,0,26.0,336,319.0,0.0861,0.075,6.0,0.301,43.09,0.884
2021-12-10,Russia,Europe,Omicron,1,0,0.0,15,10.0,0.0814,0.0496,0.0,0.3051,35.66,1.386
2021-12-11,Russia,Europe,Omicron,7,0,6.0,111,56.0,0.1362,0.0448,1.0,0.3158,56.46,1.227
2021-12-12,Russia,Europe,Omicron,28,0,26.0,463,280.0,0.1161,0.0932,7.0,0.3058,30.81,1.336
2021-12-12,Russia,Europe,Omicron,26,0,25.0,425,234.0,0.0873,0.0559,5.0,0.319,48.97,1.008
2021-12-13,Russia,Europe,Omicron,21,0,20.0,336,147.0,0.1604,0.0653,6.0,0.2926,31.21,1.806
2021-12-14,Russia,Europe,Omicron,80,1,76.0,1084,560.0,0.1314,0.0616,15.0,0.3068,43.69,1.569
2021-12-16,Russia,Europe,Omicron,6,0,5.0,66,60.0,0.1073,0.0606,0.0,0.3195,57.81,0.638
2021-12-23,Russia,Europe,Omicron,22,0,21.0,247,198.0,0.0956,0.0918,5.0,0.3208,30.66,1.769
2021-12-23,Russia,Europe,Omicron,4,0,3.0,41,32.0,0.1139,0.0706,1.0,0.3167,46.43,1.115
2021-12-27,Russia,Europe,Omicron,67,0,62.0,1196,603.0,0.1242,0.0833,23.0,0.3173,39.47,1.255
2021-12-29,Russia,Europe,Omicron,20,0,18.0,353,200.0,0.0888,0.0821,7.0,0.3186,49.11,1.32
2021-12-31,Russia,Europe,Omicron,2,0,1.0,26,12.0,0.1738,0.0815,0.0,0.3459,37.66,1.195
2021-12-31,Russia,Europe,Omicron,27,0,25.0,300,162.0,0.1971,0.0657,4.0,0.3173,30.81,1.309
2022-01-01,Russia,Europe,Omicron,1,0,0.0,11,11.0,0.0904,0.0844,0.0,0.3369,53.47,1.308
2022-01-01,Russia,Europe,Omicron,13,0,12.0,217,117.0,0.1052,0.0606,3.0,0.3312,32.25,1.482
2022-01-03,Russia,Europe,Omicron,20,0,19.0,294,180.0,0.1332,0.0647,4.0,0.3112,37.89,1.505
2022-01-12,Russia,Europe,Omicron,13,0,12.0,155,130.0,0.0957,0.0606,2.0,0.3327,21.04,1.227
2022-01-18,Russia,Europe,Omicron,8,0,7.0,85,64.0,0.123,0.0899,1.0,0.3366,51.65,1.053
2022-01-20,Russia,Europe,Omicron,2,0,1.0,29,18.0,0.0975,0.0892,0.0,0.3366,34.41,1.773
2022-01-22,Russia,Europe,Omicron,62,0,59.0,671,620.0,0.1019,0.0543,7.0,0.3307,48.95,1.074
2022-01-22,Russia,Europe,Omicron,5,0,4.0,63,50.0,0.0983,0.0451,1.0,0.346,33.58,1.068
2022-01-23,Russia,Europe,Omicron,31,0,29.0,449,310.0,0.0997,0.0615,6.0,0.3303,39.76,1.228
2022-01-29,Russia,Europe,Omicron,21,0,19.0,236,210.0,0.0923,0.0898,3.0,0.3469,24.08,1.599
2022-01-30,Russia,Europe,Omicron,9,0,8.0,122,90.0,0.1073,0.0942,3.0,0.3489,29.92,1.46
2022-01-30,Russia,Europe,Omicron,3,0,2.0,42,18.0,0.1678,0.0918,1.0,0.3646,25.15,1.303
2022-02-02,Russia,Europe,Omicron,7,0,6.0,98,49.0,0.1407,0.0947,2.0,0.3381,58.59,1.221
2022-02-04,Russia,Europe,Omicron BA.2,31,0,28.0,499,217.0,0.1412,0.0684,9.0,0.3476,58.59,2.344
2022-02-08,Russia,Europe,Omicron,33,0,31.0,410,231.0,0.1344,0.0936,8.0,0.3391,52.41,1.093
2022-02-10,Russia,Europe,Omicron BA.2,1,0,0.0,11,11.0,0.1027,0.0592,0.0,0.3806,28.58,1.462
2022-02-13,Russia,Europe,Omicron,6,0,5.0,90,48.0,0.1559,0.0704,1.0,0.3825,51.05,0.926
2022-02-13,Russia,Europe,Omicron BA.2,5,0,4.0,89,40.0,0.1303,0.0393,0.0,0.3736,42.56,1.393
2022-02-14,Russia,Europe,Omicron BA.2,10,0,9.0,153,90.0,0.1106,0.0635,2.0,0.3495,35.39,1.811
2022-02-16,Russia,Europe,Omicron BA.2,40,1,38.0,643,240.0,0.1666,0.0666,10.0,0.365,40.51,1.628
2022-02-19,Russia,Europe,Omicron,26,0,24.0,445,260.0,0.1064,0.0666,7.0,0.3728,40.51,0.758
2022-02-19,Russia,Europe,Omicron,22,0,21.0,243,132.0,0.1589,0.0729,4.0,0.3691,45.62,1.158
2022-02-21,Russia,Europe,Omicron BA.2,9,0,8.0,162,90.0,0.0966,0.0848,3.0,0.3686,30.7,1.51
2022-02-21,Russia,Europe,Omicron BA.2,12,0,11.0,158,72.0,0.1589,0.0568,2.0,0.3585,30.7,1.676
2022-02-24,Russia,Europe,Omicron,4,0,3.0,42,40.0,0.1193,0.0721,0.0,0.3808,30.7,0.843
2022-02-27,Russia,Europe,Omicron BA.2,17,0,16.0,184,187.0,0.0845,0.0814,3.0,0.3858,36.23,1.899
2022-02-28,Russia,Europe,Omicron BA.2,30,0,28.0,321,300.0,0.1123,0.0366,2.0,0.3729,48.73,1.56
2022-02-28,Russia,Europe,Omicron,3,0,2.0,43,27.0,0.1045,0.0738,0.0,0.3665,28.32,1.06
2022-03-02,Russia,Europe,Omicron BA.2,28,0,26.0,318,224.0,0.1106,0.0823,7.0,0.3618,39.15,1.957
2022-03-04,Russia,Europe,Omicron BA.2,1,0,0.0,13,8.0,0.1223,0.0755,0.0,0.3812,47.71,1.815
2022-03-07,Russia,Europe,Omicron,4,0,3.0,48,44.0,0.0969,0.0726,1.0,0.3738,54.72,0.845
2022-03-09,Russia,Europe,Omicron,176,1,167.0,3126,1760.0,0.0976,0.0606,74.0,0.3855,33.15,1.109
2022-03-13,Russia,Europe,Omicron BA.2,85,1,80.0,871,595.0,0.1475,0.0753,14.0,0.3983,9.69,2.773
2022-03-13,Russia,Europe,Omicron BA.2,12,0,11.0,184,132.0,0.0788,0.0481,2.0,0.3896,19.83,1.702
2022-03-16,Russia,Europe,Omicron BA.2,3,0,2.0,54,27.0,0.1068,0.0496,0.0,0.4029,19.37,1.645
2022-03-17,Russia,Europe,Omicron BA.2,2,0,1.0,27,20.0,0.1024,0.0842,1.0,0.3726,13.26,2.219
2022-03-19,Russia,Europe,Omicron BA.2,98,1,92.0,1323,882.0,0.0966,0.0725,21.0,0.3774,31.3,2.203
2022-03-20,Russia,Europe,Omicron BA.2,9,0,8.0,89,63.0,0.1466,0.0485,1.0,0.3923,34.73,1.967
2022-03-27,Russia,Europe,Omicron BA.2,33,0,30.0,419,363.0,0.0942,0.0595,6.0,0.4006,29.42,1.655
2022-03-27,Russia,Europe,Omicron BA.2,3,0,3.0,38,21.0,0.1276,0.0646,0.0,0.4011,29.8,2.374
2022-04-01,Russia,Europe,Omicron BA.2,2,0,2.0,21,14.0,0.1584,0.0388,0.0,0.4159,24.3,2.321
2022-04-05,Russia,Europe,Omicron BA.2,1,0,0.0,15,9.0,0.0974,0.0618,0.0,0.4055,38.01,1.521
2022-04-06,Russia,Europe,Omicron BA.2,1,0,0.0,9,6.0,0.1629,0.0548,0.0,0.4055,13.5,1.874
2022-04-08,Russia,Europe,Omicron BA.2,95,0,4.0,56,45.0,0.1355,0.0547,0.0,0.4073,20.11,2.234
2022-04-08,Russia,Europe,Omicron BA.2,17,0,16.0,303,187.0,0.0919,0.067,5.0,0.3997,28.11,1.645
2022-04-08,Russia,Europe,Omicron BA.2,29,0,27.0,305,174.0,0.1503,0.0459,2.0,0.4121,16.51,2.117
2022-04-10,Russia,Europe,Omicron BA.2,7,0,6.0,102,49.0,0.1472,0.0399,1.0,0.3902,20.27,2.704
2022-04-14,Russia,Europe,Omicron BA.2,6,0,6.0,108,48.0,0.1254,0.057,1.0,0.4039,33.85,1.466
2022-04-14,Russia,Europe,Omicron BA.2,84,1,79.0,1153,588.0,0.1408,0.0572,15.0,0.4025,18.47,2.248
2022-04-14,Russia,Europe,Omicron BA.2,19,0,17.0,217,133.0,0.1481,0.0611,2.0,0.4274,23.85,2.086
2022-04-18,Russia,Europe,Omicron BA.2,69,1,65.0,1133,552.0,0.1223,0.0389,10.0,0.4203,10.66,1.977
2022-04-25,Russia,Europe,Omicron BA.2,47,0,45.0,729,517.0,0.0744,0.0768,12.0,0.4284,10.66,2.275
2022-04-28,Russia,Europe,Omicron BA.2,62,0,59.0,1015,558.0,0.1182,0.0637,14.0,0.4523,29.19,2.154
2022-04-29,Russia,Europe,Omicron BA.2,4,0,3.0,66,32.0,0.1207,0.0781,1.0,0.429,18.43,2.199
2022-04-29,Russia,Europe,Omicron BA.2,1,0,0.0,17,6.0,0.1589,0.0372,0.0,0.4255,20.46,1.732
2022-04-30,Russia,Europe,Omicron BA.2,1008,0,963.0,1589,1120.0,0.0773,0.0574,20.0,0.4302,33.03,1.425
2022-04-30,Russia,Europe,Omicron BA.2,25,0,24.0,402,275.0,0.0898,0.035,3.0,0.4281,22.1,2.315
2022-04-30,Russia,Europe,Omicron BA.2,19,0,17.0,219,114.0,0.1635,0.0595,2.0,0.4332,11.22,2.099
2022-05-02,Russia,Europe,Omicron BA.2,6,0,6.0,85,36.0,0.1699,0.0372,1.0,0.4504,40.29,1.009
2022-05-03,Russia,Europe,Omicron BA.2,35,0,34.0,370,350.0,0.0928,0.0774,6.0,0.4336,16.14,2.102
2022-05-03,Russia,Europe,Omicron BA.2,16,0,15.0,277,160.0,0.0964,0.0533,4.0,0.4126,19.5,2.744
2022-05-05,Russia,Europe,Omicron BA.2,23,0,21.0,406,230.0,0.0973,0.0372,5.0,0.4219,14.18,1.645
2022-05-11,Russia,Europe,Omicron BA.2,65,1,62.0,955,715.0,0.0826,0.0439,10.0,0.4292,27.68,1.659
2022-05-11,Russia,Europe,Omicron BA.2,45,0,43.0,510,315.0,0.1286,0.078,6.0,0.4465,10.67,1.645
2022-05-12,Russia,Europe,Omicron BA.2,1,0,0.0,13,9.0,0.1136,0.0372,0.0,0.4402,28.25,1.768
2022-05-12,Russia,Europe,Omicron BA.2,24,0,23.0,400,264.0,0.0934,0.0581,3.0,0.4256,22.69,1.625
2022-05-20,Russia,Europe,Omicron BA.2,5,0,5.0,73,45.0,0.125,0.0727,1.0,0.4518,28.19,1.71
2022-05-26,Russia,Europe,Omicron BA.2,18,0,17.0,210,180.0,0.1052,0.0527,2.0,0.4827,28.19,1.878
2022-05-27,Russia,Europe,Omicron BA.2,6,0,5.0,85,66.0,0.0873,0.0743,1.0,0.4677,15.48,2.526
2022-05-29,Russia,Europe,Omicron BA.2,15,0,14.0,212,150.0,0.103,0.0619,2.0,0.4722,28.51,1.551
2022-05-30,Russia,Europe,Omicron BA.2,1,0,0.0,10,11.0,0.0878,0.0496,0.0,0.4661,24.04,1.793
2022-06-04,Russia,Europe,Omicron BA.2,4,0,3.0,51,36.0,0.1313,0.0599,1.0,0.4702,14.25,2.435
2022-06-06,Russia,Europe,Omicron BA.2,8,0,8.0,116,56.0,0.1282,0.0372,1.0,0.4805,20.13,2.097
2022-06-07,Russia,Europe,Omicron BA.2,8,0,7.0,117,56.0,0.1625,0.0372,1.0,0.4579,29.2,1.23
2022-06-07,Russia,Europe,Omicron BA.2,2,0,2.0,26,22.0,0.0905,0.0726,0.0,0.4448,37.98,1.293
2022-06-07,Russia,Europe,Omicron BA.2,41,0,39.0,659,328.0,0.1241,0.0379,7.0,0.4777,16.83,2.348
2022-06-08,Russia,Europe,Omicron BA.2,25,0,23.0,309,175.0,0.1355,0.0468,3.0,0.4784,13.69,2.21
2022-06-12,Russia,Europe,Omicron BA.2,71,0,67.0,910,426.0,0.1648,0.0648,13.0,0.4746,39.58,1.645
2022-06-14,Russia,Europe,Omicron BA.2,10,0,9.0,147,100.0,0.1019,0.076,2.0,0.473,22.31,1.486
2022-06-16,Russia,Europe,Omicron BA.2,3,0,3.0,39,33.0,0.09,0.0751,0.0,0.4708,27.52,1.367
2022-06-17,Russia,Europe,Omicron BA.2,15,0,14.0,267,150.0,0.0881,0.0341,1.0,0.4618,13.31,1.702
2022-06-20,Russia,Europe,Omicron BA.2,9,0,8.0,115,72.0,0.1247,0.0602,1.0,0.4729,21.42,1.488
2022-06-20,Russia,Europe,Omicron BA.2,14,0,13.0,184,140.0,0.0962,0.0571,2.0,0.4888,14.51,2.53
2022-06-22,Russia,Europe,Omicron BA.2,4,0,4.0,60,44.0,0.0912,0.0435,0.0,0.4777,35.78,1.085
2022-06-24,Russia,Europe,Omicron BA.2,67,0,64.0,855,737.0,0.0805,0.0372,7.0,0.4831,33.79,1.503
2022-06-24,Russia,Europe,Omicron BA.2,7,0,6.0,90,49.0,0.1413,0.0372,0.0,0.4764,36.07,1.248
2022-06-27,Russia,Europe,Omicron BA.2,13,0,12.0,161,78.0,0.171,0.0664,1.0,0.4931,19.55,1.648
2022-06-28,Russia,Europe,Omicron BA.2,14,0,13.0,251,84.0,0.1628,0.0363,2.0,0.4786,5.29,1.608
2022-06-28,Russia,Europe,Omicron BA.2,2,0,2.0,32,18.0,0.0999,0.0725,1.0,0.491,38.06,1.645
2022-07-02,Russia,Europe,Omicron BA.2,4,0,4.0,62,32.0,0.1232,0.0659,1.0,0.4823,41.25,1.336
2022-07-05,Russia,Europe,Omicron BA.2,4,0,4.0,72,32.0,0.1273,0.0685,1.0,0.4987,33.93,1.52
2022-07-09,Russia,Europe,Omicron BA.2,11,0,11.0,118,88.0,0.1427,0.0547,1.0,0.4841,27.49,1.62
2022-07-11,Russia,Europe,Omicron BA.2,6,0,5.0,77,60.0,0.0991,0.0587,0.0,0.4839,35.91,1.192
2022-07-11,Russia,Europe,Omicron BA.2,12,0,11.0,148,108.0,0.1243,0.0663,2.0,0.498,40.85,1.647
2022-07-16,Russia,Europe,Omicron BA.2,2,0,2.0,32,22.0,0.092,0.0622,0.0,0.5052,34.77,1.189
2022-07-18,Russia,Europe,Omicron BA.2,8,0,7.0,105,56.0,0.139,0.039,1.0,0.5025,21.47,2.398
2022-07-18,Russia,Europe,Omicron BA.2,10,0,10.0,165,110.0,0.085,0.0441,2.0,0.5114,27.53,2.278
2022-07-19,Russia,Europe,Omicron BA.2,2,0,2.0,30,18.0,0.1125,0.0679,0.0,0.5035,20.1,1.645
2022-07-19,Russia,Europe,Omicron BA.2,26,0,24.0,416,260.0,0.0981,0.0372,3.0,0.516,29.96,1.808
2022-07-20,Russia,Europe,Omicron BA.2,25,0,23.0,385,200.0,0.142,0.054,5.0,0.5162,20.0,1.46
2022-07-24,Russia,Europe,Omicron BA.2,28,0,27.0,488,280.0,0.0933,0.0372,2.0,0.4983,20.0,2.244
2022-07-27,Russia,Europe,Omicron BA.2,17,0,16.0,279,187.0,0.1006,0.0637,3.0,0.5076,32.0,1.549
2022-07-29,Russia,Europe,Omicron BA.2,62,0,59.0,954,558.0,0.1195,0.0505,11.0,0.5189,36.94,1.739
2022-08-07,Russia,Europe,Omicron BA.2,25,0,23.0,287,225.0,0.1251,0.0333,2.0,0.5054,23.66,2.184
2022-08-09,Russia,Europe,Omicron BA.2,17,0,16.0,217,187.0,0.0843,0.0524,2.0,0.5326,19.89,2.152
2022-08-10,Russia,Europe,Omicron BA.2,8,0,7.0,116,56.0,0.1431,0.0372,1.0,0.5205,32.01,2.132
2022-08-10,Russia,Europe,Omicron BA.2,44,0,40.0,477,352.0,0.1419,0.0687,9.0,0.5325,39.08,1.047
2022-08-12,Russia,Europe,Omicron BA.2,21,0,20.0,281,231.0,0.0854,0.0393,2.0,0.5233,15.87,1.938
2022-08-14,Russia,Europe,Omicron BA.2,17,0,16.0,273,187.0,0.0693,0.0458,3.0,0.5223,16.64,1.779
2022-08-15,Russia,Europe,Omicron BA.2,509,4,476.0,7959,3563.0,0.1398,0.0445,90.0,0.5368,37.86,1.179
2022-08-18,Russia,Europe,Omicron BA.2,11,0,10.0,169,110.0,0.1029,0.0338,1.0,0.5264,36.93,1.846
2022-08-22,Russia,Europe,Omicron BA.2,156,1,148.0,2661,1092.0,0.1486,0.0647,43.0,0.5149,30.93,1.645
2022-08-25,Russia,Europe,Omicron BA.2,8,0,8.0,145,88.0,0.0802,0.0626,2.0,0.5326,7.88,2.636
2022-08-30,Russia,Europe,Omicron BA.2,12,0,11.0,202,84.0,0.1434,0.0689,3.0,0.5476,31.31,1.447
2022-09-03,Russia,Europe,Omicron BA.2,17,0,16.0,196,187.0,0.0886,0.0592,2.0,0.5242,18.58,2.442
2022-09-03,Russia,Europe,Omicron BA.2,99,1,91.0,1297,693.0,0.1273,0.0538,15.0,0.5495,18.58,1.807
2022-09-09,Russia,Europe,Omicron BA.2,16,0,15.0,247,96.0,0.1642,0.0355,2.0,0.5401,22.6,1.65
2022-09-11,Russia,Europe,Omicron BA.2,72,0,69.0,1103,648.0,0.1169,0.0608,15.0,0.5492,35.68,1.792
2022-09-11,Russia,Europe,Omicron BA.2,44,0,42.0,464,308.0,0.1496,0.0494,5.0,0.555,20.31,2.065
2022-09-12,Russia,Europe,Omicron BA.2,13,0,12.0,174,78.0,0.1735,0.042,1.0,0.5545,36.73,1.791
2022-09-15,Russia,Europe,Omicron BA.2,32,0,31.0,517,288.0,0.1193,0.0372,4.0,0.5677,11.21,2.281
2022-09-15,Russia,Europe,Omicron BA.2,1,0,0.0,10,7.0,0.1463,0.0497,0.0,0.5517,23.2,1.417
2022-09-16,Russia,Europe,Omicron BA.2,1,0,0.0,12,7.0,0.1445,0.0304,0.0,0.5715,7.1,1.809
2022-09-18,Russia,Europe,Omicron BA.2,2,0,2.0,21,18.0,0.1046,0.0672,0.0,0.5584,25.61,1.563
2022-09-22,Russia,Europe,Omicron BA.2,35,0,33.0,495,245.0,0.1269,0.0543,5.0,0.5564,27.89,2.197
2022-09-27,Russia,Europe,Omicron BA.2,3,0,2.0,45,33.0,0.0952,0.0629,0.0,0.5793,37.18,1.071
2022-09-28,Russia,Europe,Omicron BA.2,5,0,5.0,56,30.0,0.1775,0.043,1.0,0.5811,16.49,2.366
2022-09-28,Russia,Europe,Omicron BA.2,1,0,0.0,10,10.0,0.0989,0.0384,0.0,0.5622,38.55,1.485
2022-09-28,Russia,Europe,Omicron BA.2,16,0,15.0,269,96.0,0.1629,0.0551,3.0,0.5614,26.71,1.594
2022-09-28,Russia,Europe,Omicron BA.2,1,0,1.0,13,11.0,0.0926,0.0609,0.0,0.5821,26.44,1.924
2022-09-30,Russia,Europe,Omicron BA.2,6,0,5.0,70,60.0,0.1069,0.0508,1.0,0.5684,18.15,1.645
2022-10-02,Russia,Europe,Omicron BA.2,64,1,59.0,719,640.0,0.0937,0.0479,8.0,0.5622,28.7,1.686
2022-10-06,Russia,Europe,Omicron BA.2,61,0,58.0,963,366.0,0.1661,0.0587,12.0,0.5808,13.35,2.495
2022-10-12,Russia,Europe,Omicron BA.2,4,0,3.0,59,28.0,0.148,0.0512,0.0,0.5671,36.39,1.716
2022-10-19,Russia,Europe,Omicron BA.2,3,0,3.0,41,30.0,0.1029,0.044,0.0,0.5865,10.43,1.433
2022-10-20,Russia,Europe,Omicron BA.2,1,0,1.0,16,7.0,0.1501,0.0581,0.0,0.5966,33.7,1.645
2022-10-21,Russia,Europe,Omicron BA.2,8,0,8.0,94,72.0,0.1198,0.0606,1.0,0.5743,33.7,2.113
2022-10-22,Russia,Europe,Omicron BA.2,10,0,10.0,169,90.0,0.1113,0.0289,0.0,0.5962,33.7,2.632
2022-10-23,Russia,Europe,Omicron BA.2,1,0,1.0,16,7.0,0.1347,0.0553,0.0,0.6035,31.25,1.692
2022-10-24,Russia,Europe,Omicron BA.2,42,0,40.0,557,420.0,0.0967,0.0633,8.0,0.5843,42.53,1.301
2022-10-24,Russia,Europe,Omicron BA.2,3,0,3.0,48,27.0,0.117,0.0331,0.0,0.5915,42.53,1.241
2022-10-28,Russia,Europe,Omicron BA.2,9,0,9.0,114,54.0,0.1594,0.0325,0.0,0.604,44.7,1.217
2022-10-29,Russia,Europe,Omicron BA.2,65,0,60.0,751,585.0,0.1118,0.0372,7.0,0.5769,23.02,1.239
2022-10-30,Russia,Europe,Omicron BA.2,15,0,14.0,206,120.0,0.1324,0.0601,2.0,0.6025,43.3,1.164
2022-10-31,Russia,Europe,Omicron BA.2,20,0,19.0,251,160.0,0.1456,0.0492,3.0,0.5853,32.78,1.917
2022-10-31,Russia,Europe,Omicron BA.2,3,0,3.0,31,30.0,0.0895,0.0443,0.0,0.595,18.97,1.314
2022-11-02,Russia,Europe,Omicron BA.2,38,0,36.0,436,342.0,0.1026,0.0438,4.0,0.5926,15.1,2.375
2022-11-06,Russia,Europe,Omicron BA.2,57,0,55.0,937,627.0,0.0896,0.0405,8.0,0.5765,16.55,1.498
2022-11-12,Russia,Europe,Omicron BA.2,60,0,57.0,873,360.0,0.1583,0.0505,12.0,0.6043,37.56,0.995
2022-11-14,Russia,Europe,Omicron BA.2,10,0,9.0,101,100.0,0.0851,0.0488,1.0,0.6061,34.9,1.642
2022-11-17,Russia,Europe,Omicron BA.2,2,0,2.0,31,22.0,0.0938,0.0372,0.0,0.6183,31.09,1.488
2022-11-20,Russia,Europe,Omicron BA.2,33,0,31.0,346,198.0,0.1604,0.0338,3.0,0.6049,33.83,1.059
2022-11-20,Russia,Europe,Omicron BA.2,12,0,11.0,142,108.0,0.1083,0.0458,1.0,0.6204,25.76,1.151
2022-11-25,Russia,Europe,Omicron BA.2,1,0,0.0,13,10.0,0.1013,0.0387,0.0,0.6249,26.46,2.211
2022-11-26,Russia,Europe,Omicron BA.2,14,0,13.0,156,112.0,0.1189,0.0477,1.0,0.621,36.46,1.724
2022-11-26,Russia,Europe,Omicron BA.2,3,0,3.0,50,33.0,0.0801,0.0398,0.0,0.6142,30.45,1.28
2022-12-02,Russia,Europe,Omicron BA.2,8,0,7.0,99,64.0,0.1337,0.0372,0.0,0.6184,20.59,1.625
2022-12-03,Russia,Europe,Omicron BA.2,3,0,2.0,32,21.0,0.1215,0.058,0.0,0.6368,7.9,1.818
2022-12-05,Russia,Europe,Omicron BA.2,239,1,228.0,3929,2390.0,0.083,0.0372,45.0,0.6359,18.02,1.301
2022-12-06,Russia,Europe,Omicron BA.2,11,0,11.0,168,66.0,0.1736,0.0637,2.0,0.618,23.64,1.915
2022-12-07,Russia,Europe,Omicron BA.2,7,0,7.0,109,56.0,0.116,0.0473,1.0,0.6175,28.15,1.302
2022-12-08,Russia,Europe,Omicron BA.2,4,0,4.0,67,32.0,0.1178,0.0442,1.0,0.6413,36.26,1.771
2022-12-11,Russia,Europe,Omicron BA.2,11,0,10.0,118,88.0,0.116,0.0425,1.0,0.6156,36.26,1.841
2022-12-13,Russia,Europe,Omicron BA.2,12,0,11.0,175,84.0,0.1467,0.0372,1.0,0.6247,28.26,1.5
2022-12-13,Russia,Europe,Omicron BA.2,2,0,2.0,22,18.0,0.1286,0.0341,0.0,0.6408,18.6,1.219
2022-12-14,Russia,Europe,Omicron BA.2,7,0,7.0,122,77.0,0.0981,0.0478,1.0,0.6311,31.62,1.645
2022-12-19,Russia,Europe,Omicron BA.2,16,0,15.0,175,160.0,0.0843,0.0544,2.0,0.6555,16.18,1.788
2022-12-19,Russia,Europe,Omicron BA.2,36,0,34.0,416,360.0,0.1021,0.051,4.0,0.6247,24.67,1.645
2022-12-21,Russia,Europe,Omicron BA.2,10,0,9.0,115,90.0,0.1103,0.0331,0.0,0.652,32.71,1.286
2022-12-21,Russia,Europe,Omicron BA.2,2,0,2.0,33,14.0,0.1416,0.0285,0.0,0.649,32.71,2.033
2022-12-28,Russia,Europe,Omicron BA.2,26,0,25.0,358,234.0,0.1205,0.0431,3.0,0.6574,37.86,1.643
2020-01-26,South Africa,Africa,Original,4,0,3.0,40,12.0,0.3354,0.1777,2.0,0.0,15.58,0.659
2020-01-27,South Africa,Africa,Original,1,0,0.0,15,3.0,0.3466,0.132,0.0,0.0,19.36,0.566
2020-01-29,South Africa,Africa,Original,5,0,4.0,64,25.0,0.2112,0.2068,3.0,0.0,18.42,0.706
2020-02-01,South Africa,Africa,Original,5,0,4.0,76,9.0,0.2521,0.14850000000000002,2.0,0.0,21.89,0.902
2020-02-02,South Africa,Africa,Original,3,0,2.0,50,15.0,0.1968,0.1424,2.0,0.0,7.77,0.973
2020-02-06,South Africa,Africa,Original,1,0,0.0,9,9.0,0.2521,0.2076,0.0,0.0,11.67,0.846
2020-02-06,South Africa,Africa,Original,1,0,0.0,12,4.0,0.2475,0.1872,0.0,0.0,10.57,1.077
2020-02-07,South Africa,Africa,Original,18,1,16.0,198,9.0,0.2521,0.2052,9.0,0.0,12.29,1.156
2020-02-08,South Africa,Africa,Original,3,0,2.0,46,12.0,0.2496,0.1934,2.0,0.0,18.0,0.664
2020-02-09,South Africa,Africa,Original,1,0,0.0,16,5.0,0.1932,0.14850000000000002,0.0,0.0,7.33,0.754
2020-02-15,South Africa,Africa,Original,4,0,3.0,62,12.0,0.3353,0.1571,1.0,0.0,7.33,0.947
2020-02-16,South Africa,Africa,Original,3,0,2.0,38,9.0,0.2521,0.1343,1.0,0.0,7.33,0.851
2020-02-16,South Africa,Africa,Original,1,0,0.0,10,9.0,0.2521,0.1395,0.0,0.0,13.16,0.702
2020-02-19,South Africa,Africa,Original,47,2,42.0,654,235.0,0.1939,0.1369,20.0,0.0,14.36,1.031
2020-02-26,South Africa,Africa,Original,6,0,5.0,104,9.0,0.2521,0.14850000000000002,3.0,0.0,65.84,0.4
2020-03-02,South Africa,Africa,Original,2,0,1.0,34,9.0,0.2521,0.1489,1.0,0.0,87.86,0.4
2020-03-02,South Africa,Africa,Original,2,0,1.0,35,8.0,0.2664,0.1185,0.0,0.0,77.4,0.4
2020-03-03,South Africa,Africa,Original,1,0,0.0,11,5.0,0.885637673,0.1091,0.0,0.0,70.41,0.4
2020-03-03,South Africa,Africa,Original,3,0,2.0,44,15.0,0.1988,0.1749,2.0,0.0,81.96,0.4
2020-03-04,South Africa,Africa,Original,8,0,7.0,100,9.0,0.2521,0.14850000000000002,2.0,0.0,75.76,0.4
2020-03-04,South Africa,Africa,Original,1,0,0.0,11,4.0,0.2402,0.1525,0.0,0.0,93.95,0.4
2020-03-08,South Africa,Africa,Original,1,0,0.0,16,9.0,0.2521,0.14850000000000002,0.0,0.0,82.44,0.4
2020-03-11,South Africa,Africa,Original,1,0,0.0,15,4.0,0.2322,0.1743,0.0,0.0,88.7,0.4
2020-03-11,South Africa,Africa,Original,1,0,0.0,14,5.0,0.2031,0.1497,0.0,0.0,91.89,0.4
2020-03-12,South Africa,Africa,Original,6,0,5.0,103,9.0,0.2521,0.14850000000000002,3.0,0.0,71.73,0.4
2020-03-13,South Africa,Africa,Original,4,0,3.0,39,12.0,0.3256,0.1274,1.0,0.0,78.17,0.4
2020-03-17,South Africa,Africa,Original,31,1,28.0,540,124.0,0.2304,0.1775,21.0,0.0,78.17,0.4
2020-03-18,South Africa,Africa,Original,7,0,6.0,95,35.0,0.2007,0.0949,2.0,0.0,84.77,0.4
2020-03-21,South Africa,Africa,Original,13,0,12.0,162,9.0,0.2521,0.0902,3.0,0.0,98.6,0.4
2020-03-25,South Africa,Africa,Original,4,0,3.0,55,20.0,0.1984,0.1907,2.0,0.0,71.08,0.4
2020-03-28,South Africa,Africa,Original,1,0,0.0,12,9.0,0.2521,0.195,0.0,0.0,95.59,0.4
2020-03-30,South Africa,Africa,Original,1,0,0.0,15,5.0,0.2128,0.1935,1.0,0.0,88.82,0.4
2020-04-06,South Africa,Africa,Original,1,0,0.0,12,3.0,0.3339,0.1799,0.0,0.0,87.24,0.4
2020-04-06,South Africa,Africa,Original,6,0,5.0,81,9.0,0.2521,0.1195,1.0,0.0,87.24,0.4
2020-04-07,South Africa,Africa,Original,2,0,1.0,29,6.0,0.3275,0.0989,1.0,0.0,87.24,0.4
2020-04-09,South Africa,Africa,Original,5,0,4.0,58,25.0,0.19,0.14850000000000002,2.0,0.0,65.23,0.4
2020-04-10,South Africa,Africa,Original,3,0,2.0,47,12.0,0.2422,0.14850000000000002,1.0,0.0,82.92,0.4
2020-04-10,South Africa,Africa,Original,1,0,0.0,11,3.0,0.3375,0.1261,0.0,0.0,90.91,0.4
2020-04-12,South Africa,Africa,Original,1,0,0.0,15,3.0,0.3305,0.1159,0.0,0.0,90.91,0.428
2020-04-14,South Africa,Africa,Original,40,1,36.0,480,120.0,0.3366,0.1031,11.0,0.0,77.26,0.4
2020-04-14,South Africa,Africa,Original,1,0,0.0,11,3.0,0.3288,0.1946,0.0,0.0,78.5,0.4
2020-04-14,South Africa,Africa,Original,1,0,0.0,15,3.0,0.3382,0.1444,0.0,0.0,74.2,0.4
2020-04-16,South Africa,Africa,Original,2,0,1.0,20,9.0,0.2521,0.14850000000000002,0.0,0.0,88.85,0.4
2020-04-17,South Africa,Africa,Original,8,0,7.0,85,9.0,0.2521,0.1623,2.0,0.0,81.12,0.4
2020-04-18,South Africa,Africa,Original,1,0,0.0,14,4.0,0.2577,0.1104,0.0,0.0,86.23,0.4
2020-04-20,South Africa,Africa,Original,1,0,0.0,11,5.0,0.2085,0.1579,0.0,0.0,78.96,0.4
2020-04-20,South Africa,Africa,Original,2,0,1.0,28,6.0,0.3349,0.14850000000000002,0.0,0.0,97.37,0.4
2020-04-20,South Africa,Africa,Original,1,0,0.0,12,4.0,0.2497,0.1578,0.0,0.0,65.77,0.437
2020-04-23,South Africa,Africa,Original,6,0,5.0,76,18.0,0.3233,0.1622,3.0,0.0,78.98,0.4
2020-04-24,South Africa,Africa,Original,5,0,4.0,50,15.0,0.3293,0.1636,1.0,0.0,83.89,0.4
2020-04-29,South Africa,Africa,Original,2,0,1.0,26,9.0,0.2521,0.0978,0.0,0.0,92.47,0.4
2020-04-30,South Africa,Africa,Original,10,0,9.0,160,9.0,0.2521,0.1419,6.0,0.0,74.09,0.4
2020-05-02,South Africa,Africa,Original,7,0,6.0,111,21.0,0.3516,0.0905,2.0,0.0,59.84,0.4
2020-05-09,South Africa,Africa,Original,1,0,0.0,18,9.0,0.2521,0.1564,1.0,0.0,50.03,0.428
2020-05-11,South Africa,Africa,Original,2,0,1.0,20,8.0,0.2559,0.1753,1.0,0.0,68.4,0.4
2020-05-12,South Africa,Africa,Original,7,0,6.0,90,9.0,0.2521,0.1643,3.0,0.0,62.66,0.4
2020-05-14,South Africa,Africa,Original,2,0,1.0,36,10.0,0.1907,0.1437,1.0,0.0,71.41,0.428
2020-05-17,South Africa,Africa,Original,1,0,0.0,13,3.0,0.3399,0.1334,0.0,0.0,57.11,0.498
2020-05-18,South Africa,Africa,Original,1,0,0.0,14,9.0,0.2521,0.1153,0.0,0.0,61.76,0.445
2020-05-18,South Africa,Africa,Original,2,0,1.0,26,6.0,0.3326,0.1426,0.0,0.0,59.39,0.4
2020-05-21,South Africa,Africa,Original,1,0,0.0,11,9.0,0.2521,0.14850000000000002,0.0,0.0,67.76,0.4
2020-05-21,South Africa,Africa,Original,1,0,0.0,12,3.0,0.3413,0.1894,0.0,0.0,67.76,0.4
2020-05-21,South Africa,Africa,Original,9,0,8.0,145,45.0,0.2056,0.14850000000000002,6.0,0.0,75.85,0.4
2020-05-21,South Africa,Africa,Original,1,0,0.0,14,9.0,0.2521,0.14850000000000002,0.0,0.0,53.31,0.55
2020-06-01,South Africa,Africa,Original,2,0,1.0,20,10.0,0.2014,0.1256,0.0,0.0,55.67,0.428
2020-06-06,South Africa,Africa,Original,2,0,1.0,26,10.0,0.2177,0.1972,1.0,0.0,42.86,0.404
2020-06-06,South Africa,Africa,Original,1,0,0.0,11,5.0,0.1944,0.14850000000000002,0.0,0.0,70.23,0.4
2020-06-09,South Africa,Africa,Original,3,0,2.0,43,9.0,0.3179,0.1321,1.0,0.0,51.76,0.428
2020-06-10,South Africa,Africa,Original,2,0,1.0,29,6.0,0.3236,0.1796,1.0,0.0,53.05,0.541
2020-06-11,South Africa,Africa,Original,23,0,21.0,413,69.0,0.3495,0.1573,18.0,0.0,47.05,0.621
2020-06-15,South Africa,Africa,Original,2,0,1.0,30,10.0,0.2101,0.114,1.0,0.0,58.07,0.4
2020-06-16,South Africa,Africa,Original,2,0,1.0,27,6.0,0.3195,0.1744,1.0,0.0,58.07,0.587
2020-06-17,South Africa,Africa,Original,120,5,108.0,1326,480.0,0.2488,0.2,59.0,0.0,72.06,0.4
2020-06-23,South Africa,Africa,Original,1,0,0.0,17,5.0,0.1951,0.1584,1.0,0.0,61.36,0.454
2020-06-25,South Africa,Africa,Original,1,0,0.0,16,4.0,0.2455,0.1696,1.0,0.0,63.75,0.4
2020-06-27,South Africa,Africa,Original,3,0,2.0,45,12.0,0.2687,0.14850000000000002,1.0,0.0,72.26,0.4
2020-06-29,South Africa,Africa,Original,1,0,0.0,12,5.0,0.2009,0.1561,0.0,0.0,59.62,0.505
2020-07-01,South Africa,Africa,Original,1,0,0.0,17,5.0,0.1922,0.201,0.0,0.0,56.93,0.4
2020-07-02,South Africa,Africa,Original,8,0,7.0,123,40.0,0.1753,0.14850000000000002,4.0,0.0,56.93,0.523
2020-07-03,South Africa,Africa,Original,1,0,0.0,15,4.0,0.243,0.1063,0.0,0.0,64.13,0.4
2020-07-04,South Africa,Africa,Original,10,0,9.0,181,50.0,0.1966,0.1481,6.0,0.0,69.62,0.4
2020-07-07,South Africa,Africa,Original,7,0,6.0,124,21.0,0.3431,0.1612,4.0,0.0,41.86,0.571
2020-07-07,South Africa,Africa,Original,1,0,0.0,13,3.0,0.3398,0.173,0.0,0.0,59.83,0.4
2020-07-07,South Africa,Africa,Original,1,0,0.0,15,3.0,0.3163,0.14850000000000002,0.0,0.0,70.54,0.4
2020-07-09,South Africa,Africa,Original,1,0,0.0,14,3.0,0.3182,0.1681,1.0,0.0,59.39,0.479
2020-07-14,South Africa,Africa,Original,1,0,0.0,14,4.0,0.2619,0.1656,0.0,0.0,57.83,0.4
2020-07-15,South Africa,Africa,Original,4,0,3.0,54,12.0,0.3362,0.1566,2.0,0.0,70.67,0.4
2020-07-17,South Africa,Africa,Original,1,0,0.0,10,5.0,0.2089,0.11,0.0,0.0,50.35,0.4
2020-07-23,South Africa,Africa,Original,1,0,0.0,16,5.0,0.2114,0.105,0.0,0.0,50.35,0.4
2020-07-24,South Africa,Africa,Original,4,0,3.0,63,12.0,0.3463,0.11,2.0,0.0,63.14,0.4
2020-07-30,South Africa,Africa,Original,1,0,0.0,13,4.0,0.2521,0.14850000000000002,0.0,0.0,54.5,0.428
2020-07-31,South Africa,Africa,Original,5,0,4.0,63,15.0,0.3184,0.1304,2.0,0.0,72.06,0.4
2020-08-04,South Africa,Africa,Original,3,0,2.0,32,9.0,0.3344,0.1894,1.0,0.0,57.1,0.479
2020-08-05,South Africa,Africa,Original,1,0,0.0,12,3.0,0.3528,0.0969,0.0,0.0,55.56,0.593
2020-08-11,South Africa,Africa,Original,1,0,0.0,15,3.0,0.3164,0.14850000000000002,0.0,0.0,35.18,0.667
2020-08-11,South Africa,Africa,Original,1,0,0.0,12,4.0,0.2412,0.0978,0.0,0.0,58.99,0.4
2020-08-11,South Africa,Africa,Original,5,0,4.0,53,15.0,0.3404,0.1905,2.0,0.0,42.77,0.643
2020-08-14,South Africa,Africa,Original,4,0,3.0,69,12.0,0.3306,0.123,1.0,0.0,33.87,0.632
2020-08-15,South Africa,Africa,Original,6,0,5.0,67,18.0,0.3327,0.2057,3.0,0.0,33.87,0.534
2020-08-16,South Africa,Africa,Original,1,0,0.0,16,3.0,0.328,0.1942,1.0,0.0,45.46,0.711
2020-08-16,South Africa,Africa,Original,4,0,3.0,72,16.0,0.2516,0.1472,1.0,0.0,40.98,0.725
2020-08-17,South Africa,Africa,Original,2,0,1.0,26,6.0,0.3325,0.14850000000000002,1.0,0.0,41.15,0.551
2020-08-23,South Africa,Africa,Original,12,0,11.0,121,60.0,0.2103,0.1048,3.0,0.0,55.08,0.4
2020-08-24,South Africa,Africa,Original,2,0,1.0,36,8.0,0.2541,0.0959,1.0,0.0,50.24,0.4
2020-08-27,South Africa,Africa,Original,1,0,0.0,11,5.0,0.1952,0.1702,0.0,0.0,50.41,0.497
2020-08-27,South Africa,Africa,Original,18,1,16.0,236,90.0,0.2037,0.1411,8.0,0.0,54.29,0.407
2020-08-28,South Africa,Africa,Original,7,0,6.0,73,35.0,0.2119,0.0914,1.0,0.0,45.6,0.428
2020-08-28,South Africa,Africa,Original,2,0,1.0,22,10.0,0.1947,0.1855,0.0,0.0,41.09,0.632
2020-08-30,South Africa,Africa,Original,23,1,20.0,373,69.0,0.3306,0.1691,11.0,0.0,41.81,0.587
2020-09-02,South Africa,Africa,Original,1,0,0.0,16,4.0,0.2492,0.1663,0.0,0.0,60.18,0.4
2020-09-05,South Africa,Africa,Original,2,0,1.0,32,10.0,0.2187,0.1388,1.0,0.0,31.39,0.753
2020-09-12,South Africa,Africa,Original,1,0,0.0,16,3.0,0.3407,0.1109,0.0,0.0,51.25,0.578
2020-09-16,South Africa,Africa,Original,12,0,11.0,157,60.0,0.1938,0.1493,5.0,0.0,49.3,0.4
2020-09-23,South Africa,Africa,Original,2,0,1.0,25,8.0,0.2619,0.1553,1.0,0.0,42.29,0.7
2020-09-24,South Africa,Africa,Original,1,0,0.0,15,5.0,0.1983,0.1407,0.0,0.0,52.03,0.428
2020-09-26,South Africa,Africa,Original,1,0,0.0,14,4.0,0.2666,0.14850000000000002,0.0,0.0,47.36,0.554
2020-09-28,South Africa,Africa,Original,8,0,7.0,130,40.0,0.2183,0.1617,4.0,0.0,57.17,0.4
2020-09-29,South Africa,Africa,Original,3,0,2.0,31,9.0,0.336,0.151,0.0,0.0,47.16,0.479
2020-09-30,South Africa,Africa,Original,1,0,0.0,12,3.0,0.3316,0.0913,0.0,0.0,49.96,0.614
2020-10-03,South Africa,Africa,Original,15,0,14.0,151,75.0,0.2002,0.1599,5.0,0.0,63.14,0.4
2020-10-03,South Africa,Africa,Original,1,0,0.0,16,3.0,0.3362,0.1065,0.0,0.0,49.11,0.422
2020-10-04,South Africa,Africa,Original,3,0,2.0,38,9.0,0.3302,0.14850000000000002,1.0,0.0,60.49,0.433
2020-10-05,South Africa,Africa,Original,3,0,2.0,30,15.0,0.2278,0.1085,1.0,0.0,60.49,0.433
2020-10-08,South Africa,Africa,Original,3,0,2.0,45,15.0,0.2091,0.1241,1.0,0.0,43.17,0.708
2020-10-09,South Africa,Africa,Original,3,0,2.0,44,9.0,0.3267,0.1074,1.0,0.0,57.68,0.428
2020-10-10,South Africa,Africa,Original,1,0,0.0,9,5.0,0.2176,0.1919,0.0,0.0,42.03,0.606
2020-10-11,South Africa,Africa,Original,3,0,2.0,38,15.0,0.1835,0.14850000000000002,1.0,0.0,47.81,0.456
2020-10-11,South Africa,Africa,Original,6,0,5.0,62,30.0,0.2146,0.1062,1.0,0.0,53.1,0.481
2020-10-14,South Africa,Africa,Original,2,0,1.0,27,10.0,0.203,0.1678,1.0,0.0,42.33,0.627
2020-10-15,South Africa,Africa,Original,1,0,0.0,11,4.0,0.2484,0.1176,0.0,0.0,60.92,0.4
2020-10-15,South Africa,Africa,Original,1,0,0.0,10,4.0,0.2585,0.1503,0.0,0.0,45.56,0.658
2020-10-17,South Africa,Africa,Original,3,0,2.0,38,12.0,0.2456,0.0968,1.0,0.0,53.23,0.589
2020-10-19,South Africa,Africa,Original,2,0,1.0,20,6.0,0.3281,0.1678,0.0,0.0,48.78,0.4
2020-10-20,South Africa,Africa,Original,1,0,0.0,10,3.0,0.3371,0.0968,0.0,0.0,48.78,0.534
2020-10-20,South Africa,Africa,Original,14,0,13.0,160,42.0,0.3145,0.122,4.0,0.0,37.89,0.508
2020-10-20,South Africa,Africa,Original,1,0,0.0,14,3.0,0.3419,0.1411,0.0,0.0,48.63,0.508
2020-10-23,South Africa,Africa,Original,4,0,3.0,50,20.0,0.1915,0.1254,1.0,0.0,41.65,0.717
2020-10-24,South Africa,Africa,Original,8,0,7.0,89,24.0,0.3358,0.0913,2.0,0.0,31.95,0.936
2020-10-26,South Africa,Africa,Original,13,0,12.0,168,39.0,0.3413,0.1772,4.0,0.0,31.95,0.413
2020-10-27,South Africa,Africa,Original,57,2,53.0,808,171.0,0.3353,0.1087,19.0,0.0,41.16,0.622
2020-10-29,South Africa,Africa,Alpha,5,0,4.0,69,25.0,0.207,0.1042,2.0,0.0,39.45,0.863
2020-10-29,South Africa,Africa,Alpha,3,0,2.0,51,15.0,0.2027,0.2228,2.0,0.0,55.12,0.641
2020-10-30,South Africa,Africa,Original,1,0,0.0,16,5.0,0.2267,0.139,0.0,0.0,51.55,0.52
2020-11-02,South Africa,Africa,Alpha,10,1,9.0,146,30.0,0.3205,0.16565000000000002,4.0,0.0,53.0,0.536
2020-11-04,South Africa,Africa,Original,1,0,0.0,14,4.0,0.2384,0.2015,1.0,0.0,53.0,0.699
2020-11-06,South Africa,Africa,Alpha,5,0,4.0,86,20.0,0.2438,0.16565000000000002,1.0,0.0,49.22,0.698
2020-11-07,South Africa,Africa,Original,3,0,2.0,38,12.0,0.2344,0.1467,0.0,0.0,60.32,0.465
2020-11-07,South Africa,Africa,Original,1,0,0.0,12,5.0,0.1998,0.1535,0.0,0.0,56.47,0.4
2020-11-08,South Africa,Africa,Alpha,1,0,0.0,14,3.0,0.3311,0.171,1.0,0.0,40.06,0.868
2020-11-11,South Africa,Africa,Original,12,0,11.0,124,60.0,0.2019,0.1216,3.0,0.0,40.06,0.4
2020-11-12,South Africa,Africa,Alpha,2,0,1.0,26,10.0,0.1971,0.1201,1.0,0.0,50.44,0.519
2020-11-20,South Africa,Africa,Alpha,4,0,3.0,56,20.0,0.2133,0.1393,2.0,0.0,43.81,0.547
2020-11-20,South Africa,Africa,Alpha,6,0,5.0,70,30.0,0.198,0.154,2.0,0.0,59.07,0.714
2020-11-22,South Africa,Africa,Alpha,1,0,0.0,10,5.0,0.2022,0.2112,0.0,0.0,39.66,0.976
2020-11-24,South Africa,Africa,Alpha,2,0,1.0,35,6.0,0.3395,0.16565000000000002,0.0,0.0,35.78,1.028
2020-11-30,South Africa,Africa,Alpha,6,0,5.0,75,30.0,0.2079,0.2268,4.0,0.0,47.85,0.493
2020-11-30,South Africa,Africa,Alpha,2,0,1.0,25,10.0,0.2016,0.1935,1.0,0.0,58.76,0.707
2020-12-02,South Africa,Africa,Alpha,1,0,0.0,13,5.0,0.1934,0.2026,1.0,0.0,42.84,0.493
2020-12-03,South Africa,Africa,Alpha,4,0,3.0,56,20.0,0.1926,0.16565000000000002,2.0,0.0,40.53,0.918
2020-12-08,South Africa,Africa,Alpha,1,0,0.0,13,3.0,0.3129,0.1017,0.0,0.0,64.4,0.493
2020-12-08,South Africa,Africa,Alpha,1,0,0.0,9,5.0,0.1977,0.2145,0.0,0.0,48.33,0.867
2020-12-08,South Africa,Africa,Alpha,8,0,7.0,124,24.0,0.3393,0.16565000000000002,3.0,0.0,51.69,0.548
2020-12-13,South Africa,Africa,Alpha,2,0,1.0,32,8.0,0.2584,0.1343,0.0,0.0,73.39,0.445
2020-12-14,South Africa,Africa,Alpha,36,1,33.0,375,180.0,0.205,0.1645,14.0,0.0,71.03,0.48
2020-12-19,South Africa,Africa,Alpha,7,0,6.0,85,35.0,0.2174,0.1139,2.0,0.0,53.97,0.834
2020-12-21,South Africa,Africa,Alpha,1,0,0.0,14,3.0,0.3412,0.1985,0.0,0.0,49.59,0.582
2020-12-23,South Africa,Africa,Alpha,1,0,0.0,12,4.0,0.2466,0.176,0.0,0.0,61.58,0.649
2020-12-25,South Africa,Africa,Alpha,5,0,4.0,78,15.0,0.3246,0.1192,2.0,0.0,53.92,0.627
2020-12-28,South Africa,Africa,Alpha,1,0,0.0,15,3.0,0.3422,0.16565000000000002,0.0,0.0,64.5,0.539
2020-12-31,South Africa,Africa,Alpha,27,1,24.0,361,81.0,0.3293,0.1472,12.0,0.0,64.57,0.493
2021-01-03,South Africa,Africa,Alpha,3,0,2.0,48,12.0,0.2654,0.16565000000000002,1.0,0.0,55.15,0.676
2021-01-05,South Africa,Africa,Alpha,10,0,9.0,170,30.0,0.3279,0.1131,4.0,0.0,57.3,0.451
2021-01-05,South Africa,Africa,Alpha,2,0,1.0,25,10.0,0.2111,0.201,1.0,0.0,72.43,0.493
2021-01-07,South Africa,Africa,Alpha,1,0,0.0,13,3.0,0.3352,0.16565000000000002,0.0,0.0,53.14,0.663
2021-01-08,South Africa,Africa,Alpha,8,0,7.0,134,24.0,0.3136,0.1512,4.0,0.0,65.26,0.6
2021-01-11,South Africa,Africa,Alpha,18,1,16.0,246,90.0,0.1971,0.1427,7.0,0.0156,63.54,0.506
2021-01-12,South Africa,Africa,Alpha,1,0,0.0,17,5.0,0.1875,0.2148,1.0,0.0104,63.99,0.631
2021-01-13,South Africa,Africa,Alpha,4,0,3.0,58,16.0,0.2549,0.16565000000000002,1.0,0.0104,76.46,0.4
2021-01-13,South Africa,Africa,Alpha,168,0,11.0,123,36.0,0.3416,0.1372,2.0,0.0104,56.21,0.74
2021-01-17,South Africa,Africa,Alpha,1,0,0.0,13,3.0,0.3398,0.173,0.0,0.0104,67.31,0.4
2021-01-22,South Africa,Africa,Alpha,3,0,2.0,50,12.0,0.2697,0.16565000000000002,2.0,0.0126,75.94,0.4
2021-01-26,South Africa,Africa,Alpha,5,0,4.0,49,25.0,0.1908,0.16565000000000002,1.0,0.0032,63.5,0.4
2021-01-29,South Africa,Africa,Alpha,1,0,0.0,13,4.0,0.2441,0.1523,0.0,0.0032,73.49,0.476
2021-01-31,South Africa,Africa,Alpha,5,0,4.0,61,25.0,0.1848,0.0985,1.0,0.0201,64.96,0.493
2021-01-31,South Africa,Africa,Alpha,44,2,40.0,504,132.0,0.3324,0.2055,23.0,0.013,65.1,0.4
2021-02-01,South Africa,Africa,Alpha,1,0,0.0,11,3.0,0.3088,0.1877,0.0,0.013,60.38,0.643
2021-02-01,South Africa,Africa,Alpha,2,0,1.0,32,6.0,0.3346,0.1771,1.0,0.0105,76.07,0.421
2021-02-01,South Africa,Africa,Alpha,1,0,0.0,16,3.0,0.3281,0.2036,0.0,0.0105,72.06,0.4
2021-02-02,South Africa,Africa,Alpha,8,0,7.0,80,40.0,0.1901,0.1668,3.0,0.0135,75.11,0.4
2021-02-03,South Africa,Africa,Alpha,1,0,0.0,11,5.0,0.1912,0.1575,0.0,0.0135,54.94,0.485
2021-02-03,South Africa,Africa,Alpha,1,0,0.0,14,5.0,0.1875,0.1177,0.0,0.0292,62.37,0.536
2021-02-09,South Africa,Africa,Alpha,2,0,1.0,23,6.0,0.3303,0.1848,0.0,0.0392,65.48,0.467
2021-02-09,South Africa,Africa,Alpha,5,0,4.0,49,15.0,0.3343,0.1303,1.0,0.0116,54.79,0.752
2021-02-09,South Africa,Africa,Alpha,2,0,1.0,22,10.0,0.1976,0.1122,0.0,0.0004,58.03,0.432
2021-02-14,South Africa,Africa,Alpha,2,0,1.0,31,6.0,0.3482,0.153,1.0,0.0004,65.66,0.4
2021-02-15,South Africa,Africa,Alpha,1,0,0.0,13,3.0,0.3483,0.1997,0.0,0.0167,65.66,0.478
2021-02-16,South Africa,Africa,Alpha,4,0,3.0,55,16.0,0.2607,0.16565000000000002,1.0,0.0321,66.94,0.414
2021-02-21,South Africa,Africa,Alpha,5,0,4.0,49,15.0,0.3348,0.1692,2.0,0.0326,79.89,0.4
2021-02-22,South Africa,Africa,Alpha,1,0,0.0,12,4.0,0.2433,0.1726,0.0,0.0207,76.03,0.4
2021-02-23,South Africa,Africa,Alpha,2,0,1.0,24,10.0,0.2024,0.1933,1.0,0.0207,76.94,0.4
2021-03-03,South Africa,Africa,Alpha,1,0,0.0,17,4.0,0.2575,0.1526,0.0,0.0332,55.98,0.586
2021-03-03,South Africa,Africa,Alpha,11,0,9.0,113,55.0,0.2003,0.1362,3.0,0.0278,71.92,0.441
2021-03-07,South Africa,Africa,Alpha,2,0,1.0,24,6.0,0.3411,0.1758,1.0,0.0267,70.51,0.467
2021-03-07,South Africa,Africa,Alpha,6,0,5.0,74,30.0,0.1971,0.1955,3.0,0.0209,50.78,0.513
2021-03-10,South Africa,Africa,Alpha,1,0,0.0,14,4.0,0.237,0.1069,0.0,0.0209,65.34,0.402
2021-03-15,South Africa,Africa,Alpha,1,0,0.0,11,5.0,0.2089,0.1047,0.0,0.0209,65.34,0.503
2021-03-17,South Africa,Africa,Delta,1,0,0.0,13,4.0,0.2577,0.1904,0.0,0.0417,55.48,0.671
2021-03-17,South Africa,Africa,Alpha,14,0,12.0,177,70.0,0.2008,0.16565000000000002,5.0,0.03,61.66,0.561
2021-03-18,South Africa,Africa,Alpha,3,0,2.0,52,9.0,0.3338,0.1106,1.0,0.0551,77.37,0.4
2021-03-24,South Africa,Africa,Alpha,4,0,3.0,47,12.0,0.3343,0.16565000000000002,2.0,0.0178,69.01,0.4
2021-04-01,South Africa,Africa,Delta,12,0,11.0,198,48.0,0.2315,0.2324,12.0,0.0178,82.06,0.4
2021-04-06,South Africa,Africa,Alpha,2,0,1.0,20,6.0,0.3406,0.1988,0.0,0.0486,61.03,0.546
2021-04-11,South Africa,Africa,Alpha,5,0,4.0,54,25.0,0.1881,0.2086,1.0,0.0552,83.43,0.4
2021-04-12,South Africa,Africa,Alpha,3,0,2.0,45,15.0,0.217,0.1503,1.0,0.0537,58.82,0.493
2021-04-13,South Africa,Africa,Alpha,6,0,5.0,104,30.0,0.2194,0.1952,4.0,0.046,85.53,0.4
2021-04-17,South Africa,Africa,Delta,42,1,38.0,513,210.0,0.192,0.1815,20.0,0.0601,56.06,0.963
2021-04-17,South Africa,Africa,Delta,10,0,9.0,169,40.0,0.254,0.1639,6.0,0.031,55.89,0.599
2021-04-17,South Africa,Africa,Delta,2,0,1.0,26,10.0,0.1927,0.1393,0.0,0.057,55.38,0.581
2021-04-20,South Africa,Africa,Delta,9,0,8.0,124,45.0,0.1923,0.2287,6.0,0.0511,67.69,0.649
2021-04-25,South Africa,Africa,Delta,9,0,8.0,112,36.0,0.2798,0.1672,4.0,0.0679,61.51,0.507
2021-04-26,South Africa,Africa,Delta,4,0,3.0,43,20.0,0.2039,0.1156,0.0,0.0679,60.56,0.741
2021-05-05,South Africa,Africa,Delta,8,0,7.0,97,24.0,0.3249,0.1579,4.0,0.0689,77.48,0.546
2021-05-05,South Africa,Africa,Delta,3,0,2.0,33,12.0,0.2603,0.2125,2.0,0.0709,86.61,0.4
2021-05-09,South Africa,Africa,Delta,4,0,3.0,60,20.0,0.1965,0.1922,3.0,0.0709,90.16,0.4
2021-05-11,South Africa,Africa,Delta,33,1,30.0,590,165.0,0.2021,0.1844,24.0,0.0651,62.25,0.579
2021-05-12,South Africa,Africa,Delta,10,0,9.0,163,30.0,0.3485,0.1789,6.0,0.0444,55.12,0.785
2021-05-17,South Africa,Africa,Delta,1,0,0.0,12,4.0,0.2601,0.2104,0.0,0.0625,76.16,0.581
2021-05-18,South Africa,Africa,Delta,7,0,6.0,95,28.0,0.2606,0.2556,6.0,0.0533,70.89,0.646
2021-05-20,South Africa,Africa,Delta,36,1,34.0,468,144.0,0.2529,0.142,18.0,0.0593,62.67,0.543
2021-05-26,South Africa,Africa,Delta,5,0,4.0,75,15.0,0.3223,0.1942,2.0,0.0903,86.48,0.4
2021-05-28,South Africa,Africa,Delta,16,0,14.0,189,80.0,0.2013,0.1311,6.0,0.0564,67.49,0.423
2021-05-29,South Africa,Africa,Delta,1,0,0.0,11,3.0,0.3379,0.2221,0.0,0.0653,63.49,0.548
2021-05-30,South Africa,Africa,Delta,3,0,2.0,52,9.0,0.3132,0.1789,1.0,0.0602,62.42,0.581
2021-06-01,South Africa,Africa,Delta,1,0,0.0,14,5.0,0.2065,0.179,1.0,0.0679,55.59,0.581
2021-06-02,South Africa,Africa,Delta,4,0,3.0,45,16.0,0.2501,0.2083,2.0,0.0729,55.59,0.4
2021-06-03,South Africa,Africa,Delta,3,0,2.0,40,15.0,0.2044,0.1586,1.0,0.0838,73.09,0.578
2021-06-05,South Africa,Africa,Delta,14,0,13.0,236,56.0,0.2434,0.1725,9.0,0.0838,85.1,0.4
2021-06-05,South Africa,Africa,Delta,1,0,0.0,11,4.0,0.247,0.1937,0.0,0.0838,60.57,0.521
2021-06-06,South Africa,Africa,Delta,4,0,3.0,53,20.0,0.1918,0.1331,2.0,0.078,73.83,0.432
2021-06-06,South Africa,Africa,Delta,4,0,3.0,44,16.0,0.2445,0.12,1.0,0.0707,87.04,0.4
2021-06-16,South Africa,Africa,Delta,1,0,0.0,15,3.0,0.3375,0.2297,1.0,0.0807,54.56,0.842
2021-06-17,South Africa,Africa,Delta,1,0,0.0,12,5.0,0.2063,0.1171,0.0,0.0908,55.43,0.731
2021-06-22,South Africa,Africa,Delta,1,0,0.0,10,4.0,0.2495,0.1212,0.0,0.0768,71.3,0.531
2021-06-23,South Africa,Africa,Delta,1,0,0.0,10,5.0,0.1934,0.2034,0.0,0.074,59.01,0.581
2021-06-23,South Africa,Africa,Delta,17,1,15.0,253,68.0,0.2464,0.1789,14.0,0.095,84.46,0.4
2021-06-25,South Africa,Africa,Delta,6,0,5.0,68,30.0,0.2278,0.1466,2.0,0.095,73.73,0.554
2021-06-26,South Africa,Africa,Delta,42,2,38.0,558,168.0,0.26,0.1097,13.0,0.0875,69.22,0.733
2021-06-26,South Africa,Africa,Delta,4,0,3.0,44,16.0,0.2361,0.1937,1.0,0.0875,79.68,0.426
2021-06-27,South Africa,Africa,Delta,2,0,1.0,34,10.0,0.1885,0.2473,2.0,0.0961,59.64,0.704
2021-06-28,South Africa,Africa,Delta,114,5,101.0,1657,570.0,0.2089,0.1906,84.0,0.0788,85.47,0.4
2021-06-28,South Africa,Africa,Delta,4,0,3.0,66,12.0,0.3439,0.1138,2.0,0.0933,73.41,0.4
2021-06-28,South Africa,Africa,Delta,5,0,4.0,54,15.0,0.3318,0.1506,2.0,0.0722,78.49,0.4
2021-06-28,South Africa,Africa,Delta,7,0,6.0,74,35.0,0.1904,0.2128,2.0,0.0722,92.03,0.4
2021-06-30,South Africa,Africa,Delta,1,0,0.0,11,5.0,0.2129,0.121,0.0,0.0722,64.23,0.619
2021-07-02,South Africa,Africa,Delta,1,0,0.0,14,3.0,0.332,0.2231,1.0,0.0905,66.66,0.763
2021-07-08,South Africa,Africa,Delta,40,1,37.0,529,120.0,0.3407,0.1242,13.0,0.0991,65.24,0.581
2021-07-12,South Africa,Africa,Delta,4,0,3.0,71,12.0,0.3289,0.2334,4.0,0.0796,80.96,0.455
2021-07-14,South Africa,Africa,Delta,1,0,0.0,15,5.0,0.193,0.1292,0.0,0.0881,61.98,0.875
2021-07-17,South Africa,Africa,Delta,10,1,9.0,114,40.0,0.2685,0.2564,6.0,0.0843,66.16,0.54
2021-07-20,South Africa,Africa,Delta,8,0,7.0,99,24.0,0.3283,0.2064,4.0,0.0979,77.35,0.452
2021-07-23,South Africa,Africa,Delta,6,0,5.0,97,24.0,0.2514,0.2217,5.0,0.1124,71.83,0.581
2021-07-25,South Africa,Africa,Delta,4,0,3.0,58,16.0,0.257,0.1495,1.0,0.1141,71.83,0.426
2021-07-27,South Africa,Africa,Delta,47,1,44.0,776,235.0,0.1811,0.1269,28.0,0.0973,65.14,0.634
2021-07-28,South Africa,Africa,Delta,5,0,4.0,78,15.0,0.3355,0.2416,4.0,0.1026,53.43,0.672
2021-07-29,South Africa,Africa,Delta,38,2,34.0,588,114.0,0.3238,0.225,19.0,0.1026,73.01,0.597
2021-08-01,South Africa,Africa,Delta,1,0,0.0,15,3.0,0.3404,0.1789,0.0,0.1188,83.98,0.4
2021-08-01,South Africa,Africa,Delta,4,0,3.0,71,16.0,0.2564,0.1984,3.0,0.115,64.2,0.449
2021-08-01,South Africa,Africa,Delta,5,0,4.0,59,15.0,0.324,0.1789,3.0,0.115,68.3,0.606
2021-08-05,South Africa,Africa,Delta,24,1,21.0,322,96.0,0.2592,0.2527,23.0,0.1022,41.15,0.581
2021-08-07,South Africa,Africa,Delta,7,0,6.0,90,28.0,0.2476,0.2512,5.0,0.1022,39.57,1.383
2021-08-07,South Africa,Africa,Delta,8,0,7.0,114,40.0,0.213,0.2534,8.0,0.0937,40.8,1.326
2021-08-08,South Africa,Africa,Delta,13,1,11.0,130,39.0,0.3196,0.236,5.0,0.1073,43.17,1.272
2021-08-09,South Africa,Africa,Delta,1,0,0.0,12,5.0,0.191,0.1789,0.0,0.102,46.89,1.109
2021-08-11,South Africa,Africa,Delta,1,0,0.0,11,4.0,0.2489,0.1123,0.0,0.1114,51.72,1.014
2021-08-13,South Africa,Africa,Delta,14,1,12.0,250,42.0,0.3176,0.1789,10.0,0.106,50.14,0.93
2021-08-18,South Africa,Africa,Delta,2,0,1.0,22,6.0,0.335,0.1356,0.0,0.1009,46.68,1.248
2021-08-19,South Africa,Africa,Delta,2,0,1.0,21,6.0,0.3549,0.1617,1.0,0.1265,64.13,0.581
2021-08-21,South Africa,Africa,Delta,2,0,1.0,35,8.0,0.2577,0.1789,1.0,0.1039,64.13,0.598
2021-08-22,South Africa,Africa,Delta,2,0,1.0,22,6.0,0.3254,0.1674,0.0,0.1039,51.47,0.942
2021-08-22,South Africa,Africa,Delta,1,0,0.0,12,4.0,0.2497,0.1726,0.0,0.1031,65.39,0.681
2021-08-24,South Africa,Africa,Delta,1,0,0.0,10,4.0,0.2569,0.1766,0.0,0.1085,64.27,0.621
2021-08-24,South Africa,Africa,Delta,5,0,4.0,70,25.0,0.204,0.176,3.0,0.1135,60.49,0.581
2021-08-25,South Africa,Africa,Delta,4,0,3.0,66,16.0,0.2349,0.1212,2.0,0.1132,44.96,1.23
2021-08-27,South Africa,Africa,Delta,3,0,2.0,33,15.0,0.1889,0.1789,0.0,0.1182,63.72,0.504
2021-09-07,South Africa,Africa,Delta,3,0,2.0,52,12.0,0.2526,0.2142,2.0,0.1131,63.72,0.73
2021-09-10,South Africa,Africa,Delta,11,0,10.0,134,33.0,0.3263,0.174,5.0,0.1308,54.79,0.785
2021-09-10,South Africa,Africa,Delta,3,0,2.0,32,15.0,0.1969,0.1862,1.0,0.1091,49.67,0.926
2021-09-12,South Africa,Africa,Delta,5,0,4.0,73,15.0,0.3404,0.2107,3.0,0.1169,46.46,1.269
2021-09-14,South Africa,Africa,Delta,3,0,2.0,34,15.0,0.1786,0.1254,0.0,0.1243,56.62,0.557
2021-09-14,South Africa,Africa,Delta,1,0,0.0,10,3.0,0.3387,0.1163,0.0,0.1148,56.38,0.826
2021-09-16,South Africa,Africa,Delta,11,0,10.0,180,33.0,0.328,0.1132,5.0,0.1335,56.09,0.581
2021-09-17,South Africa,Africa,Delta,1,0,0.0,16,5.0,0.2121,0.2385,1.0,0.1112,45.97,1.143
2021-09-17,South Africa,Africa,Delta,8,0,7.0,88,32.0,0.2415,0.1976,4.0,0.1393,55.2,0.776
2021-09-18,South Africa,Africa,Delta,7,0,6.0,90,35.0,0.2044,0.1375,2.0,0.1331,55.2,0.457
2021-09-19,South Africa,Africa,Delta,1,0,0.0,17,4.0,0.2491,0.1859,1.0,0.1256,64.74,0.643
2021-09-20,South Africa,Africa,Delta,3,0,2.0,49,9.0,0.3306,0.1377,1.0,0.1428,68.96,0.57
2021-09-22,South Africa,Africa,Delta,6,0,5.0,64,18.0,0.3363,0.1789,3.0,0.1478,62.58,0.763
2021-09-23,South Africa,Africa,Delta,2,0,1.0,25,10.0,0.1923,0.1725,1.0,0.1395,59.53,0.641
2021-09-24,South Africa,Africa,Delta,7,0,6.0,103,21.0,0.331,0.2068,5.0,0.1395,53.67,0.792
2021-09-25,South Africa,Africa,Delta,3,0,2.0,44,12.0,0.2575,0.1068,1.0,0.1286,43.81,1.018
2021-09-25,South Africa,Africa,Delta,6,0,5.0,104,24.0,0.2533,0.1763,4.0,0.138,45.97,1.063
2021-09-26,South Africa,Africa,Delta,19,1,17.0,202,95.0,0.2081,0.107,5.0,0.138,66.75,0.629
2021-09-29,South Africa,Africa,Delta,1,0,0.0,11,3.0,0.3065,0.1858,0.0,0.1281,40.85,0.901
2021-10-01,South Africa,Africa,Delta,16,1,14.0,225,64.0,0.2668,0.2116,10.0,0.1198,42.38,1.16
2021-10-04,South Africa,Africa,Omicron,5,0,4.0,80,15.0,0.3357,0.07205,1.0,0.1515,48.44,1.275
2021-10-06,South Africa,Africa,Omicron,1,0,0.0,12,4.0,0.2495,0.0709,0.0,0.139,49.27,0.954
2021-10-08,South Africa,Africa,Delta,4,0,3.0,71,16.0,0.2557,0.21,2.0,0.1525,48.93,1.16
2021-10-11,South Africa,Africa,Delta,13,0,11.0,151,39.0,0.3156,0.1124,3.0,0.1284,73.11,0.4
2021-10-13,South Africa,Africa,Delta,15,1,13.0,247,75.0,0.2018,0.1473,6.0,0.138,49.82,0.581
2021-10-14,South Africa,Africa,Omicron,1,0,0.0,16,5.0,0.2113,0.0912,0.0,0.138,39.81,1.131
2021-10-19,South Africa,Africa,Delta,2,0,1.0,29,10.0,0.1786,0.1354,0.0,0.138,52.51,0.841
2021-10-23,South Africa,Africa,Omicron,70,1,66.0,1018,350.0,0.1781,0.0768,18.0,0.138,60.43,1.2415
2021-10-24,South Africa,Africa,Omicron,6,0,5.0,94,24.0,0.2575,0.0636,1.0,0.1544,59.7,1.242
2021-10-26,South Africa,Africa,Omicron,2,0,1.0,26,10.0,0.1969,0.0978,1.0,0.1524,65.23,1.058
2021-10-30,South Africa,Africa,Delta,1,0,0.0,13,3.0,0.3244,0.1307,0.0,0.1598,52.79,0.935
2021-10-31,South Africa,Africa,Omicron,58,1,54.0,657,232.0,0.2616,0.07205,7.0,0.1598,60.06,0.79
2021-11-03,South Africa,Africa,Delta,1,0,0.0,14,3.0,0.3316,0.2297,1.0,0.1399,57.86,0.698
2021-11-06,South Africa,Africa,Omicron,15,0,13.0,271,60.0,0.2526,0.0636,3.0,0.1412,67.01,0.574
2021-11-08,South Africa,Africa,Omicron,20,0,18.0,359,80.0,0.2476,0.1024,6.0,0.1412,38.72,1.2415
2021-11-08,South Africa,Africa,Delta,2,0,1.0,20,10.0,0.1886,0.1791,0.0,0.1518,49.39,0.581
2021-11-10,South Africa,Africa,Delta,10,1,9.0,140,30.0,0.3547,0.1242,4.0,0.1531,43.04,1.048
2021-11-11,South Africa,Africa,Omicron,17,0,15.0,202,85.0,0.2096,0.0496,2.0,0.1597,60.69,1.2415
2021-11-12,South Africa,Africa,Delta,2,0,1.0,21,10.0,0.2034,0.2236,1.0,0.1597,33.43,1.167
2021-11-13,South Africa,Africa,Omicron,121,1,116.0,1412,484.0,0.2472,0.0901,28.0,0.1597,25.57,2.23
2021-11-14,South Africa,Africa,Omicron,10,0,9.0,181,50.0,0.1956,0.0532,2.0,0.1729,19.89,1.758
2021-11-16,South Africa,Africa,Omicron,34,1,31.0,545,170.0,0.203,0.0794,7.0,0.1605,57.98,0.687
2021-11-17,South Africa,Africa,Omicron,20,0,18.0,290,60.0,0.318,0.1048,7.0,0.1576,38.49,1.988
2021-11-19,South Africa,Africa,Omicron,9,0,8.0,155,36.0,0.2418,0.07205,2.0,0.1649,41.59,1.023
2021-11-20,South Africa,Africa,Omicron,5,0,4.0,56,15.0,0.3459,0.0964,1.0,0.1436,45.84,1.161
2021-11-21,South Africa,Africa,Omicron,14,0,13.0,244,56.0,0.262,0.088,4.0,0.1432,51.77,1.553
2021-11-22,South Africa,Africa,Omicron,4,0,3.0,59,16.0,0.2527,0.07205,0.0,0.1678,42.42,1.087
2021-11-22,South Africa,Africa,Omicron,10,0,9.0,165,30.0,0.3274,0.07205,4.0,0.164,42.25,1.447
2021-11-22,South Africa,Africa,Omicron,15,0,13.0,169,60.0,0.251,0.1039,3.0,0.1485,31.13,1.566
2021-11-24,South Africa,Africa,Omicron,2,0,1.0,30,10.0,0.2017,0.0536,0.0,0.1683,30.5,1.974
2021-11-24,South Africa,Africa,Omicron,3,0,2.0,35,12.0,0.264,0.0569,0.0,0.1617,23.44,1.2415
2021-11-25,South Africa,Africa,Omicron,9,0,8.0,132,45.0,0.2015,0.0768,2.0,0.1438,23.44,1.108
2021-11-25,South Africa,Africa,Omicron,3,0,2.0,36,12.0,0.2364,0.0696,0.0,0.1727,27.61,1.363
2021-11-26,South Africa,Africa,Omicron,8,0,7.0,124,32.0,0.2464,0.0869,2.0,0.1727,46.97,1.588
2021-11-27,South Africa,Africa,Omicron,6,0,5.0,94,30.0,0.1914,0.081,2.0,0.1615,28.97,2.205
2021-11-30,South Africa,Africa,Omicron,104,1,96.0,1046,520.0,0.2109,0.0598,14.0,0.1659,40.6,1.686
2021-12-01,South Africa,Africa,Omicron,3,0,2.0,30,12.0,0.2619,0.0913,0.0,0.1659,40.6,0.837
2021-12-02,South Africa,Africa,Omicron,1,0,0.0,12,5.0,0.2009,0.0593,0.0,0.1659,43.05,1.721
2021-12-03,South Africa,Africa,Omicron,2,0,1.0,34,10.0,0.2039,0.0515,0.0,0.1852,49.31,0.915
2021-12-12,South Africa,Africa,Omicron,11,0,10.0,170,44.0,0.2434,0.1021,4.0,0.1881,49.31,1.2415
2021-12-20,South Africa,Africa,Omicron,6,0,5.0,62,18.0,0.3282,0.0924,0.0,0.164,27.52,1.978
2021-12-22,South Africa,Africa,Omicron,21,0,19.0,371,84.0,0.2493,0.1047,9.0,0.164,20.79,2.317
2021-12-24,South Africa,Africa,Omicron,1,0,0.0,12,3.0,0.3304,0.0533,0.0,0.164,28.26,1.265
2021-12-28,South Africa,Africa,Omicron,1,0,0.0,12,3.0,0.3182,0.0637,0.0,0.1831,60.26,0.683
2021-12-29,South Africa,Africa,Omicron,6,0,5.0,59,30.0,0.2176,0.07205,0.0,0.1714,36.69,1.378
2022-01-02,South Africa,Africa,Omicron,1,0,0.0,18,4.0,0.2537,0.07205,0.0,0.1915,26.09,1.183
2022-01-05,South Africa,Africa,Omicron,4,0,3.0,46,20.0,0.2145,0.051,1.0,0.1744,26.68,1.225
2022-01-10,South Africa,Africa,Omicron,8,0,7.0,109,24.0,0.339,0.0909,1.0,0.1744,35.69,1.558
2022-01-14,South Africa,Africa,Omicron,1,0,0.0,15,3.0,0.3274,0.0732,0.0,0.1744,43.0,1.043
2022-01-14,South Africa,Africa,Omicron,36,0,33.0,648,108.0,0.3251,0.0651,9.0,0.181,48.72,1.373
2022-01-19,South Africa,Africa,Omicron,3,0,2.0,42,12.0,0.2478,0.0565,1.0,0.1717,30.98,1.834
2022-01-20,South Africa,Africa,Omicron,10,0,9.0,180,40.0,0.2511,0.07205,2.0,0.2059,45.11,1.519
2022-01-20,South Africa,Africa,Omicron,2,0,1.0,22,6.0,0.3454,0.0919,0.0,0.2059,45.11,1.2415
2022-01-21,South Africa,Africa,Omicron,4,0,3.0,59,20.0,0.2127,0.0703,1.0,0.2005,27.65,1.591
2022-01-23,South Africa,Africa,Omicron,3,0,2.0,35,12.0,0.2563,0.093,0.0,0.1771,46.37,1.2415
2022-01-26,South Africa,Africa,Omicron,4,0,3.0,54,16.0,0.2507,0.0598,1.0,0.1771,31.13,1.152
2022-01-26,South Africa,Africa,Omicron,8,0,7.0,104,40.0,0.1849,0.07205,1.0,0.183,57.6,1.23
2022-01-28,South Africa,Africa,Omicron,4,0,3.0,39,20.0,0.1862,0.05,0.0,0.183,52.27,0.969
2022-01-29,South Africa,Africa,Omicron,17,0,16.0,302,51.0,0.3158,0.0835,4.0,0.1704,52.27,1.04
2022-02-04,South Africa,Africa,Omicron,1,0,0.0,17,4.0,0.2533,0.0781,0.0,0.1923,52.27,1.474
2022-02-05,South Africa,Africa,Omicron,1,0,0.0,17,4.0,0.2448,0.0658,0.0,0.1983,41.03,1.16
2022-02-07,South Africa,Africa,Omicron BA.2,12,0,11.0,213,36.0,0.3279,0.0606,2.0,0.2001,45.25,1.645
2022-02-08,South Africa,Africa,Omicron,7,0,6.0,103,35.0,0.2004,0.07205,1.0,0.1956,48.72,1.429
2022-02-08,South Africa,Africa,Omicron,2,0,1.0,28,10.0,0.2042,0.067,0.0,0.2039,29.35,1.746
2022-02-11,South Africa,Africa,Omicron,7,0,6.0,86,21.0,0.3369,0.0899,1.0,0.1875,29.35,1.296
2022-02-12,South Africa,Africa,Omicron BA.2,3,0,2.0,44,9.0,0.3328,0.0612,0.0,0.1925,28.69,2.568
2022-02-19,South Africa,Africa,Omicron BA.2,5,0,4.0,63,20.0,0.2606,0.0459,1.0,0.2104,30.29,2.272
2022-02-22,South Africa,Africa,Omicron,13,0,12.0,145,65.0,0.1929,0.0481,2.0,0.1969,30.35,2.024
2022-02-23,South Africa,Africa,Omicron,10,0,9.0,152,30.0,0.3147,0.0468,2.0,0.2072,38.93,1.267
2022-02-23,South Africa,Africa,Omicron,1,0,0.0,11,5.0,0.2109,0.07205,0.0,0.2153,46.96,1.2415
2022-02-24,South Africa,Africa,Omicron BA.2,1,0,0.0,13,3.0,0.3206,0.0478,0.0,0.2043,40.23,1.899
2022-02-24,South Africa,Africa,Omicron BA.2,10,0,9.0,177,40.0,0.2555,0.06565,1.0,0.2043,35.49,1.635
2022-02-24,South Africa,Africa,Omicron,7,0,6.0,122,35.0,0.1891,0.0581,1.0,0.2102,33.44,1.464
2022-02-24,South Africa,Africa,Omicron BA.2,7,0,6.0,102,35.0,0.198,0.0751,1.0,0.2102,32.88,1.854
2022-02-26,South Africa,Africa,Omicron,2,0,1.0,28,8.0,0.2488,0.0542,0.0,0.213,48.65,1.108
2022-02-27,South Africa,Africa,Omicron,10,0,9.0,131,30.0,0.3286,0.0768,2.0,0.2042,48.06,1.057
2022-02-28,South Africa,Africa,Omicron BA.2,1,0,0.0,11,5.0,0.1908,0.0502,0.0,0.2193,48.57,1.566
2022-03-03,South Africa,Africa,Omicron BA.2,93,1,88.0,980,279.0,0.3117,0.0683,16.0,0.2188,51.17,1.49
2022-03-04,South Africa,Africa,Omicron,1,0,0.0,14,3.0,0.3334,0.07,0.0,0.2284,28.08,1.903
2022-03-04,South Africa,Africa,Omicron,16,0,14.0,175,80.0,0.1942,0.07205,3.0,0.2,28.08,1.827
2022-03-11,South Africa,Africa,Omicron,1,0,0.0,16,3.0,0.332,0.0971,0.0,0.2222,37.52,1.217
2022-03-13,South Africa,Africa,Omicron BA.2,1,0,0.0,14,4.0,0.2323,0.0748,0.0,0.2223,15.33,1.645
2022-03-13,South Africa,Africa,Omicron BA.2,10,0,10.0,129,30.0,0.3251,0.0466,1.0,0.2125,24.05,2.072
2022-03-15,South Africa,Africa,Omicron BA.2,6,0,5.0,87,24.0,0.2556,0.0918,1.0,0.2224,46.11,1.885
2022-03-17,South Africa,Africa,Omicron BA.2,1,0,0.0,10,4.0,0.2565,0.0747,0.0,0.2147,46.11,1.36
2022-03-21,South Africa,Africa,Omicron BA.2,12,0,11.0,124,60.0,0.1889,0.0547,1.0,0.2154,22.17,1.645
2022-03-25,South Africa,Africa,Omicron BA.2,1,0,0.0,11,3.0,0.3266,0.0567,0.0,0.2093,17.86,1.738
2022-03-26,South Africa,Africa,Omicron BA.2,1,0,1.0,16,4.0,0.2613,0.06565,0.0,0.2181,30.78,2.62
2022-03-26,South Africa,Africa,Omicron BA.2,2,0,1.0,23,10.0,0.198,0.0725,0.0,0.2096,13.14,2.285
2022-03-27,South Africa,Africa,Omicron BA.2,6,0,5.0,90,30.0,0.1899,0.06565,2.0,0.1995,36.36,1.777
2022-03-31,South Africa,Africa,Omicron BA.2,7,0,6.0,120,28.0,0.2528,0.0725,2.0,0.2257,36.36,2.212
2022-04-01,South Africa,Africa,Omicron BA.2,16,0,15.0,219,80.0,0.1977,0.0679,3.0,0.2271,39.21,1.54
2022-04-03,South Africa,Africa,Omicron BA.2,15,0,14.0,181,60.0,0.2422,0.0535,2.0,0.2271,6.75,2.106
2022-04-08,South Africa,Africa,Omicron BA.2,2,0,1.0,33,6.0,0.3253,0.0811,1.0,0.2269,18.59,2.038
2022-04-11,South Africa,Africa,Omicron BA.2,8,0,7.0,130,40.0,0.2142,0.0803,2.0,0.2269,25.95,2.128
2022-04-23,South Africa,Africa,Omicron BA.2,12,0,11.0,139,60.0,0.2235,0.0531,2.0,0.2234,28.44,1.65
2022-04-23,South Africa,Africa,Omicron BA.2,5,0,4.0,62,15.0,0.354,0.061,0.0,0.2452,17.19,2.989
2022-04-26,South Africa,Africa,Omicron BA.2,1,0,1.0,12,5.0,0.1946,0.0959,0.0,0.2361,20.51,1.692
2022-04-26,South Africa,Africa,Omicron BA.2,1,0,0.0,9,3.0,0.3256,0.0703,0.0,0.2497,32.64,2.095
2022-04-28,South Africa,Africa,Omicron BA.2,27,0,26.0,383,135.0,0.1896,0.0742,6.0,0.2468,12.84,1.917
2022-04-30,South Africa,Africa,Omicron BA.2,28,1,26.0,401,140.0,0.1987,0.06565,5.0,0.2398,12.84,1.965
2022-05-02,South Africa,Africa,Omicron BA.2,14,0,13.0,163,42.0,0.3289,0.0944,4.0,0.2398,22.06,1.758
2022-05-08,South Africa,Africa,Omicron BA.2,2,0,2.0,21,10.0,0.1994,0.0903,0.0,0.2531,12.74,2.062
2022-05-08,South Africa,Africa,Omicron BA.2,1,0,1.0,13,4.0,0.2398,0.0806,0.0,0.2365,19.93,2.438
2022-05-08,South Africa,Africa,Omicron BA.2,34,1,31.0,460,102.0,0.3345,0.0861,9.0,0.2365,26.94,2.547
2022-05-10,South Africa,Africa,Omicron BA.2,8,0,7.0,118,32.0,0.2669,0.06565,1.0,0.2457,37.11,2.249
2022-05-11,South Africa,Africa,Omicron BA.2,1,0,1.0,17,5.0,0.2061,0.06565,0.0,0.2391,26.34,2.284
2022-05-20,South Africa,Africa,Omicron BA.2,4,0,4.0,49,20.0,0.2044,0.0637,0.0,0.2586,18.46,2.315
2022-05-24,South Africa,Africa,Omicron BA.2,16,0,15.0,284,80.0,0.2041,0.0821,5.0,0.2509,15.08,2.729
2022-05-25,South Africa,Africa,Omicron BA.2,3,0,3.0,53,15.0,0.2055,0.084,1.0,0.2509,29.64,1.645
2022-05-31,South Africa,Africa,Omicron BA.2,13,0,12.0,219,65.0,0.2006,0.0808,4.0,0.2509,29.0,1.966
2022-06-01,South Africa,Africa,Omicron BA.2,2,0,1.0,24,6.0,0.323,0.091,0.0,0.2739,26.66,1.498
2022-06-01,South Africa,Africa,Omicron BA.2,1,0,1.0,15,4.0,0.2302,0.0849,0.0,0.2582,43.49,1.37
2022-06-02,South Africa,Africa,Omicron BA.2,4,0,4.0,71,20.0,0.1943,0.0884,1.0,0.2541,25.99,2.609
2022-06-02,South Africa,Africa,Omicron BA.2,1,0,1.0,17,3.0,0.345,0.0586,0.0,0.2431,12.82,3.014
2022-06-05,South Africa,Africa,Omicron BA.2,4,0,3.0,39,12.0,0.3407,0.0805,0.0,0.2431,12.82,1.381
2022-06-05,South Africa,Africa,Omicron BA.2,2,0,2.0,23,10.0,0.2063,0.0676,0.0,0.2679,13.46,1.725
2022-06-06,South Africa,Africa,Omicron BA.2,16,0,14.0,279,48.0,0.3251,0.0479,2.0,0.2685,29.76,2.121
2022-06-07,South Africa,Africa,Omicron BA.2,16,0,14.0,161,64.0,0.2567,0.0784,2.0,0.2631,30.58,2.318
2022-06-07,South Africa,Africa,Omicron BA.2,7,0,6.0,69,35.0,0.2135,0.06565,0.0,0.2674,27.94,2.295
2022-06-08,South Africa,Africa,Omicron BA.2,30,1,28.0,346,90.0,0.327,0.0657,6.0,0.2765,27.94,2.03
2022-06-15,South Africa,Africa,Omicron BA.2,1,0,0.0,11,3.0,0.3099,0.0428,0.0,0.2668,31.37,2.489
2022-06-17,South Africa,Africa,Omicron BA.2,14,0,13.0,172,70.0,0.2011,0.0692,3.0,0.2646,22.66,2.405
2022-06-18,South Africa,Africa,Omicron BA.2,1,0,0.0,13,4.0,0.2576,0.0609,0.0,0.2743,37.78,1.946
2022-06-20,South Africa,Africa,Omicron BA.2,23,0,21.0,242,92.0,0.259,0.0593,2.0,0.263,13.75,1.645
2022-06-20,South Africa,Africa,Omicron BA.2,2,0,2.0,34,6.0,0.3182,0.0693,0.0,0.2633,42.93,1.645
2022-06-23,South Africa,Africa,Omicron BA.2,3,0,3.0,46,12.0,0.2419,0.0456,0.0,0.2729,37.44,2.038
2022-06-24,South Africa,Africa,Omicron BA.2,25,0,22.0,261,125.0,0.2103,0.0912,6.0,0.2729,27.4,1.592
2022-06-25,South Africa,Africa,Omicron BA.2,19,0,17.0,294,57.0,0.3318,0.083,5.0,0.2729,37.66,2.118
2022-06-27,South Africa,Africa,Omicron BA.2,199,3,187.0,3096,597.0,0.3556,0.0533,43.0,0.2705,12.1,2.426
2022-07-01,South Africa,Africa,Omicron BA.2,70,1,65.0,719,280.0,0.2617,0.0554,9.0,0.2684,25.56,1.837
2022-07-04,South Africa,Africa,Omicron BA.2,5,0,5.0,69,25.0,0.1839,0.0662,1.0,0.2811,34.78,1.79
2022-07-07,South Africa,Africa,Omicron BA.2,3,0,2.0,45,15.0,0.1825,0.06565,0.0,0.2778,34.73,1.706
2022-07-08,South Africa,Africa,Omicron BA.2,145,1,137.0,2157,580.0,0.2389,0.06565,24.0,0.2688,26.97,2.287
2022-07-12,South Africa,Africa,Omicron BA.2,1,0,1.0,13,5.0,0.1992,0.0906,0.0,0.2833,24.76,2.301
2022-07-12,South Africa,Africa,Omicron BA.2,4,0,3.0,56,16.0,0.2544,0.0654,0.0,0.281,40.16,1.25
2022-07-15,South Africa,Africa,Omicron BA.2,9,0,8.0,105,27.0,0.3352,0.0559,1.0,0.281,33.64,2.108
2022-07-16,South Africa,Africa,Omicron BA.2,3,0,3.0,40,15.0,0.2047,0.0555,0.0,0.2843,23.17,1.99
2022-07-19,South Africa,Africa,Omicron BA.2,7,0,7.0,86,21.0,0.335,0.0791,1.0,0.292,21.02,1.567
2022-07-20,South Africa,Africa,Omicron BA.2,13,0,12.0,163,52.0,0.2547,0.0773,2.0,0.2726,31.75,1.518
2022-07-25,South Africa,Africa,Omicron BA.2,1,0,0.0,17,5.0,0.2018,0.0915,0.0,0.2726,31.74,2.206
2022-07-31,South Africa,Africa,Omicron BA.2,7,0,6.0,76,28.0,0.2439,0.0645,1.0,0.2912,12.33,2.435
2022-08-04,South Africa,Africa,Omicron BA.2,44,0,42.0,514,132.0,0.3346,0.0529,6.0,0.2907,33.69,1.53
2022-08-05,South Africa,Africa,Omicron BA.2,10,0,10.0,154,30.0,0.3321,0.0911,2.0,0.2765,33.69,2.108
2022-08-06,South Africa,Africa,Omicron BA.2,35,0,33.0,475,140.0,0.2454,0.0798,11.0,0.2874,23.88,1.79
2022-08-10,South Africa,Africa,Omicron BA.2,174,2,166.0,1922,522.0,0.3183,0.0774,33.0,0.2839,23.88,1.419
2022-08-19,South Africa,Africa,Omicron BA.2,12,0,11.0,131,48.0,0.261,0.0589,1.0,0.294,26.26,2.103
2022-08-22,South Africa,Africa,Omicron BA.2,17,0,15.0,183,85.0,0.202,0.0669,3.0,0.3069,17.1,2.236
2022-08-24,South Africa,Africa,Omicron BA.2,15,0,14.0,194,60.0,0.2564,0.0401,1.0,0.2877,32.71,1.353
2022-08-28,South Africa,Africa,Omicron BA.2,4,0,3.0,66,20.0,0.1882,0.049,0.0,0.2935,13.27,1.645
2022-08-28,South Africa,Africa,Omicron BA.2,4,0,4.0,61,12.0,0.3211,0.0642,1.0,0.2935,13.27,2.022
2022-08-29,South Africa,Africa,Omicron BA.2,8,0,8.0,84,24.0,0.3177,0.0787,1.0,0.2983,14.65,1.881
2022-09-01,South Africa,Africa,Omicron BA.2,5,0,4.0,62,15.0,0.3193,0.0525,1.0,0.3135,27.0,2.601
2022-09-02,South Africa,Africa,Omicron BA.2,7,0,6.0,99,21.0,0.3254,0.0724,2.0,0.3127,25.1,2.336
2022-09-03,South Africa,Africa,Omicron BA.2,19,0,18.0,321,57.0,0.3319,0.0592,4.0,0.3023,7.83,2.115
2022-09-08,South Africa,Africa,Omicron BA.2,5,0,4.0,70,20.0,0.2705,0.0834,0.0,0.2961,7.83,2.227
2022-09-09,South Africa,Africa,Omicron BA.2,27,0,25.0,380,108.0,0.2416,0.0804,6.0,0.2991,14.09,2.157
2022-09-10,South Africa,Africa,Omicron BA.2,27,0,26.0,288,81.0,0.3153,0.089,5.0,0.2952,22.58,1.548
2022-09-11,South Africa,Africa,Omicron BA.2,6,0,5.0,97,24.0,0.2545,0.05,1.0,0.311,22.58,2.468
2022-09-12,South Africa,Africa,Omicron BA.2,1,0,0.0,12,4.0,0.2572,0.0779,0.0,0.2972,28.23,1.656
2022-09-12,South Africa,Africa,Omicron BA.2,7,0,7.0,97,28.0,0.255,0.0537,1.0,0.3084,18.55,2.453
2022-09-13,South Africa,Africa,Omicron BA.2,19,0,18.0,279,57.0,0.349,0.06565,5.0,0.3149,35.58,1.965
2022-09-14,South Africa,Africa,Omicron BA.2,1,0,0.0,11,4.0,0.2401,0.0535,0.0,0.3149,36.73,1.921
2022-09-14,South Africa,Africa,Omicron BA.2,6,0,6.0,61,24.0,0.2419,0.0469,0.0,0.3149,17.18,1.645
2022-09-17,South Africa,Africa,Omicron BA.2,13,0,12.0,186,65.0,0.2025,0.0866,3.0,0.322,12.3,2.1
2022-09-19,South Africa,Africa,Omicron BA.2,15,0,14.0,148,75.0,0.21,0.0811,2.0,0.3231,14.96,1.645
2022-09-19,South Africa,Africa,Omicron BA.2,4,0,3.0,42,12.0,0.325,0.0445,0.0,0.3222,13.28,1.87
2022-09-19,South Africa,Africa,Omicron BA.2,6,0,5.0,75,24.0,0.2242,0.0818,1.0,0.3222,13.28,1.651
2022-09-22,South Africa,Africa,Omicron BA.2,8,0,7.0,102,24.0,0.3291,0.0816,2.0,0.3129,30.04,2.298
2022-09-24,South Africa,Africa,Omicron BA.2,5,0,4.0,89,25.0,0.212,0.0789,1.0,0.3004,22.69,1.645
2022-09-26,South Africa,Africa,Omicron BA.2,1,0,1.0,11,5.0,0.1912,0.0429,0.0,0.315,26.25,1.87
2022-09-26,South Africa,Africa,Omicron BA.2,8,0,8.0,80,24.0,0.3366,0.0723,1.0,0.2943,21.28,1.533
2022-10-02,South Africa,Africa,Omicron BA.2,2,0,1.0,21,6.0,0.3333,0.0495,0.0,0.3097,26.33,1.377
2022-10-05,South Africa,Africa,Omicron BA.2,1,0,0.0,12,3.0,0.3391,0.0785,0.0,0.3219,38.73,1.864
2022-10-05,South Africa,Africa,Omicron BA.2,6,0,6.0,84,18.0,0.3216,0.0566,1.0,0.3376,19.75,1.429
2022-10-08,South Africa,Africa,Omicron BA.2,3,0,2.0,41,9.0,0.349,0.0553,0.0,0.3115,32.98,2.256
2022-10-09,South Africa,Africa,Omicron BA.2,2,0,2.0,35,10.0,0.2103,0.0542,0.0,0.3115,36.92,1.592
2022-10-12,South Africa,Africa,Omicron BA.2,2,0,2.0,32,6.0,0.324,0.046,0.0,0.3209,25.29,1.418
2022-10-13,South Africa,Africa,Omicron BA.2,5,0,4.0,54,15.0,0.3241,0.0511,1.0,0.3209,23.67,1.436
2022-10-14,South Africa,Africa,Omicron BA.2,12,0,11.0,213,48.0,0.2574,0.0776,4.0,0.3209,16.74,1.632
2022-10-14,South Africa,Africa,Omicron BA.2,3,0,2.0,33,15.0,0.2039,0.0422,0.0,0.3243,23.69,2.629
2022-10-15,South Africa,Africa,Omicron BA.2,3,0,2.0,53,9.0,0.3454,0.0421,0.0,0.3305,23.04,2.711
2022-10-22,South Africa,Africa,Omicron BA.2,1,0,0.0,12,4.0,0.2493,0.0391,0.0,0.3426,32.64,1.841
2022-10-25,South Africa,Africa,Omicron BA.2,2,0,2.0,32,8.0,0.25,0.0386,0.0,0.323,25.9,2.559
2022-10-25,South Africa,Africa,Omicron BA.2,9,0,8.0,113,27.0,0.3326,0.0758,1.0,0.3184,34.4,1.551
2022-10-27,South Africa,Africa,Omicron BA.2,21,0,19.0,350,63.0,0.3397,0.08,4.0,0.3511,27.18,2.382
2022-10-27,South Africa,Africa,Omicron BA.2,2,0,2.0,20,10.0,0.1972,0.0626,0.0,0.3234,27.25,2.067
2022-10-29,South Africa,Africa,Omicron BA.2,12,0,11.0,197,48.0,0.2648,0.06565,1.0,0.3316,27.25,1.61
2022-10-31,South Africa,Africa,Omicron BA.2,3,0,3.0,31,15.0,0.216,0.0656,0.0,0.3275,30.48,2.465
2022-11-01,South Africa,Africa,Omicron BA.2,1,0,0.0,14,5.0,0.19,0.0424,0.0,0.3524,32.96,2.099
2022-11-02,South Africa,Africa,Omicron BA.2,4,0,4.0,48,12.0,0.3177,0.0709,0.0,0.3524,20.8,2.633
2022-11-03,South Africa,Africa,Omicron BA.2,12,0,11.0,161,60.0,0.1964,0.0623,1.0,0.3524,30.34,2.184
2022-11-03,South Africa,Africa,Omicron BA.2,52,1,49.0,800,260.0,0.1983,0.0466,8.0,0.3322,36.99,1.645
2022-11-18,South Africa,Africa,Omicron BA.2,43,0,41.0,616,129.0,0.3281,0.0732,13.0,0.3414,29.37,2.14
2022-11-19,South Africa,Africa,Omicron BA.2,13,0,12.0,188,52.0,0.2591,0.06565,1.0,0.3495,21.19,2.009
2022-11-25,South Africa,Africa,Omicron BA.2,1,0,0.0,17,4.0,0.2511,0.0611,0.0,0.3466,15.65,2.055
2022-11-27,South Africa,Africa,Omicron BA.2,1,0,1.0,17,5.0,0.2024,0.056,0.0,0.3441,33.07,1.675
2022-11-28,South Africa,Africa,Omicron BA.2,99,0,10.0,192,33.0,0.3556,0.0599,3.0,0.3484,21.67,1.849
2022-11-29,South Africa,Africa,Omicron BA.2,6,0,6.0,82,30.0,0.1886,0.0807,1.0,0.3437,44.05,1.142
2022-12-03,South Africa,Africa,Omicron BA.2,30,0,28.0,313,120.0,0.2474,0.0378,3.0,0.3463,19.93,2.694
2022-12-03,South Africa,Africa,Omicron BA.2,9,0,8.0,112,36.0,0.2582,0.0514,1.0,0.3467,20.48,2.654
2022-12-08,South Africa,Africa,Omicron BA.2,1,0,0.0,13,3.0,0.3324,0.06565,0.0,0.3528,29.39,2.404
2022-12-10,South Africa,Africa,Omicron BA.2,7,0,6.0,68,21.0,0.3391,0.0726,1.0,0.3377,19.57,2.522
2022-12-11,South Africa,Africa,Omicron BA.2,1,0,1.0,13,4.0,0.2408,0.0785,0.0,0.3529,8.82,2.376
2022-12-12,South Africa,Africa,Omicron BA.2,10,0,10.0,105,30.0,0.3383,0.0589,1.0,0.3602,20.58,1.517
2022-12-16,South Africa,Africa,Omicron BA.2,3,0,3.0,49,9.0,0.3398,0.0459,0.0,0.3602,29.68,2.352
2022-12-19,South Africa,Africa,Omicron BA.2,39,0,37.0,457,117.0,0.3164,0.0616,5.0,0.3596,29.68,1.92
2022-12-21,South Africa,Africa,Omicron BA.2,2,0,1.0,28,6.0,0.3352,0.06565,0.0,0.3695,14.54,2.031
2022-12-22,South Africa,Africa,Omicron BA.2,5,0,4.0,50,25.0,0.2014,0.0483,1.0,0.3506,22.96,1.645
2022-12-24,South Africa,Africa,Omicron BA.2,7,0,6.0,98,28.0,0.2482,0.0499,1.0,0.3719,23.91,1.862
2022-12-26,South Africa,Africa,Omicron BA.2,31,0,28.0,353,93.0,0.3262,0.0472,4.0,0.3581,38.76,1.645
2022-12-26,South Africa,Africa,Omicron BA.2,40,0,38.0,475,200.0,0.2102,0.0682,6.0,0.3581,28.13,1.796
2022-12-28,South Africa,Africa,Omicron BA.2,1,0,0.0,17,5.0,0.1884,0.0698,0.0,0.3581,9.6,2.48
2022-12-30,South Africa,Africa,Omicron BA.2,11,0,10.0,125,55.0,0.194,0.06565,2.0,0.3645,25.28,1.424
2020-01-22,South Korea,Asia,Original,1,0,0.0,17,34.0,0.0562,0.1543,0.0,0.0,11.61,0.911
2020-01-23,South Korea,Asia,Original,6,0,5.0,63,96.0,0.0687,0.1947,2.0,0.0,7.05,0.768
2020-01-28,South Korea,Asia,Original,1,0,0.0,14,12.0,0.0806,0.1029,0.0,0.0,7.73,1.156
2020-02-01,South Korea,Asia,Original,1,0,0.0,12,34.0,0.0562,0.15175,0.0,0.0,10.4,1.17
2020-02-09,South Korea,Asia,Original,4,0,3.0,66,34.0,0.0562,0.1616,1.0,0.0,9.54,1.142
2020-02-09,South Korea,Asia,Original,18,0,17.0,216,396.0,0.0388,0.1729,8.0,0.0,9.54,0.982
2020-02-14,South Korea,Asia,Original,11,0,10.0,172,154.0,0.0563,0.1144,3.0,0.0,12.19,0.908
2020-02-15,South Korea,Asia,Original,4,0,3.0,62,76.0,0.0558,0.1664,3.0,0.0,9.03,1.146
2020-02-15,South Korea,Asia,Original,4,0,3.0,55,68.0,0.047,0.1571,2.0,0.0,12.33,1.215
2020-02-15,South Korea,Asia,Original,1,0,0.0,15,17.0,0.0478,0.1752,0.0,0.0,17.24,0.768
2020-02-16,South Korea,Asia,Original,1,0,0.0,16,34.0,0.0562,0.1752,0.0,0.0,7.88,0.428
2020-02-19,South Korea,Asia,Original,1,0,0.0,12,16.0,0.0552,0.1977,0.0,0.0,9.73,0.717
2020-02-19,South Korea,Asia,Original,1,0,0.0,13,34.0,0.0562,0.1612,0.0,0.0,15.83,1.013
2020-02-21,South Korea,Asia,Original,1,0,0.0,16,34.0,0.0562,0.1214,0.0,0.0,15.83,0.4
2020-02-27,South Korea,Asia,Original,1,0,0.0,14,34.0,0.0562,0.15175,0.0,0.0,93.47,0.428
2020-03-03,South Korea,Asia,Original,1,0,0.0,15,20.0,0.0537,0.199,0.0,0.0,81.27,0.4
2020-03-04,South Korea,Asia,Original,2,0,1.0,23,48.0,0.0341,0.2071,1.0,0.0,82.42,0.4
2020-03-05,South Korea,Asia,Original,11,0,10.0,111,34.0,0.0562,0.1813,5.0,0.0,69.11,0.4
2020-03-07,South Korea,Asia,Original,2,0,1.0,22,34.0,0.0562,0.1809,1.0,0.0,78.82,0.4
2020-03-09,South Korea,Asia,Original,2,0,1.0,24,34.0,0.0562,0.1557,0.0,0.0,84.78,0.4
2020-03-09,South Korea,Asia,Original,3,0,2.0,48,34.0,0.0562,0.1521,1.0,0.0,84.78,0.4
2020-03-11,South Korea,Asia,Original,1,0,0.0,13,13.0,0.083,0.1061,0.0,0.0,70.18,0.4
2020-03-11,South Korea,Asia,Original,5,0,4.0,72,105.0,0.0522,0.0962,1.0,0.0,80.83,0.4
2020-03-13,South Korea,Asia,Original,4,0,3.0,60,34.0,0.0562,0.1295,1.0,0.0,88.6,0.4
2020-03-13,South Korea,Asia,Original,36,0,33.0,493,468.0,0.0867,0.1731,17.0,0.0,89.92,0.4
2020-03-18,South Korea,Asia,Original,15,0,14.0,204,285.0,0.0388,0.101,4.0,0.0,83.21,0.4
2020-03-19,South Korea,Asia,Original,11,0,10.0,180,34.0,0.0562,0.1554,7.0,0.0,83.98,0.428
2020-03-26,South Korea,Asia,Original,1,0,0.0,11,22.0,0.0324,0.1038,0.0,0.0,73.6,0.428
2020-03-26,South Korea,Asia,Original,2,0,1.0,33,34.0,0.0562,0.1479,1.0,0.0,93.49,0.4
2020-03-28,South Korea,Asia,Original,1,0,0.0,11,20.0,0.0602,0.2021,0.0,0.0,87.16,0.4
2020-03-28,South Korea,Asia,Original,27,0,25.0,382,34.0,0.0562,0.15175,15.0,0.0,75.37,0.4
2020-03-28,South Korea,Asia,Original,1,0,0.0,16,34.0,0.0562,0.1192,0.0,0.0,75.37,0.4
2020-03-31,South Korea,Asia,Original,1,0,0.0,9,20.0,0.0237,0.1992,0.0,0.0,84.73,0.4
2020-04-03,South Korea,Asia,Original,5,0,4.0,72,34.0,0.0562,0.1992,2.0,0.0,79.99,0.4
2020-04-06,South Korea,Asia,Original,3,0,2.0,45,34.0,0.0562,0.11,0.0,0.0,70.01,0.4
2020-04-06,South Korea,Asia,Original,1,0,0.0,12,34.0,0.0562,0.1331,0.0,0.0,88.26,0.4
2020-04-07,South Korea,Asia,Original,1,0,0.0,13,22.0,0.0558,0.1654,0.0,0.0,80.7,0.4
2020-04-08,South Korea,Asia,Original,2,0,1.0,35,38.0,0.0621,0.15175,0.0,0.0,77.32,0.4
2020-04-09,South Korea,Asia,Original,3,0,2.0,41,34.0,0.0562,0.1601,1.0,0.0,67.18,0.428
2020-04-12,South Korea,Asia,Original,4,0,3.0,47,64.0,0.0726,0.1803,1.0,0.0,79.5,0.4
2020-04-13,South Korea,Asia,Original,1,0,0.0,17,16.0,0.0607,0.098,0.0,0.0,87.19,0.4
2020-04-15,South Korea,Asia,Original,1,0,0.0,15,34.0,0.0562,0.2001,0.0,0.0,78.03,0.4
2020-04-15,South Korea,Asia,Original,7,0,6.0,96,119.0,0.0671,0.128,2.0,0.0,72.79,0.4
2020-04-16,South Korea,Asia,Original,1,0,0.0,13,22.0,0.0605,0.1234,0.0,0.0,65.19,0.4
2020-04-22,South Korea,Asia,Original,2,0,1.0,23,34.0,0.0562,0.0983,0.0,0.0,74.37,0.4
2020-04-23,South Korea,Asia,Original,1,0,0.0,15,34.0,0.0562,0.15175,0.0,0.0,72.3,0.4
2020-04-24,South Korea,Asia,Original,1,0,0.0,11,34.0,0.0562,0.1675,0.0,0.0,87.2,0.428
2020-04-27,South Korea,Asia,Original,1,0,0.0,12,34.0,0.0562,0.1509,0.0,0.0,82.44,0.428
2020-05-01,South Korea,Asia,Original,7,0,6.0,83,119.0,0.0555,0.1909,4.0,0.0,56.51,0.4
2020-05-03,South Korea,Asia,Original,4,0,3.0,47,48.0,0.0838,0.1518,1.0,0.0,66.3,0.4
2020-05-06,South Korea,Asia,Original,6,0,5.0,94,34.0,0.0562,0.1863,4.0,0.0,68.68,0.428
2020-05-06,South Korea,Asia,Original,5,0,4.0,70,34.0,0.0562,0.1507,2.0,0.0,77.54,0.4
2020-05-10,South Korea,Asia,Original,2,0,1.0,33,28.0,0.0681,0.1272,0.0,0.0,52.82,0.428
2020-05-19,South Korea,Asia,Original,3,0,2.0,31,34.0,0.0562,0.15175,1.0,0.0,69.21,0.4
2020-05-20,South Korea,Asia,Original,1,0,0.0,11,21.0,0.0549,0.1924,0.0,0.0,42.57,0.577
2020-05-22,South Korea,Asia,Original,7,0,6.0,117,140.0,0.0474,0.1718,3.0,0.0,64.18,0.4
2020-05-24,South Korea,Asia,Original,1,0,0.0,15,34.0,0.0562,0.1715,0.0,0.0,61.73,0.523
2020-05-24,South Korea,Asia,Original,1,0,0.0,15,34.0,0.0562,0.1382,0.0,0.0,59.41,0.4
2020-06-01,South Korea,Asia,Original,1,0,0.0,13,20.0,0.0419,0.1258,0.0,0.0,61.35,0.428
2020-06-02,South Korea,Asia,Original,1,0,0.0,9,13.0,0.0719,0.15175,0.0,0.0,61.38,0.4
2020-06-05,South Korea,Asia,Original,4,0,3.0,49,60.0,0.064,0.1455,1.0,0.0,71.82,0.4
2020-06-05,South Korea,Asia,Original,1,0,0.0,14,17.0,0.0695,0.1424,0.0,0.0,50.05,0.67
2020-06-14,South Korea,Asia,Original,1,0,0.0,12,15.0,0.0828,0.1505,0.0,0.0,70.48,0.4
2020-06-15,South Korea,Asia,Original,3,0,2.0,46,36.0,0.0832,0.1232,1.0,0.0,54.1,0.428
2020-06-17,South Korea,Asia,Original,1,0,0.0,16,24.0,0.0561,0.1813,0.0,0.0,76.07,0.4
2020-06-19,South Korea,Asia,Original,1,0,0.0,14,16.0,0.0552,0.1075,0.0,0.0,71.98,0.4
2020-06-20,South Korea,Asia,Original,1,0,0.0,9,13.0,0.0743,0.094,0.0,0.0,64.73,0.449
2020-06-21,South Korea,Asia,Original,4,0,3.0,56,48.0,0.0898,0.1551,2.0,0.0,68.08,0.4
2020-06-24,South Korea,Asia,Original,1,0,0.0,12,22.0,0.0427,0.1911,0.0,0.0,59.85,0.408
2020-06-25,South Korea,Asia,Original,13,0,12.0,167,286.0,0.0476,0.0944,4.0,0.0,56.67,0.586
2020-06-27,South Korea,Asia,Original,4,0,3.0,71,64.0,0.0746,0.1837,2.0,0.0,47.01,0.428
2020-07-01,South Korea,Asia,Original,1,0,0.0,13,19.0,0.0608,0.1801,0.0,0.0,68.75,0.4
2020-07-01,South Korea,Asia,Original,1,0,0.0,17,21.0,0.0329,0.1783,0.0,0.0,68.75,0.4
2020-07-03,South Korea,Asia,Original,3,0,2.0,36,45.0,0.0714,0.1166,1.0,0.0,70.34,0.4
2020-07-03,South Korea,Asia,Original,1,0,0.0,13,24.0,0.0351,0.1849,0.0,0.0,72.89,0.4
2020-07-19,South Korea,Asia,Original,26,0,24.0,387,546.0,0.04,0.1805,20.0,0.0,71.86,0.4
2020-07-19,South Korea,Asia,Original,1,0,0.0,14,20.0,0.0588,0.1853,0.0,0.0,51.35,0.452
2020-07-24,South Korea,Asia,Original,1,0,0.0,15,21.0,0.0366,0.1906,0.0,0.0,51.67,0.57
2020-07-26,South Korea,Asia,Original,1,0,0.0,12,12.0,0.0755,0.1585,0.0,0.0,68.4,0.4
2020-07-27,South Korea,Asia,Original,3,0,2.0,49,36.0,0.0719,0.2069,2.0,0.0,62.28,0.45
2020-07-29,South Korea,Asia,Original,20,0,19.0,307,320.0,0.0681,0.1067,4.0,0.0,70.44,0.4
2020-07-31,South Korea,Asia,Original,1,0,0.0,11,17.0,0.0485,0.1307,0.0,0.0,53.87,0.546
2020-08-01,South Korea,Asia,Original,12,0,11.0,142,276.0,0.0453,0.1046,3.0,0.0,72.28,0.4
2020-08-03,South Korea,Asia,Original,6,0,5.0,69,108.0,0.0598,0.2094,2.0,0.0,63.85,0.445
2020-08-04,South Korea,Asia,Original,11,0,0.0,15,24.0,0.0268,0.1385,0.0,0.0,46.11,0.466
2020-08-04,South Korea,Asia,Original,3,0,2.0,39,45.0,0.0611,0.1244,1.0,0.0,61.0,0.428
2020-08-06,South Korea,Asia,Original,2,0,1.0,27,44.0,0.062,0.1591,0.0,0.0,50.02,0.538
2020-08-08,South Korea,Asia,Original,1,0,0.0,13,19.0,0.0317,0.0987,0.0,0.0,43.33,0.623
2020-08-09,South Korea,Asia,Original,1,0,0.0,10,13.0,0.0913,0.2015,0.0,0.0,35.26,0.591
2020-08-09,South Korea,Asia,Original,26,0,24.0,449,572.0,0.0609,0.1285,14.0,0.0,38.08,0.662
2020-08-15,South Korea,Asia,Original,15,0,14.0,272,180.0,0.0782,0.0951,6.0,0.0,43.54,0.61
2020-08-18,South Korea,Asia,Original,5,0,4.0,75,120.0,0.0554,0.1927,4.0,0.0,37.93,0.734
2020-08-20,South Korea,Asia,Original,1,0,0.0,15,22.0,0.0494,0.2019,0.0,0.0,52.35,0.436
2020-08-21,South Korea,Asia,Original,7,0,6.0,104,91.0,0.0641,0.1741,3.0,0.0,39.27,0.428
2020-08-22,South Korea,Asia,Original,10,0,9.0,161,180.0,0.0285,0.1969,6.0,0.0,56.56,0.466
2020-08-24,South Korea,Asia,Original,1,0,0.0,10,20.0,0.0488,0.1589,0.0,0.0,36.91,0.428
2020-08-26,South Korea,Asia,Original,1,0,0.0,13,14.0,0.0745,0.1459,0.0,0.0,56.95,0.422
2020-08-28,South Korea,Asia,Original,1,0,0.0,14,13.0,0.0747,0.1914,0.0,0.0,56.31,0.4
2020-08-29,South Korea,Asia,Original,1,0,0.0,17,15.0,0.0586,0.0943,0.0,0.0,52.54,0.645
2020-09-01,South Korea,Asia,Original,23,0,21.0,390,483.0,0.0567,0.2064,19.0,0.0,38.74,0.756
2020-09-07,South Korea,Asia,Original,4,0,3.0,47,64.0,0.0736,0.1203,1.0,0.0,44.55,0.697
2020-09-08,South Korea,Asia,Original,2,0,1.0,25,32.0,0.0542,0.1087,0.0,0.0,44.55,0.47
2020-09-11,South Korea,Asia,Original,1,0,0.0,17,16.0,0.07,0.15175,0.0,0.0,55.27,0.428
2020-09-11,South Korea,Asia,Original,7,0,6.0,121,161.0,0.0407,0.1165,4.0,0.0,56.45,0.4
2020-09-12,South Korea,Asia,Original,1,0,0.0,14,20.0,0.0606,0.15175,0.0,0.0,41.11,0.74
2020-09-21,South Korea,Asia,Original,13,0,12.0,209,156.0,0.0794,0.1656,7.0,0.0,49.38,0.506
2020-09-23,South Korea,Asia,Original,1,0,0.0,10,13.0,0.0887,0.1724,0.0,0.0,41.22,0.584
2020-09-23,South Korea,Asia,Original,1,0,0.0,15,22.0,0.0514,0.1644,0.0,0.0,34.57,0.583
2020-09-23,South Korea,Asia,Original,2,0,1.0,21,40.0,0.0518,0.1179,0.0,0.0,48.28,0.597
2020-09-30,South Korea,Asia,Original,9,0,8.0,95,216.0,0.0346,0.155,3.0,0.0,39.8,0.806
2020-10-04,South Korea,Asia,Original,3,0,2.0,45,72.0,0.0354,0.1231,1.0,0.0,61.12,0.401
2020-10-04,South Korea,Asia,Original,9,0,8.0,141,108.0,0.0828,0.1224,2.0,0.0,44.34,0.588
2020-10-09,South Korea,Asia,Original,17,0,15.0,179,391.0,0.0338,0.1576,6.0,0.0,45.75,0.675
2020-10-11,South Korea,Asia,Original,3,0,2.0,34,36.0,0.0883,0.0999,0.0,0.0,54.02,0.632
2020-10-12,South Korea,Asia,Original,3,0,2.0,36,45.0,0.0649,0.1533,0.0,0.0,55.78,0.449
2020-10-13,South Korea,Asia,Original,1,0,0.0,11,12.0,0.0747,0.1181,0.0,0.0,60.29,0.52
2020-10-16,South Korea,Asia,Original,3,0,2.0,34,57.0,0.0552,0.15175,1.0,0.0,44.78,0.4
2020-10-18,South Korea,Asia,Original,2,0,1.0,21,24.0,0.0655,0.1683,0.0,0.0,54.85,0.467
2020-10-24,South Korea,Asia,Original,5,0,4.0,79,90.0,0.0463,0.1323,2.0,0.0,43.01,0.743
2020-10-25,South Korea,Asia,Original,1,0,0.0,16,24.0,0.0587,0.0959,0.0,0.0,40.7,0.428
2020-10-26,South Korea,Asia,Original,5,0,4.0,87,90.0,0.0477,0.1063,1.0,0.0,54.8,0.4
2020-10-28,South Korea,Asia,Original,11,0,10.0,132,198.0,0.0366,0.1515,3.0,0.0,50.11,0.475
2020-10-28,South Korea,Asia,Original,1,0,0.0,17,21.0,0.0273,0.1039,0.0,0.0,47.56,0.44
2020-10-29,South Korea,Asia,Alpha,2,0,1.0,24,46.0,0.0498,0.1802,0.0,0.0,46.46,0.55
2020-10-29,South Korea,Asia,Alpha,2,0,1.0,29,30.0,0.0677,0.1458,1.0,0.0,40.52,1.001
2020-10-30,South Korea,Asia,Original,1,0,0.0,9,17.0,0.0612,0.122,0.0,0.0,42.73,0.796
2020-11-01,South Korea,Asia,Alpha,10,0,9.0,121,230.0,0.0492,0.1066,2.0,0.0,52.08,0.504
2020-11-02,South Korea,Asia,Original,1,0,0.0,10,20.0,0.0532,0.1421,0.0,0.0,34.99,0.905
2020-11-02,South Korea,Asia,Original,1,0,0.0,15,22.0,0.0469,0.1645,0.0,0.0,46.12,0.554
2020-11-02,South Korea,Asia,Original,1,0,0.0,13,15.0,0.0744,0.1902,0.0,0.0,36.94,0.5
2020-11-03,South Korea,Asia,Alpha,1,0,0.0,10,15.0,0.0735,0.1033,0.0,0.0,35.24,0.913
2020-11-07,South Korea,Asia,Original,1,0,0.0,15,22.0,0.0411,0.0901,0.0,0.0,60.34,0.414
2020-11-07,South Korea,Asia,Original,3,0,2.0,34,69.0,0.049,0.1031,0.0,0.0,39.21,0.443
2020-11-08,South Korea,Asia,Original,3,0,2.0,32,57.0,0.04,0.15175,0.0,0.0,39.21,0.488
2020-11-10,South Korea,Asia,Original,4,0,3.0,45,84.0,0.0406,0.203,2.0,0.0,55.11,0.544
2020-11-12,South Korea,Asia,Alpha,1,0,0.0,12,17.0,0.068,0.1358,0.0,0.0,59.99,0.435
2020-11-13,South Korea,Asia,Alpha,1,0,0.0,13,12.0,0.0811,0.16425,0.0,0.0,55.33,0.687
2020-11-16,South Korea,Asia,Alpha,11,0,10.0,110,253.0,0.054,0.1596,2.0,0.0,45.2,0.656
2020-11-17,South Korea,Asia,Original,1,0,0.0,10,17.0,0.0561,0.1456,0.0,0.0,54.12,0.495
2020-11-18,South Korea,Asia,Alpha,2,0,1.0,33,48.0,0.0268,0.1675,0.0,0.0,46.62,0.695
2020-11-21,South Korea,Asia,Alpha,1,0,0.0,11,18.0,0.0598,0.16425,0.0,0.0,41.62,0.644
2020-11-23,South Korea,Asia,Alpha,6,0,5.0,59,90.0,0.0582,0.1874,2.0,0.0,34.11,0.766
2020-11-23,South Korea,Asia,Alpha,2,0,1.0,21,42.0,0.0788,0.1268,0.0,0.0,53.27,0.493
2020-11-24,South Korea,Asia,Alpha,1,0,0.0,17,24.0,0.0348,0.1523,0.0,0.0,37.67,1.053
2020-11-28,South Korea,Asia,Alpha,1,0,0.0,14,20.0,0.0529,0.1843,0.0,0.0,52.72,0.664
2020-11-29,South Korea,Asia,Alpha,2,0,1.0,34,24.0,0.0955,0.2183,1.0,0.0,49.52,0.882
2020-11-30,South Korea,Asia,Alpha,1,0,0.0,13,23.0,0.0412,0.2075,0.0,0.0,59.7,0.732
2020-12-03,South Korea,Asia,Alpha,11,0,10.0,198,187.0,0.0572,0.1616,6.0,0.0,59.7,0.882
2020-12-05,South Korea,Asia,Alpha,1,0,0.0,13,15.0,0.0627,0.1947,0.0,0.0,46.57,0.493
2020-12-06,South Korea,Asia,Alpha,12,0,11.0,141,144.0,0.0851,0.1753,4.0,0.0,46.57,0.493
2020-12-10,South Korea,Asia,Alpha,2,0,1.0,31,46.0,0.0443,0.166,1.0,0.0,62.12,0.493
2020-12-12,South Korea,Asia,Alpha,5,0,4.0,72,105.0,0.0459,0.16425,3.0,0.0,49.18,0.716
2020-12-14,South Korea,Asia,Alpha,1,0,0.0,13,17.0,0.0397,0.2214,0.0,0.0,65.0,0.437
2020-12-24,South Korea,Asia,Alpha,8,0,7.0,126,96.0,0.0811,0.1882,3.0,0.0,75.98,0.431
2020-12-26,South Korea,Asia,Alpha,1,0,0.0,17,21.0,0.0588,0.16425,0.0,0.0,75.98,0.45
2020-12-28,South Korea,Asia,Alpha,7,0,6.0,70,105.0,0.0766,0.1916,2.0,0.0,74.78,0.421
2020-12-31,South Korea,Asia,Alpha,8,0,7.0,79,120.0,0.0506,0.1524,3.0,0.0,72.31,0.4
2020-12-31,South Korea,Asia,Alpha,1,0,0.0,12,17.0,0.0562,0.1709,0.0,0.0,56.85,0.567
2021-01-07,South Korea,Asia,Alpha,2,0,1.0,25,40.0,0.0639,0.16425,1.0,0.0,70.76,0.532
2021-01-13,South Korea,Asia,Alpha,25,0,24.0,354,575.0,0.042,0.1252,13.0,0.0,73.22,0.493
2021-01-15,South Korea,Asia,Alpha,2,0,1.0,23,30.0,0.068,0.16425,0.0,0.0079,64.52,0.457
2021-01-16,South Korea,Asia,Alpha,2,0,1.0,28,32.0,0.0508,0.1981,1.0,0.0093,70.11,0.4
2021-01-18,South Korea,Asia,Alpha,1,0,0.0,14,13.0,0.0675,0.1278,0.0,0.0249,84.99,0.4
2021-01-22,South Korea,Asia,Alpha,9,0,8.0,146,144.0,0.0519,0.1886,7.0,0.0033,59.15,0.728
2021-01-22,South Korea,Asia,Alpha,5,0,4.0,78,110.0,0.0417,0.2134,4.0,0.0033,55.4,0.6
2021-01-23,South Korea,Asia,Alpha,1,0,0.0,12,20.0,0.0601,0.1691,0.0,0.0336,73.33,0.4
2021-01-24,South Korea,Asia,Alpha,1,0,0.0,11,18.0,0.0556,0.1922,0.0,0.0226,74.88,0.4
2021-01-24,South Korea,Asia,Alpha,1,0,0.0,16,19.0,0.0642,0.1303,0.0,0.0222,68.39,0.445
2021-01-25,South Korea,Asia,Alpha,1,0,0.0,14,20.0,0.07,0.1171,0.0,0.0213,75.68,0.4
2021-01-26,South Korea,Asia,Alpha,1,0,0.0,15,18.0,0.0462,0.1802,0.0,0.0305,83.14,0.4
2021-01-26,South Korea,Asia,Alpha,11,0,10.0,182,253.0,0.0528,0.164,5.0,0.0359,65.15,0.4
2021-01-28,South Korea,Asia,Alpha,5,0,4.0,70,95.0,0.0512,0.1631,2.0,0.0425,60.04,0.672
2021-02-01,South Korea,Asia,Alpha,1,0,0.0,17,17.0,0.0645,0.1994,0.0,0.0395,54.76,0.765
2021-02-01,South Korea,Asia,Alpha,1,0,0.0,17,24.0,0.0372,0.1615,0.0,0.041,66.09,0.536
2021-02-05,South Korea,Asia,Alpha,5,0,4.0,83,80.0,0.0536,0.2134,5.0,0.0281,61.38,0.555
2021-02-06,South Korea,Asia,Alpha,1,0,0.0,15,14.0,0.0838,0.1379,0.0,0.0281,54.89,0.769
2021-02-09,South Korea,Asia,Alpha,1,0,0.0,14,16.0,0.0669,0.1858,0.0,0.0431,64.44,0.493
2021-02-10,South Korea,Asia,Alpha,6,0,5.0,85,90.0,0.0684,0.1645,2.0,0.0537,62.39,0.474
2021-02-13,South Korea,Asia,Alpha,5,0,4.0,58,95.0,0.0574,0.16425,2.0,0.0623,58.17,0.445
2021-02-16,South Korea,Asia,Alpha,3,0,2.0,40,60.0,0.0488,0.1647,1.0,0.0623,69.29,0.493
2021-02-17,South Korea,Asia,Alpha,1,0,0.0,10,13.0,0.0778,0.1677,0.0,0.0539,78.91,0.4
2021-02-19,South Korea,Asia,Alpha,17,0,15.0,246,289.0,0.0644,0.1796,7.0,0.0539,61.88,0.538
2021-02-21,South Korea,Asia,Alpha,46,0,43.0,588,644.0,0.0411,0.188,16.0,0.0539,71.03,0.493
2021-02-21,South Korea,Asia,Alpha,7,0,6.0,119,126.0,0.0525,0.2147,4.0,0.0517,54.6,0.716
2021-02-21,South Korea,Asia,Alpha,1,0,0.0,17,16.0,0.068,0.16425,0.0,0.0559,68.45,0.559
2021-02-23,South Korea,Asia,Alpha,2,0,1.0,33,30.0,0.0493,0.16425,1.0,0.0562,64.9,0.525
2021-02-23,South Korea,Asia,Alpha,10,0,9.0,169,160.0,0.0664,0.1186,4.0,0.0773,64.9,0.721
2021-02-23,South Korea,Asia,Alpha,1,0,0.0,15,15.0,0.0718,0.1307,0.0,0.0619,59.18,0.422
2021-03-02,South Korea,Asia,Alpha,1,0,0.0,17,24.0,0.0299,0.1891,0.0,0.0808,76.89,0.4
2021-03-03,South Korea,Asia,Alpha,1,0,0.0,17,13.0,0.0768,0.16425,0.0,0.0741,51.87,0.493
2021-03-06,South Korea,Asia,Alpha,8,0,7.0,112,104.0,0.0649,0.1178,3.0,0.0668,76.82,0.4
2021-03-10,South Korea,Asia,Alpha,8,0,7.0,140,152.0,0.0467,0.101,3.0,0.0852,68.81,0.4
2021-03-17,South Korea,Asia,Alpha,27,0,26.0,314,324.0,0.0738,0.16425,5.0,0.1105,74.04,0.439
2021-03-19,South Korea,Asia,Alpha,3,0,2.0,48,51.0,0.0591,0.1021,1.0,0.1048,67.96,0.436
2021-03-22,South Korea,Asia,Alpha,15,0,14.0,241,345.0,0.0439,0.1805,7.0,0.1095,83.06,0.4
2021-03-24,South Korea,Asia,Alpha,3,0,2.0,36,69.0,0.984497822,0.156,1.0,0.1048,60.14,0.43
2021-03-30,South Korea,Asia,Delta,1,0,0.0,18,23.0,0.0509,0.1179,0.0,0.1206,73.66,0.425
2021-03-31,South Korea,Asia,Alpha,7,0,6.0,111,84.0,0.0922,0.1064,3.0,0.1233,81.69,0.493
2021-03-31,South Korea,Asia,Alpha,3,0,2.0,52,51.0,0.0533,0.0958,1.0,0.1006,57.59,0.404
2021-04-01,South Korea,Asia,Alpha,5,0,4.0,59,65.0,0.0772,0.1328,1.0,0.1219,70.21,0.4
2021-04-01,South Korea,Asia,Alpha,1,0,0.0,10,20.0,0.0387,0.1534,0.0,0.1157,86.94,0.493
2021-04-04,South Korea,Asia,Alpha,3,0,2.0,34,60.0,0.0467,0.1732,1.0,0.1382,72.74,0.4
2021-04-05,South Korea,Asia,Delta,143,1,134.0,1610,2002.0,0.0706,0.1092,35.0,0.1159,65.36,0.502
2021-04-06,South Korea,Asia,Delta,1,0,0.0,17,12.0,0.081,0.1531,0.0,0.1414,69.32,0.404
2021-04-09,South Korea,Asia,Alpha,1,0,0.0,13,15.0,0.0556,0.1996,0.0,0.1258,60.16,0.583
2021-04-12,South Korea,Asia,Alpha,81,0,8.0,136,198.0,0.0433,0.16425,3.0,0.135,61.95,0.641
2021-04-12,South Korea,Asia,Alpha,2,0,1.0,23,48.0,0.0495,0.1434,0.0,0.1341,76.28,0.4
2021-04-12,South Korea,Asia,Delta,2,0,1.0,24,46.0,0.0372,0.1343,0.0,0.1444,61.44,0.458
2021-04-14,South Korea,Asia,Delta,7,0,6.0,75,161.0,0.0544,0.1543,3.0,0.1216,78.79,0.581
2021-04-17,South Korea,Asia,Delta,1,0,0.0,14,17.0,0.0427,0.2412,0.0,0.1181,76.86,0.4
2021-04-17,South Korea,Asia,Delta,8,0,7.0,126,144.0,0.0427,0.2349,6.0,0.1391,53.6,0.922
2021-04-19,South Korea,Asia,Delta,8,0,7.0,106,112.0,0.0672,0.1308,2.0,0.1418,67.38,0.588
2021-04-21,South Korea,Asia,Delta,1,0,0.0,17,12.0,0.0876,0.191,0.0,0.1512,56.55,0.836
2021-05-02,South Korea,Asia,Delta,1,0,0.0,12,18.0,0.0538,0.115,0.0,0.1534,64.86,0.437
2021-05-06,South Korea,Asia,Delta,13,0,12.0,220,273.0,0.0505,0.2332,11.0,0.1705,81.73,0.417
2021-05-08,South Korea,Asia,Delta,4,0,3.0,49,48.0,0.0774,0.242,3.0,0.1574,81.73,0.581
2021-05-12,South Korea,Asia,Delta,5,0,4.0,84,65.0,0.0845,0.1418,2.0,0.2001,71.69,0.473
2021-05-14,South Korea,Asia,Delta,2,0,1.0,26,26.0,0.0755,0.1345,0.0,0.1838,63.82,0.618
2021-05-14,South Korea,Asia,Delta,5,0,4.0,65,85.0,0.0807,0.136,1.0,0.1824,77.66,0.4
2021-05-15,South Korea,Asia,Delta,7,0,6.0,117,126.0,0.0671,0.1149,2.0,0.1673,79.96,0.412
2021-05-16,South Korea,Asia,Delta,1,0,0.0,16,15.0,0.0678,0.1803,0.0,0.1813,73.0,0.581
2021-05-18,South Korea,Asia,Delta,114,1,109.0,1502,2508.0,0.857469797,0.1737,47.0,0.1906,81.25,0.426
2021-05-21,South Korea,Asia,Delta,4,0,3.0,48,52.0,0.081,0.16665000000000002,2.0,0.1953,69.84,0.4
2021-05-21,South Korea,Asia,Delta,5,0,4.0,71,75.0,0.0481,0.1067,1.0,0.1936,73.13,0.449
2021-05-25,South Korea,Asia,Delta,3,0,2.0,48,63.0,0.0367,0.1577,1.0,0.1902,69.12,0.59
2021-05-28,South Korea,Asia,Delta,32,0,30.0,514,576.0,0.0542,0.1136,16.0,0.2042,69.67,0.581
2021-06-01,South Korea,Asia,Delta,1,0,0.0,17,15.0,0.0843,0.103,0.0,0.1984,64.71,0.673
2021-06-03,South Korea,Asia,Delta,2,0,1.0,35,46.0,0.046,0.1529,1.0,0.208,64.71,0.413
2021-06-03,South Korea,Asia,Delta,8,0,7.0,131,176.0,0.0448,0.1019,2.0,0.2082,78.12,0.4
2021-06-04,South Korea,Asia,Delta,5,0,4.0,70,110.0,0.0433,0.2258,3.0,0.2108,73.67,0.429
2021-06-05,South Korea,Asia,Delta,3,0,2.0,35,66.0,0.0297,0.204,1.0,0.2018,75.89,0.43
2021-06-06,South Korea,Asia,Delta,2,0,1.0,22,30.0,0.0783,0.16665000000000002,0.0,0.2098,71.49,0.4
2021-06-07,South Korea,Asia,Delta,1,0,0.0,18,14.0,0.0755,0.1578,0.0,0.2192,84.07,0.4
2021-06-08,South Korea,Asia,Delta,2,0,1.0,32,48.0,0.0338,0.193,1.0,0.2007,84.07,0.423
2021-06-13,South Korea,Asia,Delta,1,0,0.0,14,20.0,0.0562,0.1908,0.0,0.2141,67.51,0.431
2021-06-17,South Korea,Asia,Delta,2,0,1.0,31,32.0,0.0643,0.1083,0.0,0.23,64.48,0.704
2021-06-21,South Korea,Asia,Delta,1,0,0.0,13,19.0,0.0471,0.1096,0.0,0.2349,82.37,0.4
2021-06-21,South Korea,Asia,Delta,2,0,1.0,34,42.0,0.0683,0.1175,1.0,0.2286,77.3,0.497
2021-07-03,South Korea,Asia,Delta,2,0,1.0,34,36.0,0.0483,0.1537,0.0,0.2658,76.46,0.433
2021-07-05,South Korea,Asia,Delta,4,0,3.0,45,48.0,0.0781,0.1137,1.0,0.2613,70.59,0.551
2021-07-08,South Korea,Asia,Delta,2,0,1.0,32,46.0,0.0575,0.1979,1.0,0.2514,81.05,0.4
2021-07-09,South Korea,Asia,Delta,5,0,4.0,55,80.0,0.0775,0.1625,2.0,0.2654,75.2,0.535
2021-07-09,South Korea,Asia,Delta,14,0,13.0,150,266.0,0.0371,0.118,3.0,0.2468,74.47,0.409
2021-07-10,South Korea,Asia,Delta,2,0,1.0,20,24.0,0.0783,0.1182,0.0,0.2487,82.77,0.4
2021-07-12,South Korea,Asia,Delta,4,0,3.0,43,76.0,0.0833,0.1657,1.0,0.253,68.16,0.581
2021-07-17,South Korea,Asia,Delta,54,0,50.0,606,1242.0,0.0522,0.1032,17.0,0.2721,67.4,0.453
2021-07-22,South Korea,Asia,Delta,2,0,1.0,21,24.0,0.0986,0.1716,0.0,0.3,86.12,0.4
2021-07-22,South Korea,Asia,Delta,8,0,7.0,94,112.0,0.0675,0.1861,4.0,0.2792,63.0,0.687
2021-07-24,South Korea,Asia,Delta,15,0,13.0,219,345.0,0.0366,0.1964,8.0,0.2587,63.0,0.4
2021-07-25,South Korea,Asia,Delta,1,0,0.0,14,20.0,0.0531,0.16665000000000002,0.0,0.2724,83.27,0.581
2021-07-26,South Korea,Asia,Delta,1,0,0.0,15,24.0,0.0552,0.1373,0.0,0.2836,61.62,0.532
2021-07-27,South Korea,Asia,Delta,3,0,2.0,36,48.0,0.0635,0.1149,0.0,0.2827,61.62,0.931
2021-07-28,South Korea,Asia,Delta,7,0,6.0,82,154.0,0.0521,0.1142,2.0,0.2923,76.2,0.423
2021-07-31,South Korea,Asia,Delta,8,0,7.0,93,184.0,0.0607,0.1676,2.0,0.2875,70.57,0.451
2021-08-01,South Korea,Asia,Delta,3,0,2.0,40,51.0,0.0736,0.1608,1.0,0.2927,52.36,0.647
2021-08-01,South Korea,Asia,Delta,4,0,3.0,63,76.0,0.0585,0.1207,1.0,0.2875,63.48,0.781
2021-08-03,South Korea,Asia,Delta,1,0,0.0,14,12.0,0.0763,0.1015,0.0,0.2976,83.62,0.4
2021-08-11,South Korea,Asia,Delta,21,0,20.0,257,462.0,0.0549,0.1581,9.0,0.2983,45.38,0.857
2021-08-11,South Korea,Asia,Delta,6,0,5.0,97,144.0,0.0421,0.162,3.0,0.3058,55.13,0.844
2021-08-11,South Korea,Asia,Delta,14,0,13.0,172,336.0,0.0275,0.2054,5.0,0.3031,61.28,0.655
2021-08-12,South Korea,Asia,Delta,9,0,0.0,14,13.0,0.087,0.1159,0.0,0.3111,59.53,0.76
2021-08-12,South Korea,Asia,Delta,4,0,3.0,71,72.0,0.037,0.1802,3.0,0.3113,59.53,0.51
2021-08-14,South Korea,Asia,Delta,1,0,0.0,14,22.0,0.0434,0.1362,0.0,0.2895,49.73,0.665
2021-08-15,South Korea,Asia,Delta,3,0,2.0,46,72.0,0.0427,0.1027,1.0,0.3032,62.1,0.739
2021-08-18,South Korea,Asia,Delta,22,0,21.0,243,484.0,0.0439,0.1553,7.0,0.3046,59.7,0.505
2021-08-26,South Korea,Asia,Delta,2,0,1.0,19,38.0,0.0609,0.118,0.0,0.3162,62.03,0.686
2021-08-27,South Korea,Asia,Delta,9,0,8.0,161,153.0,0.0529,0.1839,7.0,0.3314,53.09,0.581
2021-08-29,South Korea,Asia,Delta,2,0,1.0,24,24.0,0.0942,0.1777,0.0,0.3367,55.36,0.581
2021-09-02,South Korea,Asia,Delta,2,0,1.0,19,42.0,0.0638,0.16665000000000002,0.0,0.3448,62.23,0.756
2021-09-04,South Korea,Asia,Delta,1,0,0.0,18,18.0,0.0462,0.1494,0.0,0.346,59.54,0.858
2021-09-13,South Korea,Asia,Delta,46,0,43.0,836,1058.0,0.0321,0.0981,23.0,0.3536,48.47,0.604
2021-09-15,South Korea,Asia,Delta,1,0,0.0,18,20.0,0.0365,0.0979,0.0,0.3663,61.14,0.639
2021-09-22,South Korea,Asia,Delta,2,0,1.0,27,48.0,0.0305,0.1561,1.0,0.3686,56.18,0.532
2021-09-22,South Korea,Asia,Delta,1,0,0.0,14,12.0,0.0981,0.1105,0.0,0.3482,58.12,0.853
2021-09-25,South Korea,Asia,Delta,10,0,9.0,107,240.0,0.0362,0.1354,3.0,0.3576,58.26,0.821
2021-09-25,South Korea,Asia,Delta,1,0,0.0,17,15.0,0.0765,0.1196,0.0,0.3625,57.47,0.511
2021-09-26,South Korea,Asia,Delta,1,0,0.0,14,16.0,0.0804,0.0954,0.0,0.3726,63.29,0.677
2021-09-27,South Korea,Asia,Delta,7,0,6.0,97,105.0,0.0672,0.1623,2.0,0.3892,55.83,0.851
2021-09-28,South Korea,Asia,Delta,1,0,0.0,13,18.0,0.0652,0.1833,0.0,0.3759,43.77,0.622
2021-10-03,South Korea,Asia,Delta,2,0,1.0,24,32.0,0.0649,0.0953,0.0,0.3849,71.47,0.49
2021-10-03,South Korea,Asia,Omicron,104,0,101.0,1319,1768.0,0.0763,0.06584999999999999,21.0,0.3779,57.64,1.154
2021-10-05,South Korea,Asia,Delta,3,0,2.0,37,45.0,0.0798,0.1875,1.0,0.3965,44.02,0.981
2021-10-06,South Korea,Asia,Omicron,4,0,3.0,63,96.0,0.0397,0.0435,0.0,0.3773,50.38,1.381
2021-10-06,South Korea,Asia,Delta,6,0,5.0,101,108.0,0.0472,0.0932,2.0,0.3837,43.14,0.849
2021-10-09,South Korea,Asia,Delta,3,0,2.0,31,36.0,0.0903,0.0939,0.0,0.3862,55.99,0.611
2021-10-09,South Korea,Asia,Omicron,28,0,26.0,431,392.0,0.0748,0.0624,6.0,0.3937,71.24,0.446
2021-10-13,South Korea,Asia,Omicron,12,0,11.0,178,204.0,0.0746,0.0752,2.0,0.3914,65.84,0.962
2021-10-15,South Korea,Asia,Delta,4,0,3.0,50,84.0,0.0352,0.1264,1.0,0.3839,63.59,0.432
2021-10-15,South Korea,Asia,Delta,1,0,0.0,14,16.0,0.0704,0.16665000000000002,0.0,0.4016,61.23,0.47
2021-10-17,South Korea,Asia,Omicron,1,0,0.0,15,15.0,0.0721,0.0676,0.0,0.3824,65.81,0.831
2021-10-18,South Korea,Asia,Omicron,1,0,0.0,11,19.0,0.0607,0.0693,0.0,0.4,51.61,1.211
2021-10-18,South Korea,Asia,Omicron,1,0,0.0,11,21.0,0.0631,0.0871,0.0,0.3916,43.88,1.11
2021-10-22,South Korea,Asia,Delta,5,0,4.0,49,95.0,0.0491,0.102,1.0,0.4141,67.06,0.4
2021-10-23,South Korea,Asia,Delta,4,0,3.0,40,56.0,0.0811,0.16665000000000002,0.0,0.4051,53.37,0.87
2021-10-25,South Korea,Asia,Delta,1,0,0.0,13,18.0,0.0399,0.1455,0.0,0.4216,53.57,0.636
2021-10-29,South Korea,Asia,Delta,1,0,0.0,17,23.0,0.0377,0.16665000000000002,0.0,0.426,74.46,0.435
2021-10-29,South Korea,Asia,Delta,1,0,0.0,12,20.0,0.0527,0.16665000000000002,0.0,0.425,66.74,0.581
2021-10-30,South Korea,Asia,Delta,2,0,1.0,21,46.0,0.0461,0.101,0.0,0.3981,66.98,0.581
2021-10-31,South Korea,Asia,Delta,4,0,3.0,66,80.0,0.0548,0.1668,2.0,0.4112,44.61,0.674
2021-11-01,South Korea,Asia,Delta,3,0,2.0,39,51.0,0.0602,0.1087,0.0,0.4126,43.25,1.069
2021-11-02,South Korea,Asia,Omicron,1,0,0.0,11,13.0,0.0691,0.084,0.0,0.4077,61.08,0.823
2021-11-03,South Korea,Asia,Omicron,5,0,4.0,86,110.0,0.0442,0.0732,1.0,0.4165,45.53,0.865
2021-11-10,South Korea,Asia,Delta,6,0,5.0,72,72.0,0.0812,0.1817,3.0,0.4407,45.53,0.515
2021-11-11,South Korea,Asia,Omicron,1,0,0.0,11,23.0,0.0466,0.0667,0.0,0.429,62.81,0.681
2021-11-13,South Korea,Asia,Omicron,1,0,0.0,11,13.0,0.0937,0.0406,0.0,0.4436,45.15,1.411
2021-11-18,South Korea,Asia,Omicron,1,0,0.0,16,15.0,0.0671,0.0387,0.0,0.4396,20.44,1.786
2021-11-22,South Korea,Asia,Omicron,2,0,1.0,23,44.0,0.0496,0.06584999999999999,0.0,0.4407,51.05,1.207
2021-11-27,South Korea,Asia,Omicron,39,0,36.0,547,507.0,0.0869,0.0821,7.0,0.4489,42.09,1.454
2021-11-30,South Korea,Asia,Omicron,2,0,1.0,25,48.0,0.0565,0.0484,0.0,0.4649,28.97,1.192
2021-11-30,South Korea,Asia,Omicron,2,0,1.0,35,32.0,0.0743,0.0452,0.0,0.4454,31.27,1.257
2021-11-30,South Korea,Asia,Omicron,7,0,6.0,94,119.0,0.0713,0.0618,1.0,0.4543,43.67,0.946
2021-12-02,South Korea,Asia,Omicron,3,0,2.0,41,48.0,0.0673,0.0681,0.0,0.4721,22.94,1.824
2021-12-02,South Korea,Asia,Omicron,34,0,32.0,427,714.0,0.0484,0.055,6.0,0.4678,38.82,1.21
2021-12-11,South Korea,Asia,Omicron,1,0,0.0,15,12.0,0.1058,0.0691,0.0,0.4794,38.82,1.2415
2021-12-16,South Korea,Asia,Omicron,4,0,3.0,40,52.0,0.0864,0.0673,0.0,0.4833,34.22,1.45
2021-12-16,South Korea,Asia,Omicron,9,0,8.0,106,117.0,0.0838,0.06584999999999999,0.0,0.4846,41.44,1.196
2021-12-16,South Korea,Asia,Omicron,41,0,38.0,595,574.0,0.092,0.078,11.0,0.4692,33.36,1.836
2021-12-17,South Korea,Asia,Omicron,3,0,2.0,51,51.0,0.0597,0.039,0.0,0.4876,54.31,1.141
2021-12-18,South Korea,Asia,Omicron,20,0,18.0,313,340.0,0.0454,0.0823,4.0,0.4719,51.49,0.785
2021-12-19,South Korea,Asia,Omicron,5,0,4.0,52,70.0,0.074,0.06584999999999999,0.0,0.4926,31.51,1.698
2021-12-20,South Korea,Asia,Omicron,44,0,41.0,742,968.0,0.0408,0.055,6.0,0.4924,44.92,0.775
2021-12-21,South Korea,Asia,Omicron,1,0,0.0,11,24.0,0.0335,0.0776,0.0,0.4787,45.6,0.851
2021-12-28,South Korea,Asia,Omicron,8,0,7.0,114,160.0,0.041,0.0571,1.0,0.4928,53.96,1.168
2022-01-03,South Korea,Asia,Omicron,32,0,31.0,440,448.0,0.0588,0.06584999999999999,5.0,0.5169,32.75,1.74
2022-01-09,South Korea,Asia,Omicron,1,0,0.0,9,13.0,0.0548,0.0492,0.0,0.521,40.89,1.105
2022-01-09,South Korea,Asia,Omicron,17,0,16.0,307,374.0,0.0497,0.037,1.0,0.5292,34.11,1.431
2022-01-10,South Korea,Asia,Omicron,1,0,0.0,11,12.0,0.0648,0.0673,0.0,0.527,41.96,1.2415
2022-01-16,South Korea,Asia,Omicron,49,0,46.0,891,686.0,0.0587,0.0407,7.0,0.5292,48.08,0.752
2022-01-17,South Korea,Asia,Omicron,1,0,0.0,13,15.0,0.0625,0.0446,0.0,0.5414,37.51,1.162
2022-01-18,South Korea,Asia,Omicron,31,0,29.0,496,496.0,0.0637,0.0343,3.0,0.5292,46.4,0.937
2022-01-19,South Korea,Asia,Omicron,16,0,15.0,189,336.0,0.042,0.0632,2.0,0.5297,30.38,1.562
2022-01-21,South Korea,Asia,Omicron,3,0,2.0,52,39.0,0.0879,0.057,0.0,0.5323,29.77,1.48
2022-01-24,South Korea,Asia,Omicron,1,0,0.0,16,24.0,0.0333,0.0646,0.0,0.5356,51.56,0.833
2022-01-25,South Korea,Asia,Omicron,19,0,18.0,288,456.0,0.0525,0.0771,4.0,0.5354,44.28,1.378
2022-01-25,South Korea,Asia,Omicron,2,0,1.0,20,46.0,0.0464,0.0614,0.0,0.5605,44.28,1.398
2022-01-26,South Korea,Asia,Omicron,21,0,19.0,234,399.0,0.0666,0.0597,3.0,0.5439,39.31,1.206
2022-01-28,South Korea,Asia,Omicron,1,0,0.0,16,19.0,0.0394,0.0611,0.0,0.5495,33.06,1.176
2022-01-29,South Korea,Asia,Omicron,19,0,18.0,322,304.0,0.0548,0.06584999999999999,3.0,0.5281,50.44,0.733
2022-01-31,South Korea,Asia,Omicron BA.2,8,0,7.0,84,104.0,0.0687,0.0638,1.0,0.5424,44.72,1.282
2022-02-02,South Korea,Asia,Omicron BA.2,5,0,4.0,57,60.0,0.0727,0.0368,0.0,0.5472,33.06,1.951
2022-02-04,South Korea,Asia,Omicron BA.2,1,0,0.0,15,20.0,0.0419,0.0433,0.0,0.5559,33.24,1.331
2022-02-06,South Korea,Asia,Omicron BA.2,5,0,4.0,62,65.0,0.087,0.0383,0.0,0.5518,40.55,1.686
2022-02-06,South Korea,Asia,Omicron,5,0,4.0,75,90.0,0.0619,0.0576,1.0,0.5608,45.48,1.036
2022-02-09,South Korea,Asia,Omicron,1,0,0.0,15,21.0,0.0406,0.0625,0.0,0.557,43.75,1.2415
2022-02-15,South Korea,Asia,Omicron BA.2,7,0,6.0,113,140.0,0.0435,0.0432,1.0,0.571,39.3,1.137
2022-02-22,South Korea,Asia,Omicron BA.2,87,0,84.0,1554,1653.0,0.054,0.0299,10.0,0.5661,46.85,1.053
2022-02-23,South Korea,Asia,Omicron,1,0,0.0,15,22.0,0.04,0.0424,0.0,0.574,49.08,0.899
2022-02-27,South Korea,Asia,Omicron,1,0,0.0,17,20.0,0.0606,0.0323,0.0,0.5795,34.99,1.2415
2022-03-01,South Korea,Asia,Omicron,31,0,30.0,343,620.0,0.0378,0.0637,4.0,0.5973,42.5,1.186
2022-03-03,South Korea,Asia,Omicron,1,0,1.0,16,17.0,0.0598,0.065,0.0,0.5895,38.13,0.955
2022-03-05,South Korea,Asia,Omicron BA.2,3,0,2.0,54,39.0,0.0845,0.0384,0.0,0.5899,45.2,1.121
2022-03-07,South Korea,Asia,Omicron,111,0,106.0,1342,1665.0,0.0662,0.06584999999999999,16.0,0.5812,41.54,1.2415
2022-03-08,South Korea,Asia,Omicron BA.2,20,0,18.0,253,300.0,0.0791,0.0487,1.0,0.5932,30.9,1.798
2022-03-10,South Korea,Asia,Omicron,3,0,2.0,49,54.0,0.0523,0.0549,0.0,0.5987,32.33,1.412
2022-03-13,South Korea,Asia,Omicron BA.2,53,0,51.0,665,795.0,0.0663,0.0498,9.0,0.6117,42.19,1.179
2022-03-15,South Korea,Asia,Omicron BA.2,15,0,14.0,242,345.0,0.0491,0.0284,1.0,0.6086,42.19,2.175
2022-03-15,South Korea,Asia,Omicron BA.2,10,0,10.0,108,120.0,0.08,0.0389,0.0,0.6032,17.24,1.805
2022-03-16,South Korea,Asia,Omicron BA.2,1,0,0.0,14,20.0,0.0565,0.0498,0.0,0.5939,36.3,1.769
2022-03-16,South Korea,Asia,Omicron BA.2,1,0,0.0,15,22.0,0.0537,0.0293,0.0,0.5915,24.31,1.855
2022-03-18,South Korea,Asia,Omicron BA.2,1,0,1.0,16,17.0,0.0581,0.0559,0.0,0.611,23.69,1.865
2022-03-18,South Korea,Asia,Omicron BA.2,19,0,17.0,232,437.0,0.0498,0.0532,3.0,0.6217,25.29,1.645
2022-03-22,South Korea,Asia,Omicron BA.2,1,0,0.0,13,22.0,0.0381,0.0582,0.0,0.6088,13.11,1.385
2022-03-24,South Korea,Asia,Omicron BA.2,22,0,21.0,299,418.0,0.0622,0.0536,3.0,0.6093,34.58,1.645
2022-04-01,South Korea,Asia,Omicron BA.2,36,0,34.0,400,684.0,0.047,0.0291,2.0,0.6035,34.58,1.645
2022-04-03,South Korea,Asia,Omicron BA.2,1,0,1.0,10,15.0,0.0761,0.0498,0.0,0.6135,37.82,1.32
2022-04-07,South Korea,Asia,Omicron BA.2,1,0,1.0,12,16.0,0.0898,0.0426,0.0,0.6316,11.4,1.616
2022-04-09,South Korea,Asia,Omicron BA.2,6,0,5.0,74,78.0,0.0778,0.0389,0.0,0.6417,18.27,1.479
2022-04-15,South Korea,Asia,Omicron BA.2,1,0,1.0,10,12.0,0.0852,0.0283,0.0,0.6465,31.69,1.681
2022-04-21,South Korea,Asia,Omicron BA.2,2,0,2.0,27,46.0,0.045,0.0583,0.0,0.6742,31.69,1.46
2022-04-21,South Korea,Asia,Omicron BA.2,17,0,16.0,203,374.0,0.04,0.0498,1.0,0.6725,27.06,1.616
2022-04-21,South Korea,Asia,Omicron BA.2,16,0,15.0,289,368.0,0.0443,0.0547,4.0,0.6582,17.36,2.426
2022-04-22,South Korea,Asia,Omicron BA.2,6,0,5.0,74,102.0,0.0597,0.0431,0.0,0.6738,41.68,1.213
2022-04-24,South Korea,Asia,Omicron BA.2,8,0,8.0,92,192.0,0.051,0.0286,0.0,0.6621,18.02,1.88
2022-04-24,South Korea,Asia,Omicron BA.2,1,0,0.0,11,13.0,0.0711,0.0579,0.0,0.6461,34.33,1.463
2022-04-27,South Korea,Asia,Omicron BA.2,1,0,0.0,13,22.0,0.0377,0.0512,0.0,0.6721,23.31,1.291
2022-05-03,South Korea,Asia,Omicron BA.2,10,0,9.0,113,150.0,0.0789,0.0452,1.0,0.6643,14.12,2.12
2022-05-04,South Korea,Asia,Omicron BA.2,25,0,24.0,291,500.0,0.0204,0.0528,2.0,0.6778,34.99,1.569
2022-05-10,South Korea,Asia,Omicron BA.2,3,0,3.0,30,57.0,0.0614,0.0455,0.0,0.6826,14.93,2.3
2022-05-16,South Korea,Asia,Omicron BA.2,4,0,4.0,59,96.0,0.0477,0.0523,0.0,0.6941,34.8,1.235
2022-05-17,South Korea,Asia,Omicron BA.2,3,0,3.0,30,39.0,0.0669,0.0257,0.0,0.6851,34.8,1.524
2022-05-17,South Korea,Asia,Omicron BA.2,4,0,4.0,55,72.0,0.0599,0.0518,0.0,0.6973,12.72,1.932
2022-05-22,South Korea,Asia,Omicron BA.2,5,0,5.0,71,80.0,0.07,0.0362,0.0,0.6909,14.2,1.597
2022-05-24,South Korea,Asia,Omicron BA.2,9,0,8.0,156,171.0,0.0417,0.0245,0.0,0.7066,30.96,1.483
2022-05-24,South Korea,Asia,Omicron BA.2,15,0,14.0,161,300.0,0.0379,0.0562,1.0,0.6987,31.61,1.159
2022-05-24,South Korea,Asia,Omicron BA.2,7,0,6.0,84,84.0,0.1014,0.0507,0.0,0.6992,28.34,1.645
2022-05-27,South Korea,Asia,Omicron BA.2,31,0,29.0,359,403.0,0.0772,0.0412,2.0,0.727,32.85,1.841
2022-05-30,South Korea,Asia,Omicron BA.2,3,0,3.0,32,54.0,0.0573,0.0508,0.0,0.7312,14.9,2.078
2022-05-31,South Korea,Asia,Omicron BA.2,1,0,0.0,13,14.0,0.0842,0.0503,0.0,0.7219,40.58,1.104
2022-06-01,South Korea,Asia,Omicron BA.2,13,0,12.0,225,273.0,0.0663,0.0374,2.0,0.7209,9.5,1.544
2022-06-03,South Korea,Asia,Omicron BA.2,6,0,6.0,105,126.0,0.0476,0.0407,0.0,0.7192,38.83,1.207
2022-06-07,South Korea,Asia,Omicron BA.2,3,0,2.0,54,36.0,0.0829,0.0498,0.0,0.7241,12.5,2.244
2022-06-07,South Korea,Asia,Omicron BA.2,1,0,1.0,17,13.0,0.0562,0.0309,0.0,0.7178,11.58,2.13
2022-06-12,South Korea,Asia,Omicron BA.2,10,0,9.0,180,190.0,0.0555,0.0471,2.0,0.7511,26.92,1.921
2022-06-13,South Korea,Asia,Omicron BA.2,5,0,5.0,83,80.0,0.0635,0.0285,0.0,0.7305,37.33,1.014
2022-06-13,South Korea,Asia,Omicron BA.2,8,0,8.0,130,104.0,0.0731,0.0498,0.0,0.7328,8.09,1.764
2022-06-17,South Korea,Asia,Omicron BA.2,6,0,6.0,87,138.0,0.059,0.0466,0.0,0.737,25.43,1.991
2022-06-18,South Korea,Asia,Omicron BA.2,20,0,19.0,339,280.0,0.0636,0.0509,3.0,0.7361,18.47,1.652
2022-06-18,South Korea,Asia,Omicron BA.2,8,0,7.0,92,104.0,0.0806,0.0357,0.0,0.7418,22.56,1.645
2022-06-18,South Korea,Asia,Omicron BA.2,102,0,95.0,1128,1734.0,0.0406,0.043,14.0,0.7454,21.79,1.472
2022-06-19,South Korea,Asia,Omicron BA.2,14,0,13.0,152,294.0,0.0365,0.0498,1.0,0.7298,16.04,1.72
2022-06-23,South Korea,Asia,Omicron BA.2,1,0,0.0,16,19.0,0.0481,0.0498,0.0,0.7528,31.35,1.021
2022-06-27,South Korea,Asia,Omicron BA.2,1,0,1.0,17,19.0,0.0651,0.0391,0.0,0.7479,20.86,1.645
2022-06-27,South Korea,Asia,Omicron BA.2,2,0,2.0,28,46.0,0.0485,0.0366,0.0,0.7441,23.95,2.014
2022-06-28,South Korea,Asia,Omicron BA.2,5,0,5.0,87,65.0,0.0737,0.0336,0.0,0.7442,22.7,1.924
2022-06-29,South Korea,Asia,Omicron BA.2,1,0,1.0,13,24.0,0.0469,0.0456,0.0,0.7497,22.7,1.109
2022-06-30,South Korea,Asia,Omicron BA.2,1,0,0.0,14,15.0,0.0743,0.0505,0.0,0.7594,22.7,2.006
2022-07-01,South Korea,Asia,Omicron BA.2,1,0,0.0,11,23.0,0.038,0.0475,0.0,0.7748,28.26,1.638
2022-07-02,South Korea,Asia,Omicron BA.2,27,0,26.0,464,324.0,0.0681,0.0377,3.0,0.7499,37.18,1.268
2022-07-03,South Korea,Asia,Omicron BA.2,4,0,4.0,70,72.0,0.962143728,0.0332,0.0,0.7692,44.07,0.901
2022-07-06,South Korea,Asia,Omicron BA.2,1,0,0.0,16,21.0,0.0566,0.0354,0.0,0.7755,30.89,1.492
2022-07-09,South Korea,Asia,Omicron BA.2,26,0,25.0,299,390.0,0.0635,0.0434,2.0,0.7601,17.65,1.518
2022-07-11,South Korea,Asia,Omicron BA.2,7,0,6.0,113,154.0,0.0475,0.0498,0.0,0.7764,26.24,1.949
2022-07-11,South Korea,Asia,Omicron BA.2,1,0,0.0,15,22.0,0.0431,0.0372,0.0,0.7766,26.24,1.905
2022-07-17,South Korea,Asia,Omicron BA.2,2,0,1.0,20,42.0,0.0675,0.0409,0.0,0.7738,31.04,1.783
2022-07-19,South Korea,Asia,Omicron BA.2,1,0,0.0,16,15.0,0.0545,0.0436,0.0,0.7911,21.85,1.829
2022-07-19,South Korea,Asia,Omicron BA.2,1,0,1.0,12,16.0,0.0741,0.0422,0.0,0.7792,32.43,1.06
2022-07-27,South Korea,Asia,Omicron BA.2,10,0,10.0,148,120.0,0.088,0.0406,1.0,0.7964,17.15,1.501
2022-07-29,South Korea,Asia,Omicron BA.2,5,0,4.0,79,65.0,0.077,0.0498,0.0,0.7995,32.99,1.223
2022-07-29,South Korea,Asia,Omicron BA.2,1,0,1.0,18,21.0,0.0185,0.0332,0.0,0.8026,28.89,1.645
2022-07-30,South Korea,Asia,Omicron BA.2,1,0,0.0,12,19.0,0.0669,0.0301,0.0,0.7858,31.41,1.701
2022-08-02,South Korea,Asia,Omicron BA.2,68,0,65.0,1023,1632.0,0.0366,0.0492,11.0,0.7833,17.9,1.471
2022-08-03,South Korea,Asia,Omicron BA.2,1,0,1.0,10,12.0,0.0791,0.0361,0.0,0.8014,15.43,1.616
2022-08-09,South Korea,Asia,Omicron BA.2,2,0,2.0,23,24.0,0.0838,0.0393,0.0,0.7974,30.3,1.092
2022-08-09,South Korea,Asia,Omicron BA.2,12,0,11.0,204,240.0,0.0547,0.0433,2.0,0.7973,17.78,1.895
2022-08-10,South Korea,Asia,Omicron BA.2,4,0,3.0,46,64.0,0.0463,0.0203,0.0,0.8274,17.78,1.645
2022-08-13,South Korea,Asia,Omicron BA.2,5,0,4.0,86,60.0,0.0923,0.0368,0.0,0.8179,19.13,2.093
2022-08-13,South Korea,Asia,Omicron BA.2,14,0,13.0,174,168.0,0.0845,0.0281,0.0,0.8028,36.72,0.99
2022-08-16,South Korea,Asia,Omicron BA.2,4,0,3.0,66,72.0,0.0578,0.0214,0.0,0.8217,11.21,2.241
2022-08-19,South Korea,Asia,Omicron BA.2,7,0,7.0,111,154.0,0.0467,0.0293,0.0,0.8106,19.4,1.738
2022-08-22,South Korea,Asia,Omicron BA.2,3,0,2.0,39,48.0,0.0577,0.044,0.0,0.8289,38.5,0.85
2022-08-22,South Korea,Asia,Omicron BA.2,1,0,0.0,18,20.0,0.0533,0.0405,0.0,0.8209,14.18,1.442
2022-08-23,South Korea,Asia,Omicron BA.2,1,0,0.0,16,13.0,0.0825,0.0372,0.0,0.8479,18.91,1.287
2022-08-26,South Korea,Asia,Omicron BA.2,4,0,3.0,39,84.0,0.0379,0.0428,0.0,0.8467,35.99,1.068
2022-08-27,South Korea,Asia,Omicron BA.2,37,0,35.0,647,777.0,0.056,0.0215,3.0,0.8324,19.57,1.124
2022-08-28,South Korea,Asia,Omicron BA.2,6,0,5.0,109,120.0,0.0594,0.044,1.0,0.8383,29.87,1.29
2022-09-07,South Korea,Asia,Omicron BA.2,10,0,9.0,121,210.0,0.0352,0.0278,0.0,0.8565,21.83,1.477
2022-09-12,South Korea,Asia,Omicron BA.2,9,0,9.0,128,216.0,0.0316,0.0394,0.0,0.846,21.05,1.715
2022-09-13,South Korea,Asia,Omicron BA.2,17,0,15.0,257,255.0,0.0621,0.0325,1.0,0.8609,21.32,1.055
2022-09-14,South Korea,Asia,Omicron BA.2,1,0,0.0,11,17.0,0.0378,0.03,0.0,0.8743,27.5,1.362
2022-09-16,South Korea,Asia,Omicron BA.2,1,0,1.0,10,14.0,0.0798,0.0347,0.0,0.8619,24.74,1.645
2022-09-17,South Korea,Asia,Omicron BA.2,5,0,5.0,59,65.0,0.0859,0.0374,0.0,0.8606,28.56,1.645
2022-09-20,South Korea,Asia,Omicron BA.2,1,0,1.0,13,20.0,0.0198,0.0426,0.0,0.8705,9.62,1.467
2022-09-21,South Korea,Asia,Omicron BA.2,2,0,1.0,29,32.0,0.0655,0.0353,0.0,0.8684,18.09,1.775
2022-09-22,South Korea,Asia,Omicron BA.2,2,0,2.0,31,26.0,0.0867,0.0254,0.0,0.8813,18.09,2.01
2022-09-25,South Korea,Asia,Omicron BA.2,1,0,1.0,14,14.0,0.0641,0.0319,0.0,0.8791,17.36,2.094
2022-09-25,South Korea,Asia,Omicron BA.2,1,0,0.0,14,13.0,0.078,0.0498,0.0,0.8656,26.27,1.092
2022-09-26,South Korea,Asia,Omicron BA.2,11,0,10.0,114,154.0,0.0607,0.0232,0.0,0.871,28.33,1.041
2022-09-27,South Korea,Asia,Omicron BA.2,1,0,1.0,13,22.0,0.0388,0.0398,0.0,0.8943,24.05,1.539
2022-10-01,South Korea,Asia,Omicron BA.2,8,0,7.0,85,136.0,0.048,0.0278,0.0,0.8918,25.25,1.472
2022-10-02,South Korea,Asia,Omicron BA.2,90,0,86.0,996,1170.0,0.0811,0.0227,5.0,0.8868,21.5,1.073
2022-10-02,South Korea,Asia,Omicron BA.2,7,0,6.0,93,154.0,0.0388,0.0213,0.0,0.8793,16.29,1.62
2022-10-04,South Korea,Asia,Omicron BA.2,1,0,0.0,10,18.0,0.0606,0.02,0.0,0.8756,24.99,1.809
2022-10-06,South Korea,Asia,Omicron BA.2,14,0,13.0,154,196.0,0.0835,0.0297,1.0,0.8814,25.34,1.411
2022-10-08,South Korea,Asia,Omicron BA.2,1,0,1.0,13,13.0,0.0697,0.0348,0.0,0.8897,17.13,1.757
2022-10-10,South Korea,Asia,Omicron BA.2,41,0,39.0,531,533.0,0.0803,0.0199,2.0,0.8845,34.01,1.626
2022-10-10,South Korea,Asia,Omicron BA.2,5,0,5.0,54,100.0,0.0443,0.0498,0.0,0.8885,41.16,1.248
2022-10-12,South Korea,Asia,Omicron BA.2,1,0,1.0,12,18.0,0.0592,0.0281,0.0,0.9095,41.16,1.766
2022-10-14,South Korea,Asia,Omicron BA.2,8,0,8.0,137,192.0,0.032,0.0498,1.0,0.9066,16.99,1.887
2022-10-15,South Korea,Asia,Omicron BA.2,2,0,1.0,24,34.0,0.0553,0.0288,0.0,0.906,16.99,1.274
2022-10-19,South Korea,Asia,Omicron BA.2,2,0,1.0,29,42.0,0.0494,0.0185,0.0,0.92,19.85,1.106
2022-10-19,South Korea,Asia,Omicron BA.2,25,0,23.0,345,475.0,0.07,0.03,2.0,0.9027,16.21,1.277
2022-10-20,South Korea,Asia,Omicron BA.2,5,0,5.0,62,65.0,0.0792,0.0312,0.0,0.9133,23.93,1.649
2022-10-22,South Korea,Asia,Omicron BA.2,5,0,5.0,74,65.0,0.0605,0.0199,0.0,0.92,17.53,1.124
2022-10-23,South Korea,Asia,Omicron BA.2,2,0,1.0,22,30.0,0.0717,0.0259,0.0,0.9159,14.42,1.341
2022-10-30,South Korea,Asia,Omicron BA.2,1,0,0.0,11,22.0,0.0595,0.0221,0.0,0.92,14.42,1.303
2022-11-05,South Korea,Asia,Omicron BA.2,1,0,1.0,14,19.0,0.0628,0.0186,0.0,0.92,40.41,1.645
2022-11-15,South Korea,Asia,Omicron BA.2,2,0,2.0,28,40.0,0.054,0.0352,0.0,0.92,25.23,1.599
2022-11-18,South Korea,Asia,Omicron BA.2,24,0,22.0,349,552.0,0.0442,0.0324,1.0,0.92,38.52,1.474
2022-11-25,South Korea,Asia,Omicron BA.2,3,0,2.0,39,72.0,0.0365,0.0204,0.0,0.92,30.9,0.859
2022-11-25,South Korea,Asia,Omicron BA.2,6,0,5.0,60,102.0,0.0536,0.0231,0.0,0.92,30.78,1.519
2022-11-29,South Korea,Asia,Omicron BA.2,1,0,1.0,14,24.0,0.05,0.0258,0.0,0.92,30.36,1.124
2022-12-02,South Korea,Asia,Omicron BA.2,1,0,1.0,14,18.0,0.0741,0.0212,0.0,0.92,25.26,1.099
2022-12-05,South Korea,Asia,Omicron BA.2,1,0,0.0,10,23.0,0.022,0.0367,0.0,0.92,11.77,2.06
2022-12-09,South Korea,Asia,Omicron BA.2,1,0,1.0,17,13.0,0.0712,0.0338,0.0,0.92,14.05,1.961
2022-12-10,South Korea,Asia,Omicron BA.2,19,0,18.0,291,380.0,0.0388,0.0269,1.0,0.92,32.78,1.011
2022-12-11,South Korea,Asia,Omicron BA.2,1,0,1.0,11,20.0,0.0435,0.0379,0.0,0.92,17.45,1.645
2022-12-16,South Korea,Asia,Omicron BA.2,8,0,7.0,123,96.0,0.0864,0.0258,0.0,0.92,13.57,1.852
2022-12-17,South Korea,Asia,Omicron BA.2,5,0,4.0,87,70.0,0.084,0.0334,0.0,0.92,36.1,1.092
2022-12-19,South Korea,Asia,Omicron BA.2,1,0,1.0,10,18.0,0.0442,0.0372,0.0,0.92,21.65,1.223
2022-12-21,South Korea,Asia,Omicron BA.2,3,0,3.0,37,60.0,0.0557,0.0211,0.0,0.92,41.92,1.197
2022-12-21,South Korea,Asia,Omicron BA.2,2,0,1.0,28,44.0,0.0528,0.0263,0.0,0.92,27.42,1.308
2022-12-22,South Korea,Asia,Omicron BA.2,1,0,0.0,11,24.0,0.0272,0.0336,0.0,0.92,20.47,1.125
2022-12-24,South Korea,Asia,Omicron BA.2,5,0,4.0,89,70.0,0.0849,0.0237,0.0,0.92,33.13,1.09
2022-12-26,South Korea,Asia,Omicron BA.2,1,0,0.0,10,14.0,0.0581,0.0498,0.0,0.92,36.68,0.828
2022-12-27,South Korea,Asia,Omicron BA.2,4,0,4.0,60,68.0,0.0603,0.0242,0.0,0.92,38.47,1.437
2022-12-29,South Korea,Asia,Omicron BA.2,5,0,5.0,79,90.0,0.0513,0.0269,0.0,0.92,18.05,1.036
2022-12-31,South Korea,Asia,Omicron BA.2,1,0,1.0,15,12.0,0.0934,0.0302,0.0,0.92,37.39,1.045
2020-01-22,Spain,Europe,Original,8,0,7.0,82,152.0,0.0613,0.1086,1.0,0.0,18.04,0.876
2020-01-22,Spain,Europe,Original,12,0,10.0,121,204.0,0.0639,0.2021,5.0,0.0,10.92,0.714
2020-01-28,Spain,Europe,Original,2,0,1.0,23,28.0,0.0644,0.15155000000000002,0.0,0.0,12.81,0.766
2020-01-28,Spain,Europe,Original,22,0,20.0,285,440.0,0.0557,0.1942,11.0,0.0,9.42,0.725
2020-01-29,Spain,Europe,Original,1,0,0.0,15,34.0,0.056999999999999995,0.2067,0.0,0.0,18.78,0.943
2020-01-30,Spain,Europe,Original,1,0,0.0,11,18.0,0.0602,0.1904,0.0,0.0,5.69,1.195
2020-02-02,Spain,Europe,Original,1,0,0.0,14,34.0,0.056999999999999995,0.2063,0.0,0.0,10.69,0.925
2020-02-07,Spain,Europe,Original,16,0,15.0,177,224.0,0.0776,0.1887,5.0,0.0,21.64,0.585
2020-02-07,Spain,Europe,Original,1,0,0.0,16,34.0,0.056999999999999995,0.1816,0.0,0.0,2.94,0.833
2020-02-10,Spain,Europe,Original,1,0,0.0,12,34.0,0.056999999999999995,0.1947,0.0,0.0,7.15,1.291
2020-02-12,Spain,Europe,Original,3,0,2.0,36,66.0,0.0385,0.2006,1.0,0.0,15.61,1.025
2020-02-14,Spain,Europe,Original,2,0,1.0,31,28.0,0.0531,0.0956,0.0,0.0,16.15,0.616
2020-02-20,Spain,Europe,Original,1,0,0.0,13,34.0,0.056999999999999995,0.1098,0.0,0.0,16.02,0.983
2020-02-23,Spain,Europe,Original,1,0,0.0,12,34.0,0.056999999999999995,0.1349,0.0,0.0,76.21,0.4
2020-02-24,Spain,Europe,Original,1,0,0.0,11,34.0,0.056999999999999995,0.201,0.0,0.0,85.9,0.4
2020-02-24,Spain,Europe,Original,2,0,1.0,29,34.0,0.0533,0.1642,0.0,0.0,78.64,0.428
2020-02-28,Spain,Europe,Original,1,0,0.0,16,12.0,0.0754,0.2036,0.0,0.0,87.11,0.4
2020-03-03,Spain,Europe,Original,16,0,14.0,180,224.0,0.0726,0.1075,3.0,0.0,84.91,0.4
2020-03-04,Spain,Europe,Original,1,0,0.0,11,21.0,0.0464,0.161,0.0,0.0,80.39,0.4
2020-03-05,Spain,Europe,Original,16,0,15.0,162,34.0,0.056999999999999995,0.1421,3.0,0.0,84.7,0.428
2020-03-09,Spain,Europe,Original,1,0,0.0,17,34.0,0.056999999999999995,0.1073,0.0,0.0,84.63,0.428
2020-03-24,Spain,Europe,Original,6,0,5.0,81,90.0,0.0583,0.1345,2.0,0.0,86.31,0.4
2020-03-26,Spain,Europe,Original,1,0,0.0,12,15.0,0.0484,0.2006,0.0,0.0,68.39,0.4
2020-03-29,Spain,Europe,Original,5,0,4.0,69,110.0,0.0431,0.1202,1.0,0.0,74.69,0.4
2020-03-29,Spain,Europe,Original,4,0,3.0,46,34.0,0.056999999999999995,0.1238,1.0,0.0,77.37,0.4
2020-03-29,Spain,Europe,Original,1,0,0.0,10,15.0,0.0689,0.1877,0.0,0.0,92.08,0.428
2020-04-01,Spain,Europe,Original,1,0,0.0,11,34.0,0.056999999999999995,0.1284,0.0,0.0,80.43,0.4
2020-04-05,Spain,Europe,Original,1,0,0.0,16,17.0,0.045,0.105,0.0,0.0,93.08,0.4
2020-04-05,Spain,Europe,Original,1,0,0.0,16,12.0,0.0571,0.0909,0.0,0.0,83.08,0.4
2020-04-07,Spain,Europe,Original,3,0,2.0,33,45.0,0.0683,0.1262,0.0,0.0,88.07,0.4
2020-04-08,Spain,Europe,Original,4,0,3.0,68,52.0,0.0804,0.166,3.0,0.0,88.07,0.418
2020-04-12,Spain,Europe,Original,1,0,0.0,17,34.0,0.056999999999999995,0.1147,0.0,0.0,94.25,0.4
2020-04-16,Spain,Europe,Original,1,0,0.0,14,34.0,0.056999999999999995,0.1588,0.0,0.0,77.33,0.4
2020-04-16,Spain,Europe,Original,4,0,3.0,66,34.0,0.056999999999999995,0.2009,2.0,0.0,85.06,0.4
2020-04-18,Spain,Europe,Original,5,0,4.0,82,115.0,0.0332,0.098,1.0,0.0,66.65,0.4
2020-04-19,Spain,Europe,Original,6,0,5.0,60,34.0,0.056999999999999995,0.1546,1.0,0.0,84.18,0.4
2020-04-21,Spain,Europe,Original,1,0,0.0,13,34.0,0.056999999999999995,0.1641,0.0,0.0,96.12,0.428
2020-04-22,Spain,Europe,Original,1,0,0.0,12,34.0,0.056999999999999995,0.1702,0.0,0.0,83.18,0.4
2020-04-24,Spain,Europe,Original,2,0,1.0,30,32.0,0.0706,0.1748,1.0,0.0,82.86,0.4
2020-04-26,Spain,Europe,Original,3,0,2.0,29,51.0,0.0387,0.15155000000000002,1.0,0.0,82.86,0.4
2020-04-28,Spain,Europe,Original,1,0,0.0,11,20.0,0.0507,0.096,0.0,0.0,61.91,0.4
2020-05-01,Spain,Europe,Original,2,0,1.0,23,32.0,0.0409,0.1848,0.0,0.0,47.48,0.725
2020-05-01,Spain,Europe,Original,1,0,0.0,14,34.0,0.056999999999999995,0.1434,0.0,0.0,69.05,0.4
2020-05-05,Spain,Europe,Original,4,0,3.0,67,92.0,0.032,0.1604,1.0,0.0,42.77,0.484
2020-05-06,Spain,Europe,Original,7,0,6.0,99,34.0,0.056999999999999995,0.0975,2.0,0.0,70.15,0.4
2020-05-07,Spain,Europe,Original,1,0,0.0,13,19.0,0.0572,0.1387,0.0,0.0,60.22,0.4
2020-05-07,Spain,Europe,Original,17,0,16.0,182,34.0,0.056999999999999995,0.1516,6.0,0.0,52.68,0.545
2020-05-07,Spain,Europe,Original,1,0,0.0,13,18.0,0.0509,0.1658,0.0,0.0,66.76,0.4
2020-05-09,Spain,Europe,Original,1,0,0.0,13,34.0,0.056999999999999995,0.1878,0.0,0.0,54.75,0.526
2020-05-13,Spain,Europe,Original,1,0,0.0,10,21.0,0.0472,0.134,0.0,0.0,70.1,0.4
2020-05-18,Spain,Europe,Original,2,0,1.0,36,40.0,0.0535,0.1218,1.0,0.0,66.37,0.405
2020-05-18,Spain,Europe,Original,2,0,1.0,20,34.0,0.056999999999999995,0.1871,0.0,0.0,52.75,0.568
2020-05-20,Spain,Europe,Original,20,1,18.0,320,320.0,0.0704,0.1247,7.0,0.0,60.45,0.553
2020-05-23,Spain,Europe,Original,11,0,10.0,152,34.0,0.056999999999999995,0.2024,7.0,0.0,48.82,0.656
2020-05-27,Spain,Europe,Original,1,0,0.0,14,19.0,0.0657,0.1923,0.0,0.0,59.93,0.426
2020-05-28,Spain,Europe,Original,2,0,1.0,25,36.0,0.0759,0.1377,0.0,0.0,57.34,0.4
2020-05-29,Spain,Europe,Original,5,0,4.0,81,34.0,0.056999999999999995,0.203,3.0,0.0,45.63,0.697
2020-06-02,Spain,Europe,Original,1,0,0.0,15,23.0,0.0505,0.1275,0.0,0.0,64.49,0.4
2020-06-05,Spain,Europe,Original,13,0,12.0,157,169.0,0.095,0.1906,8.0,0.0,54.14,0.602
2020-06-08,Spain,Europe,Original,4,0,3.0,54,52.0,0.0804,0.1786,2.0,0.0,54.18,0.41
2020-06-14,Spain,Europe,Original,1,0,0.0,10,14.0,0.0711,0.1844,0.0,0.0,49.42,0.519
2020-06-16,Spain,Europe,Original,2,0,1.0,34,24.0,0.0752,0.1918,1.0,0.0,60.56,0.472
2020-06-18,Spain,Europe,Original,2,0,1.0,33,26.0,0.0817,0.1719,1.0,0.0,70.41,0.4
2020-07-02,Spain,Europe,Original,5,0,4.0,87,95.0,0.0622,0.1037,2.0,0.0,77.1,0.4
2020-07-03,Spain,Europe,Original,1,0,0.0,14,18.0,0.0421,0.1746,0.0,0.0,61.09,0.496
2020-07-03,Spain,Europe,Original,1,0,0.0,15,16.0,0.0681,0.1669,0.0,0.0,58.25,0.574
2020-07-03,Spain,Europe,Original,1,0,0.0,16,20.0,0.0607,0.201,0.0,0.0,49.78,0.428
2020-07-04,Spain,Europe,Original,1,0,0.0,14,24.0,0.0476,0.15155000000000002,0.0,0.0,59.42,0.505
2020-07-07,Spain,Europe,Original,4,0,3.0,45,48.0,0.0883,0.1509,1.0,0.0,57.87,0.4
2020-07-11,Spain,Europe,Original,1,0,0.0,10,18.0,0.0567,0.1885,0.0,0.0,54.98,0.4
2020-07-13,Spain,Europe,Original,6,0,5.0,69,108.0,0.0591,0.15155000000000002,3.0,0.0,65.42,0.4
2020-07-14,Spain,Europe,Original,5,0,4.0,74,105.0,0.0331,0.1602,3.0,0.0,71.3,0.4
2020-07-14,Spain,Europe,Original,1,0,0.0,14,24.0,0.0477,0.1426,0.0,0.0,68.73,0.4
2020-07-17,Spain,Europe,Original,1,0,0.0,11,20.0,0.051,0.1325,0.0,0.0,64.08,0.4
2020-07-21,Spain,Europe,Original,7,0,6.0,68,105.0,0.0546,0.1544,2.0,0.0,47.59,0.667
2020-07-21,Spain,Europe,Original,3,0,2.0,46,60.0,0.0617,0.1486,1.0,0.0,71.71,0.4
2020-07-26,Spain,Europe,Original,1,0,0.0,15,17.0,0.0674,0.1879,0.0,0.0,71.71,0.402
2020-07-26,Spain,Europe,Original,22,0,20.0,391,440.0,0.0645,0.1471,15.0,0.0,56.07,0.516
2020-07-28,Spain,Europe,Original,13,0,12.0,149,234.0,0.999728868,0.1808,6.0,0.0,48.55,0.514
2020-07-28,Spain,Europe,Original,1,0,0.0,13,17.0,0.0569,0.15155000000000002,0.0,0.0,54.47,0.437
2020-07-28,Spain,Europe,Original,1,0,0.0,18,17.0,0.0689,0.1926,0.0,0.0,57.7,0.4
2020-07-29,Spain,Europe,Original,1,0,0.0,14,12.0,0.1025,0.1171,0.0,0.0,64.87,0.4
2020-07-30,Spain,Europe,Original,3,0,2.0,45,36.0,0.0939,0.1709,1.0,0.0,67.33,0.4
2020-08-01,Spain,Europe,Original,2,0,1.0,29,44.0,0.0327,0.1002,0.0,0.0,67.33,0.428
2020-08-09,Spain,Europe,Original,1,0,0.0,16,21.0,0.0543,0.199,0.0,0.0,42.79,0.76
2020-08-13,Spain,Europe,Original,2,0,1.0,32,40.0,0.0249,0.102,0.0,0.0,47.72,0.428
2020-08-16,Spain,Europe,Original,28,0,26.0,453,644.0,0.0401,0.15155000000000002,13.0,0.0,36.31,0.757
2020-08-16,Spain,Europe,Original,1,0,0.0,10,15.0,0.072,0.0995,0.0,0.0,55.77,0.404
2020-08-16,Spain,Europe,Original,6,0,5.0,68,102.0,0.0385,0.1159,1.0,0.0,53.26,0.532
2020-08-18,Spain,Europe,Original,8,0,0.0,17,20.0,0.042,0.1818,0.0,0.0,47.45,0.522
2020-08-18,Spain,Europe,Original,3,0,2.0,40,66.0,0.046,0.1483,0.0,0.0,35.19,0.48
2020-08-20,Spain,Europe,Original,1,0,0.0,15,17.0,0.0525,0.1188,0.0,0.0,46.16,0.66
2020-08-23,Spain,Europe,Original,2,0,1.0,34,40.0,0.0633,0.1431,1.0,0.0,33.42,0.625
2020-08-23,Spain,Europe,Original,1,0,0.0,10,15.0,0.0701,0.1035,0.0,0.0,38.96,0.81
2020-08-26,Spain,Europe,Original,1,0,0.0,10,20.0,0.0333,0.15155000000000002,0.0,0.0,47.94,0.461
2020-08-26,Spain,Europe,Original,14,0,13.0,145,210.0,0.0511,0.1629,4.0,0.0,54.11,0.436
2020-08-27,Spain,Europe,Original,7,0,6.0,70,84.0,0.0866,0.1968,3.0,0.0,42.24,0.483
2020-08-28,Spain,Europe,Original,4,0,3.0,50,68.0,0.0597,0.094,1.0,0.0,50.31,0.584
2020-09-08,Spain,Europe,Original,2,0,1.0,22,34.0,0.053,0.1558,0.0,0.0,40.04,0.602
2020-09-15,Spain,Europe,Original,1,0,0.0,12,17.0,0.0735,0.1892,0.0,0.0,57.36,0.4
2020-09-16,Spain,Europe,Original,1,0,0.0,14,15.0,0.0698,0.1788,0.0,0.0,32.07,0.509
2020-09-18,Spain,Europe,Original,1,0,0.0,12,14.0,0.0702,0.1539,0.0,0.0,35.45,0.714
2020-09-19,Spain,Europe,Original,3,0,2.0,44,60.0,0.0228,0.2099,1.0,0.0,58.65,0.4
2020-09-20,Spain,Europe,Original,31,1,28.0,339,651.0,0.056,0.1103,6.0,0.0,54.52,0.556
2020-09-21,Spain,Europe,Original,2,0,1.0,19,40.0,0.0607,0.15155000000000002,0.0,0.0,50.96,0.4
2020-09-23,Spain,Europe,Original,4,0,3.0,55,68.0,0.0568,0.1354,1.0,0.0,39.27,0.813
2020-09-24,Spain,Europe,Original,23,0,21.0,247,529.0,0.0218,0.15155000000000002,8.0,0.0,36.46,0.831
2020-09-27,Spain,Europe,Original,1,0,0.0,10,15.0,0.0647,0.1734,0.0,0.0,38.56,0.728
2020-10-01,Spain,Europe,Original,8,0,7.0,127,192.0,0.0473,0.1245,4.0,0.0,49.58,0.4
2020-10-02,Spain,Europe,Original,1,0,0.0,10,21.0,0.0513,0.1116,0.0,0.0,49.8,0.451
2020-10-02,Spain,Europe,Original,1,0,0.0,18,23.0,0.0362,0.15155000000000002,0.0,0.0,45.9,0.574
2020-10-03,Spain,Europe,Original,4,0,3.0,60,92.0,0.0264,0.1996,2.0,0.0,48.21,0.64
2020-10-03,Spain,Europe,Original,3,0,2.0,41,42.0,0.0621,0.1321,0.0,0.0,57.01,0.46
2020-10-07,Spain,Europe,Original,1,0,0.0,10,14.0,0.0737,0.1295,0.0,0.0,44.46,0.663
2020-10-07,Spain,Europe,Original,4,0,3.0,68,52.0,0.0722,0.1983,2.0,0.0,44.46,0.512
2020-10-08,Spain,Europe,Original,1,0,0.0,11,23.0,0.0601,0.1952,0.0,0.0,34.4,0.848
2020-10-10,Spain,Europe,Original,39,1,35.0,578,819.0,0.0563,0.0975,14.0,0.0,36.41,0.568
2020-10-11,Spain,Europe,Original,8,0,7.0,84,136.0,0.0618,0.1719,3.0,0.0,47.12,0.73
2020-10-19,Spain,Europe,Original,1,0,0.0,15,24.0,0.0422,0.1174,0.0,0.0,56.63,0.572
2020-10-19,Spain,Europe,Original,1,0,0.0,15,22.0,0.0473,0.1295,0.0,0.0,43.45,0.595
2020-10-20,Spain,Europe,Original,1,0,0.0,11,22.0,0.0463,0.15155000000000002,0.0,0.0,49.38,0.635
2020-10-22,Spain,Europe,Original,4,0,3.0,64,96.0,0.0392,0.2018,3.0,0.0,40.93,0.463
2020-10-25,Spain,Europe,Original,5,0,4.0,69,90.0,0.0503,0.1843,2.0,0.0,53.88,0.405
2020-10-27,Spain,Europe,Original,1,0,0.0,16,17.0,0.0744,0.1353,0.0,0.0,40.54,0.818
2020-10-27,Spain,Europe,Original,2,0,1.0,23,38.0,0.0397,0.15155000000000002,1.0,0.0,49.23,0.432
2020-10-27,Spain,Europe,Original,1,0,0.0,17,20.0,0.0562,0.2057,0.0,0.0,42.8,0.643
2020-11-04,Spain,Europe,Alpha,9,0,8.0,109,117.0,0.0792,0.2266,5.0,0.0,64.19,0.581
2020-11-05,Spain,Europe,Original,4,0,3.0,60,60.0,0.067,0.1919,1.0,0.0,59.17,0.565
2020-11-06,Spain,Europe,Alpha,4,0,3.0,70,80.0,0.0367,0.1603,2.0,0.0,38.6,0.662
2020-11-06,Spain,Europe,Alpha,1,0,0.0,10,23.0,0.0477,0.2174,0.0,0.0,55.15,0.696
2020-11-09,Spain,Europe,Alpha,19,0,17.0,222,304.0,0.0459,0.2128,10.0,0.0,44.04,1.015
2020-11-10,Spain,Europe,Alpha,1,0,0.0,18,14.0,0.0681,0.1603,0.0,0.0,42.84,0.977
2020-11-11,Spain,Europe,Original,2,0,1.0,19,26.0,0.0732,0.1883,1.0,0.0,47.12,0.437
2020-11-12,Spain,Europe,Original,1,0,0.0,9,21.0,0.0366,0.15155000000000002,0.0,0.0,35.05,0.719
2020-11-15,Spain,Europe,Alpha,7,0,6.0,75,91.0,0.0779,0.1689,3.0,0.0,54.54,0.493
2020-11-16,Spain,Europe,Original,13,0,12.0,162,156.0,0.0918,0.1854,8.0,0.0,60.91,0.428
2020-11-17,Spain,Europe,Alpha,3,0,2.0,42,42.0,0.062,0.2223,1.0,0.0,55.88,0.49
2020-11-24,Spain,Europe,Alpha,2,0,1.0,30,32.0,0.0577,0.1603,0.0,0.0,59.18,0.466
2020-11-26,Spain,Europe,Alpha,1,0,0.0,17,22.0,0.0502,0.1603,0.0,0.0,51.63,0.477
2020-11-28,Spain,Europe,Alpha,1,0,0.0,14,19.0,0.0364,0.1603,0.0,0.0,48.41,0.784
2020-12-01,Spain,Europe,Alpha,1,0,0.0,16,17.0,0.081,0.1869,0.0,0.0,48.41,0.493
2020-12-12,Spain,Europe,Alpha,1,0,0.0,15,12.0,0.101,0.1216,0.0,0.0,70.8,0.472
2020-12-13,Spain,Europe,Alpha,12,0,11.0,195,144.0,0.0908,0.1353,7.0,0.0,69.54,0.4
2020-12-16,Spain,Europe,Alpha,34,1,31.0,556,510.0,0.0445,0.1599,19.0,0.0,61.12,0.666
2020-12-17,Spain,Europe,Alpha,18,0,17.0,219,432.0,0.0439,0.1457,6.0,0.0,58.19,0.674
2020-12-18,Spain,Europe,Alpha,9,0,8.0,144,162.0,0.0519,0.202,6.0,0.0,58.19,0.716
2020-12-19,Spain,Europe,Alpha,3,0,2.0,46,69.0,0.0431,0.2064,2.0,0.0,58.12,0.518
2020-12-20,Spain,Europe,Alpha,36,0,3.0,57,72.0,0.0533,0.1261,1.0,0.0,55.99,0.472
2020-12-24,Spain,Europe,Alpha,27,0,25.0,490,459.0,0.0612,0.1806,19.0,0.0,66.72,0.493
2020-12-25,Spain,Europe,Alpha,9,0,8.0,163,189.0,0.0526,0.1686,7.0,0.0,84.06,0.4
2020-12-27,Spain,Europe,Alpha,3,0,2.0,45,72.0,0.0307,0.2254,2.0,0.0,62.35,0.673
2020-12-28,Spain,Europe,Alpha,28,1,25.0,400,420.0,0.0724,0.1363,15.0,0.0,65.61,0.501
2021-01-01,Spain,Europe,Alpha,3,0,2.0,44,66.0,0.0557,0.2186,2.0,0.0,52.48,0.669
2021-01-03,Spain,Europe,Alpha,2,0,1.0,32,24.0,0.0932,0.101,0.0,0.0,66.88,0.407
2021-01-04,Spain,Europe,Alpha,1,0,0.0,16,17.0,0.0661,0.1222,0.0,0.0,57.33,0.614
2021-01-04,Spain,Europe,Alpha,8,0,7.0,129,128.0,0.0714,0.1359,4.0,0.0,69.11,0.5
2021-01-09,Spain,Europe,Alpha,1,0,0.0,11,13.0,0.0758,0.1218,0.0,0.0,62.31,0.566
2021-01-12,Spain,Europe,Alpha,1,0,0.0,12,14.0,0.0732,0.1603,0.0,0.0051,71.12,0.4
2021-01-12,Spain,Europe,Alpha,2,0,1.0,35,36.0,0.0503,0.1603,1.0,0.0,82.48,0.4
2021-01-14,Spain,Europe,Alpha,1,0,0.0,14,22.0,0.052,0.1073,0.0,0.0,64.98,0.4
2021-01-14,Spain,Europe,Alpha,1,0,0.0,13,21.0,0.0498,0.1883,0.0,0.0081,64.98,0.4
2021-01-16,Spain,Europe,Alpha,2,0,1.0,31,38.0,0.0506,0.1527,1.0,0.0198,60.47,0.426
2021-01-18,Spain,Europe,Alpha,4,0,3.0,40,60.0,0.0701,0.1488,1.0,0.0198,45.06,0.758
2021-01-22,Spain,Europe,Alpha,1,0,0.0,10,23.0,0.0516,0.18,0.0,0.0198,61.18,0.577
2021-01-26,Spain,Europe,Alpha,1,0,0.0,10,18.0,0.0578,0.1803,0.0,0.0188,55.99,0.675
2021-01-27,Spain,Europe,Alpha,1,0,0.0,12,15.0,0.0621,0.1248,0.0,0.0217,55.06,0.464
2021-01-30,Spain,Europe,Alpha,1,0,0.0,11,20.0,0.0548,0.1654,0.0,0.0373,58.64,0.47
2021-02-02,Spain,Europe,Alpha,1,0,0.0,14,16.0,0.0555,0.1118,0.0,0.0218,79.12,0.4
2021-02-05,Spain,Europe,Alpha,13,0,12.0,220,182.0,0.0706,0.1335,6.0,0.044,59.64,0.493
2021-02-06,Spain,Europe,Alpha,32,1,30.0,479,704.0,0.0571,0.1852,18.0,0.0405,50.79,0.688
2021-02-10,Spain,Europe,Alpha,1,0,0.0,17,19.0,0.0521,0.1603,0.0,0.064,52.45,0.536
2021-02-10,Spain,Europe,Alpha,4,0,3.0,62,60.0,0.0588,0.1267,2.0,0.064,71.64,0.466
2021-02-13,Spain,Europe,Alpha,1,0,0.0,10,13.0,0.0695,0.2092,0.0,0.0301,51.71,0.81
2021-02-13,Spain,Europe,Alpha,7,0,6.0,82,91.0,0.0823,0.1603,4.0,0.0426,65.2,0.598
2021-02-16,Spain,Europe,Alpha,44,1,40.0,752,968.0,0.0518,0.1537,29.0,0.0594,63.38,0.4
2021-02-19,Spain,Europe,Alpha,1,0,0.0,14,16.0,0.0686,0.1404,0.0,0.0594,65.09,0.485
2021-02-25,Spain,Europe,Alpha,3,0,2.0,37,60.0,0.0583,0.1435,1.0,0.0797,66.99,0.4
2021-02-27,Spain,Europe,Alpha,1,0,0.0,13,16.0,0.0661,0.1564,0.0,0.0797,53.0,0.758
2021-02-27,Spain,Europe,Alpha,1,0,0.0,17,20.0,0.0557,0.1044,0.0,0.0842,72.75,0.4
2021-03-01,Spain,Europe,Alpha,14,0,12.0,139,238.0,0.0549,0.1354,3.0,0.0885,67.23,0.464
2021-03-11,Spain,Europe,Alpha,1,0,0.0,10,17.0,0.0534,0.1889,0.0,0.105,47.1,0.917
2021-03-11,Spain,Europe,Alpha,18,0,17.0,248,360.0,0.0306,0.1558,11.0,0.0941,54.56,0.482
2021-03-14,Spain,Europe,Alpha,1,0,0.0,12,14.0,0.0703,0.1631,0.0,0.1035,59.77,0.491
2021-03-15,Spain,Europe,Alpha,3,0,2.0,45,45.0,0.0458,0.1229,1.0,0.0847,62.52,0.4
2021-03-15,Spain,Europe,Alpha,3,0,2.0,50,69.0,0.0496,0.1053,1.0,0.089,52.81,0.696
2021-03-18,Spain,Europe,Alpha,14,0,12.0,213,294.0,0.0704,0.2088,9.0,0.0923,66.38,0.459
2021-03-21,Spain,Europe,Alpha,2,0,1.0,21,26.0,0.0792,0.1592,0.0,0.1064,65.18,0.414
2021-03-23,Spain,Europe,Alpha,7,0,6.0,120,154.0,0.0522,0.1058,3.0,0.119,71.27,0.493
2021-03-25,Spain,Europe,Delta,1,0,0.0,15,19.0,0.0369,0.2414,0.0,0.1078,81.57,0.433
2021-03-29,Spain,Europe,Alpha,1,0,0.0,14,19.0,0.0524,0.1758,0.0,0.1062,56.21,0.605
2021-03-31,Spain,Europe,Delta,5,0,4.0,85,60.0,0.0878,0.1458,2.0,0.1306,83.92,0.4
2021-04-01,Spain,Europe,Delta,18,0,16.0,178,216.0,0.0751,0.1319,4.0,0.1114,75.07,0.581
2021-04-02,Spain,Europe,Alpha,1,0,0.0,11,22.0,0.0534,0.1593,0.0,0.1419,64.47,0.4
2021-04-09,Spain,Europe,Delta,1,0,0.0,15,19.0,0.0481,0.1978,0.0,0.1201,55.97,0.874
2021-04-12,Spain,Europe,Delta,14,0,13.0,187,294.0,0.0635,0.2149,11.0,0.1439,55.97,0.581
2021-04-17,Spain,Europe,Delta,3,0,2.0,53,51.0,0.0254,0.1434,1.0,0.144,83.44,0.4
2021-04-17,Spain,Europe,Delta,1,0,0.0,17,21.0,0.0622,0.2094,1.0,0.1309,63.81,0.451
2021-04-25,Spain,Europe,Delta,3,0,2.0,48,57.0,0.0542,0.2122,2.0,0.1479,88.97,0.4
2021-04-25,Spain,Europe,Delta,14,0,12.0,159,294.0,0.0308,0.1097,3.0,0.1462,70.74,0.514
2021-04-29,Spain,Europe,Delta,2,0,1.0,27,32.0,0.0745,0.1969,1.0,0.1389,64.09,0.467
2021-05-01,Spain,Europe,Delta,5,0,4.0,55,65.0,0.0826,0.1144,1.0,0.1675,85.43,0.4
2021-05-02,Spain,Europe,Delta,7,0,6.0,101,133.0,0.0372,0.1803,3.0,0.1653,86.89,0.4
2021-05-02,Spain,Europe,Delta,1,0,0.0,14,15.0,0.0627,0.1371,0.0,0.1481,83.21,0.581
2021-05-04,Spain,Europe,Delta,1,0,0.0,14,13.0,0.0564,0.1895,0.0,0.1667,60.44,0.755
2021-05-05,Spain,Europe,Delta,14,0,13.0,196,266.0,0.0408,0.1608,8.0,0.166,80.24,0.4
2021-05-08,Spain,Europe,Delta,6,0,5.0,99,108.0,0.0535,0.1094,1.0,0.1741,60.02,0.563
2021-05-17,Spain,Europe,Delta,1,0,0.0,15,16.0,0.0681,0.1091,0.0,0.1808,77.29,0.514
2021-05-19,Spain,Europe,Delta,9,0,8.0,163,216.0,0.0368,0.1458,5.0,0.1846,58.04,0.581
2021-05-29,Spain,Europe,Delta,2,0,1.0,21,36.0,0.0568,0.1817,0.0,0.1948,77.27,0.417
2021-05-31,Spain,Europe,Delta,6,0,5.0,79,72.0,0.0807,0.2286,4.0,0.2088,64.18,0.57
2021-06-05,Spain,Europe,Delta,2,0,1.0,22,24.0,0.0751,0.2024,1.0,0.2112,78.26,0.4
2021-06-08,Spain,Europe,Delta,6,0,5.0,93,78.0,0.0791,0.145,2.0,0.21,67.8,0.488
2021-06-11,Spain,Europe,Delta,1,0,0.0,14,16.0,0.0629,0.1296,0.0,0.2023,61.82,0.498
2021-06-11,Spain,Europe,Delta,1,0,0.0,13,14.0,0.0758,0.2148,0.0,0.2053,57.97,0.96
2021-06-11,Spain,Europe,Delta,1,0,0.0,18,12.0,0.0709,0.1645,0.0,0.2253,57.97,0.404
2021-06-18,Spain,Europe,Delta,6,0,5.0,77,90.0,0.0774,0.16,2.0,0.2268,50.16,0.889
2021-06-18,Spain,Europe,Delta,1,0,0.0,13,17.0,0.0636,0.1528,0.0,0.2225,71.92,0.43
2021-06-20,Spain,Europe,Delta,1,0,0.0,10,14.0,0.0586,0.1039,0.0,0.2407,62.26,0.621
2021-06-21,Spain,Europe,Delta,16,0,15.0,254,224.0,0.0605,0.1339,8.0,0.2429,65.45,0.408
2021-06-24,Spain,Europe,Delta,2,0,1.0,22,26.0,0.0841,0.1866,1.0,0.2412,65.45,0.4
2021-06-25,Spain,Europe,Delta,16,0,15.0,239,368.0,0.0499,0.1987,9.0,0.238,70.87,0.567
2021-07-01,Spain,Europe,Delta,1,0,0.0,13,19.0,0.0528,0.2137,0.0,0.2378,65.94,0.446
2021-07-02,Spain,Europe,Delta,5,0,4.0,51,65.0,0.0862,0.1484,1.0,0.2463,68.77,0.502
2021-07-03,Spain,Europe,Delta,3,0,2.0,46,66.0,0.0534,0.1584,2.0,0.2426,62.06,0.558
2021-07-04,Spain,Europe,Delta,1,0,0.0,13,18.0,0.0567,0.2055,0.0,0.248,60.75,0.443
2021-07-05,Spain,Europe,Delta,5,0,4.0,78,70.0,0.0683,0.1259,2.0,0.2418,60.0,0.695
2021-07-06,Spain,Europe,Delta,13,0,12.0,200,208.0,0.0658,0.1937,10.0,0.2388,60.0,0.431
2021-07-16,Spain,Europe,Delta,3,0,2.0,48,42.0,0.0749,0.104,0.0,0.2586,77.64,0.4
2021-07-17,Spain,Europe,Delta,1,0,0.0,10,12.0,0.097,0.1698,0.0,0.2544,77.64,0.734
2021-07-21,Spain,Europe,Delta,16,0,15.0,196,288.0,0.0455,0.1353,7.0,0.2677,75.95,0.4
2021-07-24,Spain,Europe,Delta,6,0,5.0,62,126.0,0.0265,0.176,1.0,0.2787,68.38,0.592
2021-07-26,Spain,Europe,Delta,3,0,2.0,42,69.0,0.0496,0.1395,0.0,0.2809,55.93,0.844
2021-07-26,Spain,Europe,Delta,1,0,0.0,10,21.0,0.0577,0.1902,0.0,0.3007,78.68,0.4
2021-07-31,Spain,Europe,Delta,1,0,0.0,15,24.0,0.0298,0.1582,0.0,0.3052,63.54,0.575
2021-08-05,Spain,Europe,Delta,2,0,1.0,28,32.0,0.0632,0.16,1.0,0.2929,67.8,0.53
2021-08-05,Spain,Europe,Delta,12,0,11.0,154,216.0,0.056,0.192,4.0,0.3038,36.66,0.862
2021-08-07,Spain,Europe,Delta,1,0,0.0,11,14.0,0.0678,0.1018,0.0,0.2998,48.08,0.915
2021-08-08,Spain,Europe,Delta,1,0,0.0,12,23.0,0.0439,0.1773,0.0,0.3051,60.18,0.581
2021-08-09,Spain,Europe,Delta,17,0,16.0,304,323.0,0.0518,0.1819,10.0,0.2861,37.92,1.118
2021-08-12,Spain,Europe,Delta,1,0,0.0,12,14.0,0.0543,0.167,0.0,0.3148,54.04,0.745
2021-08-14,Spain,Europe,Delta,4,0,3.0,53,92.0,0.0315,0.1759,1.0,0.2968,53.47,0.965
2021-08-20,Spain,Europe,Delta,7,0,6.0,103,168.0,0.0249,0.1368,4.0,0.3034,59.46,0.843
2021-08-20,Spain,Europe,Delta,3,0,2.0,46,63.0,0.0454,0.1159,1.0,0.3239,42.64,0.642
2021-08-21,Spain,Europe,Delta,1,0,0.0,17,21.0,0.0497,0.1795,0.0,0.3182,46.35,0.78
2021-08-26,Spain,Europe,Delta,1,0,0.0,9,24.0,0.0368,0.1962,0.0,0.3379,46.79,0.657
2021-08-29,Spain,Europe,Delta,2,0,1.0,29,36.0,0.0421,0.1337,0.0,0.3268,55.23,0.68
2021-09-16,Spain,Europe,Delta,1,0,0.0,17,19.0,0.0568,0.1332,0.0,0.3615,56.05,0.73
2021-09-27,Spain,Europe,Delta,1,0,0.0,15,21.0,0.0622,0.16,0.0,0.3629,62.48,0.732
2021-09-27,Spain,Europe,Delta,3,0,2.0,45,60.0,0.0575,0.1761,1.0,0.3823,67.79,0.4
2021-09-29,Spain,Europe,Delta,1,0,0.0,10,24.0,0.0533,0.1712,0.0,0.373,43.92,1.005
2021-09-30,Spain,Europe,Delta,1,0,0.0,14,15.0,0.0459,0.165,0.0,0.3816,37.9,0.945
2021-10-01,Spain,Europe,Delta,2,0,1.0,26,24.0,0.0765,0.1613,0.0,0.3756,49.75,0.561
2021-10-01,Spain,Europe,Delta,10,0,9.0,141,210.0,0.0412,0.157,3.0,0.3726,47.99,0.871
2021-10-01,Spain,Europe,Delta,1,0,0.0,15,22.0,0.0464,0.1329,0.0,0.3869,37.69,0.874
2021-10-02,Spain,Europe,Delta,12,0,11.0,143,264.0,0.0218,0.1604,3.0,0.3754,56.17,0.573
2021-10-08,Spain,Europe,Omicron,15,0,14.0,165,210.0,0.0885,0.0891,3.0,0.373,45.7,1.578
2021-10-08,Spain,Europe,Omicron,38,0,35.0,476,836.0,0.0395,0.0585,6.0,0.3721,56.22,0.79
2021-10-10,Spain,Europe,Delta,28,1,26.0,430,392.0,0.0714,0.1031,8.0,0.3814,55.54,0.581
2021-10-11,Spain,Europe,Delta,2,0,1.0,31,26.0,0.0828,0.1192,1.0,0.3949,56.9,0.674
2021-10-11,Spain,Europe,Omicron,2,0,1.0,24,38.0,0.0612,0.0737,0.0,0.4006,61.21,0.84
2021-10-22,Spain,Europe,Omicron,8,0,7.0,96,112.0,0.0673,0.0665,1.0,0.389,39.82,0.929
2021-10-26,Spain,Europe,Delta,1,0,0.0,14,17.0,0.0637,0.097,0.0,0.4008,46.1,0.977
2021-10-28,Spain,Europe,Omicron,7,0,6.0,104,161.0,0.0618,0.0524,1.0,0.4213,66.17,0.598
2021-10-30,Spain,Europe,Omicron,2,0,1.0,26,24.0,0.0802,0.0565,0.0,0.4251,52.66,1.031
2021-11-01,Spain,Europe,Omicron,33,0,31.0,584,396.0,0.0936,0.0598,8.0,0.4005,52.31,0.901
2021-11-02,Spain,Europe,Omicron,10,0,9.0,159,240.0,0.0499,0.0606,1.0,0.4298,68.16,0.544
2021-11-07,Spain,Europe,Omicron,2,0,1.0,19,28.0,0.0725,0.0726,0.0,0.4523,53.67,0.667
2021-11-07,Spain,Europe,Omicron,14,0,13.0,230,168.0,0.0964,0.0789,4.0,0.4092,69.74,0.55
2021-11-09,Spain,Europe,Delta,1,0,0.0,10,13.0,0.0791,0.1649,0.0,0.4303,65.57,0.667
2021-11-10,Spain,Europe,Delta,4,0,3.0,45,60.0,0.0727,0.1218,1.0,0.4455,65.57,0.4
2021-11-11,Spain,Europe,Omicron,5,0,4.0,51,65.0,0.0834,0.0393,0.0,0.4373,47.26,1.077
2021-11-13,Spain,Europe,Omicron,1,0,0.0,16,15.0,0.0646,0.0845,0.0,0.4398,40.2,1.488
2021-11-14,Spain,Europe,Omicron,2,0,1.0,32,30.0,0.0721,0.0562,0.0,0.4258,33.59,1.189
2021-11-14,Spain,Europe,Omicron,9,0,8.0,142,216.0,0.049,0.0842,3.0,0.4249,26.84,1.584
2021-11-15,Spain,Europe,Omicron,1,0,0.0,11,14.0,0.0786,0.0802,0.0,0.4475,45.57,0.88
2021-11-24,Spain,Europe,Omicron,5,0,4.0,57,115.0,0.03,0.0606,0.0,0.4497,37.46,1.59
2021-11-26,Spain,Europe,Omicron,11,0,10.0,173,231.0,0.0535,0.0606,2.0,0.4594,22.59,1.926
2021-11-26,Spain,Europe,Omicron,1,0,0.0,10,18.0,0.0516,0.0459,0.0,0.4372,29.22,1.012
2021-11-26,Spain,Europe,Omicron,11,0,10.0,193,242.0,0.0454,0.0653,2.0,0.4602,42.13,1.407
2021-11-27,Spain,Europe,Omicron,48,0,44.0,538,1104.0,0.0488,0.053,7.0,0.4415,38.18,1.425
2021-11-29,Spain,Europe,Omicron,2,0,1.0,25,46.0,0.0342,0.0606,0.0,0.459,24.76,1.486
2021-12-01,Spain,Europe,Omicron,1,0,0.0,16,14.0,0.0652,0.0386,0.0,0.4477,37.27,1.017
2021-12-02,Spain,Europe,Omicron,2,0,1.0,22,28.0,0.0754,0.0675,0.0,0.4546,40.84,1.193
2021-12-05,Spain,Europe,Omicron,6,0,5.0,97,78.0,0.937341618,0.056,1.0,0.4822,38.86,1.006
2021-12-06,Spain,Europe,Omicron,3,0,2.0,51,63.0,0.0547,0.0424,0.0,0.467,38.86,1.308
2021-12-08,Spain,Europe,Omicron,1,0,0.0,10,15.0,0.0668,0.0606,0.0,0.4684,38.86,1.542
2021-12-09,Spain,Europe,Omicron,7,0,6.0,70,168.0,0.0299,0.0684,0.0,0.4701,42.81,0.927
2021-12-11,Spain,Europe,Omicron,4,0,3.0,60,52.0,0.083,0.0719,1.0,0.486,42.81,1.307
2021-12-17,Spain,Europe,Omicron,1,0,0.0,11,17.0,0.0739,0.0644,0.0,0.4813,39.72,1.091
2021-12-18,Spain,Europe,Omicron,2,0,1.0,22,32.0,0.0691,0.0686,0.0,0.4939,48.3,1.331
2021-12-18,Spain,Europe,Omicron,1,0,0.0,9,19.0,0.0696,0.0606,0.0,0.4915,39.54,1.2415
2021-12-19,Spain,Europe,Omicron,2,0,1.0,20,24.0,0.084,0.0768,0.0,0.4778,25.88,1.777
2021-12-23,Spain,Europe,Omicron,1,0,0.0,11,21.0,0.0466,0.0773,0.0,0.4876,43.63,0.934
2021-12-28,Spain,Europe,Omicron,1,0,0.0,18,24.0,0.0366,0.0749,0.0,0.4962,44.29,0.819
2021-12-29,Spain,Europe,Omicron,1,0,0.0,16,16.0,0.0844,0.0749,0.0,0.4991,48.82,0.695
2021-12-29,Spain,Europe,Omicron,9,0,8.0,99,189.0,0.0341,0.0369,0.0,0.4948,40.57,0.856
2022-01-05,Spain,Europe,Omicron,3,0,2.0,46,42.0,0.0739,0.045,0.0,0.5009,36.88,0.928
2022-01-09,Spain,Europe,Omicron,13,0,12.0,217,169.0,0.0831,0.0606,2.0,0.5014,49.18,0.836
2022-01-11,Spain,Europe,Omicron,6,0,5.0,81,108.0,0.0316,0.0606,1.0,0.5231,48.43,1.234
2022-01-22,Spain,Europe,Omicron,1,0,0.0,10,20.0,0.0388,0.0396,0.0,0.5493,46.05,0.81
2022-01-23,Spain,Europe,Omicron,1,0,0.0,12,18.0,0.0573,0.039,0.0,0.5431,38.51,1.075
2022-01-25,Spain,Europe,Omicron,7,0,6.0,103,147.0,0.0575,0.0631,1.0,0.5414,38.51,0.759
2022-01-29,Spain,Europe,Omicron,1,0,0.0,12,17.0,0.0537,0.0413,0.0,0.5494,34.42,1.08
2022-02-01,Spain,Europe,Omicron BA.2,2,0,1.0,34,24.0,0.0947,0.0531,0.0,0.5488,36.44,1.117
2022-02-04,Spain,Europe,Omicron BA.2,11,0,10.0,142,187.0,0.0632,0.0674,2.0,0.5511,36.44,1.881
2022-02-07,Spain,Europe,Omicron,1,0,0.0,14,18.0,0.0591,0.0721,0.0,0.5559,36.13,0.845
2022-02-11,Spain,Europe,Omicron,21,0,20.0,311,420.0,0.0461,0.0659,5.0,0.5612,43.02,1.342
2022-02-15,Spain,Europe,Omicron,6,0,5.0,100,72.0,0.0851,0.0611,1.0,0.5756,57.79,0.766
2022-02-16,Spain,Europe,Omicron,3,0,2.0,39,48.0,0.0701,0.0623,0.0,0.5791,57.79,1.729
2022-02-16,Spain,Europe,Omicron BA.2,9,0,8.0,99,144.0,0.0821,0.0548,1.0,0.5695,54.2,1.645
2022-02-17,Spain,Europe,Omicron BA.2,15,0,14.0,212,270.0,0.0576,0.0533,2.0,0.5649,34.03,1.853
2022-02-18,Spain,Europe,Omicron,25,0,23.0,346,475.0,0.0501,0.0439,4.0,0.549,37.88,0.829
2022-02-20,Spain,Europe,Omicron,3,0,2.0,51,39.0,0.0761,0.0366,0.0,0.5745,31.03,1.557
2022-02-24,Spain,Europe,Omicron BA.2,2,0,1.0,35,44.0,0.0497,0.0505,0.0,0.5739,41.37,1.134
2022-02-28,Spain,Europe,Omicron,1,0,0.0,12,23.0,0.0329,0.0402,0.0,0.587,45.27,1.273
2022-03-01,Spain,Europe,Omicron,7,0,6.0,118,140.0,0.0405,0.0606,1.0,0.5996,39.71,1.395
2022-03-03,Spain,Europe,Omicron,15,0,14.0,236,360.0,0.0404,0.0384,2.0,0.5898,57.09,0.84
2022-03-04,Spain,Europe,Omicron,1,0,0.0,13,23.0,0.0548,0.0498,0.0,0.5685,57.09,1.113
2022-03-05,Spain,Europe,Omicron BA.2,1,0,0.0,14,21.0,0.0488,0.0643,0.0,0.5889,49.56,0.932
2022-03-09,Spain,Europe,Omicron,17,0,16.0,167,374.0,0.0458,0.0606,1.0,0.6089,38.24,1.193
2022-03-11,Spain,Europe,Omicron BA.2,28,0,26.0,386,392.0,0.0706,0.0558,4.0,0.5934,29.63,2.005
2022-03-15,Spain,Europe,Omicron BA.2,2,0,1.0,33,44.0,0.042,0.033,0.0,0.5951,26.68,1.17
2022-03-16,Spain,Europe,Omicron BA.2,1,0,0.0,17,20.0,0.0538,0.0389,0.0,0.6121,20.21,1.97
2022-03-16,Spain,Europe,Omicron BA.2,1,0,1.0,14,21.0,0.049,0.037,0.0,0.6109,35.68,1.711
2022-03-20,Spain,Europe,Omicron BA.2,5,0,5.0,86,75.0,0.061,0.0576,0.0,0.5954,25.07,1.458
2022-03-24,Spain,Europe,Omicron BA.2,18,0,17.0,239,378.0,0.05,0.0315,1.0,0.6048,34.1,1.737
2022-03-26,Spain,Europe,Omicron BA.2,8,0,8.0,119,160.0,0.0472,0.0492,1.0,0.6299,37.42,1.32
2022-04-02,Spain,Europe,Omicron BA.2,3,0,3.0,36,48.0,0.0511,0.0581,0.0,0.6234,17.94,2.035
2022-04-04,Spain,Europe,Omicron BA.2,13,0,12.0,176,182.0,0.0594,0.0369,1.0,0.6306,33.87,1.248
2022-04-05,Spain,Europe,Omicron BA.2,1,0,0.0,12,17.0,0.0761,0.0616,0.0,0.6273,24.77,2.046
2022-04-05,Spain,Europe,Omicron BA.2,5,0,5.0,88,90.0,0.0497,0.0304,0.0,0.6378,22.9,2.078
2022-04-07,Spain,Europe,Omicron BA.2,3,0,3.0,45,69.0,0.0617,0.0296,0.0,0.6423,42.75,1.604
2022-04-13,Spain,Europe,Omicron BA.2,1,0,1.0,10,20.0,0.0479,0.0372,0.0,0.6459,25.7,2.083
2022-04-13,Spain,Europe,Omicron BA.2,7,0,7.0,108,91.0,0.0735,0.0337,0.0,0.6364,21.57,1.778
2022-04-17,Spain,Europe,Omicron BA.2,18,0,17.0,293,252.0,0.0596,0.0416,2.0,0.6643,30.92,1.644
2022-04-20,Spain,Europe,Omicron BA.2,1,0,0.0,9,12.0,0.0866,0.0372,0.0,0.6493,29.87,2.081
2022-04-20,Spain,Europe,Omicron BA.2,6,0,5.0,71,114.0,0.0527,0.0533,0.0,0.6602,39.42,0.916
2022-04-21,Spain,Europe,Omicron BA.2,4,0,3.0,57,76.0,0.0615,0.0585,0.0,0.6568,13.44,1.562
2022-04-23,Spain,Europe,Omicron BA.2,1,0,0.0,11,15.0,0.0722,0.0372,0.0,0.6569,35.37,1.582
2022-04-30,Spain,Europe,Omicron BA.2,5,0,4.0,52,80.0,0.0767,0.0444,0.0,0.6609,20.46,2.206
2022-05-03,Spain,Europe,Omicron BA.2,37,0,35.0,441,814.0,0.0365,0.0372,2.0,0.6697,8.93,1.683
2022-05-04,Spain,Europe,Omicron BA.2,26,0,25.0,260,494.0,0.0504,0.0538,3.0,0.6674,25.76,1.703
2022-05-05,Spain,Europe,Omicron BA.2,1,0,0.0,13,13.0,0.0904,0.059,0.0,0.6647,32.92,1.79
2022-05-09,Spain,Europe,Omicron BA.2,4,0,3.0,62,60.0,0.0739,0.0382,0.0,0.6833,27.07,1.287
2022-05-10,Spain,Europe,Omicron BA.2,42,0,39.0,419,588.0,0.0713,0.0486,4.0,0.6899,11.89,2.229
2022-05-16,Spain,Europe,Omicron BA.2,9,0,8.0,160,144.0,0.0501,0.054,2.0,0.6901,26.08,1.645
2022-05-16,Spain,Europe,Omicron BA.2,2,0,2.0,22,24.0,0.082,0.0553,0.0,0.6851,26.08,2.18
2022-05-18,Spain,Europe,Omicron BA.2,140,1,133.0,2167,3220.0,0.0435,0.0372,34.0,0.7002,34.02,1.829
2022-05-24,Spain,Europe,Omicron BA.2,2,0,1.0,35,46.0,0.0516,0.0264,0.0,0.7051,25.4,1.131
2022-05-24,Spain,Europe,Omicron BA.2,16,0,15.0,197,256.0,0.0571,0.0547,2.0,0.6941,28.01,1.645
2022-05-25,Spain,Europe,Omicron BA.2,1,0,1.0,17,23.0,0.0531,0.0292,0.0,0.7223,17.75,2.299
2022-05-27,Spain,Europe,Omicron BA.2,1,0,0.0,17,16.0,0.0525,0.0498,0.0,0.7076,40.74,0.983
2022-06-05,Spain,Europe,Omicron BA.2,1,0,1.0,17,13.0,0.996957558,0.0434,0.0,0.7294,24.25,1.157
2022-06-05,Spain,Europe,Omicron BA.2,16,0,15.0,171,224.0,0.0835,0.0392,1.0,0.7174,38.37,1.682
2022-06-06,Spain,Europe,Omicron BA.2,1,0,1.0,16,19.0,0.0276,0.0372,0.0,0.7284,38.37,1.808
2022-06-06,Spain,Europe,Omicron BA.2,8,0,8.0,90,192.0,0.0281,0.0354,0.0,0.7305,30.41,1.72
2022-06-07,Spain,Europe,Omicron BA.2,1,0,1.0,16,15.0,0.07,0.0393,0.0,0.7308,39.04,1.272
2022-06-07,Spain,Europe,Omicron BA.2,4,0,3.0,39,92.0,0.0376,0.0409,0.0,0.712,27.31,1.298
2022-06-08,Spain,Europe,Omicron BA.2,1,0,0.0,10,12.0,0.95011395,0.0415,0.0,0.7395,20.31,1.567
2022-06-13,Spain,Europe,Omicron BA.2,8,0,7.0,145,104.0,0.0858,0.0428,1.0,0.733,21.47,1.472
2022-06-14,Spain,Europe,Omicron BA.2,5,0,4.0,64,120.0,0.0423,0.0353,0.0,0.7394,32.6,1.753
2022-06-16,Spain,Europe,Omicron BA.2,6,0,5.0,86,138.0,0.0453,0.0305,0.0,0.7463,34.71,1.545
2022-06-19,Spain,Europe,Omicron BA.2,2,0,1.0,35,40.0,0.0346,0.0484,0.0,0.743,35.06,0.935
2022-06-23,Spain,Europe,Omicron BA.2,1,0,0.0,16,18.0,0.061,0.0321,0.0,0.737,7.75,2.184
2022-06-24,Spain,Europe,Omicron BA.2,8,0,7.0,121,176.0,0.0471,0.0279,0.0,0.7521,30.26,1.433
2022-06-26,Spain,Europe,Omicron BA.2,1,0,0.0,11,14.0,0.0591,0.0474,0.0,0.7416,10.18,1.975
2022-07-01,Spain,Europe,Omicron BA.2,1,0,1.0,12,17.0,0.0585,0.0391,0.0,0.771,22.61,1.39
2022-07-03,Spain,Europe,Omicron BA.2,1,0,0.0,14,19.0,0.0346,0.029,0.0,0.7588,20.29,1.423
2022-07-05,Spain,Europe,Omicron BA.2,1,0,0.0,12,17.0,0.0777,0.0372,0.0,0.7668,17.58,1.509
2022-07-05,Spain,Europe,Omicron BA.2,165,1,156.0,2858,2145.0,0.0893,0.0281,13.0,0.7541,19.41,1.926
2022-07-10,Spain,Europe,Omicron BA.2,1,0,1.0,10,24.0,0.0261,0.0388,0.0,0.7773,33.98,1.351
2022-07-11,Spain,Europe,Omicron BA.2,3,0,2.0,53,72.0,0.034,0.0476,0.0,0.7728,35.21,1.74
2022-07-13,Spain,Europe,Omicron BA.2,25,0,23.0,309,400.0,0.0555,0.0279,2.0,0.7653,26.09,1.241
2022-07-23,Spain,Europe,Omicron BA.2,10,0,10.0,142,220.0,0.0396,0.0505,1.0,0.7778,35.86,1.449
2022-07-23,Spain,Europe,Omicron BA.2,1,0,0.0,17,21.0,0.036,0.0372,0.0,0.7923,16.16,1.381
2022-07-28,Spain,Europe,Omicron BA.2,10,0,9.0,152,140.0,0.0523,0.0479,1.0,0.7848,8.4,2.332
2022-07-29,Spain,Europe,Omicron BA.2,4,0,4.0,68,56.0,0.068,0.023,0.0,0.7882,20.98,1.202
2022-07-29,Spain,Europe,Omicron BA.2,1,0,0.0,9,16.0,0.0575,0.0477,0.0,0.8071,6.2,2.176
2022-07-30,Spain,Europe,Omicron BA.2,19,0,18.0,205,285.0,0.0652,0.0251,1.0,0.7807,17.88,1.398
2022-07-30,Spain,Europe,Omicron BA.2,3,0,2.0,50,48.0,0.0695,0.0385,0.0,0.8078,12.97,1.897
2022-07-30,Spain,Europe,Omicron BA.2,1,0,0.0,12,24.0,0.0343,0.0267,0.0,0.8073,38.13,0.935
2022-08-02,Spain,Europe,Omicron BA.2,6,0,5.0,61,132.0,0.0325,0.0255,0.0,0.7809,27.29,1.013
2022-08-03,Spain,Europe,Omicron BA.2,6,0,5.0,99,108.0,0.0455,0.0402,0.0,0.799,24.31,1.651
2022-08-05,Spain,Europe,Omicron BA.2,4,0,3.0,54,88.0,0.0307,0.0419,0.0,0.8029,33.14,1.118
2022-08-06,Spain,Europe,Omicron BA.2,4,0,3.0,42,76.0,0.0558,0.0429,0.0,0.8203,34.79,1.473
2022-08-07,Spain,Europe,Omicron BA.2,4,0,4.0,67,88.0,0.0445,0.0289,0.0,0.8267,17.22,1.863
2022-08-09,Spain,Europe,Omicron BA.2,8,0,7.0,84,152.0,0.0462,0.0239,0.0,0.8099,26.74,1.911
2022-08-10,Spain,Europe,Omicron BA.2,3,0,3.0,38,69.0,0.0368,0.0232,0.0,0.827,31.27,1.537
2022-08-16,Spain,Europe,Omicron BA.2,5,0,4.0,51,65.0,0.0574,0.0268,0.0,0.8103,37.36,1.588
2022-08-16,Spain,Europe,Omicron BA.2,3,0,3.0,41,51.0,0.054,0.0363,0.0,0.8401,39.24,1.236
2022-08-16,Spain,Europe,Omicron BA.2,42,0,40.0,547,714.0,0.0619,0.0372,4.0,0.8065,29.09,1.841
2022-08-20,Spain,Europe,Omicron BA.2,4,0,4.0,59,64.0,0.0567,0.0291,0.0,0.8369,32.43,1.407
2022-08-24,Spain,Europe,Omicron BA.2,2,0,1.0,20,36.0,0.0374,0.0221,0.0,0.8251,38.87,1.487
2022-08-25,Spain,Europe,Omicron BA.2,3,0,2.0,42,39.0,0.0793,0.0305,0.0,0.8326,21.79,1.28
2022-08-26,Spain,Europe,Omicron BA.2,3,0,3.0,50,39.0,0.0859,0.0356,0.0,0.8213,39.74,1.441
2022-08-26,Spain,Europe,Omicron BA.2,4,0,3.0,67,72.0,0.0458,0.023,0.0,0.8229,18.47,1.645
2022-08-30,Spain,Europe,Omicron BA.2,1,0,1.0,17,23.0,0.0273,0.0291,0.0,0.8341,8.63,1.316
2022-09-01,Spain,Europe,Omicron BA.2,2,0,1.0,22,26.0,0.0806,0.0391,0.0,0.8544,27.39,1.35
2022-09-02,Spain,Europe,Omicron BA.2,10,0,9.0,108,190.0,0.0425,0.0247,0.0,0.8252,28.43,1.361
2022-09-03,Spain,Europe,Omicron BA.2,9,0,9.0,100,171.0,0.0599,0.041,0.0,0.8601,21.62,1.634
2022-09-10,Spain,Europe,Omicron BA.2,9,0,9.0,95,144.0,0.06,0.0372,0.0,0.8506,27.33,1.753
2022-09-13,Spain,Europe,Omicron BA.2,3,0,3.0,47,51.0,0.0701,0.0301,0.0,0.858,26.27,1.876
2022-09-13,Spain,Europe,Omicron BA.2,42,0,39.0,537,630.0,0.0815,0.0291,4.0,0.861,34.91,0.949
2022-09-15,Spain,Europe,Omicron BA.2,2,0,1.0,19,40.0,0.0497,0.0196,0.0,0.8868,34.91,1.122
2022-09-17,Spain,Europe,Omicron BA.2,2,0,1.0,28,46.0,0.0522,0.0372,0.0,0.8693,16.51,1.577
2022-09-21,Spain,Europe,Omicron BA.2,2,0,2.0,29,36.0,0.0619,0.0324,0.0,0.8791,34.04,1.365
2022-09-22,Spain,Europe,Omicron BA.2,12,0,11.0,121,276.0,0.045,0.0372,0.0,0.8728,14.21,1.798
2022-09-29,Spain,Europe,Omicron BA.2,2,0,2.0,30,30.0,0.0548,0.026,0.0,0.8999,33.95,1.175
2022-09-30,Spain,Europe,Omicron BA.2,1,0,0.0,15,18.0,0.0525,0.0243,0.0,0.9015,36.28,0.837
2022-09-30,Spain,Europe,Omicron BA.2,12,0,11.0,180,156.0,0.0849,0.0325,1.0,0.8886,17.12,1.85
2022-10-02,Spain,Europe,Omicron BA.2,12,0,11.0,165,180.0,0.0552,0.02,0.0,0.8985,33.24,1.477
2022-10-03,Spain,Europe,Omicron BA.2,8,0,7.0,105,128.0,0.0608,0.0239,0.0,0.8731,12.87,1.205
2022-10-03,Spain,Europe,Omicron BA.2,1,0,0.0,15,24.0,0.0321,0.0396,0.0,0.8818,37.12,1.225
2022-10-03,Spain,Europe,Omicron BA.2,64,0,59.0,1031,896.0,0.0692,0.0405,9.0,0.8943,31.66,1.645
2022-10-12,Spain,Europe,Omicron BA.2,2,0,2.0,22,36.0,0.0337,0.0366,0.0,0.899,38.88,1.389
2022-10-12,Spain,Europe,Omicron BA.2,1,0,0.0,18,14.0,0.0708,0.0394,0.0,0.9048,29.05,0.893
2022-10-12,Spain,Europe,Omicron BA.2,31,0,28.0,453,651.0,0.0535,0.0372,1.0,0.92,10.93,1.21
2022-10-14,Spain,Europe,Omicron BA.2,1,0,0.0,11,21.0,0.0546,0.0232,0.0,0.8964,25.97,1.505
2022-10-14,Spain,Europe,Omicron BA.2,5,0,4.0,65,80.0,0.0634,0.0332,0.0,0.9186,26.34,1.075
2022-10-19,Spain,Europe,Omicron BA.2,7,0,7.0,98,168.0,0.0442,0.0346,0.0,0.9179,7.71,1.927
2022-10-20,Spain,Europe,Omicron BA.2,7,0,6.0,77,119.0,0.0679,0.031,0.0,0.92,17.21,1.645
2022-10-20,Spain,Europe,Omicron BA.2,4,0,3.0,72,56.0,0.0726,0.0372,0.0,0.92,27.47,0.99
2022-10-23,Spain,Europe,Omicron BA.2,1,0,1.0,10,14.0,0.074,0.0387,0.0,0.9121,11.76,1.456
2022-10-26,Spain,Europe,Omicron BA.2,13,0,12.0,206,208.0,0.0533,0.0195,0.0,0.92,11.76,1.071
2022-11-01,Spain,Europe,Omicron BA.2,5,0,5.0,52,120.0,0.0543,0.032,0.0,0.92,15.89,1.645
2022-11-01,Spain,Europe,Omicron BA.2,1,0,1.0,15,13.0,0.0885,0.0239,0.0,0.92,25.55,1.484
2022-11-06,Spain,Europe,Omicron BA.2,26,0,24.0,377,338.0,0.1,0.0229,1.0,0.92,11.09,1.677
2022-11-07,Spain,Europe,Omicron BA.2,1,0,0.0,14,13.0,0.0698,0.0267,0.0,0.92,20.89,1.196
2022-11-08,Spain,Europe,Omicron BA.2,20,0,19.0,322,300.0,0.06,0.0212,1.0,0.92,15.72,1.936
2022-11-11,Spain,Europe,Omicron BA.2,6,0,5.0,109,84.0,0.065,0.0192,0.0,0.92,13.8,2.064
2022-11-12,Spain,Europe,Omicron BA.2,2,0,2.0,23,24.0,0.0673,0.0372,0.0,0.92,33.21,1.043
2022-11-23,Spain,Europe,Omicron BA.2,4,0,3.0,56,76.0,0.0503,0.0251,0.0,0.92,16.19,2.031
2022-11-23,Spain,Europe,Omicron BA.2,14,0,13.0,183,336.0,0.0424,0.0257,1.0,0.92,27.73,1.426
2022-11-24,Spain,Europe,Omicron BA.2,3,0,2.0,50,60.0,0.0489,0.0331,0.0,0.92,31.18,1.645
2022-11-25,Spain,Europe,Omicron BA.2,1,0,1.0,13,22.0,0.0351,0.0365,0.0,0.92,29.06,0.988
2022-11-26,Spain,Europe,Omicron BA.2,6,0,6.0,62,72.0,0.0962,0.0168,0.0,0.92,36.66,1.486
2022-12-04,Spain,Europe,Omicron BA.2,5,0,4.0,86,105.0,0.0418,0.0369,0.0,0.92,28.77,1.35
2022-12-05,Spain,Europe,Omicron BA.2,7,0,7.0,95,105.0,0.0798,0.0194,0.0,0.92,7.25,1.492
2022-12-08,Spain,Europe,Omicron BA.2,1,0,1.0,13,17.0,0.0619,0.0203,0.0,0.92,18.39,1.988
2022-12-14,Spain,Europe,Omicron BA.2,1,0,0.0,11,16.0,0.0586,0.0372,0.0,0.92,23.39,1.051
2022-12-21,Spain,Europe,Omicron BA.2,14,0,13.0,204,252.0,0.0656,0.0226,1.0,0.92,13.73,1.645
2022-12-22,Spain,Europe,Omicron BA.2,1,0,0.0,16,16.0,0.0628,0.0174,0.0,0.92,40.32,1.078
2022-12-23,Spain,Europe,Omicron BA.2,71,0,69.0,901,1704.0,0.038,0.0269,5.0,0.92,27.03,1.421
2022-12-28,Spain,Europe,Omicron BA.2,16,0,15.0,159,352.0,0.0398,0.0309,1.0,0.92,36.83,1.498
2022-12-29,Spain,Europe,Omicron BA.2,7,0,7.0,126,154.0,0.0595,0.0372,0.0,0.92,36.83,1.0
2020-01-24,Turkey,Asia,Original,3,0,2.0,32,27.0,0.12195,0.1855,1.0,0.0,19.62,0.806
2020-01-24,Turkey,Asia,Original,8,0,7.0,107,72.0,0.1216,0.2042,5.0,0.0,19.47,0.976
2020-01-26,Turkey,Asia,Original,1,0,0.0,17,27.0,0.12195,0.1509,0.0,0.0,14.15,0.97
2020-01-30,Turkey,Asia,Original,7,0,6.0,106,63.0,0.1182,0.1201,2.0,0.0,14.15,0.758
2020-02-01,Turkey,Asia,Original,15,0,14.0,210,27.0,0.12195,0.2095,11.0,0.0,11.31,0.83
2020-02-02,Turkey,Asia,Original,1,0,0.0,13,8.0,0.1379,0.1178,0.0,0.0,16.18,1.051
2020-02-03,Turkey,Asia,Original,63,1,60.0,885,693.0,0.0892,0.0985,19.0,0.0,12.99,0.428
2020-02-03,Turkey,Asia,Original,1,0,0.0,18,27.0,0.12195,0.1505,0.0,0.0,21.91,0.58
2020-02-04,Turkey,Asia,Original,1,0,0.0,12,27.0,0.12195,0.1818,0.0,0.0,10.17,1.056
2020-02-04,Turkey,Asia,Original,1,0,0.0,17,8.0,0.1254,0.1439,0.0,0.0,10.82,0.915
2020-02-04,Turkey,Asia,Original,3,0,2.0,44,27.0,0.12195,0.15175,1.0,0.0,9.36,1.012
2020-02-04,Turkey,Asia,Original,1,0,0.0,17,27.0,0.12195,0.1116,0.0,0.0,6.13,0.919
2020-02-05,Turkey,Asia,Original,1,0,0.0,11,27.0,0.12195,0.0918,0.0,0.0,21.59,0.774
2020-02-09,Turkey,Asia,Original,1,0,0.0,10,7.0,0.1501,0.1284,0.0,0.0,18.54,0.91
2020-02-10,Turkey,Asia,Original,4,0,3.0,68,40.0,0.0982,0.1082,1.0,0.0,9.12,1.062
2020-02-15,Turkey,Asia,Original,6,0,5.0,91,66.0,0.1114,0.1699,3.0,0.0,5.74,1.068
2020-02-19,Turkey,Asia,Original,7,0,6.0,71,42.0,0.1783,0.1126,2.0,0.0,5.74,0.761
2020-02-23,Turkey,Asia,Original,1,0,0.0,13,27.0,0.12195,0.1043,0.0,0.0,94.25,0.4
2020-03-01,Turkey,Asia,Original,10,0,9.0,168,80.0,0.1307,0.1397,5.0,0.0,88.42,0.4
2020-03-02,Turkey,Asia,Original,3,0,2.0,49,27.0,0.12195,0.1525,2.0,0.0,74.27,0.4
2020-03-08,Turkey,Asia,Original,8,0,7.0,80,27.0,0.12195,0.1729,3.0,0.0,81.62,0.4
2020-03-10,Turkey,Asia,Original,6,0,5.0,108,27.0,0.12195,0.1787,4.0,0.0,62.41,0.4
2020-03-12,Turkey,Asia,Original,2,0,1.0,22,27.0,0.12195,0.1971,1.0,0.0,68.26,0.4
2020-03-13,Turkey,Asia,Original,22,0,20.0,273,220.0,0.1081,0.1179,6.0,0.0,75.14,0.4
2020-03-16,Turkey,Asia,Original,32,0,30.0,406,224.0,0.908766312,0.171,15.0,0.0,84.67,0.4
2020-03-17,Turkey,Asia,Original,5,0,4.0,70,50.0,0.1041,0.1128,1.0,0.0,89.16,0.4
2020-03-17,Turkey,Asia,Original,1,0,0.0,16,9.0,0.1221,0.1438,0.0,0.0,83.8,0.4
2020-03-19,Turkey,Asia,Original,18,0,17.0,322,162.0,0.1116,0.1034,8.0,0.0,69.82,0.4
2020-03-19,Turkey,Asia,Original,3,0,2.0,40,27.0,0.12195,0.139,1.0,0.0,66.45,0.4
2020-03-21,Turkey,Asia,Original,14,0,13.0,238,154.0,0.0924,0.1724,6.0,0.0,69.15,0.4
2020-03-22,Turkey,Asia,Original,1,0,0.0,17,27.0,0.12195,0.1737,0.0,0.0,90.07,0.4
2020-03-26,Turkey,Asia,Original,2,0,1.0,32,27.0,0.12195,0.1492,1.0,0.0,98.09,0.4
2020-03-31,Turkey,Asia,Original,2,0,1.0,19,12.0,0.1662,0.1963,1.0,0.0,73.42,0.428
2020-03-31,Turkey,Asia,Original,1,0,0.0,14,27.0,0.12195,0.1895,0.0,0.0,76.97,0.4
2020-04-01,Turkey,Asia,Original,6,0,5.0,107,42.0,0.1544,0.1898,3.0,0.0,86.36,0.4
2020-04-02,Turkey,Asia,Original,32,0,29.0,579,256.0,0.1245,0.1873,24.0,0.0,84.72,0.4
2020-04-04,Turkey,Asia,Original,20,0,18.0,216,27.0,0.12195,0.2015,8.0,0.0,78.43,0.4
2020-04-08,Turkey,Asia,Original,1,0,0.0,13,7.0,0.1441,0.1733,0.0,0.0,84.3,0.4
2020-04-09,Turkey,Asia,Original,6,0,5.0,78,60.0,0.0936,0.1779,3.0,0.0,69.81,0.41
2020-04-10,Turkey,Asia,Original,3,0,2.0,39,24.0,0.1391,0.1719,1.0,0.0,82.06,0.4
2020-04-10,Turkey,Asia,Original,26,0,24.0,391,27.0,0.12195,0.1692,16.0,0.0,91.56,0.4
2020-04-16,Turkey,Asia,Original,10,0,9.0,160,60.0,0.17,0.15175,5.0,0.0,62.19,0.525
2020-04-20,Turkey,Asia,Original,3,0,2.0,45,27.0,0.109,0.1878,2.0,0.0,67.04,0.4
2020-04-26,Turkey,Asia,Original,91,1,84.0,1090,27.0,0.12195,0.1652,36.0,0.0,72.2,0.4
2020-04-27,Turkey,Asia,Original,3,0,2.0,32,18.0,0.1848,0.1955,1.0,0.0,72.2,0.4
2020-04-30,Turkey,Asia,Original,3,0,2.0,31,27.0,0.12195,0.1507,1.0,0.0,85.36,0.428
2020-05-13,Turkey,Asia,Original,3,0,2.0,53,30.0,0.0911,0.1452,1.0,0.0,59.55,0.4
2020-05-16,Turkey,Asia,Original,9,0,8.0,88,72.0,0.1227,0.1036,2.0,0.0,53.83,0.47
2020-05-17,Turkey,Asia,Original,44,0,41.0,551,27.0,0.12195,0.1218,11.0,0.0,66.13,0.4
2020-05-19,Turkey,Asia,Original,30,0,27.0,426,27.0,0.12195,0.1475,14.0,0.0,58.31,0.4
2020-05-19,Turkey,Asia,Original,22,0,21.0,361,198.0,0.0954,0.1446,10.0,0.0,58.31,0.4
2020-05-19,Turkey,Asia,Original,7,0,6.0,92,49.0,0.1519,0.1659,3.0,0.0,68.46,0.407
2020-05-23,Turkey,Asia,Original,5,0,4.0,58,45.0,0.1106,0.1584,1.0,0.0,54.31,0.419
2020-05-23,Turkey,Asia,Original,11,0,10.0,165,77.0,0.1417,0.1526,6.0,0.0,62.0,0.431
2020-05-26,Turkey,Asia,Original,3,0,2.0,32,24.0,0.1218,0.1985,1.0,0.0,46.19,0.428
2020-05-26,Turkey,Asia,Original,54,0,49.0,586,432.0,0.107,0.1116,16.0,0.0,43.97,0.473
2020-06-04,Turkey,Asia,Original,34,0,32.0,561,374.0,0.0885,0.195,24.0,0.0,64.64,0.4
2020-06-04,Turkey,Asia,Original,1,0,0.0,17,7.0,0.1517,0.1538,1.0,0.0,66.04,0.4
2020-06-05,Turkey,Asia,Original,15,0,14.0,181,105.0,0.137,0.166,6.0,0.0,72.4,0.428
2020-06-06,Turkey,Asia,Original,2,0,1.0,29,20.0,0.1004,0.104,0.0,0.0,70.89,0.4
2020-06-08,Turkey,Asia,Original,1,0,0.0,16,9.0,0.1091,0.1527,1.0,0.0,66.62,0.4
2020-06-11,Turkey,Asia,Original,1,0,0.0,11,10.0,0.1169,0.1847,0.0,0.0,67.9,0.4
2020-06-19,Turkey,Asia,Original,1,0,0.0,14,6.0,0.1702,0.1098,0.0,0.0,67.89,0.4
2020-06-23,Turkey,Asia,Original,5,0,4.0,61,50.0,0.092,0.1386,2.0,0.0,67.89,0.4
2020-06-26,Turkey,Asia,Original,1,0,0.0,15,9.0,0.1321,0.15175,0.0,0.0,48.88,0.4
2020-06-27,Turkey,Asia,Original,1,0,0.0,10,6.0,0.1691,0.2023,0.0,0.0,66.47,0.4
2020-06-30,Turkey,Asia,Original,10,0,9.0,132,110.0,0.0987,0.1972,6.0,0.0,69.97,0.4
2020-07-07,Turkey,Asia,Original,12,0,11.0,167,108.0,0.0996,0.1465,5.0,0.0,44.69,0.689
2020-07-08,Turkey,Asia,Original,4,0,3.0,48,24.0,0.1641,0.2037,1.0,0.0,69.74,0.4
2020-07-09,Turkey,Asia,Original,1,0,0.0,17,6.0,0.1634,0.1117,0.0,0.0,68.06,0.4
2020-07-13,Turkey,Asia,Original,1,0,0.0,17,10.0,0.1059,0.1077,0.0,0.0,54.66,0.428
2020-07-15,Turkey,Asia,Original,4,0,3.0,67,32.0,0.1347,0.1011,1.0,0.0,58.36,0.441
2020-07-16,Turkey,Asia,Original,30,0,28.0,417,180.0,0.1821,0.1951,12.0,0.0,66.77,0.4
2020-07-17,Turkey,Asia,Original,1,0,0.0,14,8.0,0.1324,0.2074,1.0,0.0,66.77,0.527
2020-07-26,Turkey,Asia,Original,3,0,2.0,32,33.0,0.0824,0.1837,1.0,0.0,55.82,0.428
2020-07-29,Turkey,Asia,Original,3,0,2.0,32,18.0,0.1675,0.15175,0.0,0.0,65.93,0.429
2020-07-31,Turkey,Asia,Original,3,0,2.0,50,24.0,0.1115,0.15175,1.0,0.0,65.93,0.4
2020-08-01,Turkey,Asia,Original,1,0,0.0,15,9.0,0.1182,0.1223,0.0,0.0,47.43,0.595
2020-08-06,Turkey,Asia,Original,1,0,0.0,11,9.0,0.1096,0.0904,0.0,0.0,47.43,0.443
2020-08-10,Turkey,Asia,Original,1,0,0.0,16,8.0,0.108,0.2006,1.0,0.0,48.61,0.671
2020-08-13,Turkey,Asia,Original,1,0,0.0,14,6.0,0.1821,0.1932,0.0,0.0,48.94,0.602
2020-08-13,Turkey,Asia,Original,14,0,12.0,195,98.0,0.1353,0.1358,4.0,0.0,49.68,0.4
2020-08-13,Turkey,Asia,Original,17,0,16.0,245,187.0,0.0876,0.1139,6.0,0.0,40.16,0.577
2020-08-15,Turkey,Asia,Original,1,0,0.0,17,6.0,0.1808,0.107,0.0,0.0,42.44,0.795
2020-08-17,Turkey,Asia,Original,1,0,0.0,14,7.0,0.1511,0.1653,0.0,0.0,39.51,0.663
2020-08-19,Turkey,Asia,Original,4,0,3.0,59,44.0,0.0981,0.2072,2.0,0.0,48.54,0.4
2020-08-20,Turkey,Asia,Original,1,0,0.0,15,6.0,0.1711,0.15175,1.0,0.0,41.25,0.48
2020-08-22,Turkey,Asia,Original,1,0,0.0,12,11.0,0.1064,0.15175,0.0,0.0,45.1,0.726
2020-08-23,Turkey,Asia,Original,37,0,35.0,493,296.0,0.1318,0.1329,15.0,0.0,41.38,0.666
2020-08-27,Turkey,Asia,Original,6,0,5.0,83,60.0,0.0747,0.1843,3.0,0.0,58.59,0.4
2020-08-27,Turkey,Asia,Original,2,0,1.0,32,16.0,0.1149,0.1049,0.0,0.0,38.31,0.524
2020-08-30,Turkey,Asia,Original,1,0,0.0,13,8.0,0.13,0.1472,0.0,0.0,38.52,0.783
2020-08-31,Turkey,Asia,Original,1,0,0.0,10,8.0,0.1322,0.0949,0.0,0.0,54.25,0.613
2020-08-31,Turkey,Asia,Original,1,0,0.0,11,8.0,0.1214,0.2042,0.0,0.0,54.25,0.729
2020-09-11,Turkey,Asia,Original,2,0,1.0,27,14.0,0.1565,0.15175,1.0,0.0,56.86,0.4
2020-09-12,Turkey,Asia,Original,3,0,2.0,47,27.0,0.1059,0.15175,2.0,0.0,49.06,0.667
2020-09-12,Turkey,Asia,Original,2,0,1.0,29,22.0,0.0934,0.1206,1.0,0.0,49.45,0.4
2020-09-14,Turkey,Asia,Original,10,0,9.0,125,110.0,0.0739,0.19,3.0,0.0,53.88,0.428
2020-09-20,Turkey,Asia,Original,8,0,7.0,122,88.0,0.0969,0.204,5.0,0.0,47.7,0.4
2020-09-21,Turkey,Asia,Original,1,0,0.0,14,9.0,0.0993,0.1932,1.0,0.0,44.63,0.512
2020-09-21,Turkey,Asia,Original,1,0,0.0,12,10.0,0.1023,0.1103,0.0,0.0,54.2,0.553
2020-09-28,Turkey,Asia,Original,10,0,9.0,124,100.0,0.1093,0.2063,5.0,0.0,54.05,0.431
2020-09-30,Turkey,Asia,Original,1,0,0.0,17,11.0,0.0866,0.0953,0.0,0.0,40.28,0.754
2020-09-30,Turkey,Asia,Original,5,0,4.0,64,40.0,0.1282,0.15175,2.0,0.0,51.87,0.614
2020-09-30,Turkey,Asia,Original,1,0,0.0,14,6.0,0.1721,0.1298,0.0,0.0,52.73,0.544
2020-10-22,Turkey,Asia,Original,11,0,10.0,190,88.0,0.1228,0.15175,7.0,0.0,55.03,0.4
2020-10-23,Turkey,Asia,Original,1,0,0.0,10,8.0,0.1078,0.1782,0.0,0.0,53.9,0.511
2020-10-26,Turkey,Asia,Original,38,0,35.0,544,228.0,0.1686,0.1352,16.0,0.0,53.9,0.518
2020-10-27,Turkey,Asia,Original,1,0,0.0,17,9.0,0.1015,0.1065,0.0,0.0,45.57,0.428
2020-10-29,Turkey,Asia,Alpha,2,0,1.0,33,20.0,0.1063,0.1578,1.0,0.0,46.35,0.71
2020-11-01,Turkey,Asia,Original,6,0,5.0,97,42.0,0.1555,0.1291,2.0,0.0,46.07,0.548
2020-11-01,Turkey,Asia,Alpha,24,0,22.0,261,264.0,0.0926,0.16425,9.0,0.0,43.21,0.493
2020-11-02,Turkey,Asia,Alpha,13,0,12.0,223,78.0,0.1722,0.221,11.0,0.0,39.67,1.06
2020-11-04,Turkey,Asia,Alpha,1,0,0.0,16,10.0,0.1059,0.1863,0.0,0.0,55.67,0.493
2020-11-05,Turkey,Asia,Original,3,0,2.0,52,21.0,0.1411,0.1701,2.0,0.0,44.99,0.729
2020-11-07,Turkey,Asia,Alpha,59,1,56.0,704,531.0,0.1233,0.1517,28.0,0.0,40.18,1.002
2020-11-15,Turkey,Asia,Original,1,0,0.0,14,6.0,0.1667,0.1826,1.0,0.0,41.09,0.779
2020-11-17,Turkey,Asia,Original,36,0,34.0,631,324.0,0.14,0.201,31.0,0.0,48.87,0.409
2020-11-19,Turkey,Asia,Alpha,7,0,6.0,118,70.0,0.0961,0.2006,5.0,0.0,35.48,0.771
2020-11-20,Turkey,Asia,Alpha,45,0,42.0,566,270.0,0.1737,0.1868,23.0,0.0,40.75,1.044
2020-11-23,Turkey,Asia,Alpha,28,0,27.0,341,168.0,0.1668,0.198,15.0,0.0,43.97,0.925
2020-11-26,Turkey,Asia,Alpha,1,0,0.0,14,11.0,0.0881,0.1127,0.0,0.0,38.5,0.493
2020-11-26,Turkey,Asia,Alpha,3,0,2.0,46,33.0,0.0923,0.1157,0.0,0.0,51.28,0.779
2020-11-27,Turkey,Asia,Alpha,16,0,14.0,255,160.0,0.0937,0.1958,8.0,0.0,51.28,0.635
2020-11-30,Turkey,Asia,Alpha,1,0,0.0,17,9.0,0.1151,0.2069,0.0,0.0,46.0,0.904
2020-12-07,Turkey,Asia,Alpha,2,0,1.0,30,22.0,0.0768,0.1534,0.0,0.0,56.9,0.761
2020-12-13,Turkey,Asia,Alpha,3,0,2.0,42,33.0,0.0743,0.1058,1.0,0.0,52.6,0.765
2020-12-15,Turkey,Asia,Alpha,11,0,10.0,138,121.0,0.1011,0.1289,4.0,0.0,71.52,0.404
2020-12-19,Turkey,Asia,Alpha,11,0,10.0,164,77.0,0.1401,0.1382,6.0,0.0,68.83,0.482
2020-12-21,Turkey,Asia,Alpha,1,0,0.0,13,6.0,0.1625,0.1771,0.0,0.0,55.48,0.738
2020-12-25,Turkey,Asia,Alpha,1,0,0.0,14,6.0,0.1677,0.1046,0.0,0.0,69.7,0.47
2020-12-28,Turkey,Asia,Alpha,4,0,3.0,63,40.0,0.1065,0.1542,2.0,0.0,65.23,0.416
2020-12-30,Turkey,Asia,Alpha,1,0,0.0,16,7.0,0.1537,0.1328,0.0,0.0,54.62,0.801
2021-01-02,Turkey,Asia,Alpha,15,0,14.0,227,120.0,0.1185,0.1018,3.0,0.0,76.46,0.4
2021-01-02,Turkey,Asia,Alpha,9,0,8.0,127,90.0,0.1005,0.1152,3.0,0.0,58.98,0.485
2021-01-03,Turkey,Asia,Alpha,1,0,0.0,13,8.0,0.1292,0.2158,0.0,0.0,75.35,0.401
2021-01-04,Turkey,Asia,Alpha,1,0,0.0,14,10.0,0.1021,0.2234,0.0,0.0,71.28,0.4
2021-01-05,Turkey,Asia,Alpha,13,0,12.0,143,143.0,0.0985,0.2141,5.0,0.0,76.29,0.4
2021-01-13,Turkey,Asia,Alpha,5,0,4.0,87,50.0,0.0934,0.0995,2.0,0.0,67.07,0.593
2021-01-17,Turkey,Asia,Alpha,2,0,1.0,26,22.0,0.0906,0.1108,0.0,0.0,77.12,0.4
2021-01-19,Turkey,Asia,Alpha,39,0,36.0,493,390.0,0.1067,0.2113,23.0,0.0256,81.04,0.4
2021-01-20,Turkey,Asia,Alpha,1,0,0.0,13,10.0,0.0964,0.1098,0.0,0.0113,67.26,0.47
2021-01-20,Turkey,Asia,Alpha,14,0,13.0,240,112.0,0.1365,0.16425,9.0,0.021,66.03,0.4
2021-01-24,Turkey,Asia,Alpha,1,0,0.0,18,7.0,0.1422,0.1369,0.0,0.021,66.03,0.4
2021-01-25,Turkey,Asia,Alpha,6,0,5.0,62,48.0,0.1181,0.1839,1.0,0.0184,50.81,0.856
2021-01-25,Turkey,Asia,Alpha,2,0,1.0,26,18.0,0.1266,0.1672,1.0,0.0238,59.79,0.704
2021-01-28,Turkey,Asia,Alpha,25,0,23.0,437,150.0,0.1738,0.166,17.0,0.0366,75.21,0.406
2021-01-30,Turkey,Asia,Alpha,4,0,3.0,59,24.0,0.1549,0.1485,2.0,0.0366,56.11,0.721
2021-02-09,Turkey,Asia,Alpha,1,0,0.0,16,6.0,0.1712,0.1802,1.0,0.0411,66.94,0.59
2021-02-17,Turkey,Asia,Alpha,3,0,2.0,47,30.0,0.0825,0.164,1.0,0.031,55.62,0.53
2021-02-21,Turkey,Asia,Alpha,38,0,36.0,374,266.0,0.1352,0.1638,14.0,0.034,60.28,0.479
2021-02-25,Turkey,Asia,Alpha,3,0,2.0,41,30.0,0.0868,0.121,1.0,0.034,62.82,0.493
2021-02-26,Turkey,Asia,Alpha,33,0,30.0,358,297.0,0.1225,0.1917,14.0,0.0447,60.06,0.4
2021-03-01,Turkey,Asia,Alpha,23,0,21.0,264,230.0,0.0983,0.1657,7.0,0.0544,60.06,0.444
2021-03-01,Turkey,Asia,Alpha,3,0,2.0,33,27.0,0.1092,0.161,1.0,0.0531,75.72,0.4
2021-03-01,Turkey,Asia,Alpha,1,0,0.0,11,7.0,0.1431,0.1459,0.0,0.0376,70.11,0.411
2021-03-03,Turkey,Asia,Alpha,12,0,11.0,168,120.0,0.1022,0.1009,4.0,0.0466,59.44,0.4
2021-03-05,Turkey,Asia,Alpha,9,0,8.0,97,63.0,0.1374,0.2047,4.0,0.066,64.39,0.4
2021-03-06,Turkey,Asia,Alpha,7,0,6.0,108,42.0,0.1674,0.1076,2.0,0.0719,64.39,0.4
2021-03-07,Turkey,Asia,Alpha,512,6,482.0,6749,4608.0,0.1292,0.1774,348.0,0.0467,82.04,0.4
2021-03-10,Turkey,Asia,Alpha,2,0,1.0,26,20.0,0.0863,0.1634,1.0,0.0641,73.5,0.4
2021-03-10,Turkey,Asia,Alpha,1,0,0.0,15,9.0,0.1201,0.1698,0.0,0.0597,67.61,0.4
2021-03-11,Turkey,Asia,Alpha,5,0,4.0,74,55.0,0.103,0.16425,2.0,0.0576,60.34,0.514
2021-03-17,Turkey,Asia,Alpha,8,0,7.0,126,72.0,0.105,0.118,3.0,0.047,62.42,0.4
2021-03-17,Turkey,Asia,Delta,3,0,2.0,48,18.0,0.1717,0.1529,2.0,0.0492,83.66,0.4
2021-03-17,Turkey,Asia,Delta,20,0,18.0,253,120.0,0.1603,0.1447,8.0,0.0919,75.73,0.4
2021-03-21,Turkey,Asia,Delta,3,0,2.0,30,18.0,0.1591,0.2328,1.0,0.0813,67.65,0.629
2021-03-25,Turkey,Asia,Alpha,3,0,2.0,51,27.0,0.1244,0.2104,2.0,0.0753,63.09,0.609
2021-03-26,Turkey,Asia,Alpha,12,0,11.0,128,120.0,0.1098,0.1,2.0,0.0614,63.09,0.4
2021-03-27,Turkey,Asia,Delta,8,0,7.0,100,80.0,0.0953,0.16665000000000002,4.0,0.0656,77.07,0.551
2021-03-28,Turkey,Asia,Alpha,15,0,14.0,178,120.0,0.1259,0.216,8.0,0.0553,82.24,0.4
2021-03-28,Turkey,Asia,Alpha,3,0,2.0,53,33.0,0.0934,0.197,2.0,0.077,62.18,0.629
2021-03-29,Turkey,Asia,Delta,56,1,53.0,560,504.0,0.129,0.2346,37.0,0.0678,62.18,0.759
2021-04-01,Turkey,Asia,Delta,11,0,10.0,126,77.0,0.1495,0.1118,3.0,0.0796,70.41,0.606
2021-04-03,Turkey,Asia,Alpha,3,0,2.0,38,24.0,0.1237,0.16425,0.0,0.0708,77.15,0.4
2021-04-03,Turkey,Asia,Delta,1,0,0.0,10,6.0,0.1784,0.1149,0.0,0.0792,72.1,0.473
2021-04-03,Turkey,Asia,Alpha,1,0,0.0,15,8.0,0.1183,0.1949,0.0,0.0737,63.22,0.422
2021-04-04,Turkey,Asia,Alpha,1,0,0.0,13,9.0,0.107,0.1893,0.0,0.0881,53.76,0.441
2021-04-08,Turkey,Asia,Alpha,14,0,13.0,251,126.0,0.1203,0.1776,10.0,0.0754,64.87,0.4
2021-04-09,Turkey,Asia,Alpha,153,1,145.0,1823,918.0,0.1685,0.1957,61.0,0.0832,66.88,0.4
2021-04-09,Turkey,Asia,Alpha,1,0,0.0,13,11.0,0.1024,0.147,0.0,0.083,79.63,0.4
2021-04-09,Turkey,Asia,Alpha,4,0,3.0,41,28.0,0.1519,0.16425,1.0,0.0773,55.3,0.492
2021-04-11,Turkey,Asia,Delta,1,0,0.0,15,9.0,0.1074,0.2106,0.0,0.0861,73.6,0.471
2021-04-13,Turkey,Asia,Alpha,3,0,2.0,36,27.0,0.1122,0.1292,1.0,0.0892,81.23,0.4
2021-04-17,Turkey,Asia,Delta,16,0,15.0,261,176.0,0.0949,0.16665000000000002,10.0,0.0789,79.55,0.423
2021-04-20,Turkey,Asia,Delta,2,0,1.0,32,16.0,0.1294,0.1431,1.0,0.0987,81.67,0.4
2021-04-20,Turkey,Asia,Delta,1,0,0.0,17,11.0,0.0763,0.2157,0.0,0.0933,74.04,0.4
2021-04-22,Turkey,Asia,Delta,4,0,3.0,41,40.0,0.1141,0.2456,2.0,0.0879,75.51,0.4
2021-04-23,Turkey,Asia,Delta,4,0,3.0,55,24.0,0.865754121,0.16665000000000002,1.0,0.0896,80.33,0.462
2021-04-24,Turkey,Asia,Delta,1,0,0.0,14,11.0,0.0918,0.1834,1.0,0.0941,68.05,0.433
2021-04-27,Turkey,Asia,Delta,6,0,5.0,97,54.0,0.1343,0.2013,3.0,0.105,69.28,0.7
2021-04-29,Turkey,Asia,Delta,5,0,4.0,53,30.0,0.1481,0.1774,2.0,0.1227,67.38,0.762
2021-05-02,Turkey,Asia,Delta,2,0,1.0,23,16.0,0.1394,0.2238,1.0,0.1314,78.01,0.4
2021-05-03,Turkey,Asia,Delta,5,0,4.0,81,30.0,0.1905,0.1865,3.0,0.1058,74.01,0.532
2021-05-10,Turkey,Asia,Delta,5,0,4.0,62,35.0,0.1422,0.122,1.0,0.115,69.78,0.478
2021-05-12,Turkey,Asia,Delta,8,0,7.0,89,88.0,0.0936,0.16665000000000002,5.0,0.1106,59.88,0.767
2021-05-14,Turkey,Asia,Delta,5,0,4.0,70,45.0,0.1133,0.2212,2.0,0.0985,89.48,0.4
2021-05-20,Turkey,Asia,Delta,8,0,7.0,125,72.0,0.1279,0.1615,5.0,0.1342,69.51,0.419
2021-05-21,Turkey,Asia,Delta,7,0,6.0,73,70.0,0.0892,0.1802,3.0,0.1088,58.56,0.875
2021-05-24,Turkey,Asia,Delta,2,0,1.0,21,14.0,0.1389,0.2289,1.0,0.131,59.33,0.532
2021-05-31,Turkey,Asia,Delta,13,0,0.0,9,9.0,0.1108,0.1683,0.0,0.1401,56.88,0.983
2021-06-01,Turkey,Asia,Delta,1,0,0.0,10,10.0,0.1243,0.1768,0.0,0.1308,62.11,0.581
2021-06-02,Turkey,Asia,Delta,213,2,204.0,3317,1704.0,0.1221,0.1156,96.0,0.1292,63.92,0.687
2021-06-03,Turkey,Asia,Delta,3,0,2.0,48,24.0,0.1285,0.1374,1.0,0.1437,82.91,0.4
2021-06-06,Turkey,Asia,Delta,8,0,7.0,141,64.0,0.12,0.2391,7.0,0.1436,56.36,0.69
2021-06-07,Turkey,Asia,Delta,57,1,54.0,926,627.0,0.1081,0.1823,26.0,0.1306,73.15,0.611
2021-06-13,Turkey,Asia,Delta,88,1,82.0,1573,968.0,0.0814,0.2137,68.0,0.1342,61.39,0.581
2021-06-14,Turkey,Asia,Delta,3,0,2.0,39,24.0,0.1176,0.1256,1.0,0.1431,62.01,0.551
2021-06-24,Turkey,Asia,Delta,112,0,13.0,138,98.0,0.157,0.1755,6.0,0.1464,84.45,0.4
2021-06-27,Turkey,Asia,Delta,1,0,0.0,16,9.0,0.1181,0.1924,0.0,0.1612,55.01,0.673
2021-06-28,Turkey,Asia,Delta,3,0,2.0,46,24.0,0.1159,0.2308,2.0,0.1535,64.68,0.534
2021-06-29,Turkey,Asia,Delta,4,0,3.0,55,24.0,0.1608,0.1683,2.0,0.1698,70.47,0.4
2021-07-03,Turkey,Asia,Delta,1,0,0.0,16,8.0,0.119,0.1213,0.0,0.1473,58.3,0.88
2021-07-03,Turkey,Asia,Delta,1,0,0.0,15,11.0,0.1009,0.19,0.0,0.1528,82.36,0.407
2021-07-11,Turkey,Asia,Delta,46,1,44.0,500,322.0,0.1419,0.163,23.0,0.1546,86.52,0.4
2021-07-13,Turkey,Asia,Delta,1,0,0.0,13,6.0,0.1686,0.1902,0.0,0.1824,74.31,0.581
2021-07-14,Turkey,Asia,Delta,93,1,87.0,1642,837.0,0.0874,0.1739,63.0,0.1653,79.38,0.4
2021-07-17,Turkey,Asia,Delta,7,0,6.0,82,70.0,0.1116,0.2349,4.0,0.175,84.22,0.581
2021-07-19,Turkey,Asia,Delta,5,0,4.0,70,55.0,0.0938,0.16665000000000002,3.0,0.1965,80.89,0.432
2021-07-22,Turkey,Asia,Delta,1,0,0.0,10,7.0,0.1316,0.1371,0.0,0.1773,61.37,0.685
2021-07-23,Turkey,Asia,Delta,8,0,7.0,97,56.0,0.1291,0.16665000000000002,4.0,0.1789,79.62,0.436
2021-07-24,Turkey,Asia,Delta,42,0,39.0,763,420.0,0.1083,0.1151,19.0,0.1966,85.2,0.4
2021-07-25,Turkey,Asia,Delta,4,0,3.0,71,36.0,0.1104,0.1453,2.0,0.1725,77.28,0.581
2021-08-05,Turkey,Asia,Delta,3,0,2.0,40,18.0,0.1702,0.1656,1.0,0.1976,69.92,0.4
2021-08-06,Turkey,Asia,Delta,24,0,22.0,284,216.0,0.1126,0.1383,6.0,0.1801,67.99,0.568
2021-08-09,Turkey,Asia,Delta,20,0,18.0,258,120.0,0.1629,0.1548,9.0,0.2029,45.53,1.228
2021-08-11,Turkey,Asia,Delta,14,0,13.0,141,98.0,0.1483,0.1073,2.0,0.1869,43.87,0.886
2021-08-14,Turkey,Asia,Delta,1,0,0.0,11,11.0,0.0917,0.1387,0.0,0.1968,37.84,1.14
2021-08-17,Turkey,Asia,Delta,1,0,0.0,12,7.0,0.151,0.1134,0.0,0.2118,61.21,0.609
2021-08-18,Turkey,Asia,Delta,3,0,2.0,32,33.0,0.1084,0.1756,1.0,0.1965,44.19,0.875
2021-08-19,Turkey,Asia,Delta,2,0,1.0,29,22.0,0.0868,0.2047,1.0,0.2239,69.72,0.502
2021-08-19,Turkey,Asia,Delta,1,0,0.0,17,8.0,0.1347,0.1217,0.0,0.2231,67.15,0.635
2021-08-20,Turkey,Asia,Delta,1,0,0.0,16,8.0,0.1223,0.1939,1.0,0.2144,49.77,0.833
2021-08-25,Turkey,Asia,Delta,1,0,0.0,12,6.0,0.1644,0.2082,0.0,0.2144,52.83,0.986
2021-08-26,Turkey,Asia,Delta,1,0,0.0,16,9.0,0.1046,0.1341,0.0,0.2205,52.26,0.626
2021-08-27,Turkey,Asia,Delta,52,0,49.0,543,416.0,0.1015,0.18,25.0,0.2288,63.05,0.69
2021-08-28,Turkey,Asia,Delta,6,0,5.0,101,54.0,0.1295,0.1516,3.0,0.223,43.79,0.856
2021-08-29,Turkey,Asia,Delta,54,0,50.0,537,486.0,0.1144,0.1555,20.0,0.2105,43.79,0.758
2021-08-31,Turkey,Asia,Delta,13,0,12.0,202,104.0,0.133,0.16665000000000002,6.0,0.1997,54.69,0.581
2021-09-04,Turkey,Asia,Delta,26,0,24.0,452,182.0,0.1411,0.2166,22.0,0.2326,54.69,0.884
2021-09-05,Turkey,Asia,Delta,5,0,4.0,67,35.0,0.1447,0.1346,2.0,0.2185,54.69,1.064
2021-09-05,Turkey,Asia,Delta,7,0,6.0,109,63.0,0.1082,0.1276,3.0,0.2113,43.19,1.238
2021-09-06,Turkey,Asia,Delta,1,0,0.0,11,11.0,0.0896,0.227,1.0,0.2243,52.34,1.042
2021-09-08,Turkey,Asia,Delta,5,0,4.0,56,55.0,0.0963,0.1719,1.0,0.2316,65.16,0.461
2021-09-09,Turkey,Asia,Delta,4,0,3.0,41,44.0,0.0713,0.2269,2.0,0.2263,53.32,0.964
2021-09-09,Turkey,Asia,Delta,5,0,4.0,78,30.0,0.1935,0.1875,3.0,0.2102,47.77,0.958
2021-09-10,Turkey,Asia,Delta,2,0,1.0,21,22.0,0.1061,0.16665000000000002,1.0,0.2245,44.92,0.956
2021-09-12,Turkey,Asia,Delta,6,0,5.0,95,36.0,0.1704,0.1488,3.0,0.2312,44.92,0.519
2021-09-12,Turkey,Asia,Delta,25,0,23.0,438,250.0,0.1034,0.1583,15.0,0.2189,42.33,0.734
2021-09-26,Turkey,Asia,Delta,2,0,1.0,24,22.0,0.0987,0.16665000000000002,0.0,0.2369,53.67,0.597
2021-09-30,Turkey,Asia,Delta,1,0,0.0,11,7.0,0.1202,0.1401,0.0,0.2374,62.91,0.581
2021-09-30,Turkey,Asia,Delta,1,0,0.0,14,8.0,0.1254,0.1653,0.0,0.2476,53.26,0.837
2021-09-30,Turkey,Asia,Delta,23,0,21.0,410,253.0,0.0933,0.16665000000000002,13.0,0.2547,57.66,0.707
2021-10-02,Turkey,Asia,Delta,27,0,24.0,278,162.0,0.1519,0.2166,10.0,0.2421,51.91,0.942
2021-10-04,Turkey,Asia,Omicron,2,0,1.0,27,22.0,0.0764,0.06584999999999999,0.0,0.2467,51.91,1.027
2021-10-06,Turkey,Asia,Omicron,61,0,57.0,1023,488.0,0.1247,0.0796,12.0,0.2487,58.69,0.796
2021-10-09,Turkey,Asia,Delta,2,0,1.0,21,16.0,0.1169,0.16665000000000002,0.0,0.2366,56.82,0.652
2021-10-12,Turkey,Asia,Omicron,2,0,1.0,21,22.0,0.0917,0.099,0.0,0.2579,57.69,0.802
2021-10-13,Turkey,Asia,Delta,14,0,13.0,176,84.0,0.164,0.1673,6.0,0.2478,42.54,0.667
2021-10-14,Turkey,Asia,Omicron,3,0,2.0,37,33.0,0.0959,0.06584999999999999,1.0,0.2595,64.57,0.74
2021-10-14,Turkey,Asia,Omicron,7,0,6.0,113,63.0,0.1033,0.0759,2.0,0.2604,75.47,0.601
2021-10-15,Turkey,Asia,Delta,9,0,8.0,108,90.0,0.0914,0.2035,4.0,0.2648,68.71,0.665
2021-10-15,Turkey,Asia,Omicron,97,0,91.0,1757,776.0,0.1302,0.0504,21.0,0.2331,67.72,0.97
2021-10-15,Turkey,Asia,Delta,1,0,0.0,13,6.0,0.1548,0.224,0.0,0.2468,71.29,0.578
2021-10-16,Turkey,Asia,Delta,243,3,223.0,3980,1458.0,0.1633,0.1135,99.0,0.2712,52.34,0.552
2021-10-20,Turkey,Asia,Omicron,2,0,1.0,25,12.0,0.1724,0.062,0.0,0.245,53.62,0.767
2021-10-24,Turkey,Asia,Delta,2,0,1.0,35,22.0,0.088,0.1555,1.0,0.2587,58.76,0.668
2021-10-24,Turkey,Asia,Delta,13,0,12.0,224,143.0,0.1013,0.16665000000000002,13.0,0.2591,66.67,0.667
2021-10-25,Turkey,Asia,Omicron,27,0,25.0,380,216.0,0.1207,0.0742,4.0,0.2801,52.46,1.073
2021-10-29,Turkey,Asia,Omicron,14,0,13.0,207,126.0,0.1103,0.0947,5.0,0.2533,44.05,1.172
2021-11-01,Turkey,Asia,Delta,109,1,101.0,1211,872.0,0.1269,0.2035,54.0,0.2724,59.6,0.522
2021-11-02,Turkey,Asia,Delta,36,0,34.0,594,288.0,0.1168,0.0968,13.0,0.2714,55.52,0.7
2021-11-04,Turkey,Asia,Delta,6,0,5.0,101,66.0,0.0978,0.1274,3.0,0.2853,53.03,0.808
2021-11-07,Turkey,Asia,Omicron,2,0,1.0,34,12.0,0.1847,0.0672,0.0,0.2724,53.72,1.06
2021-11-08,Turkey,Asia,Delta,18,0,17.0,309,180.0,0.0953,0.115,8.0,0.2808,53.72,1.063
2021-11-21,Turkey,Asia,Omicron,22,0,20.0,355,198.0,0.1217,0.06584999999999999,6.0,0.2993,32.04,2.057
2021-11-24,Turkey,Asia,Omicron,6,0,5.0,90,66.0,0.0814,0.0846,1.0,0.2915,24.76,1.67
2021-11-26,Turkey,Asia,Omicron,4,0,3.0,59,40.0,0.0954,0.0887,0.0,0.2881,45.99,1.374
2021-11-30,Turkey,Asia,Omicron,5,0,4.0,56,30.0,0.1467,0.06584999999999999,1.0,0.2944,35.99,1.2415
2021-12-03,Turkey,Asia,Omicron,1,0,0.0,14,11.0,0.1042,0.06584999999999999,0.0,0.3035,28.97,1.865
2021-12-07,Turkey,Asia,Omicron,2,0,1.0,32,14.0,0.1621,0.06584999999999999,0.0,0.285,28.62,2.071
2021-12-07,Turkey,Asia,Omicron,377,1,365.0,5146,2639.0,0.1371,0.0762,103.0,0.3016,25.85,1.265
2021-12-08,Turkey,Asia,Omicron,18,0,17.0,185,144.0,0.1216,0.0743,3.0,0.3169,25.85,1.364
2021-12-08,Turkey,Asia,Omicron,4,0,3.0,50,24.0,0.1759,0.085,0.0,0.304,26.48,1.306
2021-12-13,Turkey,Asia,Omicron,33,0,31.0,582,363.0,0.0995,0.0441,6.0,0.3015,37.73,1.66
2021-12-13,Turkey,Asia,Omicron,26,0,24.0,466,234.0,0.0807,0.0622,8.0,0.3078,37.73,1.334
2021-12-15,Turkey,Asia,Omicron,5,0,4.0,73,35.0,0.1402,0.0843,1.0,0.3132,35.81,1.798
2021-12-16,Turkey,Asia,Omicron,24,0,22.0,319,192.0,0.1295,0.0605,4.0,0.31,37.75,1.414
2021-12-19,Turkey,Asia,Omicron,21,0,19.0,209,210.0,0.1006,0.06584999999999999,3.0,0.3195,49.82,1.2415
2021-12-20,Turkey,Asia,Omicron,5,0,4.0,50,35.0,0.134,0.0479,1.0,0.3165,48.17,1.062
2021-12-26,Turkey,Asia,Omicron,9,0,8.0,154,54.0,0.1686,0.0657,2.0,0.3164,48.17,1.503
2021-12-26,Turkey,Asia,Omicron,13,0,12.0,137,130.0,0.0944,0.06584999999999999,2.0,0.339,48.17,1.948
2022-01-01,Turkey,Asia,Omicron,1,0,0.0,18,9.0,0.1013,0.06584999999999999,0.0,0.3378,45.43,1.414
2022-01-03,Turkey,Asia,Omicron,2,0,1.0,33,18.0,0.1312,0.0902,1.0,0.3385,36.56,1.627
2022-01-05,Turkey,Asia,Omicron,29,0,27.0,479,319.0,0.0968,0.06584999999999999,7.0,0.3381,42.33,1.685
2022-01-07,Turkey,Asia,Omicron,48,0,46.0,853,384.0,0.1102,0.0768,14.0,0.3266,27.9,1.455
2022-01-09,Turkey,Asia,Omicron,1,0,0.0,10,9.0,0.1114,0.0614,0.0,0.3432,35.41,1.669
2022-01-10,Turkey,Asia,Omicron,10,0,9.0,152,70.0,0.1259,0.06584999999999999,2.0,0.3233,46.02,1.017
2022-01-12,Turkey,Asia,Omicron,12,0,11.0,197,72.0,0.1516,0.048,1.0,0.3417,44.24,1.399
2022-01-16,Turkey,Asia,Omicron,4,0,3.0,55,36.0,0.1244,0.0572,0.0,0.3401,46.21,1.458
2022-01-17,Turkey,Asia,Omicron,32,0,29.0,392,224.0,0.1497,0.0881,8.0,0.3413,45.86,1.411
2022-01-20,Turkey,Asia,Omicron,42,0,39.0,580,378.0,0.1228,0.0597,8.0,0.3525,25.87,1.512
2022-01-22,Turkey,Asia,Omicron,2,0,1.0,26,16.0,0.1208,0.0404,0.0,0.3552,44.01,0.933
2022-01-23,Turkey,Asia,Omicron,1,0,0.0,16,7.0,0.1452,0.0405,0.0,0.365,31.0,1.698
2022-01-24,Turkey,Asia,Omicron,21,0,20.0,343,168.0,0.1221,0.043,3.0,0.3526,34.59,1.448
2022-01-24,Turkey,Asia,Omicron,2,0,1.0,30,16.0,0.138,0.0849,0.0,0.3271,45.88,1.454
2022-01-24,Turkey,Asia,Omicron,1,0,0.0,10,7.0,0.1364,0.0786,0.0,0.344,43.13,1.438
2022-01-25,Turkey,Asia,Omicron,7,0,6.0,117,70.0,0.1143,0.0721,2.0,0.3295,39.8,1.068
2022-01-26,Turkey,Asia,Omicron,8,0,7.0,103,80.0,0.0872,0.0522,1.0,0.3651,39.8,1.377
2022-01-30,Turkey,Asia,Omicron,7,0,6.0,70,70.0,0.0929,0.0588,1.0,0.3534,25.8,1.374
2022-01-30,Turkey,Asia,Omicron,37,0,35.0,387,222.0,0.1705,0.0537,5.0,0.3233,35.43,0.98
2022-01-31,Turkey,Asia,Omicron,8,0,7.0,98,64.0,0.1279,0.0754,1.0,0.3446,46.55,0.933
2022-01-31,Turkey,Asia,Omicron,31,0,28.0,328,248.0,0.1313,0.06584999999999999,4.0,0.3401,46.55,1.073
2022-02-04,Turkey,Asia,Omicron BA.2,4,0,3.0,49,32.0,0.1352,0.0421,0.0,0.3623,25.44,2.244
2022-02-04,Turkey,Asia,Omicron BA.2,16,0,15.0,290,176.0,0.1011,0.0418,2.0,0.355,25.44,1.645
2022-02-05,Turkey,Asia,Omicron BA.2,20,0,19.0,292,160.0,0.121,0.0426,2.0,0.3572,45.81,1.379
2022-02-07,Turkey,Asia,Omicron BA.2,1,0,0.0,10,6.0,0.1599,0.0662,0.0,0.3773,53.31,1.645
2022-02-10,Turkey,Asia,Omicron BA.2,3,0,2.0,44,18.0,0.1759,0.0392,0.0,0.3579,48.67,1.226
2022-02-11,Turkey,Asia,Omicron,1,0,0.0,14,11.0,0.101,0.0847,0.0,0.3679,26.54,2.03
2022-02-12,Turkey,Asia,Omicron,5,0,4.0,75,45.0,0.1151,0.0695,1.0,0.3754,26.54,1.789
2022-02-16,Turkey,Asia,Omicron,3,0,2.0,42,30.0,0.1138,0.0863,1.0,0.3679,31.67,1.2415
2022-02-19,Turkey,Asia,Omicron,14,0,13.0,248,84.0,0.165,0.0476,2.0,0.3664,55.54,1.2415
2022-02-20,Turkey,Asia,Omicron BA.2,12,0,11.0,119,108.0,0.132,0.0372,1.0,0.3621,55.54,1.645
2022-02-20,Turkey,Asia,Omicron BA.2,18,0,16.0,323,144.0,0.1157,0.0712,5.0,0.3815,54.69,1.28
2022-02-21,Turkey,Asia,Omicron BA.2,15,0,14.0,222,135.0,0.1177,0.0477,2.0,0.3561,45.1,1.288
2022-02-22,Turkey,Asia,Omicron,40,0,38.0,427,440.0,0.112,0.0762,5.0,0.3546,53.57,0.986
2022-02-27,Turkey,Asia,Omicron,6,0,5.0,105,54.0,0.1038,0.0781,2.0,0.3767,39.54,1.306
2022-02-27,Turkey,Asia,Omicron,2,0,1.0,34,14.0,0.1614,0.0624,0.0,0.3796,45.71,0.835
2022-03-04,Turkey,Asia,Omicron BA.2,3,0,3.0,50,27.0,0.0934,0.0498,0.0,0.3949,48.02,1.131
2022-03-10,Turkey,Asia,Omicron BA.2,3,0,3.0,46,33.0,0.0831,0.0707,0.0,0.3812,42.18,1.717
2022-03-11,Turkey,Asia,Omicron BA.2,3,0,2.0,45,24.0,0.1311,0.0591,0.0,0.3824,42.21,1.31
2022-03-12,Turkey,Asia,Omicron BA.2,1,0,0.0,16,7.0,0.156,0.0641,0.0,0.3811,10.86,1.645
2022-03-12,Turkey,Asia,Omicron BA.2,3,0,2.0,39,27.0,0.0882,0.0498,0.0,0.3961,33.03,1.474
2022-03-17,Turkey,Asia,Omicron BA.2,2,0,2.0,26,22.0,0.11,0.0748,0.0,0.4082,33.03,2.19
2022-03-17,Turkey,Asia,Omicron BA.2,2,0,1.0,19,16.0,0.1311,0.0691,0.0,0.393,16.18,2.101
2022-03-18,Turkey,Asia,Omicron BA.2,13,0,12.0,129,143.0,0.0906,0.0361,0.0,0.4016,33.06,1.888
2022-03-19,Turkey,Asia,Omicron BA.2,5,0,4.0,56,30.0,0.155,0.0516,1.0,0.3878,22.25,1.575
2022-03-19,Turkey,Asia,Omicron BA.2,6,0,5.0,74,48.0,0.1127,0.0507,0.0,0.3844,24.93,1.793
2022-03-22,Turkey,Asia,Omicron BA.2,7,0,7.0,113,63.0,0.0983,0.0632,2.0,0.4058,26.79,2.049
2022-03-25,Turkey,Asia,Omicron BA.2,2,0,2.0,23,22.0,0.0946,0.0458,0.0,0.4142,26.53,2.1
2022-03-27,Turkey,Asia,Omicron BA.2,34,0,32.0,430,306.0,0.149,0.0555,5.0,0.3932,16.3,1.654
2022-03-28,Turkey,Asia,Omicron BA.2,15,0,14.0,242,120.0,0.1148,0.0514,3.0,0.4036,6.04,2.052
2022-03-28,Turkey,Asia,Omicron BA.2,156,0,144.0,2433,936.0,0.156,0.0401,24.0,0.407,19.26,1.991
2022-03-30,Turkey,Asia,Omicron BA.2,59,0,56.0,831,649.0,0.0935,0.0498,14.0,0.3972,35.29,1.294
2022-04-04,Turkey,Asia,Omicron BA.2,9,0,8.0,104,99.0,0.0974,0.0617,0.0,0.3971,17.71,1.946
2022-04-06,Turkey,Asia,Omicron BA.2,5,0,5.0,82,30.0,0.1675,0.0415,0.0,0.4182,24.04,2.099
2022-04-10,Turkey,Asia,Omicron BA.2,2,0,2.0,24,22.0,0.0946,0.0498,0.0,0.3868,36.22,1.856
2022-04-12,Turkey,Asia,Omicron BA.2,51,0,47.0,862,561.0,0.0925,0.0492,9.0,0.4044,13.27,2.592
2022-04-14,Turkey,Asia,Omicron BA.2,1,0,0.0,9,11.0,0.1025,0.0731,0.0,0.4251,11.81,2.919
2022-04-17,Turkey,Asia,Omicron BA.2,10,0,10.0,150,110.0,0.0896,0.0365,1.0,0.433,27.71,1.735
2022-04-19,Turkey,Asia,Omicron BA.2,5,0,4.0,81,55.0,0.0863,0.0526,1.0,0.4252,14.62,2.134
2022-04-19,Turkey,Asia,Omicron BA.2,18,0,17.0,202,198.0,0.0685,0.0484,1.0,0.422,34.53,1.499
2022-04-20,Turkey,Asia,Omicron BA.2,1,0,0.0,15,6.0,0.1734,0.0498,0.0,0.4387,26.85,1.696
2022-04-20,Turkey,Asia,Omicron BA.2,11,0,11.0,130,99.0,0.1003,0.0604,2.0,0.4154,19.24,1.951
2022-04-21,Turkey,Asia,Omicron BA.2,1,0,0.0,17,9.0,0.1096,0.0508,0.0,0.4149,35.43,1.647
2022-04-22,Turkey,Asia,Omicron BA.2,1,0,0.0,9,7.0,0.1415,0.0544,0.0,0.4369,35.09,1.524
2022-04-22,Turkey,Asia,Omicron BA.2,3,0,3.0,47,27.0,0.106,0.069,0.0,0.4064,35.09,1.338
2022-04-23,Turkey,Asia,Omicron BA.2,22,0,21.0,264,132.0,0.1455,0.0753,4.0,0.4112,33.03,2.144
2022-04-23,Turkey,Asia,Omicron BA.2,14,0,13.0,246,126.0,0.1199,0.0386,2.0,0.4239,26.07,2.289
2022-04-29,Turkey,Asia,Omicron BA.2,31,0,30.0,432,248.0,0.119,0.0434,4.0,0.4166,11.71,2.14
2022-04-29,Turkey,Asia,Omicron BA.2,2,0,2.0,27,22.0,0.0877,0.0436,0.0,0.4254,20.28,2.087
2022-04-30,Turkey,Asia,Omicron BA.2,12,0,11.0,158,132.0,0.0815,0.0547,2.0,0.433,16.6,1.998
2022-05-05,Turkey,Asia,Omicron BA.2,51,0,47.0,504,510.0,0.105,0.0548,7.0,0.4213,39.46,1.645
2022-05-09,Turkey,Asia,Omicron BA.2,33,0,32.0,468,297.0,0.1339,0.0732,6.0,0.4403,23.66,2.063
2022-05-10,Turkey,Asia,Omicron BA.2,2,0,2.0,24,14.0,0.1382,0.0757,0.0,0.4408,29.17,2.268
2022-05-11,Turkey,Asia,Omicron BA.2,6,0,6.0,74,60.0,0.1047,0.0645,1.0,0.4476,27.7,2.04
2022-05-11,Turkey,Asia,Omicron BA.2,25,0,24.0,330,225.0,0.1174,0.0498,3.0,0.4472,30.88,1.261
2022-05-12,Turkey,Asia,Omicron BA.2,8,0,8.0,137,80.0,0.0995,0.077,2.0,0.4397,12.91,2.836
2022-05-14,Turkey,Asia,Omicron BA.2,4,0,3.0,50,40.0,0.0985,0.0628,0.0,0.4491,33.32,1.645
2022-05-14,Turkey,Asia,Omicron BA.2,12,0,11.0,191,96.0,0.123,0.0447,1.0,0.4472,27.58,1.449
2022-05-16,Turkey,Asia,Omicron BA.2,5,0,4.0,68,55.0,0.0844,0.0678,0.0,0.4247,34.87,2.095
2022-05-16,Turkey,Asia,Omicron BA.2,2,0,1.0,24,18.0,0.1002,0.0464,0.0,0.4343,34.87,1.642
2022-05-18,Turkey,Asia,Omicron BA.2,2,0,2.0,28,22.0,0.0706,0.0706,0.0,0.441,11.8,1.598
2022-05-27,Turkey,Asia,Omicron BA.2,4,0,4.0,69,44.0,0.1005,0.0762,0.0,0.4693,31.73,1.412
2022-05-31,Turkey,Asia,Omicron BA.2,15,0,14.0,269,105.0,0.1223,0.048,2.0,0.4632,38.77,1.827
2022-06-02,Turkey,Asia,Omicron BA.2,1,0,1.0,11,7.0,0.1413,0.0595,0.0,0.459,21.9,1.341
2022-06-03,Turkey,Asia,Omicron BA.2,9,0,8.0,105,54.0,0.1541,0.0498,1.0,0.4569,29.24,1.373
2022-06-04,Turkey,Asia,Omicron BA.2,10,0,9.0,161,70.0,0.142,0.0667,1.0,0.4619,12.22,1.645
2022-06-05,Turkey,Asia,Omicron BA.2,4,0,3.0,44,28.0,0.134,0.0498,0.0,0.474,25.57,1.94
2022-06-09,Turkey,Asia,Omicron BA.2,50,0,48.0,719,500.0,0.0971,0.0755,12.0,0.4675,19.32,2.012
2022-06-12,Turkey,Asia,Omicron BA.2,110,0,107.0,1784,1210.0,0.097,0.0491,25.0,0.4776,41.46,1.909
2022-06-16,Turkey,Asia,Omicron BA.2,9,0,9.0,101,63.0,0.1339,0.0444,1.0,0.4644,40.65,1.189
2022-06-16,Turkey,Asia,Omicron BA.2,1,0,1.0,12,9.0,0.1241,0.0702,0.0,0.4711,31.0,2.025
2022-06-17,Turkey,Asia,Omicron BA.2,1,0,0.0,16,6.0,0.994084567,0.0605,0.0,0.4785,14.44,2.717
2022-06-21,Turkey,Asia,Omicron BA.2,5,0,5.0,57,50.0,0.1072,0.0498,0.0,0.4556,20.86,2.0
2022-06-22,Turkey,Asia,Omicron BA.2,8,0,8.0,127,48.0,0.1717,0.057,2.0,0.4817,26.48,2.359
2022-06-23,Turkey,Asia,Omicron BA.2,1,0,0.0,13,9.0,0.0981,0.0739,0.0,0.4783,29.95,1.351
2022-06-25,Turkey,Asia,Omicron BA.2,3,0,2.0,48,30.0,0.1034,0.0498,1.0,0.4771,21.45,1.65
2022-06-25,Turkey,Asia,Omicron BA.2,2,0,1.0,22,12.0,0.1776,0.0595,0.0,0.4977,17.02,1.645
2022-06-28,Turkey,Asia,Omicron BA.2,5,0,4.0,89,35.0,0.1284,0.0535,1.0,0.4827,37.72,1.753
2022-06-28,Turkey,Asia,Omicron BA.2,15,0,14.0,259,120.0,0.1256,0.0359,1.0,0.4838,21.97,2.092
2022-07-01,Turkey,Asia,Omicron BA.2,1,0,1.0,13,11.0,0.0984,0.0476,0.0,0.4975,18.7,2.48
2022-07-01,Turkey,Asia,Omicron BA.2,2,0,2.0,31,18.0,0.1163,0.0399,0.0,0.4766,23.56,1.667
2022-07-03,Turkey,Asia,Omicron BA.2,1,0,0.0,10,10.0,0.902765057,0.0498,0.0,0.4875,14.84,2.333
2022-07-04,Turkey,Asia,Omicron BA.2,5,0,4.0,72,55.0,0.0996,0.0468,1.0,0.4912,25.23,1.645
2022-07-04,Turkey,Asia,Omicron BA.2,22,0,21.0,259,132.0,0.1629,0.0739,4.0,0.4726,21.41,2.276
2022-07-08,Turkey,Asia,Omicron BA.2,1,0,1.0,15,11.0,0.0854,0.0387,0.0,0.4989,30.35,1.726
2022-07-09,Turkey,Asia,Omicron BA.2,5,0,5.0,76,35.0,0.1342,0.0418,1.0,0.5025,28.36,2.229
2022-07-10,Turkey,Asia,Omicron BA.2,8,0,8.0,93,72.0,0.1076,0.0724,1.0,0.4977,43.48,1.523
2022-07-11,Turkey,Asia,Omicron BA.2,1,0,1.0,13,11.0,0.0857,0.0441,0.0,0.5008,34.71,1.308
2022-07-12,Turkey,Asia,Omicron BA.2,2,0,1.0,25,14.0,0.1241,0.0701,0.0,0.4872,31.57,1.676
2022-07-16,Turkey,Asia,Omicron BA.2,115,0,111.0,1370,690.0,0.1447,0.0327,9.0,0.4857,12.23,1.611
2022-07-17,Turkey,Asia,Omicron BA.2,19,0,18.0,337,209.0,0.0962,0.0612,5.0,0.4988,32.31,1.413
2022-07-21,Turkey,Asia,Omicron BA.2,19,0,18.0,287,152.0,0.108,0.0701,6.0,0.4903,33.56,1.638
2022-07-22,Turkey,Asia,Omicron BA.2,2,0,2.0,24,18.0,0.0977,0.0646,0.0,0.5121,25.9,1.667
2022-07-27,Turkey,Asia,Omicron BA.2,21,0,20.0,245,189.0,0.0957,0.0564,3.0,0.4959,25.9,1.645
2022-07-28,Turkey,Asia,Omicron BA.2,5,0,5.0,69,40.0,0.1327,0.0515,1.0,0.5116,26.99,1.255
2022-07-31,Turkey,Asia,Omicron BA.2,6,0,5.0,83,54.0,0.0932,0.0448,0.0,0.4875,39.41,1.113
2022-07-31,Turkey,Asia,Omicron BA.2,10,0,9.0,166,100.0,0.1206,0.0498,1.0,0.5245,28.52,2.068
2022-08-02,Turkey,Asia,Omicron BA.2,82,0,77.0,1421,656.0,0.1231,0.0313,10.0,0.5189,15.66,1.583
2022-08-06,Turkey,Asia,Omicron BA.2,3,0,2.0,47,27.0,0.1073,0.0621,0.0,0.5258,15.66,2.329
2022-08-09,Turkey,Asia,Omicron BA.2,8,0,7.0,94,56.0,0.1455,0.0346,1.0,0.5131,28.33,1.294
2022-08-10,Turkey,Asia,Omicron BA.2,3,0,2.0,30,21.0,0.1456,0.0648,0.0,0.5099,35.04,2.077
2022-08-12,Turkey,Asia,Omicron BA.2,25,0,24.0,353,275.0,0.0859,0.0654,6.0,0.5281,18.46,1.936
2022-08-12,Turkey,Asia,Omicron BA.2,6,0,5.0,104,54.0,0.1029,0.0645,1.0,0.5316,13.74,2.149
2022-08-16,Turkey,Asia,Omicron BA.2,4,0,3.0,64,40.0,0.1223,0.0669,1.0,0.5335,23.57,2.359
2022-08-17,Turkey,Asia,Omicron BA.2,1,0,1.0,15,10.0,0.1148,0.036,0.0,0.5318,31.78,1.107
2022-08-23,Turkey,Asia,Omicron BA.2,84,0,80.0,955,588.0,0.1339,0.0558,14.0,0.5383,28.39,2.225
2022-08-26,Turkey,Asia,Omicron BA.2,24,0,23.0,334,216.0,0.1031,0.0426,3.0,0.5467,11.9,2.006
2022-08-31,Turkey,Asia,Omicron BA.2,1,0,0.0,11,6.0,0.1771,0.0473,0.0,0.5479,35.46,1.645
2022-09-04,Turkey,Asia,Omicron BA.2,11,0,11.0,166,77.0,0.144,0.0517,1.0,0.5497,35.46,2.476
2022-09-06,Turkey,Asia,Omicron BA.2,6,0,6.0,72,66.0,0.0683,0.0498,0.0,0.5515,13.75,2.445
2022-09-08,Turkey,Asia,Omicron BA.2,102,0,97.0,1747,714.0,0.1553,0.0689,19.0,0.5535,25.26,1.59
2022-09-09,Turkey,Asia,Omicron BA.2,7,0,7.0,107,42.0,0.173,0.0414,0.0,0.5369,29.26,1.657
2022-09-10,Turkey,Asia,Omicron BA.2,7,0,7.0,85,70.0,0.1086,0.0647,1.0,0.5262,38.19,1.531
2022-09-10,Turkey,Asia,Omicron BA.2,4,0,3.0,49,32.0,0.1341,0.0592,0.0,0.5496,34.24,1.771
2022-09-17,Turkey,Asia,Omicron BA.2,1,0,0.0,17,9.0,0.1112,0.0548,0.0,0.5695,33.57,1.89
2022-09-18,Turkey,Asia,Omicron BA.2,49,0,47.0,770,392.0,0.1123,0.0648,12.0,0.5574,30.43,1.723
2022-09-18,Turkey,Asia,Omicron BA.2,28,0,27.0,352,196.0,0.1304,0.0596,5.0,0.5663,24.7,1.511
2022-09-18,Turkey,Asia,Omicron BA.2,25,0,24.0,280,225.0,0.1179,0.0318,1.0,0.5563,35.24,1.427
2022-09-19,Turkey,Asia,Omicron BA.2,6,0,5.0,105,66.0,0.0834,0.0461,0.0,0.564,24.17,1.245
2022-09-23,Turkey,Asia,Omicron BA.2,11,0,10.0,123,66.0,0.1706,0.0477,1.0,0.5538,18.96,1.717
2022-09-25,Turkey,Asia,Omicron BA.2,7,0,7.0,127,70.0,0.1004,0.057,1.0,0.5657,22.84,2.315
2022-09-25,Turkey,Asia,Omicron BA.2,10,0,10.0,151,90.0,0.1209,0.0474,2.0,0.541,30.58,2.035
2022-09-27,Turkey,Asia,Omicron BA.2,7,0,7.0,110,56.0,0.1265,0.0559,1.0,0.57,29.8,1.554
2022-09-28,Turkey,Asia,Omicron BA.2,67,0,63.0,764,536.0,0.1266,0.0595,10.0,0.5781,18.55,2.45
2022-09-30,Turkey,Asia,Omicron BA.2,9,0,9.0,110,90.0,0.0961,0.0539,1.0,0.58,32.8,1.338
2022-10-01,Turkey,Asia,Omicron BA.2,8,0,7.0,133,48.0,0.1556,0.0592,2.0,0.5577,32.41,1.485
2022-10-03,Turkey,Asia,Omicron BA.2,1,0,0.0,12,7.0,0.1389,0.0331,0.0,0.5712,35.96,1.806
2022-10-11,Turkey,Asia,Omicron BA.2,3,0,3.0,51,27.0,0.1149,0.0499,1.0,0.5839,18.46,1.698
2022-10-15,Turkey,Asia,Omicron BA.2,18,0,17.0,193,144.0,0.1276,0.0498,1.0,0.5893,18.46,1.799
2022-10-17,Turkey,Asia,Omicron BA.2,17,0,16.0,269,187.0,0.1011,0.0557,3.0,0.5814,23.24,1.8
2022-10-19,Turkey,Asia,Omicron BA.2,2,0,1.0,32,16.0,0.129,0.0462,0.0,0.5811,29.35,2.005
2022-10-21,Turkey,Asia,Omicron BA.2,7,0,6.0,86,70.0,0.0989,0.0498,1.0,0.5532,15.35,2.303
2022-10-21,Turkey,Asia,Omicron BA.2,6,0,5.0,61,36.0,0.157,0.0398,1.0,0.584,29.13,1.534
2022-10-22,Turkey,Asia,Omicron BA.2,5,0,4.0,59,50.0,0.1054,0.0649,0.0,0.5931,32.77,1.81
2022-10-27,Turkey,Asia,Omicron BA.2,40,0,37.0,721,320.0,0.1186,0.0492,6.0,0.5676,14.7,1.911
2022-10-30,Turkey,Asia,Omicron BA.2,10,0,9.0,150,90.0,0.112,0.0391,1.0,0.579,15.5,1.629
2022-11-01,Turkey,Asia,Omicron BA.2,2,0,2.0,20,18.0,0.0988,0.0461,0.0,0.5869,36.91,1.212
2022-11-05,Turkey,Asia,Omicron BA.2,17,0,16.0,284,119.0,0.137,0.0466,2.0,0.5989,21.1,1.841
2022-11-06,Turkey,Asia,Omicron BA.2,10,0,9.0,118,80.0,0.1396,0.0281,0.0,0.6185,20.89,2.393
2022-11-11,Turkey,Asia,Omicron BA.2,17,0,16.0,192,102.0,0.1774,0.0304,1.0,0.6101,4.63,1.533
2022-11-11,Turkey,Asia,Omicron BA.2,1,0,0.0,17,7.0,0.1388,0.0495,0.0,0.6125,25.76,2.083
2022-11-13,Turkey,Asia,Omicron BA.2,2,0,1.0,19,16.0,0.1303,0.0329,0.0,0.6164,20.56,1.824
2022-11-16,Turkey,Asia,Omicron BA.2,31,0,30.0,522,279.0,0.1086,0.0321,4.0,0.6087,40.07,1.353
2022-11-16,Turkey,Asia,Omicron BA.2,5,0,5.0,59,50.0,0.0971,0.0535,0.0,0.6187,23.11,1.645
2022-11-19,Turkey,Asia,Omicron BA.2,7,0,6.0,69,63.0,0.1157,0.0498,0.0,0.6122,24.04,1.179
2022-11-20,Turkey,Asia,Omicron BA.2,29,0,27.0,315,174.0,0.1531,0.0367,3.0,0.6237,30.32,1.939
2022-11-22,Turkey,Asia,Omicron BA.2,27,0,25.0,302,270.0,0.1009,0.055,4.0,0.6062,32.1,1.235
2022-11-30,Turkey,Asia,Omicron BA.2,9,0,9.0,106,72.0,0.1238,0.0418,1.0,0.6306,36.48,1.469
2022-11-30,Turkey,Asia,Omicron BA.2,5,0,4.0,67,55.0,0.0787,0.0498,1.0,0.6273,33.7,1.884
2022-12-01,Turkey,Asia,Omicron BA.2,54,0,52.0,658,324.0,0.1714,0.0537,6.0,0.6237,30.0,1.253
2022-12-05,Turkey,Asia,Omicron BA.2,2,0,1.0,31,22.0,0.0776,0.0326,0.0,0.6325,29.42,1.678
2022-12-10,Turkey,Asia,Omicron BA.2,3,0,3.0,53,24.0,0.1205,0.0378,0.0,0.6412,29.42,1.652
2022-12-14,Turkey,Asia,Omicron BA.2,2,0,1.0,21,20.0,0.112,0.0373,0.0,0.628,41.74,1.121
2022-12-17,Turkey,Asia,Omicron BA.2,8,0,7.0,142,48.0,0.177,0.0498,1.0,0.6309,38.58,1.429
2022-12-19,Turkey,Asia,Omicron BA.2,5,0,5.0,60,35.0,0.1417,0.0458,0.0,0.636,33.58,1.161
2022-12-20,Turkey,Asia,Omicron BA.2,4,0,3.0,68,24.0,0.1607,0.0508,1.0,0.6495,8.52,1.673
2022-12-22,Turkey,Asia,Omicron BA.2,8,0,7.0,81,72.0,0.108,0.0294,0.0,0.6576,38.44,1.645
2022-12-31,Turkey,Asia,Omicron BA.2,1,0,0.0,13,7.0,0.1423,0.0547,0.0,0.6687,16.92,1.762
2020-01-23,UK,Europe,Original,45,0,43.0,741,765.0,0.0599,0.1091,14.0,0.0,20.79,0.428
2020-01-29,UK,Europe,Original,1,0,0.0,10,21.0,0.0449,0.1915,0.0,0.0,16.2,0.734
2020-02-01,UK,Europe,Original,9,0,8.0,148,144.0,0.0853,0.1892,5.0,0.0,19.42,0.613
2020-02-03,UK,Europe,Original,4,0,3.0,44,88.0,0.0392,0.1285,0.0,0.0,20.55,0.775
2020-02-07,UK,Europe,Original,6,0,5.0,63,102.0,0.0683,0.1597,1.0,0.0,19.18,0.699
2020-02-07,UK,Europe,Original,2,0,1.0,24,30.0,0.0666,0.2038,1.0,0.0,12.77,1.212
2020-02-08,UK,Europe,Original,7,0,6.0,123,105.0,0.0779,0.1764,3.0,0.0,16.14,0.613
2020-02-13,UK,Europe,Original,5,0,4.0,82,65.0,0.0752,0.159,3.0,0.0,7.19,0.998
2020-02-15,UK,Europe,Original,1,0,0.0,10,40.0,0.057,0.1481,0.0,0.0,13.32,1.186
2020-02-16,UK,Europe,Original,2,0,1.0,31,44.0,0.0397,0.15155000000000002,1.0,0.0,7.56,0.876
2020-02-17,UK,Europe,Original,1,0,0.0,13,16.0,0.057,0.1224,0.0,0.0,14.86,0.867
2020-02-21,UK,Europe,Original,11,0,10.0,128,143.0,0.0819,0.1503,5.0,0.0,69.71,0.4
2020-02-21,UK,Europe,Original,64,1,61.0,1014,1344.0,0.0466,0.1466,38.0,0.0,66.93,0.4
2020-02-21,UK,Europe,Original,2,0,1.0,27,40.0,0.051,0.1656,0.0,0.0,91.02,0.4
2020-02-22,UK,Europe,Original,1,0,0.0,13,23.0,0.0555,0.1476,0.0,0.0,91.02,0.4
2020-02-23,UK,Europe,Original,3,0,2.0,45,57.0,0.0454,0.1179,1.0,0.0,68.58,0.4
2020-02-23,UK,Europe,Original,1,0,0.0,12,40.0,0.057,0.1613,0.0,0.0,100.0,0.4
2020-02-24,UK,Europe,Original,1,0,0.0,15,40.0,0.057,0.1411,0.0,0.0,69.63,0.4
2020-02-24,UK,Europe,Original,9,0,8.0,103,40.0,0.057,0.1696,5.0,0.0,68.71,0.4
2020-02-25,UK,Europe,Original,42,0,40.0,611,966.0,0.0623,0.1857,17.0,0.0,87.92,0.4
2020-02-25,UK,Europe,Original,1,0,0.0,12,40.0,0.057,0.2035,0.0,0.0,81.54,0.4
2020-03-01,UK,Europe,Original,11,0,10.0,193,40.0,0.057,0.1155,4.0,0.0,93.56,0.4
2020-03-01,UK,Europe,Original,18,0,17.0,232,324.0,0.053,0.1755,7.0,0.0,87.91,0.4
2020-03-05,UK,Europe,Original,4,0,3.0,72,40.0,0.057,0.15155000000000002,2.0,0.0,80.82,0.4
2020-03-05,UK,Europe,Original,2,0,1.0,27,40.0,0.057,0.1017,0.0,0.0,63.58,0.4
2020-03-08,UK,Europe,Original,1,0,0.0,10,16.0,0.0638,0.1863,0.0,0.0,63.58,0.4
2020-03-08,UK,Europe,Original,3,0,2.0,51,72.0,0.0376,0.1656,2.0,0.0,71.83,0.4
2020-03-11,UK,Europe,Original,1,0,0.0,16,17.0,0.0456,0.1663,0.0,0.0,86.19,0.428
2020-03-13,UK,Europe,Original,4,0,3.0,59,40.0,0.057,0.1766,3.0,0.0,72.9,0.4
2020-03-14,UK,Europe,Original,6,0,5.0,63,40.0,0.057,0.1226,2.0,0.0,81.89,0.4
2020-03-15,UK,Europe,Original,1,0,0.0,17,13.0,0.0648,0.1077,0.0,0.0,70.18,0.4
2020-03-15,UK,Europe,Original,1,0,0.0,11,19.0,0.0571,0.1637,0.0,0.0,63.96,0.4
2020-03-17,UK,Europe,Original,1,0,0.0,14,40.0,0.057,0.15155000000000002,0.0,0.0,62.95,0.446
2020-03-19,UK,Europe,Original,2,0,1.0,34,40.0,0.057,0.15155000000000002,0.0,0.0,94.63,0.4
2020-03-24,UK,Europe,Original,12,0,11.0,139,40.0,0.057,0.1319,5.0,0.0,90.98,0.4
2020-03-26,UK,Europe,Original,2,0,1.0,28,36.0,0.0475,0.1152,0.0,0.0,93.87,0.4
2020-03-29,UK,Europe,Original,12,0,11.0,142,40.0,0.057,0.1867,5.0,0.0,76.74,0.4
2020-04-07,UK,Europe,Original,1,0,0.0,16,40.0,0.057,0.1715,0.0,0.0,77.33,0.4
2020-04-07,UK,Europe,Original,2,0,1.0,22,32.0,0.0788,0.15155000000000002,1.0,0.0,74.13,0.4
2020-04-08,UK,Europe,Original,8,0,7.0,140,184.0,0.925501671,0.0904,3.0,0.0,69.79,0.4
2020-04-09,UK,Europe,Original,8,0,7.0,136,104.0,0.0623,0.1848,4.0,0.0,61.44,0.4
2020-04-10,UK,Europe,Original,1,0,0.0,14,24.0,0.0422,0.135,0.0,0.0,87.7,0.4
2020-04-10,UK,Europe,Original,3,0,2.0,51,40.0,0.057,0.2021,2.0,0.0,77.75,0.4
2020-04-11,UK,Europe,Original,8,0,7.0,122,168.0,0.0503,0.1679,5.0,0.0,74.97,0.4
2020-04-11,UK,Europe,Original,1,0,0.0,12,20.0,0.0464,0.15155000000000002,0.0,0.0,86.08,0.4
2020-04-12,UK,Europe,Original,11,0,10.0,141,165.0,0.0519,0.164,5.0,0.0,86.08,0.4
2020-04-19,UK,Europe,Original,18,0,17.0,217,216.0,0.1024,0.15155000000000002,5.0,0.0,86.08,0.4
2020-04-20,UK,Europe,Original,1,0,0.0,13,23.0,0.0505,0.0906,0.0,0.0,91.52,0.4
2020-04-21,UK,Europe,Original,1,0,0.0,11,40.0,0.057,0.15155000000000002,0.0,0.0,77.6,0.4
2020-04-22,UK,Europe,Original,2,0,1.0,21,28.0,0.0694,0.181,0.0,0.0,84.55,0.4
2020-04-23,UK,Europe,Original,1,0,0.0,15,15.0,0.059,0.1576,0.0,0.0,84.55,0.428
2020-04-23,UK,Europe,Original,19,0,17.0,261,456.0,0.0418,0.2063,15.0,0.0,89.07,0.4
2020-04-24,UK,Europe,Original,4,0,3.0,43,84.0,0.0362,0.15155000000000002,2.0,0.0,76.93,0.4
2020-04-27,UK,Europe,Original,3,0,2.0,53,60.0,0.0447,0.1526,2.0,0.0,71.36,0.4
2020-04-28,UK,Europe,Original,2,0,1.0,25,42.0,0.0407,0.1489,1.0,0.0,71.51,0.4
2020-04-28,UK,Europe,Original,2,0,1.0,24,38.0,0.0466,0.0976,0.0,0.0,87.5,0.4
2020-04-29,UK,Europe,Original,2,0,1.0,30,26.0,0.0855,0.1803,0.0,0.0,97.44,0.4
2020-05-01,UK,Europe,Original,4,0,3.0,55,52.0,0.0711,0.1238,1.0,0.0,55.95,0.4
2020-05-04,UK,Europe,Original,42,1,39.0,725,40.0,0.057,0.1266,14.0,0.0,63.01,0.433
2020-05-05,UK,Europe,Original,2,0,1.0,23,24.0,0.0908,0.1988,1.0,0.0,76.08,0.4
2020-05-08,UK,Europe,Original,23,0,21.0,267,506.0,0.0351,0.15155000000000002,10.0,0.0,44.09,0.475
2020-05-09,UK,Europe,Original,1,0,0.0,16,14.0,0.1047,0.1932,0.0,0.0,50.89,0.554
2020-05-10,UK,Europe,Original,5,0,4.0,74,70.0,0.0549,0.177,2.0,0.0,55.1,0.553
2020-05-15,UK,Europe,Original,1,0,0.0,11,18.0,0.0707,0.169,0.0,0.0,55.3,0.613
2020-05-15,UK,Europe,Original,3,0,2.0,53,69.0,0.0379,0.207,2.0,0.0,50.7,0.611
2020-05-15,UK,Europe,Original,1,0,0.0,12,13.0,0.0727,0.1112,0.0,0.0,68.5,0.4
2020-05-23,UK,Europe,Original,1,0,0.0,12,40.0,0.057,0.1557,0.0,0.0,61.61,0.494
2020-05-25,UK,Europe,Original,15,0,14.0,231,40.0,0.057,0.1583,10.0,0.0,60.07,0.435
2020-05-31,UK,Europe,Original,1,0,0.0,13,23.0,0.0314,0.15155000000000002,0.0,0.0,63.43,0.4
2020-06-03,UK,Europe,Original,1,0,0.0,12,17.0,0.0542,0.1022,0.0,0.0,57.01,0.561
2020-06-04,UK,Europe,Original,7,0,6.0,127,140.0,0.0735,0.0902,3.0,0.0,52.58,0.534
2020-06-07,UK,Europe,Original,1,0,0.0,15,12.0,0.0794,0.146,0.0,0.0,53.19,0.5
2020-06-11,UK,Europe,Original,2,0,1.0,24,46.0,0.0501,0.1342,0.0,0.0,70.31,0.4
2020-06-11,UK,Europe,Original,9,0,8.0,141,153.0,0.0761,0.2083,7.0,0.0,45.29,0.429
2020-06-12,UK,Europe,Original,1,0,0.0,10,16.0,0.047,0.0929,0.0,0.0,57.01,0.582
2020-06-13,UK,Europe,Original,2,0,1.0,25,26.0,0.0766,0.17,0.0,0.0,67.83,0.423
2020-06-16,UK,Europe,Original,3,0,2.0,46,63.0,0.0594,0.1803,2.0,0.0,72.49,0.4
2020-06-21,UK,Europe,Original,2,0,1.0,27,46.0,0.0672,0.2043,1.0,0.0,51.26,0.401
2020-06-25,UK,Europe,Original,14,0,13.0,209,266.0,0.0465,0.2093,9.0,0.0,72.75,0.4
2020-06-26,UK,Europe,Original,1,0,0.0,15,12.0,0.0927,0.1187,0.0,0.0,67.08,0.453
2020-06-29,UK,Europe,Original,3,0,2.0,50,60.0,0.0446,0.1969,2.0,0.0,76.7,0.4
2020-06-30,UK,Europe,Original,74,1,71.0,882,888.0,0.0942,0.1656,24.0,0.0,63.49,0.476
2020-07-03,UK,Europe,Original,1,0,0.0,18,20.0,0.0469,0.15155000000000002,0.0,0.0,52.76,0.477
2020-07-04,UK,Europe,Original,1,0,0.0,11,21.0,0.0619,0.2046,0.0,0.0,50.67,0.627
2020-07-06,UK,Europe,Original,1,0,0.0,15,19.0,0.880882051,0.15155000000000002,0.0,0.0,70.94,0.4
2020-07-08,UK,Europe,Original,2,0,1.0,29,36.0,0.0583,0.1529,1.0,0.0,55.52,0.44
2020-07-09,UK,Europe,Original,1,0,0.0,17,23.0,0.022,0.1184,0.0,0.0,59.72,0.4
2020-07-10,UK,Europe,Original,1,0,0.0,15,17.0,0.0563,0.1186,0.0,0.0,74.11,0.4
2020-07-11,UK,Europe,Original,2,0,1.0,35,38.0,0.0515,0.1483,0.0,0.0,52.62,0.473
2020-07-14,UK,Europe,Original,10,0,9.0,124,200.0,0.0403,0.1537,3.0,0.0,51.84,0.52
2020-07-15,UK,Europe,Original,38,0,36.0,649,494.0,0.0791,0.1867,25.0,0.0,74.3,0.4
2020-07-16,UK,Europe,Original,5,0,4.0,70,105.0,0.0462,0.2094,3.0,0.0,62.88,0.4
2020-07-16,UK,Europe,Original,2,0,1.0,23,26.0,0.0771,0.1718,0.0,0.0,50.31,0.455
2020-07-16,UK,Europe,Original,1,0,0.0,13,22.0,0.0463,0.0995,0.0,0.0,55.4,0.435
2020-07-16,UK,Europe,Original,16,0,15.0,234,304.0,0.0532,0.1788,10.0,0.0,67.02,0.4
2020-07-18,UK,Europe,Original,1,0,0.0,13,21.0,0.0667,0.1017,0.0,0.0,68.49,0.4
2020-07-21,UK,Europe,Original,3,0,2.0,43,69.0,0.0435,0.15155000000000002,1.0,0.0,64.62,0.4
2020-07-23,UK,Europe,Original,5,0,4.0,50,115.0,0.0472,0.15155000000000002,2.0,0.0,72.12,0.4
2020-07-24,UK,Europe,Original,1,0,0.0,15,18.0,0.0625,0.15155000000000002,0.0,0.0,72.12,0.4
2020-07-25,UK,Europe,Original,11,0,10.0,117,231.0,0.0269,0.1329,3.0,0.0,45.26,0.657
2020-07-27,UK,Europe,Original,6,0,5.0,76,132.0,0.0452,0.1832,3.0,0.0,60.6,0.523
2020-07-27,UK,Europe,Original,1,0,0.0,10,18.0,0.0718,0.1068,0.0,0.0,69.72,0.4
2020-07-29,UK,Europe,Original,1,0,0.0,14,19.0,0.0337,0.15155000000000002,0.0,0.0,74.42,0.428
2020-07-29,UK,Europe,Original,1,0,0.0,9,17.0,0.0582,0.1321,0.0,0.0,73.93,0.4
2020-08-03,UK,Europe,Original,1,0,0.0,15,15.0,0.0518,0.099,0.0,0.0,76.77,0.4
2020-08-04,UK,Europe,Original,4,0,3.0,59,88.0,0.0288,0.1364,1.0,0.0,56.38,0.433
2020-08-04,UK,Europe,Original,11,0,10.0,192,198.0,0.05,0.1255,5.0,0.0,68.35,0.4
2020-08-07,UK,Europe,Original,4,0,3.0,62,80.0,0.0445,0.1258,1.0,0.0,66.85,0.4
2020-08-08,UK,Europe,Original,1,0,0.0,11,15.0,0.0772,0.1593,0.0,0.0,58.16,0.433
2020-08-13,UK,Europe,Original,2,0,1.0,34,24.0,0.0899,0.1698,1.0,0.0,58.82,0.4
2020-08-17,UK,Europe,Original,3,0,2.0,45,60.0,0.0714,0.1631,1.0,0.0,45.26,0.619
2020-08-26,UK,Europe,Original,2,0,1.0,21,40.0,0.0433,0.1419,0.0,0.0,35.95,0.484
2020-08-28,UK,Europe,Original,26,0,23.0,290,442.0,0.0568,0.1763,9.0,0.0,47.93,0.728
2020-08-28,UK,Europe,Original,2,0,1.0,29,46.0,0.0563,0.1402,0.0,0.0,42.54,0.713
2020-08-29,UK,Europe,Original,8,0,7.0,93,184.0,0.0433,0.1041,2.0,0.0,47.78,0.423
2020-08-29,UK,Europe,Original,1,0,0.0,15,20.0,0.0567,0.1957,0.0,0.0,56.05,0.445
2020-09-02,UK,Europe,Original,4,0,3.0,51,80.0,0.041,0.1282,1.0,0.0,55.35,0.511
2020-09-07,UK,Europe,Original,1,0,0.0,17,15.0,0.0773,0.1071,0.0,0.0,43.53,0.474
2020-09-08,UK,Europe,Original,3,0,2.0,50,63.0,0.0448,0.1891,1.0,0.0,47.61,0.452
2020-09-11,UK,Europe,Original,5,0,4.0,63,90.0,0.0503,0.15155000000000002,1.0,0.0,51.38,0.415
2020-09-14,UK,Europe,Original,4,0,3.0,49,84.0,0.0613,0.1818,1.0,0.0,56.55,0.559
2020-09-19,UK,Europe,Original,1,0,0.0,14,19.0,0.0352,0.1027,0.0,0.0,38.52,0.574
2020-09-23,UK,Europe,Original,1,0,0.0,10,17.0,0.0624,0.1888,0.0,0.0,56.79,0.465
2020-09-25,UK,Europe,Original,5,0,4.0,74,120.0,0.0471,0.2018,3.0,0.0,52.5,0.537
2020-09-27,UK,Europe,Original,1,0,0.0,13,17.0,0.0641,0.1894,0.0,0.0,37.75,0.438
2020-09-27,UK,Europe,Original,2,0,1.0,27,42.0,0.0451,0.15155000000000002,1.0,0.0,44.07,0.658
2020-10-11,UK,Europe,Original,1,0,0.0,15,20.0,0.042,0.1822,0.0,0.0,40.23,0.573
2020-10-13,UK,Europe,Original,4,0,3.0,41,56.0,0.0592,0.1444,1.0,0.0,57.62,0.4
2020-10-15,UK,Europe,Original,10,0,9.0,166,160.0,0.0612,0.1301,3.0,0.0,53.96,0.428
2020-10-17,UK,Europe,Original,1,0,0.0,12,13.0,0.0739,0.15155000000000002,0.0,0.0,53.69,0.535
2020-10-17,UK,Europe,Original,2,0,1.0,30,26.0,0.0774,0.1777,0.0,0.0,53.69,0.616
2020-10-18,UK,Europe,Original,1,0,0.0,16,12.0,0.0858,0.1611,0.0,0.0,50.52,0.401
2020-10-19,UK,Europe,Original,1,0,0.0,13,14.0,0.0861,0.15155000000000002,0.0,0.0,41.4,0.707
2020-10-22,UK,Europe,Original,4,0,3.0,58,64.0,0.0447,0.15155000000000002,1.0,0.0,57.11,0.409
2020-10-23,UK,Europe,Original,12,0,11.0,141,216.0,0.0638,0.201,5.0,0.0,38.48,0.538
2020-10-23,UK,Europe,Original,13,0,11.0,145,286.0,0.052,0.168,5.0,0.0,57.99,0.475
2020-10-23,UK,Europe,Original,2,0,1.0,25,36.0,0.0614,0.2048,0.0,0.0,53.02,0.4
2020-10-25,UK,Europe,Original,3,0,2.0,44,51.0,0.0465,0.1352,1.0,0.0,35.27,0.475
2020-10-27,UK,Europe,Original,1,0,0.0,15,13.0,0.0772,0.1678,0.0,0.0,50.98,0.621
2020-10-27,UK,Europe,Original,2,0,1.0,24,24.0,0.0852,0.15155000000000002,0.0,0.0,49.23,0.632
2020-10-28,UK,Europe,Alpha,18,0,17.0,219,414.0,0.0316,0.1356,6.0,0.0,41.21,0.675
2020-10-28,UK,Europe,Original,2,0,1.0,22,34.0,0.0711,0.2094,1.0,0.0,47.11,0.513
2020-10-29,UK,Europe,Original,3,0,2.0,49,66.0,0.0484,0.1562,1.0,0.0,51.34,0.428
2020-10-29,UK,Europe,Original,2,0,1.0,34,24.0,0.0726,0.1304,1.0,0.0,52.26,0.44
2020-11-03,UK,Europe,Original,1,0,0.0,14,23.0,0.0455,0.1095,0.0,0.0,56.05,0.4
2020-11-03,UK,Europe,Alpha,5,0,4.0,82,65.0,0.0778,0.1823,4.0,0.0,44.11,0.493
2020-11-03,UK,Europe,Original,5,0,4.0,52,80.0,0.0714,0.1185,1.0,0.0,37.11,0.428
2020-11-03,UK,Europe,Original,1,0,0.0,12,14.0,0.0631,0.1719,0.0,0.0,52.09,0.652
2020-11-04,UK,Europe,Original,1,0,0.0,12,13.0,0.0897,0.1306,0.0,0.0,60.22,0.522
2020-11-05,UK,Europe,Alpha,3,0,2.0,33,57.0,0.0355,0.1152,0.0,0.0,47.82,0.483
2020-11-07,UK,Europe,Alpha,1,0,0.0,13,18.0,0.0706,0.1104,0.0,0.0,37.88,0.711
2020-11-08,UK,Europe,Original,5,0,4.0,66,85.0,0.0714,0.1426,2.0,0.0,46.05,0.751
2020-11-09,UK,Europe,Original,1,0,0.0,10,16.0,0.0772,0.1329,0.0,0.0,43.27,0.721
2020-11-09,UK,Europe,Original,3,0,2.0,49,39.0,0.0787,0.1203,0.0,0.0,58.63,0.514
2020-11-10,UK,Europe,Alpha,1,0,0.0,9,21.0,0.059,0.1603,0.0,0.0,53.97,0.755
2020-11-12,UK,Europe,Original,1,0,0.0,13,23.0,0.0557,0.1042,0.0,0.0,50.17,0.594
2020-11-13,UK,Europe,Alpha,1,0,0.0,10,17.0,0.0669,0.1603,0.0,0.0,39.67,0.818
2020-11-13,UK,Europe,Alpha,13,0,12.0,155,273.0,0.0414,0.1431,4.0,0.0,45.7,0.493
2020-11-15,UK,Europe,Alpha,6,0,5.0,77,84.0,0.0735,0.1527,1.0,0.0,60.07,0.649
2020-11-20,UK,Europe,Alpha,2,0,1.0,29,36.0,0.0677,0.1603,1.0,0.0,52.42,0.606
2020-11-21,UK,Europe,Alpha,1,0,0.0,10,17.0,0.0454,0.1603,0.0,0.0,36.92,1.062
2020-11-25,UK,Europe,Alpha,5,0,4.0,89,75.0,0.0655,0.1603,3.0,0.0,41.3,0.925
2020-11-27,UK,Europe,Alpha,6,0,5.0,95,114.0,0.0279,0.1603,4.0,0.0,39.84,1.071
2020-11-30,UK,Europe,Alpha,3,0,2.0,36,60.0,0.054,0.1044,0.0,0.0,59.33,0.436
2020-12-02,UK,Europe,Alpha,14,0,13.0,187,336.0,0.0496,0.2021,7.0,0.0,45.28,0.596
2020-12-02,UK,Europe,Alpha,1,0,0.0,14,17.0,0.0609,0.1477,0.0,0.0,56.66,0.437
2020-12-03,UK,Europe,Alpha,4,0,3.0,66,76.0,0.0541,0.1475,1.0,0.0,58.07,0.493
2020-12-04,UK,Europe,Alpha,22,0,20.0,336,440.0,0.0498,0.2301,20.0,0.0,40.81,0.493
2020-12-08,UK,Europe,Alpha,4,0,3.0,67,56.0,0.0645,0.2227,3.0,0.0,56.49,0.438
2020-12-10,UK,Europe,Alpha,1,0,0.0,9,18.0,0.0552,0.2023,0.0,0.0,63.07,0.493
2020-12-10,UK,Europe,Alpha,1,0,0.0,13,23.0,0.0305,0.1107,0.0,0.0,54.3,0.514
2020-12-12,UK,Europe,Alpha,27,0,25.0,279,621.0,0.0387,0.1024,4.0,0.0,59.15,0.637
2020-12-17,UK,Europe,Alpha,4,0,3.0,64,64.0,0.0682,0.1795,3.0,0.0,67.36,0.4
2020-12-21,UK,Europe,Alpha,8,0,7.0,122,144.0,0.0631,0.1625,4.0,0.0,52.02,0.864
2020-12-23,UK,Europe,Alpha,7,0,6.0,104,147.0,0.0404,0.1818,3.0,0.0,52.97,0.455
2020-12-23,UK,Europe,Alpha,3,0,2.0,45,57.0,0.0668,0.1296,0.0,0.0,52.28,0.845
2020-12-27,UK,Europe,Alpha,1,0,0.0,15,21.0,0.0415,0.2064,0.0,0.0,67.48,0.4
2020-12-29,UK,Europe,Alpha,2,0,1.0,35,26.0,0.0782,0.1817,1.0,0.0,67.07,0.488
2020-12-29,UK,Europe,Alpha,9,0,8.0,121,207.0,0.0547,0.1094,3.0,0.0,64.98,0.4
2020-12-29,UK,Europe,Alpha,1,0,0.0,12,22.0,0.0571,0.1283,0.0,0.0,65.34,0.624
2020-12-30,UK,Europe,Alpha,1,0,0.0,11,15.0,0.0728,0.1782,0.0,0.0,65.34,0.4
2020-12-30,UK,Europe,Alpha,8,0,7.0,99,192.0,0.0151,0.1603,2.0,0.0,65.65,0.4
2020-12-31,UK,Europe,Alpha,1,0,0.0,16,20.0,0.0456,0.2019,0.0,0.0,65.65,0.423
2021-01-06,UK,Europe,Alpha,3,0,2.0,44,72.0,0.0438,0.1597,1.0,0.0,74.12,0.4
2021-01-07,UK,Europe,Alpha,1,0,0.0,11,16.0,0.0636,0.1434,0.0,0.0163,68.65,0.438
2021-01-13,UK,Europe,Alpha,1,0,0.0,15,21.0,0.0477,0.1603,0.0,0.0322,67.11,0.4
2021-01-15,UK,Europe,Alpha,2,0,1.0,27,48.0,0.0491,0.1036,0.0,0.0025,57.36,0.77
2021-01-16,UK,Europe,Alpha,9,0,8.0,119,144.0,0.0582,0.1748,5.0,0.0025,78.72,0.4
2021-01-21,UK,Europe,Alpha,4,0,3.0,47,84.0,0.0617,0.1221,0.0,0.0025,78.72,0.575
2021-01-22,UK,Europe,Alpha,19,0,18.0,285,228.0,0.1035,0.1399,7.0,0.0322,77.71,0.4
2021-01-24,UK,Europe,Alpha,1,0,0.0,14,15.0,0.0731,0.2188,0.0,0.0163,72.59,0.4
2021-01-26,UK,Europe,Alpha,4,0,3.0,40,48.0,0.076,0.1603,1.0,0.0163,70.08,0.4
2021-01-26,UK,Europe,Alpha,2,0,1.0,20,36.0,0.0547,0.1603,0.0,0.0375,82.35,0.4
2021-01-26,UK,Europe,Alpha,1,0,0.0,11,19.0,0.054,0.2124,0.0,0.0443,66.02,0.4
2021-01-27,UK,Europe,Alpha,1,0,0.0,14,20.0,0.0391,0.1603,0.0,0.026,81.77,0.4
2021-01-29,UK,Europe,Alpha,4,0,3.0,42,80.0,0.04,0.1603,1.0,0.026,69.98,0.428
2021-01-30,UK,Europe,Alpha,1,0,0.0,13,17.0,0.0619,0.2253,0.0,0.026,84.26,0.4
2021-01-31,UK,Europe,Alpha,1,0,0.0,15,18.0,0.0571,0.1103,0.0,0.0337,80.22,0.4
2021-02-03,UK,Europe,Alpha,6,0,5.0,106,126.0,0.0434,0.1028,2.0,0.0392,80.22,0.501
2021-02-04,UK,Europe,Alpha,1,0,0.0,14,15.0,0.0543,0.2197,0.0,0.04,72.25,0.493
2021-02-07,UK,Europe,Alpha,33,0,31.0,569,561.0,0.0611,0.2247,24.0,0.035,75.46,0.4
2021-02-08,UK,Europe,Alpha,2,0,1.0,25,36.0,0.0665,0.1603,0.0,0.0594,57.07,0.606
2021-02-11,UK,Europe,Alpha,1,0,0.0,14,19.0,0.0522,0.2189,0.0,0.0594,55.18,0.601
2021-02-21,UK,Europe,Alpha,2,0,1.0,19,34.0,0.0624,0.2026,0.0,0.0697,58.75,0.4
2021-02-21,UK,Europe,Alpha,1,0,0.0,13,24.0,0.0413,0.0978,0.0,0.0664,48.54,0.633
2021-02-22,UK,Europe,Alpha,1,0,0.0,18,15.0,0.0778,0.1195,0.0,0.0639,56.23,0.677
2021-02-25,UK,Europe,Alpha,5,0,4.0,79,75.0,0.0542,0.1718,3.0,0.0639,61.21,0.515
2021-03-01,UK,Europe,Alpha,2,0,1.0,20,24.0,0.0739,0.1062,0.0,0.0821,57.79,0.481
2021-03-02,UK,Europe,Alpha,2,0,1.0,25,28.0,0.0798,0.1253,0.0,0.0618,68.93,0.4
2021-03-02,UK,Europe,Alpha,10,0,9.0,134,210.0,0.058,0.2116,5.0,0.064,68.93,0.569
2021-03-08,UK,Europe,Alpha,9,0,8.0,121,135.0,0.0529,0.152,3.0,0.0769,69.39,0.4
2021-03-13,UK,Europe,Alpha,23,0,22.0,388,460.0,0.0222,0.1528,11.0,0.101,68.29,0.514
2021-03-15,UK,Europe,Alpha,1,0,0.0,15,15.0,0.0796,0.1176,0.0,0.0901,62.69,0.466
2021-03-17,UK,Europe,Delta,7,0,6.0,75,84.0,0.0971,0.2075,3.0,0.0895,62.69,0.963
2021-03-17,UK,Europe,Delta,17,0,16.0,209,289.0,0.07,0.1398,5.0,0.1045,58.29,0.581
2021-03-18,UK,Europe,Delta,1,0,0.0,18,23.0,0.0443,0.1799,0.0,0.1031,73.06,0.616
2021-03-21,UK,Europe,Alpha,10,0,9.0,152,150.0,0.0808,0.1397,6.0,0.0962,67.7,0.437
2021-03-21,UK,Europe,Delta,1,0,0.0,13,15.0,0.0559,0.225,0.0,0.0976,62.58,0.554
2021-03-30,UK,Europe,Delta,14,0,13.0,142,182.0,0.0786,0.1123,4.0,0.1126,58.91,0.738
2021-04-05,UK,Europe,Delta,8,0,7.0,81,184.0,0.0423,0.1261,2.0,0.1338,68.39,0.467
2021-04-05,UK,Europe,Alpha,2,0,1.0,20,38.0,0.0721,0.0937,0.0,0.1172,68.39,0.493
2021-04-06,UK,Europe,Alpha,1,0,0.0,14,12.0,0.0793,0.2004,0.0,0.1219,57.75,0.595
2021-04-06,UK,Europe,Delta,6,0,5.0,101,78.0,0.0875,0.1717,3.0,0.121,80.56,0.581
2021-04-09,UK,Europe,Alpha,4,0,3.0,48,52.0,0.0981,0.1317,1.0,0.109,60.89,0.588
2021-04-13,UK,Europe,Alpha,4,0,3.0,39,64.0,0.0616,0.144,1.0,0.1203,80.47,0.4
2021-04-19,UK,Europe,Delta,3,0,2.0,31,42.0,0.0625,0.1419,1.0,0.1495,58.46,0.503
2021-04-20,UK,Europe,Delta,1,0,0.0,11,15.0,0.0584,0.2181,0.0,0.1431,70.89,0.56
2021-04-21,UK,Europe,Delta,26,0,25.0,397,598.0,0.0488,0.16,13.0,0.1415,59.24,0.762
2021-04-21,UK,Europe,Delta,1,0,0.0,9,17.0,0.0558,0.2363,0.0,0.1495,60.32,0.656
2021-04-28,UK,Europe,Delta,8,0,7.0,103,112.0,0.0832,0.1706,3.0,0.1381,59.78,0.515
2021-04-29,UK,Europe,Delta,1,0,0.0,17,20.0,0.0445,0.2184,0.0,0.1751,67.32,0.622
2021-05-02,UK,Europe,Delta,11,0,10.0,144,198.0,0.0548,0.1494,5.0,0.1597,67.31,0.752
2021-05-02,UK,Europe,Delta,2,0,1.0,25,30.0,0.0665,0.1204,0.0,0.1705,68.44,0.402
2021-05-04,UK,Europe,Delta,1,0,0.0,14,16.0,0.0722,0.1457,0.0,0.1547,51.15,0.632
2021-05-04,UK,Europe,Delta,1,0,0.0,15,18.0,0.0462,0.1259,0.0,0.168,59.24,0.607
2021-05-09,UK,Europe,Delta,10,0,9.0,106,150.0,0.0608,0.1917,3.0,0.1851,62.0,0.671
2021-05-11,UK,Europe,Delta,1,0,0.0,11,22.0,0.0297,0.1851,0.0,0.1579,76.02,0.4
2021-05-12,UK,Europe,Delta,1,0,0.0,11,14.0,0.884770736,0.1583,0.0,0.1836,64.7,0.455
2021-05-16,UK,Europe,Delta,4,0,3.0,45,48.0,0.0807,0.1262,1.0,0.1797,76.97,0.411
2021-05-17,UK,Europe,Delta,1,0,0.0,15,13.0,0.0879,0.1718,0.0,0.1925,81.34,0.4
2021-05-21,UK,Europe,Delta,2,0,1.0,34,42.0,0.0573,0.2226,2.0,0.1893,81.12,0.4
2021-05-21,UK,Europe,Delta,30,0,28.0,494,720.0,0.0432,0.16,24.0,0.1964,78.08,0.4
2021-05-26,UK,Europe,Delta,6,0,5.0,104,108.0,0.0664,0.2059,5.0,0.1917,79.02,0.4
2021-05-29,UK,Europe,Delta,5,0,4.0,56,75.0,0.0642,0.2268,2.0,0.2045,70.1,0.535
2021-05-29,UK,Europe,Delta,19,0,17.0,195,361.0,0.0347,0.1392,5.0,0.1976,73.16,0.563
2021-05-29,UK,Europe,Delta,2,0,1.0,23,32.0,0.056,0.2076,0.0,0.2044,54.64,0.887
2021-05-31,UK,Europe,Delta,4,0,3.0,54,64.0,0.0571,0.1455,2.0,0.2018,54.64,0.969
2021-06-09,UK,Europe,Delta,73,1,68.0,1290,1022.0,0.0698,0.1045,32.0,0.2268,78.81,0.4
2021-06-11,UK,Europe,Delta,2,0,1.0,35,36.0,0.0516,0.1721,1.0,0.2177,67.22,0.455
2021-06-13,UK,Europe,Delta,20,0,19.0,300,340.0,0.0709,0.1242,7.0,0.2334,76.88,0.581
2021-06-13,UK,Europe,Delta,2,0,1.0,26,38.0,0.0596,0.2238,0.0,0.2086,75.91,0.4
2021-06-15,UK,Europe,Delta,6,0,5.0,105,78.0,0.0963,0.2266,4.0,0.2267,51.87,0.867
2021-06-20,UK,Europe,Delta,1,0,0.0,14,19.0,0.0521,0.1339,0.0,0.2177,77.97,0.498
2021-06-20,UK,Europe,Delta,27,0,25.0,332,432.0,0.0494,0.1208,9.0,0.2249,77.2,0.401
2021-06-21,UK,Europe,Delta,27,0,25.0,328,324.0,0.0722,0.1805,9.0,0.2445,67.23,0.427
2021-06-21,UK,Europe,Delta,8,0,7.0,119,152.0,0.0597,0.1206,2.0,0.2377,65.62,0.412
2021-06-22,UK,Europe,Delta,1,0,0.0,14,20.0,0.0514,0.1377,0.0,0.224,79.36,0.4
2021-06-25,UK,Europe,Delta,24,0,23.0,353,504.0,0.047,0.1486,9.0,0.2184,78.43,0.431
2021-06-26,UK,Europe,Delta,16,0,15.0,188,352.0,0.0394,0.1761,7.0,0.2364,66.06,0.581
2021-06-29,UK,Europe,Delta,1,0,0.0,16,20.0,0.0636,0.1935,0.0,0.2391,61.94,0.642
2021-07-03,UK,Europe,Delta,1,0,0.0,15,22.0,0.037,0.0975,0.0,0.2377,66.8,0.469
2021-07-04,UK,Europe,Delta,1,0,0.0,15,16.0,0.0493,0.1369,0.0,0.2392,60.28,0.537
2021-07-10,UK,Europe,Delta,1,0,0.0,18,12.0,0.0758,0.137,0.0,0.2437,66.7,0.501
2021-07-12,UK,Europe,Delta,45,0,4.0,87,60.0,0.083,0.1246,1.0,0.266,52.36,0.86
2021-07-12,UK,Europe,Delta,2,0,1.0,31,32.0,0.071,0.1138,0.0,0.2582,66.21,0.619
2021-07-17,UK,Europe,Delta,4,0,3.0,43,64.0,0.0739,0.1025,0.0,0.2711,76.47,0.4
2021-07-21,UK,Europe,Delta,3,0,2.0,53,66.0,0.0319,0.1777,2.0,0.2963,60.9,0.559
2021-07-22,UK,Europe,Delta,24,0,22.0,365,432.0,0.0573,0.1186,6.0,0.2734,79.08,0.4
2021-07-23,UK,Europe,Delta,2,0,1.0,36,48.0,0.0427,0.1008,0.0,0.2722,79.08,0.4
2021-07-24,UK,Europe,Delta,142,2,132.0,1465,1704.0,0.0804,0.1383,50.0,0.2695,87.64,0.4
2021-07-26,UK,Europe,Delta,1,0,0.0,14,22.0,0.052,0.1558,0.0,0.2981,65.9,0.552
2021-07-26,UK,Europe,Delta,13,0,12.0,162,182.0,0.0807,0.1025,2.0,0.2818,69.71,0.481
2021-07-27,UK,Europe,Delta,1,0,0.0,18,22.0,0.0683,0.2057,0.0,0.28,68.1,0.54
2021-07-27,UK,Europe,Delta,2,0,1.0,30,24.0,0.0764,0.16,1.0,0.2782,63.82,0.417
2021-07-30,UK,Europe,Delta,5,0,4.0,56,90.0,0.0359,0.1407,1.0,0.2976,78.15,0.434
2021-07-31,UK,Europe,Delta,19,0,18.0,272,380.0,0.0464,0.16,6.0,0.2898,65.63,0.477
2021-08-09,UK,Europe,Delta,1,0,0.0,11,22.0,0.0262,0.1932,0.0,0.3031,56.0,0.703
2021-08-09,UK,Europe,Delta,2,0,1.0,29,44.0,0.0348,0.1372,0.0,0.2818,48.16,0.581
2021-08-13,UK,Europe,Delta,3,0,2.0,43,72.0,0.0287,0.1563,1.0,0.315,68.32,0.653
2021-08-14,UK,Europe,Delta,1,0,0.0,13,17.0,0.0557,0.16,0.0,0.3106,54.97,0.953
2021-08-14,UK,Europe,Delta,4,0,3.0,66,76.0,0.0406,0.1541,1.0,0.3001,63.16,0.495
2021-08-15,UK,Europe,Delta,13,0,12.0,173,182.0,0.0757,0.1491,6.0,0.3032,66.36,0.604
2021-08-16,UK,Europe,Delta,4,0,3.0,67,56.0,0.0812,0.16,1.0,0.2968,55.81,0.866
2021-08-16,UK,Europe,Delta,4,0,3.0,49,56.0,0.0597,0.1884,1.0,0.2911,61.1,0.486
2021-08-18,UK,Europe,Delta,8,0,7.0,109,136.0,0.0598,0.2001,6.0,0.306,61.1,0.86
2021-08-21,UK,Europe,Delta,6,0,5.0,75,114.0,0.0666,0.2031,2.0,0.3295,57.06,0.581
2021-08-24,UK,Europe,Delta,36,0,34.0,502,828.0,0.0487,0.097,9.0,0.3353,43.65,1.039
2021-09-01,UK,Europe,Delta,2,0,1.0,34,38.0,0.0632,0.15,1.0,0.3359,42.66,1.103
2021-09-02,UK,Europe,Delta,24,0,23.0,275,456.0,0.0674,0.1445,9.0,0.3352,37.96,0.866
2021-09-02,UK,Europe,Delta,2,0,1.0,29,42.0,0.0512,0.182,1.0,0.3387,45.6,0.792
2021-09-04,UK,Europe,Delta,1,0,0.0,11,13.0,0.086,0.1951,0.0,0.353,45.24,0.832
2021-09-05,UK,Europe,Delta,6,0,5.0,77,132.0,0.0261,0.092,1.0,0.3305,50.57,0.565
2021-09-08,UK,Europe,Delta,8,0,7.0,98,192.0,0.0392,0.1196,1.0,0.3392,58.86,0.607
2021-09-09,UK,Europe,Delta,21,0,19.0,226,378.0,0.0447,0.16,5.0,0.3396,66.35,0.443
2021-09-14,UK,Europe,Delta,1,0,0.0,10,12.0,0.1016,0.16,0.0,0.3571,47.79,1.096
2021-09-17,UK,Europe,Delta,6,0,5.0,66,114.0,0.0343,0.1367,2.0,0.3464,51.92,0.762
2021-09-18,UK,Europe,Delta,6,0,5.0,67,126.0,0.0324,0.1075,1.0,0.3607,52.22,0.821
2021-09-18,UK,Europe,Delta,3,0,2.0,30,54.0,0.0527,0.1209,0.0,0.3575,47.06,0.589
2021-09-30,UK,Europe,Delta,1,0,0.0,15,22.0,0.0544,0.1153,0.0,0.3844,52.57,0.545
2021-10-10,UK,Europe,Omicron,11,0,10.0,188,143.0,0.0825,0.0624,2.0,0.4005,64.01,0.968
2021-10-11,UK,Europe,Omicron,12,0,11.0,117,180.0,0.0766,0.0431,1.0,0.3912,56.24,0.866
2021-10-11,UK,Europe,Delta,1,0,0.0,14,12.0,0.0884,0.1479,0.0,0.4061,61.56,0.665
2021-10-15,UK,Europe,Omicron,8,0,7.0,92,176.0,0.0571,0.0412,0.0,0.398,61.56,0.868
2021-10-15,UK,Europe,Delta,2,0,1.0,31,24.0,0.0902,0.1156,0.0,0.3993,43.42,0.609
2021-10-16,UK,Europe,Delta,16,0,14.0,265,368.0,0.0454,0.1767,7.0,0.403,69.28,0.4
2021-10-17,UK,Europe,Omicron,15,0,14.0,172,195.0,0.0786,0.0586,2.0,0.388,62.15,0.695
2021-10-19,UK,Europe,Omicron,19,0,17.0,271,247.0,0.082,0.0875,6.0,0.4035,41.43,1.654
2021-10-21,UK,Europe,Delta,4,0,3.0,70,60.0,0.0701,0.16,1.0,0.3986,41.43,0.444
2021-10-26,UK,Europe,Delta,2,0,1.0,32,32.0,0.0742,0.1891,0.0,0.4229,37.75,1.054
2021-11-07,UK,Europe,Omicron,11,0,10.0,110,143.0,0.0825,0.0606,1.0,0.4309,55.96,0.697
2021-11-14,UK,Europe,Omicron,1,0,0.0,15,14.0,0.0578,0.0407,0.0,0.4183,47.77,1.315
2021-11-16,UK,Europe,Omicron,8,0,7.0,106,168.0,0.0346,0.0773,1.0,0.4431,51.13,0.744
2021-11-16,UK,Europe,Omicron,1,0,0.0,11,15.0,0.0633,0.0519,0.0,0.4342,39.56,1.522
2021-11-19,UK,Europe,Omicron,11,0,10.0,129,220.0,0.0386,0.0421,1.0,0.4459,59.32,0.86
2021-11-22,UK,Europe,Omicron,1,0,0.0,10,24.0,0.0445,0.0505,0.0,0.4518,39.15,1.678
2021-11-23,UK,Europe,Omicron,30,0,28.0,323,690.0,0.0374,0.0689,5.0,0.4601,45.38,0.882
2021-11-25,UK,Europe,Omicron,1,0,0.0,12,20.0,0.0431,0.0606,0.0,0.4366,41.08,1.415
2021-11-26,UK,Europe,Omicron,11,0,10.0,139,132.0,0.0849,0.0831,2.0,0.4428,33.8,1.188
2021-11-27,UK,Europe,Omicron,11,0,10.0,118,220.0,0.0372,0.0695,1.0,0.4594,35.73,1.311
2021-11-27,UK,Europe,Omicron,17,0,16.0,248,221.0,0.0742,0.0697,4.0,0.4748,47.47,1.304
2021-11-30,UK,Europe,Omicron,1,0,0.0,13,23.0,0.0335,0.0582,0.0,0.4662,28.72,1.139
2021-12-01,UK,Europe,Omicron,9,0,8.0,94,198.0,0.0483,0.05,1.0,0.4607,26.96,1.668
2021-12-04,UK,Europe,Omicron,1,0,0.0,16,12.0,0.0898,0.0606,0.0,0.4674,33.12,1.482
2021-12-08,UK,Europe,Omicron,4,0,3.0,68,84.0,0.0384,0.0582,0.0,0.4686,28.8,1.171
2021-12-10,UK,Europe,Omicron,8,0,7.0,127,176.0,0.0323,0.0606,1.0,0.4792,32.23,1.147
2021-12-11,UK,Europe,Omicron,4,0,3.0,47,72.0,0.0466,0.0666,0.0,0.4749,23.26,1.888
2021-12-11,UK,Europe,Omicron,16,0,14.0,161,336.0,0.0451,0.0636,2.0,0.4639,36.28,1.532
2021-12-12,UK,Europe,Omicron,9,0,8.0,151,207.0,0.0422,0.0371,1.0,0.4746,40.46,1.335
2021-12-13,UK,Europe,Omicron,60,0,57.0,1036,720.0,0.0903,0.0606,18.0,0.4942,46.18,1.041
2021-12-14,UK,Europe,Omicron,8,0,7.0,130,176.0,0.0535,0.0465,1.0,0.4756,46.18,1.2415
2021-12-15,UK,Europe,Omicron,4,0,3.0,66,96.0,0.0476,0.0729,1.0,0.4816,50.56,0.841
2021-12-19,UK,Europe,Omicron,10,0,9.0,155,200.0,0.0641,0.0536,1.0,0.4806,43.38,1.54
2021-12-23,UK,Europe,Omicron,9,0,8.0,133,171.0,0.0388,0.0521,1.0,0.4868,45.94,0.928
2021-12-31,UK,Europe,Omicron,11,0,10.0,120,264.0,0.0341,0.0677,1.0,0.5051,45.94,1.476
2022-01-02,UK,Europe,Omicron,3,0,2.0,51,39.0,0.0609,0.0455,0.0,0.5092,25.85,1.513
2022-01-04,UK,Europe,Omicron,2,0,1.0,32,26.0,0.092,0.0561,0.0,0.5216,44.36,1.2
2022-01-05,UK,Europe,Omicron,1,0,0.0,17,19.0,0.0499,0.0606,0.0,0.5053,46.84,0.87
2022-01-05,UK,Europe,Omicron,9,0,8.0,119,153.0,0.0666,0.0806,2.0,0.4989,46.84,1.075
2022-01-08,UK,Europe,Omicron,1,0,0.0,14,24.0,0.0456,0.0536,0.0,0.5144,26.32,1.464
2022-01-10,UK,Europe,Omicron,2,0,1.0,29,28.0,0.0761,0.0488,0.0,0.5205,51.97,1.2415
2022-01-10,UK,Europe,Omicron,14,0,13.0,245,182.0,0.0985,0.0687,2.0,0.5022,28.64,1.397
2022-01-12,UK,Europe,Omicron,1,0,0.0,14,14.0,0.0775,0.0442,0.0,0.5191,25.83,1.312
2022-01-13,UK,Europe,Omicron,40,0,37.0,642,800.0,0.0334,0.0539,5.0,0.5169,25.83,1.333
2022-01-16,UK,Europe,Omicron,105,0,102.0,1811,1890.0,0.0453,0.0707,37.0,0.5205,50.29,1.153
2022-01-17,UK,Europe,Omicron,1,0,0.0,13,15.0,0.0839,0.0557,0.0,0.5422,22.58,1.85
2022-01-18,UK,Europe,Omicron,7,0,6.0,125,154.0,0.0436,0.0617,1.0,0.5051,41.81,1.2415
2022-01-24,UK,Europe,Omicron,9,0,8.0,103,144.0,0.0611,0.0528,0.0,0.5466,54.13,1.186
2022-01-24,UK,Europe,Omicron,6,0,5.0,94,108.0,0.0623,0.0606,0.0,0.5373,38.5,0.844
2022-01-24,UK,Europe,Omicron,7,0,6.0,81,119.0,0.063,0.0409,0.0,0.532,27.4,1.548
2022-01-29,UK,Europe,Omicron,50,0,47.0,743,1050.0,0.0614,0.0674,13.0,0.5524,43.63,1.2415
2022-01-31,UK,Europe,Omicron,1,0,0.0,15,16.0,0.0734,0.0561,0.0,0.5403,31.82,1.027
2022-01-31,UK,Europe,Omicron BA.2,1,0,0.0,17,21.0,0.0556,0.0673,0.0,0.5442,23.99,1.368
2022-02-07,UK,Europe,Omicron,9,0,8.0,131,180.0,0.0599,0.0606,1.0,0.549,61.02,0.921
2022-02-09,UK,Europe,Omicron BA.2,7,0,6.0,79,84.0,0.0727,0.0331,0.0,0.5558,37.51,1.517
2022-02-10,UK,Europe,Omicron,9,0,8.0,128,144.0,0.0735,0.0588,2.0,0.5802,37.02,1.2415
2022-02-12,UK,Europe,Omicron,1,0,0.0,16,20.0,0.0478,0.0482,0.0,0.5609,49.29,0.792
2022-02-13,UK,Europe,Omicron,1,0,0.0,17,13.0,0.0933,0.0724,0.0,0.5562,44.47,1.2415
2022-02-15,UK,Europe,Omicron BA.2,10,0,9.0,162,230.0,0.0495,0.0484,1.0,0.5801,49.82,1.356
2022-02-16,UK,Europe,Omicron BA.2,19,0,17.0,272,304.0,0.064,0.055,2.0,0.576,38.65,1.542
2022-02-18,UK,Europe,Omicron BA.2,3,0,2.0,37,51.0,0.0592,0.0526,0.0,0.5581,24.84,1.506
2022-02-20,UK,Europe,Omicron BA.2,1,0,0.0,9,12.0,0.0881,0.0395,0.0,0.5825,29.84,1.675
2022-02-21,UK,Europe,Omicron,1,0,0.0,10,16.0,0.0533,0.0654,0.0,0.5915,44.56,0.933
2022-02-25,UK,Europe,Omicron,10,0,9.0,158,180.0,0.0474,0.0419,1.0,0.5755,25.79,1.722
2022-02-28,UK,Europe,Omicron,29,0,27.0,364,667.0,0.0498,0.0343,3.0,0.5886,33.45,0.918
2022-03-01,UK,Europe,Omicron,7,0,6.0,71,126.0,0.0825,0.0606,0.0,0.5857,47.65,1.086
2022-03-03,UK,Europe,Omicron,2,0,2.0,33,42.0,0.0569,0.0348,0.0,0.5913,27.72,1.2415
2022-03-04,UK,Europe,Omicron,7,0,6.0,85,133.0,0.0585,0.0667,1.0,0.5972,56.68,0.725
2022-03-05,UK,Europe,Omicron BA.2,10,0,10.0,154,150.0,0.0766,0.0306,1.0,0.585,30.02,2.098
2022-03-05,UK,Europe,Omicron BA.2,6,0,5.0,86,114.0,0.941843916,0.0372,1.0,0.5935,43.18,1.724
2022-03-10,UK,Europe,Omicron BA.2,322,1,307.0,5803,4508.0,0.0742,0.058,75.0,0.5989,36.14,1.545
2022-03-16,UK,Europe,Omicron BA.2,12,0,11.0,118,276.0,0.0264,0.0464,0.0,0.6205,16.19,2.008
2022-03-18,UK,Europe,Omicron BA.2,5,0,5.0,83,105.0,0.0537,0.0466,0.0,0.612,20.49,1.956
2022-03-22,UK,Europe,Omicron BA.2,2,0,2.0,25,42.0,0.0399,0.055,0.0,0.6211,35.95,1.81
2022-03-29,UK,Europe,Omicron BA.2,67,0,64.0,844,1139.0,0.0468,0.0437,8.0,0.6229,13.8,2.567
2022-03-29,UK,Europe,Omicron BA.2,4,0,4.0,44,76.0,0.0475,0.0372,0.0,0.6137,34.5,1.046
2022-04-01,UK,Europe,Omicron BA.2,10,0,9.0,181,220.0,0.053,0.0444,1.0,0.6343,38.52,0.956
2022-04-02,UK,Europe,Omicron BA.2,7,0,7.0,93,154.0,0.0441,0.0372,0.0,0.6217,9.64,2.324
2022-04-06,UK,Europe,Omicron BA.2,11,0,11.0,176,165.0,0.0704,0.0497,1.0,0.6298,9.64,1.814
2022-04-09,UK,Europe,Omicron BA.2,1,0,0.0,11,13.0,0.0795,0.0479,0.0,0.635,36.12,1.167
2022-04-09,UK,Europe,Omicron BA.2,23,0,22.0,348,529.0,0.0554,0.0326,2.0,0.661,22.11,1.664
2022-04-10,UK,Europe,Omicron BA.2,1,0,0.0,10,12.0,0.0824,0.0403,0.0,0.6406,34.29,1.645
2022-04-15,UK,Europe,Omicron BA.2,1,0,0.0,11,23.0,0.0492,0.0361,0.0,0.643,36.09,1.136
2022-04-21,UK,Europe,Omicron BA.2,1,0,1.0,17,16.0,0.0623,0.0498,0.0,0.6785,36.09,1.645
2022-04-21,UK,Europe,Omicron BA.2,11,0,11.0,111,176.0,0.0683,0.05,1.0,0.6479,27.7,1.137
2022-04-22,UK,Europe,Omicron BA.2,1,0,1.0,17,20.0,0.0281,0.0402,0.0,0.6631,23.32,1.673
2022-04-23,UK,Europe,Omicron BA.2,9,0,8.0,151,171.0,0.0669,0.0581,2.0,0.6781,33.8,1.645
2022-04-25,UK,Europe,Omicron BA.2,4,0,4.0,63,52.0,0.0815,0.0424,0.0,0.6841,35.33,0.95
2022-04-26,UK,Europe,Omicron BA.2,1,0,1.0,15,13.0,0.0762,0.0396,0.0,0.6666,11.07,1.552
2022-04-26,UK,Europe,Omicron BA.2,3,0,2.0,39,63.0,0.0418,0.0448,0.0,0.6574,33.5,1.69
2022-04-28,UK,Europe,Omicron BA.2,8,0,7.0,121,96.0,0.0735,0.0313,0.0,0.6738,13.61,1.36
2022-04-29,UK,Europe,Omicron BA.2,1,0,1.0,11,21.0,0.0655,0.0359,0.0,0.6499,13.61,1.571
2022-05-01,UK,Europe,Omicron BA.2,2,0,2.0,35,40.0,0.0384,0.0366,0.0,0.6682,13.61,2.242
2022-05-01,UK,Europe,Omicron BA.2,11,0,10.0,183,242.0,0.0378,0.0535,2.0,0.6921,21.39,2.1
2022-05-02,UK,Europe,Omicron BA.2,10,0,9.0,113,160.0,0.0714,0.0432,1.0,0.6729,27.55,2.082
2022-05-03,UK,Europe,Omicron BA.2,18,0,17.0,284,324.0,0.0608,0.026,1.0,0.6689,31.27,1.068
2022-05-12,UK,Europe,Omicron BA.2,12,0,11.0,183,252.0,0.0432,0.0371,1.0,0.6896,31.27,1.8
2022-05-12,UK,Europe,Omicron BA.2,2,0,1.0,29,44.0,0.0636,0.0372,0.0,0.681,31.9,1.173
2022-05-12,UK,Europe,Omicron BA.2,41,0,39.0,614,697.0,0.055,0.0413,5.0,0.6934,4.92,1.913
2022-05-12,UK,Europe,Omicron BA.2,24,0,23.0,379,312.0,0.088,0.052,5.0,0.693,41.42,1.248
2022-05-15,UK,Europe,Omicron BA.2,1,0,0.0,14,16.0,0.0506,0.0519,0.0,0.7004,23.36,1.978
2022-05-18,UK,Europe,Omicron BA.2,3,0,2.0,53,54.0,0.0574,0.03,0.0,0.6868,25.72,1.645
2022-05-19,UK,Europe,Omicron BA.2,1,0,1.0,13,21.0,0.0305,0.0372,0.0,0.7019,14.99,2.044
2022-05-21,UK,Europe,Omicron BA.2,1,0,0.0,10,23.0,0.0508,0.0488,0.0,0.6907,13.21,1.638
2022-05-24,UK,Europe,Omicron BA.2,16,0,15.0,247,368.0,0.0495,0.0413,3.0,0.6988,8.88,2.221
2022-05-24,UK,Europe,Omicron BA.2,2,0,1.0,34,28.0,0.0637,0.0312,0.0,0.6964,37.18,1.458
2022-05-28,UK,Europe,Omicron BA.2,30,0,29.0,351,480.0,0.0569,0.0413,2.0,0.7082,7.37,1.981
2022-06-06,UK,Europe,Omicron BA.2,5,0,4.0,70,120.0,0.0452,0.0383,0.0,0.7239,30.62,1.593
2022-06-11,UK,Europe,Omicron BA.2,5,0,4.0,62,65.0,0.0733,0.03,0.0,0.744,31.85,1.142
2022-06-11,UK,Europe,Omicron BA.2,4,0,4.0,52,80.0,0.0497,0.0357,0.0,0.7246,27.28,1.625
2022-06-13,UK,Europe,Omicron BA.2,7,0,6.0,69,84.0,0.093,0.0538,0.0,0.7249,27.28,1.16
2022-06-15,UK,Europe,Omicron BA.2,8,0,7.0,104,176.0,0.0453,0.0338,0.0,0.7185,39.52,0.904
2022-06-16,UK,Europe,Omicron BA.2,1,0,0.0,12,17.0,0.0686,0.0406,0.0,0.7149,14.68,1.657
2022-06-21,UK,Europe,Omicron BA.2,33,0,32.0,395,660.0,0.0576,0.0369,2.0,0.7309,33.84,1.645
2022-06-24,UK,Europe,Omicron BA.2,8,0,8.0,141,184.0,0.0388,0.0366,0.0,0.7619,22.67,1.263
2022-06-27,UK,Europe,Omicron BA.2,29,0,26.0,380,551.0,0.0654,0.0372,3.0,0.7385,38.61,1.201
2022-06-28,UK,Europe,Omicron BA.2,37,0,35.0,623,481.0,0.0731,0.0356,4.0,0.7594,22.35,1.129
2022-06-29,UK,Europe,Omicron BA.2,2,0,2.0,34,48.0,0.068,0.0321,0.0,0.7555,39.62,1.528
2022-06-30,UK,Europe,Omicron BA.2,6,0,5.0,86,114.0,0.0493,0.0377,0.0,0.769,23.74,2.025
2022-07-02,UK,Europe,Omicron BA.2,10,0,9.0,158,210.0,0.0557,0.0334,1.0,0.7648,40.17,1.339
2022-07-06,UK,Europe,Omicron BA.2,6,0,5.0,75,108.0,0.0376,0.0451,0.0,0.7739,23.76,1.645
2022-07-08,UK,Europe,Omicron BA.2,1,0,1.0,16,17.0,0.0685,0.0475,0.0,0.7638,19.4,1.645
2022-07-11,UK,Europe,Omicron BA.2,46,0,42.0,516,782.0,0.0622,0.0233,2.0,0.7647,34.45,1.532
2022-07-12,UK,Europe,Omicron BA.2,24,0,23.0,238,336.0,0.0758,0.027,1.0,0.7813,31.27,1.09
2022-07-12,UK,Europe,Omicron BA.2,2,0,1.0,27,32.0,0.0552,0.0327,0.0,0.7755,31.85,1.143
2022-07-15,UK,Europe,Omicron BA.2,6,0,5.0,89,84.0,0.0698,0.0485,0.0,0.7621,18.89,1.696
2022-07-16,UK,Europe,Omicron BA.2,1,0,0.0,17,24.0,0.0362,0.0408,0.0,0.7905,33.36,1.567
2022-07-18,UK,Europe,Omicron BA.2,6,0,5.0,73,144.0,0.0329,0.041,0.0,0.7784,31.27,1.494
2022-07-18,UK,Europe,Omicron BA.2,13,0,12.0,159,312.0,0.0232,0.0261,0.0,0.7806,11.88,1.292
2022-07-24,UK,Europe,Omicron BA.2,5,0,5.0,87,120.0,0.0419,0.0372,0.0,0.7735,11.88,1.238
2022-07-28,UK,Europe,Omicron BA.2,211,0,201.0,2801,2954.0,0.0765,0.033,14.0,0.8011,37.53,0.964
2022-07-29,UK,Europe,Omicron BA.2,9,0,9.0,120,216.0,0.0428,0.0481,1.0,0.787,34.32,1.394
2022-07-30,UK,Europe,Omicron BA.2,35,0,33.0,362,595.0,0.0576,0.0372,4.0,0.8009,39.92,1.26
2022-08-01,UK,Europe,Omicron BA.2,1,0,0.0,15,20.0,0.0427,0.0474,0.0,0.8049,17.63,1.876
2022-08-03,UK,Europe,Omicron BA.2,21,0,20.0,369,273.0,0.0719,0.0372,4.0,0.8047,17.63,1.72
2022-08-05,UK,Europe,Omicron BA.2,24,0,22.0,432,288.0,0.0742,0.0409,3.0,0.8101,37.34,1.64
2022-08-07,UK,Europe,Omicron BA.2,12,0,11.0,119,240.0,0.0287,0.0244,0.0,0.8098,31.52,0.964
2022-08-07,UK,Europe,Omicron BA.2,1,0,0.0,13,24.0,0.0362,0.022,0.0,0.8041,32.42,1.468
2022-08-10,UK,Europe,Omicron BA.2,17,0,16.0,262,323.0,0.0558,0.0247,1.0,0.7934,24.74,1.94
2022-08-10,UK,Europe,Omicron BA.2,7,0,6.0,96,112.0,0.0737,0.0372,0.0,0.809,16.9,1.755
2022-08-10,UK,Europe,Omicron BA.2,37,0,35.0,502,592.0,0.064,0.0407,3.0,0.814,37.3,0.995
2022-08-11,UK,Europe,Omicron BA.2,14,0,13.0,150,252.0,0.0501,0.0357,1.0,0.8051,10.24,1.275
2022-08-16,UK,Europe,Omicron BA.2,1,0,0.0,12,21.0,0.0554,0.0292,0.0,0.8219,26.2,1.529
2022-08-19,UK,Europe,Omicron BA.2,7,0,6.0,85,161.0,0.0754,0.0282,0.0,0.8347,16.84,1.991
2022-08-20,UK,Europe,Omicron BA.2,6,0,5.0,69,84.0,0.0694,0.02,0.0,0.8379,14.41,1.401
2022-08-21,UK,Europe,Omicron BA.2,1,0,0.0,11,24.0,0.0359,0.022,0.0,0.8403,12.08,1.768
2022-08-21,UK,Europe,Omicron BA.2,2,0,1.0,33,46.0,0.0465,0.0357,0.0,0.8306,17.45,1.945
2022-08-22,UK,Europe,Omicron BA.2,2,0,2.0,27,28.0,0.0842,0.022,0.0,0.8254,22.31,1.901
2022-08-22,UK,Europe,Omicron BA.2,160,0,153.0,1934,2400.0,0.0623,0.0306,17.0,0.8334,31.99,1.645
2022-08-27,UK,Europe,Omicron BA.2,1,0,1.0,10,18.0,0.0459,0.0216,0.0,0.836,13.33,2.102
2022-08-30,UK,Europe,Omicron BA.2,1,0,0.0,18,23.0,0.0367,0.0372,0.0,0.8523,13.3,1.645
2022-09-01,UK,Europe,Omicron BA.2,4,0,3.0,40,96.0,0.0431,0.0343,0.0,0.861,35.48,1.073
2022-09-03,UK,Europe,Omicron BA.2,2,0,2.0,24,38.0,0.0604,0.0455,0.0,0.8338,30.06,1.001
2022-09-03,UK,Europe,Omicron BA.2,2,0,1.0,28,40.0,0.0425,0.0394,0.0,0.842,15.84,1.89
2022-09-07,UK,Europe,Omicron BA.2,1,0,0.0,15,13.0,0.0687,0.0372,0.0,0.8637,32.9,1.661
2022-09-09,UK,Europe,Omicron BA.2,16,0,14.0,206,224.0,0.0831,0.0289,1.0,0.8652,15.8,1.645
2022-09-11,UK,Europe,Omicron BA.2,29,0,28.0,476,609.0,0.0553,0.0254,3.0,0.8584,15.47,1.687
2022-09-12,UK,Europe,Omicron BA.2,16,0,14.0,278,368.0,0.039,0.0409,2.0,0.855,14.78,1.228
2022-09-12,UK,Europe,Omicron BA.2,1,0,0.0,13,12.0,0.0797,0.0421,0.0,0.8683,29.3,1.322
2022-09-19,UK,Europe,Omicron BA.2,4,0,3.0,50,96.0,0.0618,0.023,0.0,0.8741,29.3,1.497
2022-09-19,UK,Europe,Omicron BA.2,2,0,2.0,25,30.0,0.0583,0.0254,0.0,0.8755,29.43,1.284
2022-09-20,UK,Europe,Omicron BA.2,4,0,3.0,46,80.0,0.0457,0.0379,0.0,0.8757,25.23,1.578
2022-09-24,UK,Europe,Omicron BA.2,5,0,5.0,71,90.0,0.0636,0.0237,0.0,0.8732,15.26,1.954
2022-09-28,UK,Europe,Omicron BA.2,24,0,23.0,372,312.0,0.1006,0.0234,1.0,0.8678,27.99,1.33
2022-09-28,UK,Europe,Omicron BA.2,1,0,0.0,11,14.0,0.0584,0.041,0.0,0.89,28.71,1.645
2022-10-03,UK,Europe,Omicron BA.2,2,0,1.0,21,44.0,0.0537,0.0195,0.0,0.8811,18.6,1.327
2022-10-04,UK,Europe,Omicron BA.2,1,0,1.0,17,14.0,0.0592,0.0338,0.0,0.8912,26.92,1.476
2022-10-04,UK,Europe,Omicron BA.2,1,0,1.0,12,12.0,0.0867,0.0372,0.0,0.8854,35.69,1.535
2022-10-13,UK,Europe,Omicron BA.2,3,0,2.0,50,57.0,0.0602,0.0303,0.0,0.9093,16.41,2.028
2022-10-14,UK,Europe,Omicron BA.2,12,0,11.0,200,192.0,0.0647,0.0399,1.0,0.9075,13.49,1.737
2022-10-15,UK,Europe,Omicron BA.2,1,0,1.0,10,14.0,0.0688,0.0185,0.0,0.8999,10.56,2.203
2022-10-17,UK,Europe,Omicron BA.2,11,0,10.0,142,176.0,0.057,0.0319,1.0,0.9057,13.08,1.348
2022-10-19,UK,Europe,Omicron BA.2,1,0,1.0,10,18.0,0.0702,0.0372,0.0,0.902,33.16,1.622
2022-10-20,UK,Europe,Omicron BA.2,8,0,8.0,140,144.0,0.0643,0.0254,0.0,0.8901,33.16,1.791
2022-10-22,UK,Europe,Omicron BA.2,2,0,2.0,31,46.0,0.0347,0.0333,0.0,0.9112,11.33,1.444
2022-10-22,UK,Europe,Omicron BA.2,1,0,1.0,17,13.0,0.0766,0.0331,0.0,0.9169,33.82,1.439
2022-10-22,UK,Europe,Omicron BA.2,1,0,0.0,10,24.0,0.0432,0.0299,0.0,0.9091,16.64,1.481
2022-10-27,UK,Europe,Omicron BA.2,6,0,6.0,105,114.0,0.0583,0.0182,0.0,0.92,31.42,1.533
2022-10-27,UK,Europe,Omicron BA.2,3,0,3.0,49,51.0,0.0557,0.0301,0.0,0.9023,15.93,1.514
2022-10-28,UK,Europe,Omicron BA.2,2,0,1.0,27,32.0,0.0439,0.0349,0.0,0.92,34.63,1.645
2022-10-31,UK,Europe,Omicron BA.2,2,0,2.0,32,34.0,0.0495,0.0377,0.0,0.9075,35.03,1.071
2022-10-31,UK,Europe,Omicron BA.2,24,0,22.0,359,408.0,0.0668,0.0181,1.0,0.92,43.42,0.974
2022-11-05,UK,Europe,Omicron BA.2,7,0,6.0,89,133.0,0.0401,0.0372,0.0,0.92,30.63,1.482
2022-11-06,UK,Europe,Omicron BA.2,12,0,11.0,164,216.0,0.0551,0.0272,1.0,0.92,19.27,1.626
2022-11-08,UK,Europe,Omicron BA.2,4,0,4.0,63,92.0,0.0373,0.027,0.0,0.92,19.89,1.72
2022-11-10,UK,Europe,Omicron BA.2,9,0,9.0,124,189.0,0.0355,0.0347,0.0,0.92,17.95,1.586
2022-11-10,UK,Europe,Omicron BA.2,1,0,1.0,9,16.0,0.0625,0.0374,0.0,0.92,31.68,1.493
2022-11-11,UK,Europe,Omicron BA.2,2,0,1.0,27,36.0,0.0497,0.0372,0.0,0.92,35.31,1.489
2022-11-13,UK,Europe,Omicron BA.2,1,0,1.0,13,19.0,0.0633,0.0224,0.0,0.92,35.31,1.076
2022-11-13,UK,Europe,Omicron BA.2,1,0,0.0,17,23.0,0.0326,0.0318,0.0,0.92,34.78,1.415
2022-11-13,UK,Europe,Omicron BA.2,1,0,1.0,17,17.0,0.0702,0.0249,0.0,0.92,39.31,0.819
2022-11-19,UK,Europe,Omicron BA.2,6,0,6.0,78,108.0,0.0576,0.0272,0.0,0.92,29.88,1.645
2022-11-26,UK,Europe,Omicron BA.2,5,0,5.0,60,100.0,0.0391,0.0292,0.0,0.92,25.16,0.999
2022-11-27,UK,Europe,Omicron BA.2,1,0,0.0,10,14.0,0.0723,0.0202,0.0,0.92,34.84,1.216
2022-12-03,UK,Europe,Omicron BA.2,1,0,0.0,13,16.0,0.0567,0.0282,0.0,0.92,13.22,2.076
2022-12-05,UK,Europe,Omicron BA.2,4,0,3.0,67,72.0,0.0532,0.0313,0.0,0.92,16.09,1.385
2022-12-06,UK,Europe,Omicron BA.2,1,0,0.0,12,17.0,0.0578,0.0253,0.0,0.92,14.64,1.58
2022-12-08,UK,Europe,Omicron BA.2,2,0,1.0,26,40.0,0.061,0.0311,0.0,0.92,22.95,1.19
2022-12-09,UK,Europe,Omicron BA.2,2,0,2.0,32,30.0,0.0803,0.0305,0.0,0.92,22.88,1.89
2022-12-10,UK,Europe,Omicron BA.2,2,0,1.0,30,42.0,0.0346,0.0273,0.0,0.92,33.55,1.566
2022-12-11,UK,Europe,Omicron BA.2,5,0,4.0,71,105.0,0.0371,0.0389,0.0,0.92,25.33,1.091
2022-12-11,UK,Europe,Omicron BA.2,1,0,0.0,11,23.0,0.0344,0.0372,0.0,0.92,19.13,1.794
2022-12-12,UK,Europe,Omicron BA.2,1,0,0.0,10,22.0,0.0528,0.022,0.0,0.92,38.21,1.645
2022-12-18,UK,Europe,Omicron BA.2,1,0,1.0,14,22.0,0.0511,0.0367,0.0,0.92,19.63,1.952
2022-12-18,UK,Europe,Omicron BA.2,299,0,287.0,3214,3588.0,0.0923,0.0232,15.0,0.92,21.97,1.289
2022-12-24,UK,Europe,Omicron BA.2,5,0,4.0,59,85.0,0.058,0.0374,0.0,0.92,22.87,1.027
2022-12-24,UK,Europe,Omicron BA.2,2,0,1.0,20,40.0,0.0511,0.0303,0.0,0.92,22.87,2.25
2022-12-25,UK,Europe,Omicron BA.2,8,0,8.0,101,152.0,0.0649,0.0236,0.0,0.92,36.07,1.372
2022-12-27,UK,Europe,Omicron BA.2,22,0,20.0,335,264.0,0.0889,0.0262,1.0,0.92,31.7,1.164
2022-12-28,UK,Europe,Omicron BA.2,21,0,20.0,367,252.0,0.0986,0.0181,1.0,0.92,37.55,1.398
2022-12-31,UK,Europe,Omicron BA.2,5,0,4.0,56,70.0,0.0506,0.0204,0.0,0.92,34.45,0.984
2020-01-27,USA,North America,Original,88,1,85.0,1467,1144.0,0.0941,0.1034,31.0,0.0,12.61,1.138
2020-01-27,USA,North America,Original,3,0,2.0,50,69.0,0.0619,0.1613,2.0,0.0,11.97,1.171
2020-01-29,USA,North America,Original,42,0,39.0,458,300.0,0.0646,0.1323,17.0,0.0,25.75,0.658
2020-01-29,USA,North America,Original,80,1,73.0,1339,1040.0,0.0632,0.0931,35.0,0.0,14.34,1.008
2020-01-29,USA,North America,Original,12,0,11.0,119,300.0,0.0646,0.1857,5.0,0.0,10.05,0.991
2020-01-30,USA,North America,Original,3,0,2.0,54,36.0,0.0672,0.1647,1.0,0.0,1.11,0.428
2020-01-31,USA,North America,Original,89,1,85.0,1361,2047.0,0.0372,0.1139,26.0,0.0,20.15,0.643
2020-01-31,USA,North America,Original,100,1,95.0,1492,1600.0,0.0718,0.1282,32.0,0.0,16.2,1.053
2020-02-10,USA,North America,Original,162,1,151.0,1791,2592.0,0.0725,0.1473,61.0,0.0,13.53,0.967
2020-02-16,USA,North America,Original,45,0,43.0,559,300.0,0.0646,0.1721,19.0,0.0,16.06,0.711
2020-02-17,USA,North America,Original,3,0,2.0,29,300.0,0.0646,0.1135,0.0,0.0,11.2,0.428
2020-02-20,USA,North America,Original,4,0,3.0,66,300.0,0.0646,0.1849,2.0,0.0,13.57,1.129
2020-02-21,USA,North America,Original,8,0,7.0,92,300.0,0.0646,0.1473,2.0,0.0,80.08,0.4
2020-02-24,USA,North America,Original,1,0,0.0,10,19.0,0.0646,0.1088,0.0,0.0,80.34,0.4
2020-02-26,USA,North America,Original,27,0,26.0,444,300.0,0.0646,0.2018,18.0,0.0,72.98,0.4
2020-02-26,USA,North America,Original,15,0,14.0,190,240.0,0.0627,0.1108,3.0,0.0,73.21,0.4
2020-03-08,USA,North America,Original,19,0,17.0,278,342.0,0.058,0.1244,9.0,0.0,66.91,0.4
2020-03-16,USA,North America,Original,10,0,9.0,162,220.0,0.0532,0.1806,5.0,0.0,91.16,0.4
2020-03-16,USA,North America,Original,4,0,3.0,60,80.0,0.0411,0.1473,1.0,0.0,68.1,0.4
2020-03-17,USA,North America,Original,320,0,19.0,262,300.0,0.0646,0.1917,13.0,0.0,82.46,0.4
2020-03-19,USA,North America,Original,35,1,33.0,543,490.0,0.0739,0.1034,15.0,0.0,99.26,0.4
2020-03-21,USA,North America,Original,13,0,12.0,143,312.0,0.0208,0.1221,4.0,0.0,89.01,0.4
2020-03-22,USA,North America,Original,34,0,31.0,601,442.0,0.0732,0.1186,17.0,0.0,95.37,0.4
2020-03-22,USA,North America,Original,7,0,6.0,88,300.0,0.0646,0.103,2.0,0.0,89.8,0.4
2020-03-23,USA,North America,Original,23,0,21.0,387,300.0,0.0646,0.1923,19.0,0.0,77.22,0.4
2020-03-28,USA,North America,Original,3,0,2.0,51,300.0,0.0646,0.1372,1.0,0.0,79.38,0.4
2020-03-28,USA,North America,Original,10,0,9.0,114,160.0,0.0728,0.138,4.0,0.0,69.76,0.4
2020-03-29,USA,North America,Original,43,0,39.0,492,1032.0,0.069,0.1669,13.0,0.0,88.56,0.4
2020-03-31,USA,North America,Original,58,1,53.0,730,1276.0,0.0426,0.1834,34.0,0.0,94.15,0.4
2020-04-01,USA,North America,Original,97,1,92.0,1689,1455.0,0.0655,0.1473,55.0,0.0,71.56,0.4
2020-04-08,USA,North America,Original,11,0,10.0,109,176.0,0.071,0.1687,4.0,0.0,86.96,0.4
2020-04-11,USA,North America,Original,20,0,19.0,299,320.0,0.0547,0.1388,9.0,0.0,90.18,0.4
2020-04-12,USA,North America,Original,19,0,17.0,269,300.0,0.0646,0.1473,7.0,0.0,84.51,0.428
2020-04-13,USA,North America,Original,1,0,0.0,17,23.0,0.0462,0.1481,0.0,0.0,73.01,0.4
2020-04-17,USA,North America,Original,240,0,22.0,395,336.0,0.0723,0.1854,12.0,0.0,75.3,0.4
2020-04-18,USA,North America,Original,109,1,100.0,1386,300.0,0.0646,0.1507,60.0,0.0,71.05,0.4
2020-04-18,USA,North America,Original,68,1,64.0,743,1088.0,0.0568,0.1473,31.0,0.0,87.24,0.4
2020-04-20,USA,North America,Original,16,0,15.0,169,300.0,0.0646,0.181,6.0,0.0,91.0,0.4
2020-04-21,USA,North America,Original,48,0,45.0,503,912.0,0.051,0.1764,20.0,0.0,70.63,0.4
2020-04-21,USA,North America,Original,12,0,11.0,150,192.0,0.0732,0.1552,6.0,0.0,90.62,0.4
2020-04-22,USA,North America,Original,14,0,13.0,252,300.0,0.0646,0.117,6.0,0.0,92.16,0.4
2020-04-23,USA,North America,Original,8,0,7.0,144,300.0,0.0646,0.147,5.0,0.0,70.41,0.4
2020-04-25,USA,North America,Original,61,1,56.0,779,300.0,0.0646,0.0964,12.0,0.0,80.5,0.4
2020-04-25,USA,North America,Original,6,0,5.0,95,102.0,0.0457,0.1473,3.0,0.0,85.58,0.4
2020-04-27,USA,North America,Original,13,0,12.0,165,169.0,0.0767,0.1584,6.0,0.0,77.8,0.4
2020-04-28,USA,North America,Original,1,0,0.0,14,300.0,0.0646,0.1473,0.0,0.0,85.68,0.4
2020-04-29,USA,North America,Original,12,0,11.0,127,228.0,0.0558,0.1969,4.0,0.0,88.45,0.4
2020-04-29,USA,North America,Original,10,0,9.0,180,300.0,0.0646,0.1491,7.0,0.0,65.28,0.4
2020-05-03,USA,North America,Original,3,0,2.0,38,42.0,0.0634,0.1745,1.0,0.0,68.23,0.4
2020-05-03,USA,North America,Original,11,0,10.0,138,300.0,0.0646,0.1671,3.0,0.0,71.11,0.4
2020-05-04,USA,North America,Original,16,0,15.0,162,336.0,0.0477,0.1287,3.0,0.0,48.25,0.477
2020-05-05,USA,North America,Original,120,1,113.0,1355,2160.0,0.0478,0.1517,40.0,0.0,54.26,0.627
2020-05-07,USA,North America,Original,18,0,16.0,299,300.0,0.0646,0.1473,11.0,0.0,66.2,0.4
2020-05-08,USA,North America,Original,117,1,110.0,2048,1989.0,0.0668,0.1001,55.0,0.0,69.67,0.4
2020-05-09,USA,North America,Original,4,0,3.0,56,60.0,0.0526,0.1121,1.0,0.0,69.67,0.4
2020-05-20,USA,North America,Original,3,0,2.0,40,42.0,0.0713,0.1382,1.0,0.0,54.94,0.4
2020-05-20,USA,North America,Original,19,0,17.0,208,304.0,0.0554,0.1125,3.0,0.0,69.44,0.4
2020-05-24,USA,North America,Original,155,3,148.0,2679,2015.0,0.1062,0.1504,63.0,0.0,58.94,0.499
2020-05-25,USA,North America,Original,68,1,65.0,1072,300.0,0.0646,0.1575,37.0,0.0,74.28,0.4
2020-05-28,USA,North America,Original,26,0,24.0,442,546.0,0.0483,0.1391,13.0,0.0,70.14,0.4
2020-05-30,USA,North America,Original,3,0,2.0,34,48.0,0.085,0.1313,1.0,0.0,60.02,0.492
2020-05-30,USA,North America,Original,36,0,33.0,428,756.0,0.0534,0.1306,14.0,0.0,65.68,0.4
2020-06-02,USA,North America,Original,1,0,0.0,13,23.0,0.0298,0.1037,0.0,0.0,56.46,0.428
2020-06-02,USA,North America,Original,110,2,106.0,1410,2090.0,0.0436,0.1288,40.0,0.0,47.54,0.409
2020-06-03,USA,North America,Original,19,0,18.0,195,399.0,0.0626,0.146,6.0,0.0,67.07,0.435
2020-06-07,USA,North America,Original,25,0,23.0,260,475.0,0.0539,0.1098,6.0,0.0,69.85,0.4
2020-06-09,USA,North America,Original,4,0,3.0,47,52.0,0.0737,0.1898,2.0,0.0,49.3,0.661
2020-06-10,USA,North America,Original,201,3,193.0,2133,4221.0,0.0479,0.1302,50.0,0.0,66.96,0.4
2020-06-12,USA,North America,Original,10,0,9.0,141,130.0,0.0669,0.1572,4.0,0.0,50.84,0.519
2020-06-14,USA,North America,Original,7,0,6.0,70,126.0,0.0399,0.0906,1.0,0.0,68.98,0.428
2020-06-15,USA,North America,Original,11,0,10.0,116,176.0,0.0702,0.1473,4.0,0.0,42.31,0.423
2020-06-16,USA,North America,Original,53,1,49.0,573,795.0,0.0582,0.1496,22.0,0.0,58.15,0.495
2020-06-18,USA,North America,Original,9,0,8.0,138,144.0,0.0649,0.1305,3.0,0.0,75.99,0.4
2020-06-21,USA,North America,Original,25,0,23.0,283,575.0,0.0513,0.1473,5.0,0.0,55.65,0.503
2020-07-02,USA,North America,Original,28,0,26.0,325,420.0,0.074,0.1687,11.0,0.0,46.94,0.4
2020-07-06,USA,North America,Original,155,1,142.0,2256,1860.0,0.0697,0.1473,105.0,0.0,57.37,0.4
2020-07-06,USA,North America,Original,2,0,1.0,32,48.0,0.0418,0.2021,1.0,0.0,58.31,0.4
2020-07-11,USA,North America,Original,1,0,0.0,17,21.0,0.0502,0.0943,0.0,0.0,74.19,0.4
2020-07-18,USA,North America,Original,42,1,39.0,540,672.0,0.0671,0.0934,10.0,0.0,62.3,0.4
2020-07-23,USA,North America,Original,92,1,88.0,1144,2208.0,0.0412,0.1473,37.0,0.0,58.5,0.524
2020-07-24,USA,North America,Original,43,0,41.0,771,989.0,0.0461,0.1235,27.0,0.0,80.82,0.4
2020-07-25,USA,North America,Original,95,2,89.0,1393,1330.0,0.0706,0.1785,47.0,0.0,63.54,0.4
2020-07-27,USA,North America,Original,17,0,16.0,258,289.0,0.0764,0.1326,5.0,0.0,73.62,0.4
2020-07-28,USA,North America,Original,84,1,80.0,916,1344.0,0.0841,0.1866,29.0,0.0,52.57,0.459
2020-07-29,USA,North America,Original,57,1,52.0,585,741.0,0.0897,0.1624,20.0,0.0,60.89,0.4
2020-08-04,USA,North America,Original,15,0,14.0,249,300.0,0.0382,0.1312,6.0,0.0,62.06,0.4
2020-08-05,USA,North America,Original,13,0,12.0,202,312.0,0.0474,0.1074,5.0,0.0,49.87,0.465
2020-08-06,USA,North America,Original,1,0,0.0,17,12.0,0.0798,0.1276,0.0,0.0,52.21,0.428
2020-08-10,USA,North America,Original,9,0,8.0,97,207.0,0.0503,0.0924,2.0,0.0,39.67,0.62
2020-08-14,USA,North America,Original,133,2,122.0,1408,1995.0,0.0544,0.1412,53.0,0.0,52.52,0.449
2020-08-14,USA,North America,Original,8,0,7.0,112,136.0,0.0746,0.0979,2.0,0.0,44.04,0.654
2020-08-16,USA,North America,Original,14,0,13.0,234,168.0,0.107,0.1176,8.0,0.0,35.63,0.428
2020-08-19,USA,North America,Original,24,0,22.0,353,312.0,0.0827,0.1935,13.0,0.0,44.86,0.447
2020-08-21,USA,North America,Original,3,0,2.0,49,36.0,0.0798,0.0957,0.0,0.0,44.09,0.744
2020-08-28,USA,North America,Original,2,0,1.0,35,26.0,0.0703,0.1473,0.0,0.0,58.7,0.57
2020-09-06,USA,North America,Original,55,1,50.0,734,880.0,0.0623,0.1895,41.0,0.0,62.33,0.461
2020-09-07,USA,North America,Original,5,0,4.0,68,105.0,0.0354,0.1011,1.0,0.0,37.72,0.736
2020-09-09,USA,North America,Original,1,0,0.0,13,23.0,0.0489,0.1578,0.0,0.0,57.63,0.4
2020-09-09,USA,North America,Original,20,0,18.0,363,260.0,0.0777,0.1175,9.0,0.0,47.45,0.489
2020-09-12,USA,North America,Original,32,0,29.0,385,672.0,0.0429,0.1467,13.0,0.0,41.09,0.775
2020-09-13,USA,North America,Original,1,0,0.0,16,12.0,0.0847,0.1356,0.0,0.0,36.34,0.447
2020-09-14,USA,North America,Original,7,0,6.0,114,119.0,0.067,0.158,3.0,0.0,44.22,0.586
2020-09-20,USA,North America,Original,76,1,69.0,1327,1064.0,0.0695,0.2079,52.0,0.0,50.19,0.579
2020-09-20,USA,North America,Original,6,0,5.0,103,114.0,0.0654,0.1269,2.0,0.0,43.07,0.466
2020-09-22,USA,North America,Original,79,1,75.0,1322,948.0,0.096,0.1942,70.0,0.0,52.07,0.461
2020-09-24,USA,North America,Original,25,0,23.0,286,450.0,0.0596,0.1999,9.0,0.0,56.76,0.4
2020-09-29,USA,North America,Original,34,0,32.0,440,476.0,0.0703,0.1473,11.0,0.0,53.23,0.451
2020-09-30,USA,North America,Original,2,0,1.0,35,28.0,0.0681,0.1473,1.0,0.0,46.23,0.552
2020-10-01,USA,North America,Original,8,0,7.0,138,136.0,0.0634,0.1328,4.0,0.0,42.91,0.741
2020-10-02,USA,North America,Original,27,0,26.0,382,621.0,0.0488,0.1544,16.0,0.0,45.13,0.767
2020-10-04,USA,North America,Original,5,0,4.0,54,95.0,0.0533,0.1473,1.0,0.0,50.34,0.45
2020-10-06,USA,North America,Original,39,0,37.0,567,507.0,0.0896,0.1859,31.0,0.0,43.87,0.678
2020-10-06,USA,North America,Original,4,0,3.0,54,48.0,0.0948,0.1473,2.0,0.0,50.08,0.528
2020-10-07,USA,North America,Original,1,0,0.0,12,19.0,0.0496,0.0936,0.0,0.0,47.76,0.474
2020-10-09,USA,North America,Original,17,0,16.0,206,323.0,0.0776,0.1473,11.0,0.0,38.77,0.591
2020-10-10,USA,North America,Original,21,0,20.0,213,273.0,0.0704,0.1789,10.0,0.0,45.92,0.441
2020-10-11,USA,North America,Original,3,0,2.0,52,36.0,0.0885,0.1473,1.0,0.0,52.73,0.481
2020-10-11,USA,North America,Original,12,0,11.0,160,216.0,0.0428,0.2064,9.0,0.0,40.57,0.527
2020-10-14,USA,North America,Original,6,0,5.0,73,90.0,0.0658,0.13,2.0,0.0,55.83,0.4
2020-10-15,USA,North America,Original,41,0,39.0,522,902.0,0.059,0.1793,18.0,0.0,46.22,0.572
2020-10-16,USA,North America,Original,328,4,303.0,5202,4592.0,0.0519,0.1473,114.0,0.0,46.22,0.47
2020-10-18,USA,North America,Original,21,0,20.0,291,378.0,0.0508,0.1578,12.0,0.0,45.95,0.426
2020-10-28,USA,North America,Original,2,0,1.0,24,26.0,0.0775,0.1919,0.0,0.0,52.36,0.517
2020-10-29,USA,North America,Original,7,0,6.0,116,119.0,0.0342,0.1114,3.0,0.0,38.84,0.428
2020-10-29,USA,North America,Alpha,52,0,49.0,863,1144.0,0.043,0.1432,22.0,0.0,50.73,0.888
2020-10-30,USA,North America,Alpha,7,0,6.0,90,147.0,0.0439,0.1646,2.0,0.0,37.4,0.596
2020-10-31,USA,North America,Original,30,0,27.0,418,390.0,0.0779,0.1473,16.0,0.0,42.84,0.584
2020-11-01,USA,North America,Original,2,0,1.0,31,48.0,0.0605,0.1727,1.0,0.0,51.12,0.4
2020-11-02,USA,North America,Alpha,24,0,22.0,272,408.0,0.0536,0.1058,6.0,0.0,57.81,0.4
2020-11-02,USA,North America,Original,5,0,4.0,88,60.0,0.0854,0.1283,2.0,0.0,40.27,0.629
2020-11-04,USA,North America,Alpha,4,0,3.0,41,56.0,0.0759,0.179,1.0,0.0,35.18,0.613
2020-11-06,USA,North America,Original,9,0,8.0,101,180.0,0.0671,0.1704,2.0,0.0,40.86,0.567
2020-11-06,USA,North America,Alpha,28,0,25.0,274,644.0,0.0354,0.2172,13.0,0.0,36.64,1.151
2020-11-06,USA,North America,Alpha,11,0,10.0,157,187.0,0.0795,0.1554,8.0,0.0,51.28,0.812
2020-11-06,USA,North America,Original,16,0,14.0,182,192.0,0.0809,0.1285,6.0,0.0,51.28,0.442
2020-11-09,USA,North America,Alpha,14,0,13.0,209,224.0,0.0638,0.2125,9.0,0.0,45.91,0.621
2020-11-09,USA,North America,Alpha,42,0,39.0,430,672.0,0.057,0.2048,23.0,0.0,43.47,0.721
2020-11-10,USA,North America,Alpha,86,2,81.0,868,1204.0,0.0648,0.2228,52.0,0.0,58.67,0.452
2020-11-12,USA,North America,Alpha,9,0,8.0,100,189.0,0.0526,0.1356,2.0,0.0,45.16,0.809
2020-11-18,USA,North America,Alpha,7,0,6.0,104,119.0,0.0613,0.1429,2.0,0.0,42.77,0.538
2020-11-21,USA,North America,Alpha,24,0,22.0,336,384.0,0.0663,0.2283,19.0,0.0,43.9,0.981
2020-11-24,USA,North America,Alpha,74,1,71.0,1193,1184.0,0.064,0.1306,46.0,0.0,45.96,0.916
2020-11-29,USA,North America,Alpha,8,0,7.0,111,104.0,0.0823,0.1554,3.0,0.0,41.67,0.85
2020-11-30,USA,North America,Alpha,8,0,7.0,92,176.0,0.0374,0.1173,2.0,0.0,48.07,0.493
2020-12-01,USA,North America,Alpha,3,0,2.0,41,69.0,0.0507,0.1468,0.0,0.0,48.07,0.731
2020-12-01,USA,North America,Alpha,393,4,363.0,4747,6288.0,0.0676,0.1744,161.0,0.0,41.75,0.64
2020-12-05,USA,North America,Alpha,2,0,1.0,34,32.0,0.066,0.17,1.0,0.0,46.02,0.931
2020-12-09,USA,North America,Alpha,10,0,9.0,177,220.0,0.038,0.1554,6.0,0.0,69.79,0.517
2020-12-10,USA,North America,Alpha,29,0,27.0,409,435.0,0.0686,0.1826,13.0,0.0,54.38,0.546
2020-12-11,USA,North America,Alpha,628,7,580.0,10069,11932.0,0.0435,0.1916,482.0,0.0,50.59,0.756
2020-12-12,USA,North America,Alpha,24,0,22.0,371,480.0,0.046,0.1073,8.0,0.0,66.76,0.4
2020-12-13,USA,North America,Alpha,134,2,125.0,1341,3216.0,0.045,0.1256,47.0,0.0,73.71,0.4
2020-12-17,USA,North America,Alpha,6,0,5.0,62,114.0,0.048,0.1992,2.0,0.0,73.71,0.712
2020-12-25,USA,North America,Alpha,20,0,18.0,334,460.0,0.0434,0.1453,13.0,0.0,58.11,0.709
2020-12-28,USA,North America,Alpha,30,0,28.0,461,660.0,0.0391,0.1129,11.0,0.0,69.85,0.4
2021-01-03,USA,North America,Alpha,20,0,19.0,250,420.0,0.0573,0.142,9.0,0.0,59.62,0.716
2021-01-03,USA,North America,Alpha,37,0,34.0,545,703.0,0.0421,0.1554,21.0,0.0,75.91,0.403
2021-01-06,USA,North America,Alpha,26,0,24.0,468,520.0,0.056,0.1554,16.0,0.0,55.24,0.493
2021-01-22,USA,North America,Alpha,80,1,76.0,906,1680.0,0.0306,0.1547,25.0,0.014,70.26,0.4
2021-01-23,USA,North America,Alpha,9,0,8.0,90,108.0,0.0665,0.1298,2.0,0.014,77.2,0.4
2021-01-25,USA,North America,Alpha,4,0,3.0,58,52.0,0.0736,0.1184,1.0,0.0092,74.12,0.4
2021-01-25,USA,North America,Alpha,51,1,47.0,649,867.0,0.0599,0.1554,23.0,0.0232,62.37,0.52
2021-01-25,USA,North America,Alpha,6,0,5.0,103,138.0,0.0266,0.18,3.0,0.0313,67.51,0.4
2021-01-25,USA,North America,Alpha,15,0,13.0,249,210.0,0.0757,0.1855,10.0,0.024,77.38,0.4
2021-01-27,USA,North America,Alpha,26,0,24.0,257,312.0,0.0769,0.1423,7.0,0.0242,57.97,0.674
2021-01-28,USA,North America,Alpha,123,2,115.0,1857,1968.0,0.0631,0.111,43.0,0.0104,56.48,0.544
2021-02-01,USA,North America,Alpha,10,0,9.0,176,220.0,0.0341,0.1724,7.0,0.0104,75.29,0.4
2021-02-01,USA,North America,Alpha,82,1,78.0,1194,1558.0,0.0722,0.1554,56.0,0.0328,69.6,0.477
2021-02-03,USA,North America,Alpha,18,0,16.0,264,216.0,0.0772,0.1184,5.0,0.0365,57.51,0.572
2021-02-03,USA,North America,Alpha,18,0,16.0,206,216.0,0.0843,0.1048,3.0,0.0365,76.96,0.4
2021-02-06,USA,North America,Alpha,4,0,3.0,46,80.0,0.0451,0.1817,1.0,0.0365,72.42,0.479
2021-02-06,USA,North America,Alpha,136,1,130.0,2148,2720.0,0.0461,0.167,83.0,0.0403,71.16,0.4
2021-02-09,USA,North America,Alpha,16,0,15.0,271,384.0,0.0555,0.1793,14.0,0.0403,51.35,0.532
2021-02-12,USA,North America,Alpha,33,0,31.0,528,660.0,0.0644,0.1348,12.0,0.0403,76.34,0.4
2021-02-14,USA,North America,Alpha,10,0,9.0,157,170.0,0.0532,0.1931,6.0,0.0403,61.91,0.493
2021-02-16,USA,North America,Alpha,9,0,8.0,113,207.0,0.0455,0.1943,4.0,0.0652,76.68,0.4
2021-02-17,USA,North America,Alpha,4,0,3.0,53,56.0,0.068,0.2075,2.0,0.0502,76.68,0.477
2021-02-21,USA,North America,Alpha,15,0,14.0,233,255.0,0.0629,0.1776,10.0,0.0673,59.3,0.413
2021-02-22,USA,North America,Alpha,136,3,128.0,2133,1632.0,0.0911,0.2119,111.0,0.0729,60.97,0.609
2021-02-25,USA,North America,Alpha,69,1,66.0,1106,828.0,0.0933,0.1376,33.0,0.0637,70.77,0.4
2021-02-26,USA,North America,Alpha,130,1,123.0,2028,2340.0,0.047,0.1589,70.0,0.085,53.54,0.789
2021-02-26,USA,North America,Alpha,22,0,20.0,262,330.0,0.0776,0.1173,6.0,0.0932,67.61,0.423
2021-03-01,USA,North America,Alpha,8,0,7.0,124,128.0,0.0491,0.1665,4.0,0.0893,61.97,0.658
2021-03-04,USA,North America,Alpha,14,0,13.0,220,322.0,0.0438,0.1688,10.0,0.0935,57.79,0.651
2021-03-05,USA,North America,Alpha,7,0,6.0,85,140.0,0.048,0.1266,2.0,0.0935,58.99,0.419
2021-03-06,USA,North America,Alpha,86,1,81.0,1398,1720.0,0.0506,0.1584,54.0,0.0865,57.65,0.584
2021-03-11,USA,North America,Alpha,46,0,42.0,676,966.0,0.0493,0.2109,23.0,0.0973,66.56,0.477
2021-03-11,USA,North America,Alpha,171,2,160.0,2524,3933.0,0.035,0.1554,70.0,0.1043,54.53,0.707
2021-03-13,USA,North America,Alpha,29,0,27.0,498,464.0,0.0562,0.1746,25.0,0.1138,58.41,0.493
2021-03-13,USA,North America,Alpha,70,1,65.0,824,1050.0,0.0874,0.2128,36.0,0.0978,57.95,0.567
2021-03-14,USA,North America,Alpha,178,2,169.0,2925,3916.0,0.0382,0.1102,64.0,0.0795,59.85,0.4
2021-03-15,USA,North America,Alpha,8,0,7.0,81,176.0,0.0525,0.1554,1.0,0.0929,74.4,0.493
2021-03-16,USA,North America,Alpha,23,0,21.0,396,437.0,0.0559,0.1078,12.0,0.1135,76.11,0.4
2021-03-18,USA,North America,Delta,11,0,10.0,147,154.0,0.0745,0.2181,8.0,0.1127,78.02,0.516
2021-03-19,USA,North America,Alpha,53,0,49.0,923,954.0,0.0579,0.1175,27.0,0.1057,61.2,0.519
2021-03-21,USA,North America,Delta,17,0,16.0,178,408.0,0.0395,0.2265,8.0,0.1068,65.55,0.514
2021-03-24,USA,North America,Delta,27,0,25.0,309,405.0,0.0649,0.1778,11.0,0.1171,78.75,0.504
2021-03-25,USA,North America,Delta,214,3,200.0,2898,4280.0,0.0552,0.2205,102.0,0.0961,60.74,0.581
2021-03-30,USA,North America,Alpha,4,0,3.0,61,52.0,0.0683,0.123,2.0,0.0972,66.89,0.564
2021-04-03,USA,North America,Delta,2,0,1.0,36,32.0,0.0711,0.141,1.0,0.1237,83.48,0.581
2021-04-03,USA,North America,Delta,254,4,242.0,2713,3302.0,0.068,0.1392,99.0,0.1211,78.7,0.425
2021-04-04,USA,North America,Delta,19,0,17.0,287,361.0,0.0609,0.1347,9.0,0.1282,78.7,0.4
2021-04-05,USA,North America,Alpha,12,0,11.0,168,180.0,0.0763,0.1011,4.0,0.1364,84.95,0.4
2021-04-05,USA,North America,Delta,14,0,12.0,187,294.0,0.0281,0.1341,4.0,0.1371,82.14,0.4
2021-04-08,USA,North America,Alpha,24,0,23.0,328,312.0,0.0752,0.1433,13.0,0.1175,83.98,0.4
2021-04-09,USA,North America,Alpha,35,0,33.0,497,595.0,0.0453,0.1439,19.0,0.1293,83.98,0.4
2021-04-09,USA,North America,Delta,3,0,2.0,34,45.0,0.0667,0.1617,2.0,0.1026,83.98,0.724
2021-04-11,USA,North America,Delta,752,15,716.0,8760,9776.0,0.0908,0.232,392.0,0.1334,68.74,0.551
2021-04-12,USA,North America,Alpha,20,0,18.0,229,300.0,0.0603,0.1116,6.0,0.1411,69.86,0.461
2021-04-18,USA,North America,Delta,22,0,20.0,371,484.0,0.0564,0.1748,13.0,0.1326,62.42,0.68
2021-04-20,USA,North America,Delta,62,1,57.0,923,1178.0,0.0579,0.1861,32.0,0.1461,67.02,0.509
2021-04-24,USA,North America,Delta,36,0,34.0,515,756.0,0.0529,0.2004,22.0,0.1589,71.76,0.4
2021-04-25,USA,North America,Delta,47,1,43.0,735,799.0,0.0545,0.227,44.0,0.1683,67.3,0.739
2021-04-27,USA,North America,Delta,44,0,42.0,710,704.0,0.0668,0.1383,19.0,0.1531,84.68,0.4
2021-05-01,USA,North America,Delta,20,0,19.0,302,340.0,0.0608,0.1645,9.0,0.1571,76.71,0.422
2021-05-04,USA,North America,Delta,29,1,27.0,421,435.0,0.0753,0.2108,22.0,0.1763,67.61,0.665
2021-05-05,USA,North America,Delta,68,1,63.0,1222,1156.0,0.0493,0.1617,77.0,0.1491,64.26,0.476
2021-05-10,USA,North America,Delta,7,0,6.0,89,154.0,0.0546,0.1629,3.0,0.1743,80.78,0.416
2021-05-10,USA,North America,Delta,52,1,48.0,617,1196.0,0.039,0.1469,14.0,0.1768,77.46,0.518
2021-05-17,USA,North America,Delta,33,0,30.0,357,561.0,0.0623,0.1887,14.0,0.1862,57.62,0.581
2021-05-20,USA,North America,Delta,29,0,27.0,448,638.0,0.0429,0.161,19.0,0.1864,58.09,0.805
2021-05-22,USA,North America,Delta,397,5,379.0,3909,6749.0,0.05,0.1577,118.0,0.1987,68.35,0.708
2021-05-25,USA,North America,Delta,22,0,20.0,339,264.0,0.0874,0.2106,10.0,0.2029,59.22,0.921
2021-05-26,USA,North America,Delta,32,1,29.0,353,608.0,0.0605,0.1086,7.0,0.1935,81.09,0.4
2021-05-26,USA,North America,Delta,1,0,0.0,16,19.0,0.0613,0.2103,0.0,0.1941,73.11,0.4
2021-05-27,USA,North America,Delta,102,1,98.0,1309,2040.0,0.0509,0.2233,80.0,0.2068,75.53,0.4
2021-05-27,USA,North America,Delta,32,1,30.0,410,384.0,0.0913,0.1917,18.0,0.2097,62.11,0.524
2021-06-05,USA,North America,Delta,6,0,5.0,82,108.0,0.0535,0.1617,2.0,0.2196,78.78,0.4
2021-06-05,USA,North America,Delta,18,0,17.0,284,396.0,0.0393,0.1709,13.0,0.2003,82.97,0.4
2021-06-08,USA,North America,Delta,13,0,12.0,183,234.0,0.0591,0.1659,4.0,0.2105,71.06,0.436
2021-06-11,USA,North America,Delta,14,0,13.0,197,322.0,0.0632,0.1617,8.0,0.2217,61.62,0.692
2021-06-13,USA,North America,Delta,4,0,3.0,41,68.0,0.0663,0.1617,1.0,0.2286,67.49,0.579
2021-06-14,USA,North America,Delta,15,0,13.0,215,360.0,0.043,0.1296,8.0,0.2424,71.73,0.434
2021-06-19,USA,North America,Delta,81,1,74.0,885,1782.0,0.0317,0.1767,33.0,0.2316,87.36,0.4
2021-06-19,USA,North America,Delta,29,0,27.0,515,580.0,0.0482,0.1424,20.0,0.2378,71.09,0.54
2021-06-22,USA,North America,Delta,7,0,6.0,105,133.0,0.0574,0.2204,6.0,0.2632,74.45,0.464
2021-06-24,USA,North America,Delta,62,1,59.0,788,1240.0,0.0364,0.1528,32.0,0.2526,66.66,0.4
2021-06-28,USA,North America,Delta,95,1,89.0,1641,1330.0,0.0717,0.1263,61.0,0.2589,54.73,0.764
2021-06-29,USA,North America,Delta,46,1,42.0,708,598.0,0.0953,0.2192,24.0,0.2393,80.48,0.4
2021-07-05,USA,North America,Delta,12,0,11.0,133,288.0,0.0433,0.1438,3.0,0.2593,61.45,0.475
2021-07-10,USA,North America,Delta,26,0,24.0,398,312.0,0.0852,0.1387,14.0,0.2573,77.06,0.4
2021-07-11,USA,North America,Delta,12,0,11.0,156,168.0,0.0927,0.1617,7.0,0.2757,78.61,0.441
2021-07-12,USA,North America,Delta,121,2,111.0,2111,1694.0,0.07,0.1617,69.0,0.2718,78.61,0.552
2021-07-12,USA,North America,Delta,236,4,224.0,3942,5428.0,0.0382,0.2198,237.0,0.2534,88.03,0.4
2021-07-14,USA,North America,Delta,4,0,3.0,60,48.0,0.0781,0.1591,1.0,0.2558,60.47,0.504
2021-07-14,USA,North America,Delta,14,0,13.0,179,308.0,0.0451,0.1357,4.0,0.2756,52.34,0.691
2021-07-16,USA,North America,Delta,129,2,120.0,2295,1806.0,0.0866,0.1995,113.0,0.2672,80.22,0.4
2021-07-18,USA,North America,Delta,8,0,7.0,130,192.0,0.0341,0.2208,8.0,0.2523,78.59,0.447
2021-07-19,USA,North America,Delta,22,0,21.0,317,264.0,0.0625,0.1617,8.0,0.2717,77.46,0.4
2021-07-21,USA,North America,Delta,10,0,9.0,119,180.0,0.052,0.2003,3.0,0.287,87.28,0.4
2021-07-22,USA,North America,Delta,29,0,27.0,494,348.0,0.0807,0.1056,8.0,0.2875,79.42,0.4
2021-08-02,USA,North America,Delta,1,0,0.0,10,16.0,0.0605,0.1126,0.0,0.2862,55.89,0.67
2021-08-03,USA,North America,Delta,40,1,38.0,708,720.0,0.0432,0.1988,35.0,0.2981,55.01,0.581
2021-08-03,USA,North America,Delta,91,1,85.0,1351,1092.0,0.0761,0.1844,64.0,0.3061,69.97,0.614
2021-08-06,USA,North America,Delta,2,0,1.0,27,48.0,0.0443,0.1688,1.0,0.2886,44.47,0.847
2021-08-09,USA,North America,Delta,3,0,2.0,44,51.0,0.0629,0.1487,1.0,0.2991,62.78,0.457
2021-08-12,USA,North America,Delta,98,1,94.0,1218,1372.0,0.0613,0.2052,70.0,0.3113,49.39,0.704
2021-08-12,USA,North America,Delta,20,0,18.0,254,320.0,0.0682,0.159,8.0,0.305,49.66,0.832
2021-08-13,USA,North America,Delta,10,0,9.0,104,120.0,0.0933,0.1674,4.0,0.3432,51.81,0.977
2021-08-13,USA,North America,Delta,3,0,2.0,34,39.0,0.0655,0.1496,1.0,0.3064,44.41,0.754
2021-08-13,USA,North America,Delta,30,0,28.0,388,720.0,0.0433,0.1008,11.0,0.3133,64.58,0.534
2021-08-16,USA,North America,Delta,2,0,1.0,21,32.0,0.0633,0.103,0.0,0.3135,64.58,0.753
2021-08-19,USA,North America,Delta,6,0,5.0,69,96.0,0.0555,0.0924,1.0,0.3044,50.86,0.815
2021-08-19,USA,North America,Delta,62,1,59.0,768,744.0,0.0871,0.1617,16.0,0.3045,58.16,0.868
2021-08-21,USA,North America,Delta,10,0,9.0,143,240.0,0.0208,0.1508,5.0,0.3155,58.16,1.036
2021-08-21,USA,North America,Delta,1,0,0.0,14,24.0,0.0451,0.1692,0.0,0.3408,54.67,0.541
2021-08-23,USA,North America,Delta,13,0,12.0,151,195.0,0.0621,0.2009,5.0,0.3097,57.93,0.557
2021-08-24,USA,North America,Delta,36,0,33.0,528,792.0,0.0426,0.1977,16.0,0.3072,44.57,0.679
2021-08-25,USA,North America,Delta,7,0,6.0,107,91.0,0.0628,0.1617,4.0,0.3315,72.21,0.446
2021-08-28,USA,North America,Delta,4,0,3.0,45,52.0,0.0728,0.1233,0.0,0.3218,43.17,1.082
2021-08-29,USA,North America,Delta,56,1,51.0,564,1344.0,0.0334,0.0991,10.0,0.323,37.89,0.826
2021-08-31,USA,North America,Delta,2,0,1.0,31,46.0,0.0341,0.2038,0.0,0.3265,62.25,0.801
2021-09-01,USA,North America,Delta,47,0,43.0,648,987.0,0.0397,0.1156,15.0,0.3343,62.63,0.581
2021-09-16,USA,North America,Delta,26,0,25.0,381,338.0,0.0788,0.0966,8.0,0.3516,44.32,0.813
2021-09-17,USA,North America,Delta,50,1,47.0,576,950.0,0.0521,0.135,16.0,0.3539,54.48,0.582
2021-09-20,USA,North America,Delta,22,0,21.0,255,440.0,0.0448,0.1699,10.0,0.3616,50.72,0.872
2021-09-20,USA,North America,Delta,4,0,3.0,41,56.0,0.0684,0.1379,1.0,0.3308,49.31,0.558
2021-09-23,USA,North America,Delta,50,0,46.0,535,1000.0,0.0312,0.1624,25.0,0.37,46.65,0.939
2021-09-26,USA,North America,Delta,12,0,11.0,119,288.0,0.0423,0.1722,4.0,0.3663,62.32,0.743
2021-09-27,USA,North America,Delta,28,0,26.0,289,448.0,0.0597,0.1278,9.0,0.3375,52.77,0.763
2021-09-27,USA,North America,Delta,9,0,8.0,111,153.0,0.0473,0.1499,3.0,0.3578,67.62,0.581
2021-09-29,USA,North America,Delta,34,0,32.0,430,408.0,0.0735,0.1046,6.0,0.3748,51.12,0.599
2021-10-02,USA,North America,Delta,4,0,3.0,65,68.0,0.0532,0.1552,2.0,0.3864,46.92,0.581
2021-10-02,USA,North America,Delta,190,3,176.0,2685,3230.0,0.0509,0.1419,111.0,0.3759,68.86,0.4
2021-10-13,USA,North America,Delta,75,0,69.0,1177,1575.0,0.0333,0.1821,61.0,0.3894,47.75,0.639
2021-10-15,USA,North America,Delta,56,0,53.0,976,1064.0,0.0431,0.1463,42.0,0.4056,62.67,0.461
2021-10-17,USA,North America,Delta,5,0,4.0,86,120.0,0.0238,0.1737,2.0,0.413,46.91,0.581
2021-10-17,USA,North America,Delta,5,0,4.0,70,120.0,0.0416,0.1437,1.0,0.3924,46.91,0.4
2021-10-19,USA,North America,Delta,18,0,16.0,215,396.0,0.0363,0.1549,9.0,0.4015,44.78,1.089
2021-10-21,USA,North America,Delta,70,0,65.0,1188,1470.0,0.0533,0.1617,36.0,0.4073,44.78,0.4
2021-10-27,USA,North America,Omicron,39,0,37.0,630,624.0,0.0518,0.0436,7.0,0.4112,64.34,0.799
2021-10-28,USA,North America,Omicron,10,0,9.0,135,240.0,0.0332,0.0619,2.0,0.4184,47.73,1.202
2021-10-29,USA,North America,Omicron,38,0,36.0,573,684.0,0.0683,0.06365,8.0,0.4156,72.88,0.445
2021-11-04,USA,North America,Delta,35,0,33.0,579,595.0,0.0701,0.1088,15.0,0.4325,41.65,0.919
2021-11-04,USA,North America,Omicron,53,0,50.0,747,742.0,0.064,0.061,12.0,0.4368,48.52,1.412
2021-11-04,USA,North America,Delta,43,0,40.0,739,1032.0,0.0434,0.1617,28.0,0.4276,68.33,0.42
2021-11-05,USA,North America,Delta,31,0,29.0,436,434.0,0.0603,0.1147,14.0,0.4217,48.97,0.581
2021-11-06,USA,North America,Delta,13,0,12.0,140,156.0,0.0498,0.1613,5.0,0.4134,48.97,0.965
2021-11-11,USA,North America,Omicron,65,0,61.0,653,975.0,0.0639,0.0605,9.0,0.4406,56.54,1.2415
2021-11-11,USA,North America,Delta,41,1,37.0,401,533.0,0.0754,0.0856,7.0,0.4493,62.18,0.525
2021-11-16,USA,North America,Omicron,58,0,55.0,739,1102.0,0.0576,0.0561,8.0,0.443,54.1,0.707
2021-11-18,USA,North America,Omicron,117,1,108.0,2103,2106.0,0.0595,0.0692,33.0,0.4471,29.6,1.153
2021-11-18,USA,North America,Omicron,15,0,14.0,155,180.0,0.071,0.06365,2.0,0.458,22.95,1.333
2021-11-19,USA,North America,Omicron,13,0,12.0,187,312.0,0.0324,0.0375,1.0,0.4407,32.85,1.123
2021-11-20,USA,North America,Omicron,5,0,4.0,60,115.0,0.0486,0.045,0.0,0.4424,48.09,0.88
2021-11-21,USA,North America,Omicron,13,0,12.0,129,312.0,0.0278,0.0686,1.0,0.4625,47.45,0.895
2021-11-22,USA,North America,Omicron,82,0,77.0,1007,1312.0,0.0544,0.0863,15.0,0.4266,53.4,0.716
2021-11-26,USA,North America,Omicron,18,0,17.0,186,270.0,0.0571,0.0677,2.0,0.4516,24.18,1.159
2021-11-27,USA,North America,Omicron,10,0,9.0,109,120.0,0.0779,0.06365,0.0,0.4554,28.76,1.567
2021-12-01,USA,North America,Omicron,59,0,56.0,935,1062.0,0.0388,0.0638,9.0,0.4633,43.96,1.2415
2021-12-01,USA,North America,Omicron,5,0,4.0,89,105.0,0.061,0.0838,1.0,0.4639,40.71,1.461
2021-12-05,USA,North America,Omicron,68,0,65.0,1226,816.0,0.0914,0.064,23.0,0.4658,26.74,1.437
2021-12-06,USA,North America,Omicron,54,0,51.0,594,1134.0,0.0479,0.0759,12.0,0.4728,35.02,1.738
2021-12-08,USA,North America,Omicron,8,0,7.0,79,152.0,0.0236,0.0823,1.0,0.4745,39.72,1.505
2021-12-08,USA,North America,Omicron,216,1,208.0,3223,3456.0,0.0546,0.06365,52.0,0.4849,39.98,1.322
2021-12-11,USA,North America,Omicron,1,0,0.0,11,16.0,0.0694,0.0478,0.0,0.4601,42.99,1.317
2021-12-15,USA,North America,Omicron,54,0,51.0,949,810.0,0.0582,0.06365,16.0,0.4839,47.26,1.159
2021-12-16,USA,North America,Omicron,78,0,73.0,1291,1404.0,0.043,0.0667,21.0,0.4821,26.77,1.291
2021-12-16,USA,North America,Omicron,28,0,25.0,276,588.0,0.0458,0.0633,3.0,0.4728,57.05,0.956
2021-12-18,USA,North America,Omicron,291,1,274.0,3903,4947.0,0.0558,0.0813,85.0,0.4831,38.14,0.852
2021-12-21,USA,North America,Omicron,99,1,92.0,1706,1386.0,0.0671,0.066,31.0,0.4771,46.02,1.131
2021-12-25,USA,North America,Omicron,35,0,33.0,444,770.0,0.0483,0.076,6.0,0.4939,37.24,1.2415
2021-12-25,USA,North America,Omicron,262,1,242.0,2751,5764.0,0.05,0.0655,37.0,0.5142,52.88,0.907
2021-12-29,USA,North America,Omicron,13,0,12.0,186,312.0,0.0456,0.046,2.0,0.4922,51.92,0.69
2022-01-01,USA,North America,Omicron,14,0,13.0,223,252.0,0.069,0.0561,2.0,0.4994,49.07,0.803
2022-01-02,USA,North America,Omicron,1,0,0.0,17,21.0,0.037,0.071,0.0,0.5051,23.29,1.974
2022-01-02,USA,North America,Omicron,66,0,63.0,831,1320.0,0.0537,0.0662,10.0,0.4977,27.97,1.732
2022-01-05,USA,North America,Omicron,9,0,8.0,159,198.0,0.0296,0.0729,2.0,0.5167,50.48,1.223
2022-01-22,USA,North America,Omicron,26,0,24.0,431,598.0,0.0479,0.0759,5.0,0.536,47.19,1.27
2022-01-23,USA,North America,Omicron,296,1,285.0,4421,6808.0,0.0403,0.057,72.0,0.5241,50.63,1.245
2022-01-25,USA,North America,Omicron,1,0,0.0,16,14.0,0.0608,0.0627,0.0,0.5348,50.01,1.2415
2022-01-26,USA,North America,Omicron,18,0,17.0,303,360.0,0.0472,0.075,5.0,0.5484,28.28,1.118
2022-01-26,USA,North America,Omicron,145,1,137.0,1549,2320.0,0.0562,0.037,12.0,0.5351,51.57,1.155
2022-01-27,USA,North America,Omicron,2,0,1.0,30,46.0,0.0611,0.06365,0.0,0.544,30.55,1.11
2022-01-28,USA,North America,Omicron,16,0,15.0,176,208.0,0.0731,0.0607,2.0,0.5311,35.36,1.084
2022-01-31,USA,North America,Omicron BA.2,69,0,65.0,974,966.0,0.0797,0.0329,8.0,0.542,35.36,1.516
2022-02-01,USA,North America,Omicron,3,0,2.0,33,48.0,0.0523,0.0673,0.0,0.5624,43.0,0.898
2022-02-01,USA,North America,Omicron BA.2,11,0,10.0,175,264.0,0.0373,0.0401,1.0,0.5534,43.0,1.026
2022-02-02,USA,North America,Omicron BA.2,27,0,25.0,339,648.0,0.054,0.0569,5.0,0.5471,44.11,1.432
2022-02-04,USA,North America,Omicron,38,0,36.0,453,798.0,0.0505,0.0613,6.0,0.5637,48.33,0.913
2022-02-07,USA,North America,Omicron,135,0,126.0,1504,1755.0,0.0897,0.0376,10.0,0.5687,41.63,0.768
2022-02-14,USA,North America,Omicron BA.2,11,0,10.0,176,154.0,0.0684,0.03955,0.0,0.5787,41.14,1.471
2022-02-14,USA,North America,Omicron,2,0,1.0,31,24.0,0.0697,0.0693,0.0,0.5838,41.14,1.052
2022-02-20,USA,North America,Omicron,97,0,93.0,1317,1455.0,0.0626,0.049,15.0,0.5736,29.25,0.926
2022-02-22,USA,North America,Omicron BA.2,5,0,4.0,69,85.0,0.0723,0.0483,0.0,0.5821,49.15,1.466
2022-02-25,USA,North America,Omicron BA.2,8,0,7.0,78,96.0,0.0798,0.0566,0.0,0.5845,31.28,1.26
2022-02-25,USA,North America,Omicron,22,0,21.0,381,374.0,0.0653,0.0401,2.0,0.5944,40.01,1.098
2022-02-27,USA,North America,Omicron,13,0,12.0,204,182.0,0.0762,0.0639,2.0,0.5695,49.12,1.192
2022-03-03,USA,North America,Omicron,31,0,30.0,422,496.0,0.0697,0.0334,3.0,0.6084,49.6,1.165
2022-03-09,USA,North America,Omicron,31,0,30.0,429,434.0,0.0669,0.0707,6.0,0.5878,24.0,1.709
2022-03-10,USA,North America,Omicron,5,0,4.0,56,65.0,0.0874,0.0652,0.0,0.6179,26.53,1.759
2022-03-12,USA,North America,Omicron,72,0,68.0,963,1224.0,0.0487,0.0647,14.0,0.6003,22.66,1.687
2022-03-12,USA,North America,Omicron,27,0,26.0,325,513.0,0.0513,0.06365,2.0,0.6027,20.98,1.731
2022-03-14,USA,North America,Omicron BA.2,137,0,131.0,1447,1644.0,0.0882,0.0321,13.0,0.601,20.98,1.648
2022-03-15,USA,North America,Omicron BA.2,34,0,33.0,560,782.0,0.0415,0.0488,6.0,0.5961,8.85,2.141
2022-03-18,USA,North America,Omicron BA.2,212,1,203.0,2687,2968.0,0.0626,0.0352,28.0,0.6122,21.79,2.348
2022-03-19,USA,North America,Omicron BA.2,15,0,14.0,188,255.0,0.0681,0.033,1.0,0.6224,37.24,0.96
2022-03-21,USA,North America,Omicron BA.2,1,0,1.0,12,12.0,0.0765,0.0397,0.0,0.6225,17.51,1.963
2022-04-02,USA,North America,Omicron BA.2,12,0,11.0,210,228.0,0.0405,0.03955,2.0,0.6199,19.37,1.31
2022-04-03,USA,North America,Omicron BA.2,1,0,1.0,13,21.0,0.0382,0.0313,0.0,0.6391,21.18,1.186
2022-04-05,USA,North America,Omicron BA.2,177,1,168.0,2949,3186.0,0.0763,0.03955,23.0,0.636,13.93,1.929
2022-04-05,USA,North America,Omicron BA.2,55,0,52.0,725,1320.0,0.0412,0.0361,7.0,0.6247,34.6,1.288
2022-04-09,USA,North America,Omicron BA.2,29,0,28.0,511,609.0,0.0653,0.0368,3.0,0.6467,33.06,1.017
2022-04-10,USA,North America,Omicron BA.2,80,0,77.0,953,1200.0,0.0628,0.03955,5.0,0.6464,29.89,1.131
2022-04-12,USA,North America,Omicron BA.2,8,0,7.0,113,120.0,0.0563,0.0384,0.0,0.6324,18.59,1.407
2022-04-14,USA,North America,Omicron BA.2,14,0,13.0,168,238.0,0.0681,0.03955,2.0,0.651,21.59,1.499
2022-04-15,USA,North America,Omicron BA.2,128,0,124.0,2005,2944.0,0.0303,0.0307,12.0,0.6369,12.92,1.475
2022-04-19,USA,North America,Omicron BA.2,48,0,45.0,473,1104.0,0.0448,0.0519,5.0,0.6461,12.49,1.666
2022-04-21,USA,North America,Omicron BA.2,4,0,4.0,64,80.0,0.0451,0.0406,0.0,0.6552,36.79,1.119
2022-04-29,USA,North America,Omicron BA.2,16,0,15.0,170,368.0,0.0381,0.0431,1.0,0.6632,5.55,1.779
2022-04-29,USA,North America,Omicron BA.2,70,0,66.0,1046,1260.0,0.0589,0.0412,10.0,0.6546,42.49,1.23
2022-04-29,USA,North America,Omicron BA.2,653,2,613.0,8655,9142.0,0.0836,0.0294,71.0,0.68,27.58,1.118
2022-05-04,USA,North America,Omicron BA.2,17,0,16.0,264,374.0,0.0497,0.0334,1.0,0.691,37.98,1.645
2022-05-06,USA,North America,Omicron BA.2,37,0,35.0,626,888.0,0.068,0.0541,5.0,0.6916,35.66,1.161
2022-05-07,USA,North America,Omicron BA.2,24,0,23.0,310,552.0,0.0524,0.0491,2.0,0.6807,14.69,1.513
2022-05-07,USA,North America,Omicron BA.2,6,0,5.0,74,114.0,0.0762,0.03955,0.0,0.6732,15.86,1.994
2022-05-09,USA,North America,Omicron BA.2,31,0,30.0,559,496.0,0.0631,0.03955,4.0,0.6719,20.01,2.247
2022-05-10,USA,North America,Omicron BA.2,8,0,8.0,125,136.0,0.0695,0.03955,0.0,0.6868,12.27,1.338
2022-05-14,USA,North America,Omicron BA.2,29,0,28.0,376,638.0,0.0495,0.0355,3.0,0.7019,25.51,1.252
2022-05-14,USA,North America,Omicron BA.2,105,0,102.0,1496,2205.0,0.0336,0.0336,14.0,0.6907,12.46,1.412
2022-05-14,USA,North America,Omicron BA.2,30,0,29.0,387,720.0,0.053,0.0506,5.0,0.7113,18.43,1.68
2022-05-18,USA,North America,Omicron BA.2,45,0,43.0,674,1035.0,0.0197,0.03955,6.0,0.6892,5.16,1.58
2022-05-18,USA,North America,Omicron BA.2,15,0,14.0,208,315.0,0.0282,0.0452,1.0,0.691,38.7,1.603
2022-05-23,USA,North America,Omicron BA.2,20,0,19.0,362,340.0,0.034,0.0491,4.0,0.7038,18.31,2.106
2022-05-23,USA,North America,Omicron BA.2,23,0,22.0,236,506.0,0.0517,0.0345,1.0,0.7143,19.73,2.166
2022-05-31,USA,North America,Omicron BA.2,59,0,56.0,760,1357.0,0.0457,0.0376,7.0,0.7108,20.8,1.551
2022-06-06,USA,North America,Omicron BA.2,6,0,5.0,84,132.0,0.0318,0.024,0.0,0.7267,36.33,0.976
2022-06-08,USA,North America,Omicron BA.2,30,0,28.0,488,570.0,0.0485,0.0503,7.0,0.7095,36.33,1.215
2022-06-10,USA,North America,Omicron BA.2,379,1,361.0,4675,9096.0,0.0354,0.0306,31.0,0.7308,36.33,1.853
2022-06-14,USA,North America,Omicron BA.2,71,0,68.0,883,923.0,0.081,0.0442,7.0,0.7287,23.92,1.645
2022-06-15,USA,North America,Omicron BA.2,28,0,26.0,506,336.0,0.0903,0.0279,2.0,0.7304,19.79,1.676
2022-06-26,USA,North America,Omicron BA.2,17,0,15.0,234,221.0,0.0704,0.0476,2.0,0.7286,11.61,1.401
2022-06-26,USA,North America,Omicron BA.2,18,0,17.0,189,270.0,0.0693,0.03955,0.0,0.739,29.8,1.901
2022-06-26,USA,North America,Omicron BA.2,28,0,27.0,406,448.0,0.0447,0.03955,4.0,0.7648,18.77,1.977
2022-06-28,USA,North America,Omicron BA.2,34,0,32.0,488,544.0,0.0643,0.03955,2.0,0.7525,38.04,1.076
2022-07-05,USA,North America,Omicron BA.2,98,0,94.0,1621,1862.0,0.0309,0.0383,11.0,0.77,40.65,1.645
2022-07-05,USA,North America,Omicron BA.2,1,0,0.0,10,21.0,0.0526,0.0308,0.0,0.7523,16.05,2.205
2022-07-12,USA,North America,Omicron BA.2,23,0,22.0,370,345.0,0.0734,0.0463,3.0,0.7647,28.94,1.645
2022-07-16,USA,North America,Omicron BA.2,14,0,13.0,147,252.0,0.0509,0.0492,1.0,0.7826,11.41,2.322
2022-07-16,USA,North America,Omicron BA.2,33,0,31.0,427,396.0,0.0855,0.0269,1.0,0.7925,22.59,1.578
2022-07-20,USA,North America,Omicron BA.2,17,0,16.0,284,408.0,0.0544,0.0398,2.0,0.7646,13.32,1.731
2022-07-22,USA,North America,Omicron BA.2,37,0,35.0,576,814.0,0.058,0.0445,5.0,0.7766,24.48,1.645
2022-07-24,USA,North America,Omicron BA.2,3,0,2.0,38,54.0,0.0639,0.048,0.0,0.7892,20.47,1.635
2022-07-24,USA,North America,Omicron BA.2,24,0,23.0,379,456.0,0.0649,0.03955,3.0,0.7885,31.19,1.389
2022-07-25,USA,North America,Omicron BA.2,54,0,50.0,669,1026.0,0.0639,0.023,3.0,0.7865,15.77,2.082
2022-07-25,USA,North America,Omicron BA.2,28,0,27.0,488,392.0,0.0732,0.029,2.0,0.7881,11.48,1.442
2022-07-26,USA,North America,Omicron BA.2,155,0,148.0,1962,2945.0,0.038,0.0393,13.0,0.8052,19.9,1.39
2022-07-30,USA,North America,Omicron BA.2,11,0,10.0,158,220.0,0.0447,0.0418,1.0,0.8001,14.45,2.098
2022-08-07,USA,North America,Omicron BA.2,25,0,23.0,343,550.0,0.0637,0.03955,3.0,0.8027,8.68,2.347
2022-08-08,USA,North America,Omicron BA.2,29,0,28.0,303,609.0,0.0425,0.0486,2.0,0.8003,14.02,1.876
2022-08-15,USA,North America,Omicron BA.2,1,0,0.0,13,20.0,0.053,0.041,0.0,0.8259,29.02,1.393
2022-08-16,USA,North America,Omicron BA.2,7,0,7.0,83,154.0,0.0466,0.028,0.0,0.822,10.02,1.874
2022-08-18,USA,North America,Omicron BA.2,38,0,36.0,635,456.0,0.0869,0.0322,6.0,0.8218,13.35,1.915
2022-08-20,USA,North America,Omicron BA.2,23,0,22.0,308,368.0,0.0831,0.0208,1.0,0.8295,32.62,1.034
2022-08-21,USA,North America,Omicron BA.2,5,0,4.0,89,85.0,0.066,0.0239,0.0,0.8346,23.83,1.215
2022-08-26,USA,North America,Omicron BA.2,75,0,72.0,806,1800.0,0.0498,0.0201,2.0,0.8311,23.83,1.531
2022-08-31,USA,North America,Omicron BA.2,25,0,24.0,418,475.0,0.0551,0.0302,3.0,0.8458,18.31,1.866
2022-09-03,USA,North America,Omicron BA.2,20,0,19.0,198,460.0,0.048,0.0453,1.0,0.844,30.21,1.744
2022-09-08,USA,North America,Omicron BA.2,31,0,29.0,342,651.0,0.0475,0.0435,2.0,0.8513,9.24,1.489
2022-09-11,USA,North America,Omicron BA.2,17,0,16.0,258,272.0,0.079,0.0424,2.0,0.8346,16.64,1.357
2022-09-17,USA,North America,Omicron BA.2,24,0,23.0,304,408.0,0.0715,0.0366,2.0,0.8539,24.66,1.422
2022-09-18,USA,North America,Omicron BA.2,14,0,13.0,230,168.0,0.0821,0.03955,1.0,0.8643,13.23,2.155
2022-09-19,USA,North America,Omicron BA.2,17,0,15.0,267,272.0,0.0632,0.0193,0.0,0.8752,29.91,1.052
2022-09-26,USA,North America,Omicron BA.2,7,0,6.0,102,119.0,0.0692,0.0226,0.0,0.8653,29.91,1.646
2022-09-30,USA,North America,Omicron BA.2,3,0,2.0,30,57.0,0.0492,0.03955,0.0,0.8852,28.15,1.325
2022-09-30,USA,North America,Omicron BA.2,3,0,3.0,51,63.0,0.0364,0.0293,0.0,0.8693,28.15,1.643
2022-10-01,USA,North America,Omicron BA.2,17,0,16.0,172,289.0,0.0605,0.021,0.0,0.8946,37.33,0.889
2022-10-01,USA,North America,Omicron BA.2,1,0,1.0,13,18.0,0.0549,0.0259,0.0,0.9004,5.12,1.612
2022-10-07,USA,North America,Omicron BA.2,47,0,44.0,640,1128.0,0.0371,0.0269,4.0,0.9024,26.72,1.275
2022-10-07,USA,North America,Omicron BA.2,32,0,29.0,391,480.0,0.0635,0.0363,3.0,0.8954,20.21,1.502
2022-10-08,USA,North America,Omicron BA.2,31,0,29.0,504,682.0,0.0555,0.0365,3.0,0.8976,24.89,1.83
2022-10-10,USA,North America,Omicron BA.2,44,0,41.0,748,704.0,0.0638,0.0374,8.0,0.9093,6.69,1.408
2022-10-10,USA,North America,Omicron BA.2,132,0,127.0,1557,2112.0,0.0675,0.0246,9.0,0.8894,26.69,1.645
2022-10-12,USA,North America,Omicron BA.2,26,0,25.0,315,364.0,0.0809,0.03955,1.0,0.9171,20.01,1.618
2022-10-15,USA,North America,Omicron BA.2,31,0,29.0,438,713.0,0.0593,0.0365,3.0,0.904,22.0,1.706
2022-10-18,USA,North America,Omicron BA.2,16,0,15.0,289,208.0,0.0786,0.0303,1.0,0.8946,13.09,2.034
2022-10-18,USA,North America,Omicron BA.2,58,0,55.0,783,812.0,0.0751,0.0287,4.0,0.92,27.21,1.476
2022-10-19,USA,North America,Omicron BA.2,2,0,2.0,27,48.0,0.0403,0.0172,0.0,0.9166,19.47,1.716
2022-10-20,USA,North America,Omicron BA.2,6,0,5.0,89,132.0,0.0356,0.03955,0.0,0.9028,16.87,1.432
2022-10-24,USA,North America,Omicron BA.2,67,0,64.0,1207,804.0,0.0955,0.0254,8.0,0.9103,12.01,2.1
2022-10-24,USA,North America,Omicron BA.2,4,0,3.0,57,72.0,0.0474,0.0256,0.0,0.92,13.75,1.794
2022-10-25,USA,North America,Omicron BA.2,27,0,25.0,368,648.0,0.0592,0.0207,1.0,0.92,30.13,1.645
2022-10-28,USA,North America,Omicron BA.2,65,0,62.0,816,910.0,0.0701,0.0203,2.0,0.92,8.15,2.157
2022-10-30,USA,North America,Omicron BA.2,60,0,57.0,740,780.0,0.077,0.032,3.0,0.9178,30.69,1.089
2022-10-30,USA,North America,Omicron BA.2,122,0,117.0,1391,2196.0,0.0685,0.0245,7.0,0.92,22.4,1.595
2022-10-31,USA,North America,Omicron BA.2,6,0,6.0,98,108.0,0.0679,0.038,0.0,0.92,14.88,1.725
2022-11-01,USA,North America,Omicron BA.2,197,0,188.0,3513,4531.0,0.0284,0.0172,17.0,0.92,37.98,1.03
2022-11-05,USA,North America,Omicron BA.2,75,0,70.0,954,1350.0,0.0675,0.0256,4.0,0.92,19.38,1.624
2022-11-05,USA,North America,Omicron BA.2,52,0,50.0,555,1092.0,0.0763,0.0351,5.0,0.92,33.4,1.645
2022-11-06,USA,North America,Omicron BA.2,24,0,23.0,244,504.0,0.0493,0.0184,1.0,0.92,12.76,1.922
2022-11-10,USA,North America,Omicron BA.2,1,0,0.0,17,21.0,0.0518,0.0239,0.0,0.92,28.73,1.28
2022-11-11,USA,North America,Omicron BA.2,3,0,3.0,29,69.0,0.0585,0.0282,0.0,0.92,32.27,1.315
2022-11-12,USA,North America,Omicron BA.2,63,0,61.0,621,1449.0,0.0186,0.0214,2.0,0.92,27.81,1.706
2022-11-15,USA,North America,Omicron BA.2,112,0,107.0,1271,1792.0,0.0343,0.03955,9.0,0.92,22.09,1.409
2022-11-16,USA,North America,Omicron BA.2,13,0,12.0,221,286.0,0.0482,0.029,1.0,0.92,22.01,1.645
2022-11-19,USA,North America,Omicron BA.2,3,0,2.0,45,48.0,0.0679,0.026,0.0,0.92,32.22,1.484
2022-11-27,USA,North America,Omicron BA.2,38,0,36.0,424,570.0,0.0753,0.0367,4.0,0.92,9.29,2.003
2022-11-27,USA,North America,Omicron BA.2,5,0,4.0,84,120.0,0.0465,0.0274,0.0,0.92,22.1,1.326
2022-12-01,USA,North America,Omicron BA.2,3,0,2.0,51,57.0,0.0648,0.03955,0.0,0.92,28.79,1.658
2022-12-06,USA,North America,Omicron BA.2,36,0,34.0,569,792.0,0.0435,0.03955,4.0,0.92,28.79,1.233
2022-12-08,USA,North America,Omicron BA.2,2,0,2.0,24,42.0,0.0372,0.032,0.0,0.92,35.16,1.383
2022-12-09,USA,North America,Omicron BA.2,7,0,7.0,97,98.0,0.0611,0.0213,0.0,0.92,18.31,1.152
2022-12-11,USA,North America,Omicron BA.2,1,0,0.0,14,19.0,0.0503,0.03955,0.0,0.92,13.96,1.645
2022-12-15,USA,North America,Omicron BA.2,6,0,5.0,72,108.0,0.0541,0.0204,0.0,0.92,8.18,2.167
2022-12-15,USA,North America,Omicron BA.2,3,0,2.0,53,57.0,0.0571,0.0202,0.0,0.92,23.49,1.237
2022-12-16,USA,North America,Omicron BA.2,28,0,26.0,311,392.0,0.0807,0.0345,3.0,0.92,13.59,1.935
2022-12-27,USA,North America,Omicron BA.2,17,0,16.0,176,221.0,0.0827,0.0249,1.0,0.92,10.72,1.632
2022-12-27,USA,North America,Omicron BA.2,140,0,134.0,213,182.0,0.0948,0.0278,1.0,0.92,21.26,1.839
2022-12-28,USA,North America,Omicron BA.2,6,0,5.0,77,102.0,0.0586,0.0168,0.0,0.92,31.39,1.299
2022-12-31,USA,North America,Omicron BA.2,42,0,41.0,625,798.0,0.0589,0.0346,5.0,0.92,40.28,1.645
